34711	48099	18772	0
7	0
10	1
11	0
13	0
14	0
16	0
18	6
21	15
21	18
22	0
23	12
26	0
30	0
33	0
33	30
36	10
39	36
39	38
41	36
43	29
44	19
44	24
47	0
52	37
53	46
54	0
55	5
55	28
56	0
56	14
58	8
59	26
59	41
60	15
61	32
61	50
62	1
62	37
63	34
63	55
66	42
67	0
67	5
70	69
72	60
73	0
73	35
74	41
74	44
76	1
78	1
80	1
81	72
81	76
83	1
84	79
86	76
86	81
87	39
87	77
88	86
89	36
91	1
91	88
92	33
93	1
94	1
94	89
95	31
97	96
98	1
99	22
99	35
103	2
103	63
108	101
108	105
110	106
111	108
113	102
113	101
120	17
121	114
122	115
125	112
127	123
128	101
128	121
129	126
131	116
132	65
134	133
135	104
136	125
137	103
137	119
143	25
144	35
144	105
148	144
154	17
154	153
156	145
156	150
157	65
159	150
160	112
161	156
162	146
166	143
168	135
170	143
172	158
174	162
175	4
176	4
178	149
179	156
180	75
182	21
184	148
185	4
187	164
188	141
189	146
193	181
193	167
196	4
196	115
197	191
198	168
199	191
199	165
200	171
202	4
202	57
202	155
203	4
204	174
204	192
205	161
206	187
207	173
208	139
208	168
208	183
209	15
209	207
210	148
211	210
212	175
213	146
214	212
216	75
217	138
218	160
218	141
219	148
223	5
224	5
225	5
227	5
227	226
228	5
228	11
228	35
228	57
230	145
230	206
230	104
235	5
235	218
235	224
235	117
236	221
237	5
239	226
242	5
242	223
242	109
243	5
245	5
246	231
248	236
250	42
251	5
251	245
252	221
253	141
255	241
256	6
257	99
259	6
260	6
261	101
262	27
264	6
266	28
266	253
269	22
270	256
272	109
273	6
274	6
274	261
274	100
281	6
282	6
282	43
282	164
288	100
288	287
289	6
289	144
290	280
290	286
290	102
291	29
291	279
295	255
298	6
298	211
298	181
304	273
305	6
307	292
308	278
308	306
310	276
311	6
312	6
312	305
313	145
314	6
315	6
315	314
318	291
320	272
321	303
324	210
326	239
327	48
327	230
327	178
327	268
328	302
331	35
335	54
335	226
335	327
336	316
337	64
337	333
338	6
340	330
340	299
342	313
343	275
345	273
346	137
346	339
347	321
349	89
350	210
351	6
351	306
353	261
354	51
354	284
356	277
359	280
362	261
363	362
365	34
365	99
368	7
368	157
372	322
373	7
373	40
373	44
377	104
379	376
382	361
383	377
384	184
385	8
386	8
392	328
393	353
394	8
395	387
395	172
397	8
397	251
398	51
398	251
403	59
404	38
404	328
406	23
406	177
407	50
407	245
407	392
407	298
408	159
409	406
410	394
413	163
415	208
416	401
418	8
420	408
420	185
423	163
424	180
425	157
425	392
426	38
426	164
427	17
427	150
431	17
432	8
432	428
432	182
433	415
436	391
438	157
438	409
438	422
439	424
441	395
441	439
446	25
446	393
447	386
447	166
447	433
447	190
447	446
448	412
450	8
451	8
452	55
452	61
453	399
456	442
457	447
457	387
457	414
458	434
459	423
459	432
460	387
460	373
460	427
460	457
461	16
461	407
461	424
463	443
464	422
464	462
465	158
467	8
467	461
467	441
468	159
468	182
469	449
471	425
473	8
473	427
475	410
475	448
478	40
478	63
478	477
479	135
479	455
480	464
482	139
483	40
487	373
488	10
488	454
489	10
490	482
491	10
492	486
493	10
493	482
493	259
493	489
494	10
494	491
495	10
497	157
499	11
500	214
500	230
501	184
501	370
502	42
502	313
502	312
504	406
504	410
505	207
505	157
506	180
508	182
509	47
509	500
510	144
510	162
511	416
514	513
515	423
516	508
516	326
517	160
518	415
519	511
520	447
520	89
520	470
520	184
520	457
521	107
522	12
523	520
525	524
528	527
533	507
536	431
538	529
540	12
544	454
547	12
551	12
551	522
552	15
552	547
555	19
555	58
555	122
555	539
559	420
560	195
560	284
560	409
562	549
563	544
563	506
563	209
564	39
564	559
565	420
565	503
565	207
566	531
571	541
572	95
572	405
574	537
575	12
576	557
580	216
580	536
581	519
582	427
585	558
586	569
594	534
597	545
597	390
599	375
600	357
601	402
602	195
602	517
604	532
605	34
605	404
605	430
605	578
606	44
607	588
608	542
611	293
612	550
613	143
613	582
615	561
617	517
618	416
620	619
621	14
622	14
622	37
623	14
624	14
625	14
626	14
626	625
626	299
626	105
627	27
628	27
631	47
631	95
632	419
633	605
633	142
633	380
634	15
636	500
636	582
641	422
642	278
642	400
642	476
643	174
643	375
643	119
644	638
647	25
647	553
648	15
649	394
650	470
651	157
652	15
653	294
654	652
655	142
658	389
658	378
658	582
659	657
660	640
663	15
664	294
664	647
665	650
668	15
668	60
668	646
668	657
669	637
670	656
670	432
672	428
672	544
672	657
672	438
673	470
673	630
673	649
674	470
674	636
675	15
675	634
675	669
676	23
676	521
677	65
677	418
678	313
679	644
679	211
679	529
680	678
680	594
681	656
681	139
681	677
682	16
684	16
684	44
684	429
684	509
685	683
686	373
687	17
687	220
689	688
690	263
691	254
691	99
691	114
693	262
694	17
694	390
694	106
695	392
696	282
696	561
697	292
697	406
697	643
698	53
698	150
698	429
698	511
699	254
699	427
699	410
699	314
699	468
700	17
701	164
702	17
703	693
703	702
703	312
705	136
706	153
706	206
706	636
707	389
707	111
708	148
708	111
710	17
711	643
712	202
712	389
712	400
713	286
714	191
714	704
714	236
714	692
717	321
718	282
719	159
719	174
719	199
723	206
726	17
726	552
727	178
728	111
728	136
732	706
732	731
734	152
734	164
735	149
737	17
737	121
740	40
740	424
741	202
741	127
741	282
743	17
745	17
745	148
745	726
746	679
746	697
749	415
749	282
751	43
751	390
751	742
751	425
753	642
755	709
755	327
759	101
760	155
760	101
762	47
762	204
762	760
762	708
763	691
764	155
764	752
764	176
765	754
766	746
767	464
768	742
768	763
769	60
770	766
770	714
771	137
772	89
773	752
774	199
775	719
775	743
777	290
778	763
778	575
779	126
780	17
783	776
784	720
784	506
784	783
784	583
784	127
785	753
786	760
788	17
788	80
788	236
788	732
789	354
789	297
790	125
790	777
790	752
792	152
792	769
793	420
793	400
793	404
794	738
795	104
796	720
796	751
797	791
797	712
798	137
799	719
800	790
801	184
802	119
804	17
804	733
804	662
805	760
807	706
807	777
807	619
808	145
808	174
808	137
808	579
810	17
810	398
810	263
811	605
811	757
812	730
812	766
814	145
816	709
816	773
817	389
817	707
819	426
819	712
820	17
820	687
820	183
821	704
822	147
822	196
822	172
822	192
822	819
823	662
825	254
825	125
825	530
826	717
827	389
828	18
828	51
829	18
829	828
831	49
831	405
832	830
833	254
833	617
835	258
836	340
837	362
837	789
837	473
839	392
840	56
840	331
841	529
841	788
842	505
842	544
842	180
843	656
844	168
844	636
845	42
845	55
846	257
846	292
846	662
846	360
847	362
847	283
848	416
850	109
850	370
850	550
850	592
851	398
851	142
852	850
853	210
853	362
854	846
854	853
855	845
856	841
857	536
858	844
859	509
861	656
863	564
867	850
869	368
872	862
872	649
873	848
873	833
873	165
874	587
876	402
876	460
876	857
876	468
877	684
880	849
881	184
881	818
884	838
885	19
886	418
886	847
887	842
887	836
888	852
890	47
891	704
891	739
892	866
893	864
894	19
894	840
895	124
896	684
897	856
898	878
900	633
900	380
902	48
902	783
902	119
903	515
910	20
911	873
912	895
913	509
913	902
913	859
915	839
915	900
916	20
916	806
918	914
919	904
921	908
923	71
923	515
924	923
925	60
925	836
925	79
928	903
929	654
930	895
931	899
932	901
932	922
933	917
936	924
937	935
938	907
939	925
939	932
939	926
940	578
940	925
942	497
942	413
943	143
943	618
945	26
945	382
946	21
949	58
950	948
950	570
955	851
957	956
959	512
960	21
962	21
964	21
964	686
965	411
965	543
966	947
967	568
970	952
971	958
972	943
972	851
973	21
973	180
974	942
975	951
978	963
980	156
982	954
983	858
984	961
987	985
987	866
988	981
990	980
991	955
993	47
993	992
995	22
997	726
997	784
998	160
999	61
999	522
1000	210
1001	35
1002	1000
1002	770
1003	254
1003	153
1003	145
1003	998
1007	317
1007	1004
1008	22
1009	999
1011	1006
1011	934
1012	89
1013	1005
1013	1012
1014	770
1014	994
1016	580
1016	1015
1017	406
1017	973
1021	643
1022	54
1023	260
1024	696
1024	406
1026	143
1028	146
1029	143
1031	766
1031	347
1031	1024
1032	517
1033	182
1033	456
1035	1024
1036	796
1037	407
1037	438
1039	1022
1040	1023
1041	1015
1042	1027
1047	75
1047	433
1050	1045
1051	1044
1056	38
1056	95
1056	829
1057	46
1057	1056
1058	1053
1059	24
1059	95
1060	1054
1064	1023
1065	341
1065	122
1066	210
1067	218
1067	140
1067	488
1067	340
1072	1067
1072	842
1072	851
1072	1025
1073	1066
1073	505
1073	460
1073	144
1074	25
1074	227
1074	994
1076	28
1076	47
1076	837
1076	501
1076	314
1077	633
1078	1071
1078	488
1080	216
1081	842
1081	519
1082	543
1085	1084
1088	99
1089	275
1090	25
1091	223
1094	623
1100	850
1100	630
1102	25
1107	717
1111	872
1116	1098
1117	36
1118	25
1118	673
1118	522
1120	1104
1120	618
1123	135
1123	510
1124	142
1124	1078
1124	959
1125	972
1128	25
1128	979
1128	406
1128	1043
1128	1016
1135	942
1135	1096
1142	679
1144	1069
1144	1031
1147	810
1149	25
1149	842
1152	1131
1155	362
1155	1149
1156	1117
1157	1143
1158	1115
1160	25
1163	1130
1166	157
1166	1028
1168	1123
1169	1165
1171	1149
1172	25
1172	1064
1175	889
1176	25
1176	1122
1180	1179
1184	848
1188	1101
1189	1095
1191	418
1191	1147
1191	415
1195	1099
1199	1114
1200	1140
1202	1186
1203	1170
1205	1127
1205	1027
1206	1126
1207	1194
1210	1159
1212	1062
1213	1204
1215	1209
1216	1071
1218	569
1218	616
1219	511
1219	1105
1221	883
1222	1108
1223	856
1223	1121
1224	307
1224	1183
1225	1211
1227	1103
1229	1097
1230	1093
1231	1133
1232	1166
1233	1071
1233	851
1234	25
1235	1151
1236	1177
1237	1164
1238	1153
1239	1068
1240	1146
1241	1171
1242	849
1243	1128
1245	831
1246	25
1247	1043
1247	1041
1247	1182
1248	1074
1249	1109
1251	1142
1252	145
1252	1155
1252	1181
1253	25
1253	1125
1254	100
1255	842
1256	1063
1256	789
1257	1031
1257	1064
1257	1172
1258	1070
1259	1018
1261	63
1261	1094
1262	1154
1263	889
1268	586
1268	1141
1268	303
1268	1028
1269	507
1272	995
1273	1088
1274	1271
1275	26
1277	54
1277	962
1279	26
1279	1267
1281	1162
1281	833
1285	1267
1286	1280
1288	1281
1289	555
1293	1276
1294	1269
1295	1289
1295	1270
1298	1269
1301	1297
1302	144
1304	1299
1304	380
1306	35
1310	238
1310	353
1311	1309
1312	229
1315	1314
1318	70
1318	1315
1318	332
1319	1317
1319	110
1319	487
1319	105
1320	27
1320	69
1320	223
1320	375
1320	582
1320	1083
1321	304
1322	27
1324	43
1325	55
1327	1320
1328	1324
1328	250
1328	1313
1328	486
1330	1309
1332	43
1333	288
1333	1332
1335	828
1335	691
1335	1315
1337	1319
1337	631
1338	27
1338	628
1339	27
1340	1316
1341	561
1342	27
1343	27
1344	249
1346	1318
1346	713
1346	130
1346	1328
1350	486
1351	1329
1351	317
1352	1327
1355	144
1355	1107
1356	516
1356	265
1360	1318
1361	226
1362	1325
1362	348
1363	1329
1363	1349
1363	999
1364	27
1364	1324
1366	1327
1366	1352
1367	27
1369	1320
1369	1335
1369	327
1370	28
1370	225
1372	1001
1374	28
1375	28
1375	65
1375	1374
1376	54
1377	66
1377	1313
1378	1315
1378	399
1378	397
1379	1065
1379	997
1380	679
1380	825
1381	115
1381	1001
1381	531
1381	894
1382	350
1382	1068
1384	855
1385	1378
1386	1383
1387	794
1387	996
1388	220
1390	1388
1390	864
1390	772
1391	837
1391	723
1392	145
1393	894
1396	1394
1396	1338
1396	103
1399	57
1399	1382
1399	278
1401	1012
1402	678
1403	29
1403	508
1404	1162
1408	679
1408	1349
1409	1404
1409	1379
1409	1391
1409	426
1409	804
1410	261
1411	662
1411	1393
1413	679
1413	422
1416	418
1417	29
1417	1403
1424	860
1428	29
1428	192
1428	811
1429	860
1429	1393
1430	1406
1431	1321
1431	1401
1432	1414
1433	1377
1434	508
1434	1341
1434	539
1434	717
1434	752
1435	29
1435	838
1436	89
1436	687
1436	693
1436	1403
1437	1065
1437	841
1438	1404
1438	1349
1438	712
1439	508
1440	635
1443	863
1444	447
1444	298
1444	717
1445	103
1446	29
1446	1445
1447	728
1449	678
1449	341
1449	1007
1451	429
1453	1393
1455	555
1455	1428
1456	197
1456	127
1457	1449
1457	1453
1458	1455
1459	1377
1460	538
1460	1268
1460	561
1460	1416
1461	1443
1463	1462
1464	29
1465	1412
1466	1431
1466	1444
1469	75
1469	1422
1469	582
1470	1065
1470	1437
1471	1450
1472	1424
1472	846
1472	267
1473	132
1474	1453
1475	36
1475	809
1475	711
1476	1413
1477	29
1477	291
1478	679
1478	1397
1480	29
1480	155
1480	525
1480	1475
1484	1483
1485	32
1486	55
1487	72
1487	1073
1487	81
1487	87
1488	1059
1489	949
1491	32
1494	1067
1495	317
1496	1341
1496	1007
1496	1035
1497	34
1497	317
1498	302
1498	377
1499	34
1499	145
1499	553
1499	521
1499	647
1501	934
1502	366
1504	34
1504	1267
1505	1472
1506	1496
1507	1495
1509	34
1511	191
1511	279
1511	806
1511	657
1512	34
1513	1510
1514	1504
1514	1501
1515	1435
1515	838
1516	34
1517	34
1517	213
1517	518
1519	34
1520	63
1523	587
1524	635
1524	1418
1525	34
1525	995
1525	1498
1527	1494
1528	45
1529	1389
1529	550
1530	144
1531	894
1533	35
1537	35
1539	54
1539	1531
1539	1277
1539	531
1541	1533
1542	853
1542	810
1544	1536
1545	1535
1545	1381
1546	847
1547	154
1547	429
1547	113
1548	1381
1549	268
1549	584
1550	51
1550	828
1551	35
1552	635
1553	1206
1553	1541
1553	251
1553	1549
1554	35
1555	302
1556	54
1557	1306
1557	250
1558	509
1558	1538
1560	111
1561	1277
1561	1546
1562	1309
1564	1562
1564	1386
1565	36
1565	51
1565	1171
1565	318
1565	841
1566	266
1567	36
1567	70
1567	505
1567	428
1567	1121
1567	882
1568	1168
1568	102
1569	429
1569	1470
1570	1401
1571	56
1571	501
1571	1201
1572	1065
1573	687
1573	275
1575	278
1577	1576
1579	300
1581	757
1581	1480
1583	1390
1584	831
1585	1396
1585	153
1585	1409
1585	1242
1586	332
1586	476
1587	36
1589	36
1589	1444
1591	1588
1591	1401
1592	89
1592	1261
1592	996
1593	1585
1594	1571
1595	1020
1597	152
1597	692
1597	816
1599	1317
1599	1377
1599	836
1599	1568
1600	1577
1600	283
1600	268
1600	1458
1601	36
1601	1468
1601	1066
1601	1410
1602	1081
1602	1597
1603	36
1603	1475
1604	36
1605	1377
1605	1411
1605	298
1606	915
1607	36
1608	679
1609	1574
1610	1387
1610	317
1611	36
1613	256
1613	1569
1613	152
1613	772
1613	752
1614	1613
1614	1048
1614	817
1614	676
1616	36
1616	831
1617	1500
1617	1569
1617	1579
1618	36
1618	218
1619	997
1619	171
1620	37
1622	37
1622	1398
1623	37
1623	62
1624	40
1624	403
1625	37
1625	734
1626	37
1626	1625
1628	53
1628	1627
1631	78
1631	1020
1632	515
1633	741
1633	149
1634	679
1634	888
1634	839
1634	866
1635	1586
1636	38
1636	161
1636	1018
1636	668
1637	184
1637	207
1638	49
1639	1150
1640	38
1641	881
1641	739
1641	1517
1643	841
1643	834
1644	145
1644	1614
1644	544
1644	873
1645	582
1647	873
1648	684
1649	198
1649	146
1649	155
1650	38
1650	94
1650	572
1651	704
1651	1294
1652	887
1654	706
1654	1651
1655	1646
1656	1630
1657	38
1659	872
1659	965
1659	215
1659	1658
1660	684
1660	807
1661	1651
1661	867
1661	1150
1661	1655
1662	411
1662	767
1662	464
1663	572
1664	38
1665	38
1665	824
1666	1642
1667	1663
1668	1635
1668	428
1668	564
1669	38
1670	150
1670	873
1670	1669
1671	427
1671	1486
1672	38
1673	404
1674	992
1675	769
1675	132
1675	1027
1676	38
1676	544
1676	672
1677	764
1677	368
1677	739
1677	167
1677	1671
1678	368
1678	709
1678	746
1679	1634
1679	873
1679	205
1680	38
1681	1650
1682	1670
1683	1652
1684	1663
1685	42
1685	706
1686	38
1686	852
1686	1675
1687	429
1687	1671
1688	38
1688	213
1688	1636
1689	184
1689	182
1690	83
1692	1691
1694	40
1694	325
1695	256
1695	1536
1695	1053
1695	810
1696	40
1696	253
1696	1084
1697	40
1697	1315
1697	1323
1698	40
1700	1306
1700	1564
1700	1340
1702	1624
1703	62
1703	1325
1703	1599
1704	40
1705	40
1705	497
1706	40
1706	1696
1706	317
1706	322
1707	1699
1709	840
1709	740
1711	505
1711	1495
1712	1709
1712	1318
1712	749
1713	40
1713	892
1713	1553
1713	1704
1714	40
1716	1311
1716	483
1717	1700
1717	173
1717	264
1718	40
1720	40
1720	1717
1721	40
1721	843
1721	1346
1724	69
1724	1312
1724	1622
1725	840
1726	679
1726	1594
1727	997
1727	1497
1728	42
1730	42
1730	1728
1732	308
1733	523
1733	1729
1739	1726
1739	680
1739	373
1740	1737
1742	1739
1744	1356
1744	1734
1745	1564
1745	1311
1746	1732
1746	662
1749	1734
1750	927
1751	42
1751	1745
1754	1378
1754	1498
1757	1743
1758	42
1758	838
1758	1007
1758	303
1758	1747
1759	1739
1759	1748
1762	818
1762	100
1762	750
1764	1319
1764	1731
1765	43
1765	1052
1766	428
1766	411
1766	1023
1768	1767
1769	699
1769	1004
1772	45
1773	835
1773	1341
1774	679
1774	1387
1774	1372
1774	1529
1775	1379
1775	286
1775	1056
1775	1625
1776	1065
1776	1571
1777	354
1777	313
1778	1777
1781	1774
1782	1779
1784	678
1784	403
1786	482
1788	1007
1788	1496
1791	555
1791	890
1791	390
1794	159
1795	47
1796	1446
1798	1289
1798	1696
1798	1754
1798	1797
1798	405
1806	571
1807	47
1807	1675
1807	1490
1807	636
1808	1383
1812	1153
1813	1793
1815	162
1817	47
1817	740
1817	404
1820	844
1820	571
1821	517
1821	1032
1822	126
1823	995
1824	47
1825	1821
1825	1110
1825	946
1826	72
1826	777
1828	788
1828	774
1828	684
1830	113
1831	427
1831	893
1832	1316
1833	1826
1834	1816
1836	47
1836	1089
1836	818
1837	47
1839	1806
1839	1809
1840	1506
1840	182
1841	47
1841	210
1842	475
1844	1784
1845	1816
1847	1804
1848	1839
1848	164
1848	805
1848	1448
1849	101
1849	706
1850	850
1850	141
1850	285
1850	1776
1851	140
1851	764
1852	764
1854	160
1854	654
1855	1849
1855	1382
1855	135
1857	1856
1858	176
1860	1859
1861	795
1863	48
1864	48
1865	764
1866	764
1866	755
1866	800
1867	115
1868	48
1869	1697
1870	49
1871	69
1871	1869
1872	311
1873	51
1873	1314
1876	51
1876	1315
1877	1874
1877	283
1878	51
1879	373
1880	1874
1882	52
1883	52
1884	53
1884	1638
1885	489
1885	98
1887	1690
1887	1866
1889	1690
1890	1884
1891	53
1891	1593
1892	1888
1892	707
1892	248
1892	1891
1896	53
1896	1891
1898	53
1898	224
1899	53
1899	1898
1902	150
1902	178
1904	1628
1904	1057
1906	1904
1908	53
1910	1895
1911	160
1911	934
1912	1901
1913	53
1915	1905
1916	1909
1917	53
1917	1885
1918	1006
1918	285
1918	1384
1919	1563
1919	356
1920	54
1920	1645
1922	1921
1923	54
1923	1409
1924	326
1925	330
1926	854
1927	358
1927	303
1928	1391
1930	1540
1931	54
1931	1919
1931	470
1932	1376
1932	279
1932	1928
1933	54
1934	54
1934	279
1935	1919
1938	505
1938	1391
1938	1930
1940	55
1940	1372
1940	1698
1940	1610
1941	254
1941	429
1941	109
1941	1883
1946	395
1947	272
1948	1932
1949	109
1951	1942
1952	1950
1953	218
1955	1948
1955	723
1956	1944
1958	1372
1958	1932
1958	1948
1959	230
1959	1932
1959	164
1960	1954
1962	327
1963	56
1963	1959
1967	163
1967	1470
1967	831
1968	144
1968	1671
1970	1967
1970	1964
1971	1965
1973	1946
1974	599
1975	132
1976	56
1976	1967
1976	1970
1977	57
1979	57
1981	504
1981	311
1982	1502
1983	57
1983	1327
1983	403
1986	1979
1987	1311
1987	1370
1987	843
1989	223
1989	1713
1991	57
1991	584
1992	57
1992	1399
1992	418
1995	1607
1997	57
1998	57
1998	1713
2000	57
2000	1978
2000	1622
2000	843
2000	163
2000	1663
2000	1552
2000	603
2001	1445
2002	1985
2005	1978
2007	1978
2007	1999
2008	57
2008	999
2011	1638
2012	89
2012	507
2014	2006
2017	1268
2018	1067
2019	2018
2020	1047
2021	814
2021	2020
2023	58
2023	132
2026	1032
2028	60
2028	696
2029	605
2029	177
2032	816
2033	60
2033	1288
2034	60
2035	2031
2036	61
2037	1818
2037	310
2039	62
2040	269
2041	1981
2042	62
2042	627
2042	1703
2042	1707
2044	2043
2045	1266
2046	1321
2048	662
2050	850
2050	2049
2050	1822
2050	578
2051	447
2051	846
2051	1381
2051	1289
2051	133
2052	1556
2052	1384
2052	1054
2052	1956
2052	412
2053	904
2055	833
2056	2007
2056	2054
2057	1437
2060	1414
2062	1631
2062	1637
2062	831
2063	896
2064	1432
2064	1052
2065	63
2065	390
2066	1122
2067	63
2068	63
2068	2062
2068	2059
2070	1840
2070	997
2072	63
2073	1665
2074	63
2077	1911
2078	1518
2079	2052
2079	2045
2080	1667
2081	446
2082	349
2082	2076
2084	679
2084	2060
2086	2046
2086	1974
2089	2048
2089	1432
2090	63
2090	2068
2091	2072
2091	2053
2092	2085
2093	478
2093	390
2095	63
2098	1307
2101	679
2103	677
2103	1251
2105	2103
2105	974
2107	2104
2109	2108
2110	1317
2110	1387
2110	408
2111	239
2111	2099
2111	1751
2115	2114
2116	1885
2116	1493
2117	2100
2118	1880
2118	1426
2118	328
2119	2014
2120	2000
2122	64
2122	395
2122	1367
2123	679
2124	2098
2125	2111
2127	1369
2127	1596
2128	64
2129	855
2129	2097
2130	1786
2133	818
2144	1094
2144	1778
2150	2141
2151	2113
2151	270
2157	2147
2158	2140
2159	64
2159	1733
2160	2135
2164	2116
2164	2131
2166	2145
2167	2112
2168	2132
2169	2165
2169	2164
2174	2173
2176	2134
2177	2127
2177	1645
2177	951
2178	2164
2179	2152
2180	135
2180	878
2181	2148
2184	2138
2185	1850
2187	2163
2188	2146
2189	2099
2190	64
2190	337
2192	2136
2194	132
2194	2190
2195	64
2195	2122
2196	2185
2198	2197
2201	2200
2203	2171
2204	1384
2204	894
2205	1727
2205	331
2205	347
2205	1014
2206	2101
2206	1800
2206	274
2206	322
2206	331
2206	1084
2207	597
2208	740
2209	1300
2210	1002
2211	144
2211	1932
2212	856
2212	415
2214	2204
2214	248
2218	2061
2219	65
2219	2039
2219	1375
2220	89
2223	132
2224	2204
2225	1940
2227	2225
2229	2220
2230	2215
2230	1529
2231	1424
2232	415
2232	2177
2233	850
2235	833
2235	1252
2236	2221
2237	1304
2238	2209
2238	1474
2239	2228
2241	531
2241	897
2243	2235
2244	881
2244	1675
2244	410
2244	132
2245	67
2246	1011
2246	994
2247	1557
2247	1312
2247	247
2248	1011
2249	2248
2249	1851
2251	1982
2252	2247
2254	2245
2257	1565
2257	104
2258	894
2258	239
2261	2252
2262	2257
2262	105
2265	66
2266	67
2266	2262
2267	2266
2268	400
2268	2250
2268	1762
2270	2205
2270	255
2271	66
2272	2259
2274	1019
2275	810
2275	2256
2277	66
2277	247
2278	324
2278	1573
2279	1501
2279	2255
2280	1968
2280	2260
2281	1709
2282	636
2282	2250
2283	1384
2286	66
2286	2279
2289	2268
2291	307
2291	2268
2291	1119
2292	2281
2293	1502
2293	99
2293	2254
2293	115
2295	2250
2296	2252
2296	847
2297	105
2298	67
2298	1306
2298	1308
2298	2257
2300	2299
2304	2302
2305	354
2313	2305
2321	67
2324	1470
2324	1582
2324	2314
2327	1068
2329	2322
2332	1327
2332	1068
2332	2308
2333	68
2333	1118
2333	1860
2334	846
2334	1401
2336	1953
2336	1307
2336	2098
2336	1694
2336	1717
2337	139
2339	69
2339	2338
2343	269
2343	2040
2343	353
2344	373
2344	2336
2344	1564
2345	1694
2347	2204
2347	218
2349	69
2351	1852
2352	2351
2352	679
2353	679
2353	2338
2353	2350
2354	2150
2354	945
2354	2220
2355	2354
2357	1535
2357	2349
2359	69
2359	2347
2359	1808
2361	69
2362	2340
2362	1369
2362	1856
2362	2319
2364	69
2364	1759
2364	1564
2365	783
2366	69
2368	69
2368	1320
2369	1712
2370	2206
2370	2111
2371	1705
2373	1557
2373	2372
2374	69
2374	2351
2374	2336
2374	2341
2374	790
2376	2360
2379	69
2379	2072
2381	828
2381	2350
2382	69
2383	2348
2384	1530
2384	263
2384	1369
2384	1750
2384	1971
2385	1496
2385	2356
2385	344
2386	451
2386	2363
2389	69
2390	69
2390	1315
2390	2389
2391	2378
2392	2387
2393	1324
2395	141
2395	1703
2396	1324
2396	2380
2396	2373
2397	69
2397	401
2398	838
2399	1378
2402	70
2405	70
2406	386
2407	1360
2407	1378
2407	397
2407	1328
2408	2406
2408	1641
2409	70
2409	2405
2410	1882
2410	2403
2412	1739
2412	2411
2415	72
2416	699
2416	1940
2417	74
2417	828
2417	1499
2418	74
2418	1718
2419	1869
2420	2419
2421	2370
2421	796
2421	748
2422	2242
2423	74
2424	2421
2425	74
2426	420
2426	587
2427	1072
2427	1091
2427	1124
2427	1617
2428	498
2428	362
2428	1029
2429	764
2429	191
2430	418
2430	1027
2430	375
2432	824
2433	1640
2435	2429
2436	2426
2439	389
2440	216
2440	726
2440	552
2441	425
2441	2430
2441	664
2443	591
2443	1018
2444	2437
2446	2438
2447	578
2448	671
2448	2440
2449	1873
2449	387
2449	99
2449	1325
2449	1817
2451	2450
2452	1873
2453	1874
2455	2016
2457	679
2461	2459
2463	828
2467	828
2471	828
2471	1335
2472	1155
2474	2465
2476	828
2477	828
2477	2476
2480	828
2481	2470
2483	1378
2484	2475
2485	2108
2485	942
2486	2455
2486	1675
2488	2478
2490	2468
2493	828
2494	2469
2495	828
2497	537
2497	955
2498	2489
2499	1725
2501	2464
2503	2482
2504	2460
2505	2466
2506	1064
2506	738
2506	2473
2507	537
2507	586
2507	2485
2509	2508
2510	1738
2512	2511
2517	1726
2517	2516
2518	1879
2518	1880
2518	81
2520	622
2520	396
2522	622
2523	1876
2526	2525
2527	2524
2529	2528
2529	1533
2531	1396
2532	2317
2533	102
2533	1001
2533	275
2533	1588
2533	1436
2534	1785
2534	944
2534	1345
2535	2340
2536	1065
2536	1549
2537	1266
2537	1300
2539	2061
2541	2535
2543	2111
2543	701
2544	1369
2545	2536
2545	846
2545	2097
2545	1832
2546	2540
2547	1725
2548	1527
2549	2548
2549	701
2552	2065
2553	2530
2556	2552
2557	1320
2558	2549
2558	2552
2558	1377
2559	1556
2561	1369
2562	2111
2566	2050
2566	1318
2566	310
2567	2550
2567	2555
2569	2559
2571	1078
2571	1031
2572	701
2572	2479
2573	1725
2574	2544
2575	2050
2575	2563
2575	2542
2575	2566
2576	2557
2576	2120
2577	631
2577	2359
2577	2561
2578	1394
2578	1395
2579	495
2579	2542
2580	2358
2580	1183
2581	263
2583	349
2583	2565
2584	2111
2584	396
2584	310
2585	2581
2586	2560
2587	2538
2588	2054
2588	1500
2589	681
2589	2109
2589	1776
2590	1746
2590	983
2590	2585
2590	2587
2591	2206
2591	1074
2591	1579
2592	635
2592	373
2592	2054
2596	1877
2596	99
2596	1570
2596	1782
2598	2588
2599	2250
2602	1080
2602	1735
2605	2011
2605	2590
2605	1660
2606	2595
2607	2550
2608	1764
2608	378
2608	1457
2609	1586
2611	373
2612	2598
2614	1784
2614	1080
2615	2610
2615	1328
2617	2205
2617	1302
2618	1369
2618	1224
2620	2597
2621	2593
2622	2554
2624	1757
2624	2622
2624	2566
2625	1748
2626	2623
2628	1773
2628	1171
2629	318
2630	1638
2630	389
2631	687
2631	1940
2631	1472
2633	691
2633	1318
2636	2344
2639	2637
2640	370
2640	1776
2641	841
2641	869
2641	362
2642	398
2642	1063
2642	2641
2643	278
2643	1553
2643	1255
2644	2632
2645	2000
2646	1111
2646	279
2647	398
2647	2008
2647	288
2647	1426
2647	2118
2648	264
2648	626
2649	1468
2649	1411
2650	2607
2651	1255
2651	501
2652	1062
2652	2634
2653	1565
2653	1351
2653	1940
2654	855
2654	100
2655	359
2657	840
2657	365
2657	680
2658	1564
2658	995
2659	855
2660	2596
2661	605
2661	2596
2662	2631
2663	858
2663	735
2664	1387
2664	1449
2664	1607
2665	840
2667	429
2667	1820
2668	733
2669	2658
2669	302
2672	2556
2674	741
2675	2666
2675	2232
2676	2051
2676	1435
2677	2660
2677	1401
2677	360
2678	374
2678	945
2680	2514
2680	2657
2681	2670
2683	1346
2684	957
2684	2683
2685	2682
2688	2687
2691	2547
2691	1320
2693	2554
2693	263
2694	2556
2694	1798
2696	2693
2697	1880
2698	2690
2700	1880
2701	1377
2701	728
2702	1719
2702	1084
2703	1719
2704	354
2706	2705
2707	354
2709	354
2711	235
2712	354
2712	2707
2713	354
2713	1562
2713	2346
2713	694
2714	483
2715	1233
2715	282
2716	2057
2716	221
2716	149
2717	398
2717	1111
2717	1306
2717	1535
2718	746
2719	2015
2721	1256
2723	1371
2723	2278
2724	2684
2725	1733
2726	2680
2726	1856
2726	2278
2727	2244
2730	2215
2730	1938
2731	2439
2732	349
2732	1224
2732	2721
2732	1346
2732	1930
2732	1668
2734	943
2734	2718
2735	1645
2737	2724
2738	1586
2739	853
2742	398
2742	1841
2745	199
2745	404
2745	2739
2746	618
2747	310
2748	2640
2750	2715
2754	1575
2754	2589
2756	2714
2757	2749
2759	2717
2759	1695
2759	1940
2759	1363
2759	405
2759	2364
2761	2755
2763	572
2763	1794
2763	2738
2764	362
2766	2127
2766	838
2768	2736
2769	2556
2769	2118
2769	2646
2769	2767
2774	860
2774	2274
2775	786
2775	157
2775	2725
2776	2740
2778	2777
2779	1759
2780	2049
2780	2105
2781	1759
2781	1109
2782	1705
2782	1356
2782	2393
2783	1566
2783	767
2784	420
2784	2780
2785	2049
2785	605
2786	1759
2787	2049
2788	1977
2788	2467
2788	2032
2789	139
2793	2792
2794	1977
2795	378
2796	2534
2796	328
2796	347
2797	728
2798	1445
2798	153
2798	155
2798	997
2798	321
2799	2354
2799	264
2799	945
2799	2797
2799	2278
2800	2039
2801	1727
2803	2427
2803	1593
2803	1596
2804	2354
2804	344
2804	2220
2805	426
2806	347
2807	1385
2807	1396
2807	1404
2808	347
2811	308
2812	1727
2815	1424
2817	460
2817	426
2817	2082
2819	2807
2820	2205
2820	2058
2821	331
2821	2118
2821	264
2821	2802
2823	1979
2823	496
2823	2822
2823	310
2823	1316
2824	2822
2824	511
2824	327
2825	1979
2826	1979
2829	1979
2829	2825
2830	1979
2830	2826
2830	2088
2831	497
2832	845
2833	93
2834	497
2834	157
2836	1356
2837	497
2837	2831
2838	1087
2838	1124
2841	504
2842	1038
2843	413
2844	497
2845	734
2846	747
2847	2843
2848	1396
2848	312
2849	1789
2849	2848
2852	2013
2852	1080
2852	2502
2853	387
2854	2614
2857	1080
2860	2851
2861	1980
2862	2859
2863	2853
2864	1980
2864	249
2864	728
2865	1980
2865	2857
2867	1980
2868	1068
2870	1857
2872	2871
2873	1351
2873	349
2875	1399
2875	2868
2876	1399
2876	1555
2877	2873
2878	1399
2878	353
2878	842
2882	2735
2882	2868
2884	2868
2884	2875
2886	2798
2886	2876
2886	2880
2887	2370
2887	2879
2888	1700
2889	1468
2889	2268
2890	2885
2891	1806
2891	2732
2892	681
2892	353
2894	1545
2895	2580
2895	1391
2895	2890
2896	2894
2897	2702
2897	2628
2898	1306
2898	678
2898	2097
2898	750
2899	1445
2899	1196
2899	2607
2900	1832
2900	264
2900	393
2900	1363
2900	1316
2900	2283
2900	2739
2901	681
2901	133
2902	1111
2902	1495
2903	1113
2908	2220
2908	2905
2908	192
2910	2581
2911	278
2911	332
2912	483
2913	2078
2914	2209
2914	2631
2914	1668
2914	2814
2915	850
2917	1380
2917	2246
2918	223
2918	2917
2919	1311
2919	1320
2920	228
2920	1315
2921	223
2921	2920
2921	1559
2922	223
2922	2864
2923	1841
2923	1002
2923	1382
2923	1081
2923	998
2923	643
2924	1981
2925	624
2925	270
2925	1918
2926	860
2926	1891
2927	2901
2927	870
2928	860
2928	2385
2928	2925
2928	1926
2928	1496
2929	1919
2930	1529
2932	1824
2932	402
2932	571
2933	1896
2934	381
2936	1065
2936	1124
2936	2775
2941	2926
2942	2925
2942	2638
2942	1415
2942	1466
2943	2308
2944	1609
2947	2946
2948	2944
2949	2065
2951	2945
2952	2929
2953	2940
2954	1341
2954	2904
2954	1918
2955	2274
2955	2039
2956	2939
2958	227
2959	605
2959	538
2959	766
2961	2674
2961	429
2961	715
2962	886
2962	2642
2962	2635
2966	2965
2968	152
2968	1031
2968	891
2968	1047
2969	2944
2969	718
2970	1828
2973	820
2973	282
2976	2958
2982	2980
2984	2978
2990	2774
2995	2964
2996	2981
2998	1955
3001	2985
3003	99
3004	2998
3006	282
3007	1955
3007	386
3009	413
3009	1171
3009	992
3010	888
3010	182
3010	368
3010	151
3010	1026
3011	1046
3011	697
3013	2975
3014	873
3015	2986
3019	702
3020	746
3024	3021
3024	149
3025	2989
3026	2962
3029	3018
3030	403
3030	1163
3030	1685
3031	2981
3034	199
3034	3017
3035	2972
3036	3003
3037	498
3037	873
3038	2983
3039	2977
3040	679
3040	2596
3040	1408
3040	1517
3041	2991
3043	3022
3044	2971
3045	605
3045	317
3045	2957
3046	429
3047	3032
3048	3005
3052	1888
3053	687
3053	2716
3054	700
3054	934
3058	2923
3059	1837
3060	1982
3060	1416
3061	2585
3062	280
3063	1982
3064	3056
3066	1968
3066	2367
3067	2250
3068	1224
3069	311
3071	2001
3071	894
3071	983
3071	327
3071	328
3071	412
3073	2320
3073	3067
3074	3067
3075	402
3075	93
3076	345
3077	1013
3077	126
3078	278
3078	2270
3078	3065
3080	3064
3083	1552
3084	878
3084	2962
3084	655
3085	3059
3086	927
3087	1074
3087	2270
3088	1498
3090	396
3091	994
3091	2293
3094	2578
3096	2296
3096	1011
3096	998
3096	279
3096	3077
3097	3091
3097	1750
3098	1527
3100	2107
3102	3077
3103	1982
3104	3097
3105	1354
3105	274
3105	901
3105	3087
3106	2370
3107	2809
3108	1989
3108	1312
3108	1318
3109	3101
3109	3102
3110	3093
3111	3076
3111	2609
3111	3082
3112	1750
3113	3082
3114	3076
3114	3056
3115	691
3115	2247
3115	1373
3115	2585
3115	1777
3115	1594
3117	2000
3117	2759
3117	796
3118	1983
3118	1712
3118	290
3118	1363
3119	1983
3120	486
3120	3116
3120	485
3121	1983
3121	1289
3121	1495
3122	1983
3122	2127
3123	1983
3123	2745
3124	1983
3124	3121
3125	810
3125	1495
3126	3116
3127	1983
3127	1798
3128	195
3129	173
3129	3120
3129	3116
3129	3128
3130	3117
3130	3124
3131	1983
3131	1494
3131	1882
3131	3117
3132	2587
3132	1579
3133	3059
3139	114
3141	93
3141	1007
3141	2261
3141	728
3141	2957
3142	261
3143	2384
3144	3140
3145	2015
3145	2562
3145	2130
3146	2619
3146	1886
3147	957
3147	227
3147	3143
3148	2958
3151	945
3151	434
3151	1834
3153	1750
3153	3134
3154	3151
3158	3155
3161	2129
3162	3156
3164	864
3165	1006
3165	2852
3165	2601
3165	2588
3165	3133
3165	3153
3166	1063
3167	299
3168	283
3168	3150
3169	3055
3169	3133
3171	2384
3171	3136
3172	261
3173	3170
3175	3157
3176	221
3176	153
3176	3166
3176	2429
3177	3132
3179	261
3179	3174
3182	1871
3183	2208
3183	897
3183	1447
3185	3133
3189	1984
3189	944
3190	3187
3191	847
3191	2757
3193	230
3193	1411
3194	3192
3195	3071
3196	3066
3196	687
3196	3071
3198	1986
3198	1376
3198	836
3199	1986
3199	3197
3200	1986
3201	1986
3202	1073
3202	1631
3202	698
3203	656
3203	1683
3204	86
3207	363
3207	178
3207	812
3208	2056
3209	139
3209	2051
3210	1987
3210	249
3212	3062
3212	114
3213	483
3214	2759
3214	1856
3215	3208
3216	410
3217	1987
3217	1313
3217	2949
3221	837
3221	823
3221	599
3226	695
3229	695
3230	837
3235	2340
3235	2137
3238	1675
3238	441
3238	2156
3238	1489
3239	1351
3239	425
3240	1351
3241	1602
3242	3235
3242	3239
3243	1769
3243	327
3244	3231
3245	3213
3245	1065
3245	1923
3246	837
3246	1936
3247	3238
3250	3241
3251	837
3252	1332
3252	333
3252	132
3252	2240
3254	3242
3258	3252
3258	3248
3261	837
3263	979
3263	2400
3263	425
3265	132
3265	3237
3266	2003
3266	2583
3266	2712
3267	2359
3267	1575
3267	2602
3268	312
3269	1607
3269	1061
3270	321
3270	3269
3271	1989
3271	1997
3272	720
3272	126
3272	1472
3273	1006
3273	206
3273	299
3274	2268
3274	1321
3275	2678
3275	1568
3275	1379
3275	789
3275	1472
3275	2300
3278	2205
3278	400
3279	1424
3279	1431
3279	1401
3281	3276
3282	1624
3282	2122
3283	418
3283	878
3283	3084
3285	1649
3285	1679
3286	1387
3286	152
3286	711
3287	1487
3287	2058
3288	89
3288	772
3288	171
3288	2942
3288	603
3289	783
3289	105
3290	1589
3292	418
3292	949
3293	418
3293	1341
3294	3285
3294	425
3297	418
3297	1031
3298	418
3298	510
3298	120
3299	1594
3299	1383
3299	3284
3301	87
3302	3289
3303	3287
3303	555
3304	418
3304	3297
3305	418
3306	1311
3307	3300
3308	3301
3309	3217
3309	3299
3310	2901
3311	447
3311	386
3312	3309
3314	1638
3314	584
3316	2394
3316	831
3320	1740
3320	3316
3321	789
3321	3275
3321	3317
3322	1079
3323	366
3323	2701
3323	2422
3324	3071
3325	957
3325	2049
3325	835
3325	825
3326	3099
3326	3325
3327	2549
3327	2623
3328	3299
3328	3099
3328	3107
3331	946
3332	1737
3332	2563
3333	1592
3333	1615
3334	1712
3335	2559
3336	2647
3337	1349
3338	1300
3343	2544
3343	3337
3346	363
3347	1376
3347	1492
3349	282
3349	2846
3350	3344
3353	1839
3354	504
3356	208
3358	3347
3359	3355
3360	740
3361	1634
3361	893
3361	1602
3361	2038
3361	3207
3361	2924
3362	1306
3362	1372
3362	1370
3362	2052
3363	838
3363	2591
3365	1705
3365	835
3366	3101
3367	1786
3367	1074
3368	3367
3369	1705
3369	2969
3370	3367
3370	1382
3371	3369
3372	846
3372	3370
3373	1705
3376	1705
3376	3363
3377	3365
3378	3374
3379	3371
3379	3377
3380	1074
3381	1404
3381	2381
3381	2283
3382	3381
3383	400
3383	3367
3383	3371
3383	421
3384	3087
3384	3065
3384	3375
3386	253
3387	2601
3388	1497
3390	496
3392	3271
3393	496
3394	496
3394	3393
3395	496
3396	496
3397	496
3397	3396
3398	496
3398	314
3399	496
3399	2823
3400	1740
3400	703
3400	2531
3400	2427
3400	3320
3401	368
3401	163
3401	1688
3402	3058
3402	290
3402	1586
3403	403
3403	1324
3403	2722
3403	1080
3405	2640
3405	207
3406	572
3406	1663
3407	3405
3408	420
3408	172
3408	2059
3408	1652
3409	3408
3409	1517
3410	2581
3411	3406
3415	3296
3417	1069
3418	3417
3419	2677
3420	181
3421	289
3421	286
3422	1304
3423	1599
3424	1065
3424	3061
3424	350
3424	3423
3425	2315
3426	3425
3428	1249
3430	3427
3436	1994
3436	144
3436	3419
3440	3421
3441	103
3444	3443
3447	3441
3451	3431
3452	3307
3453	3432
3454	1289
3455	579
3456	3307
3458	3435
3458	103
3459	768
3460	3459
3461	1995
3462	1995
3462	1941
3462	1607
3463	3420
3464	2377
3464	2039
3464	2058
3464	1453
3465	3464
3467	1269
3468	1996
3468	3467
3469	1996
3469	2209
3471	2126
3471	2723
3471	2039
3472	1830
3472	2867
3474	3165
3475	1326
3476	2118
3478	3467
3479	2380
3479	3284
3482	3470
3485	1266
3487	2611
3487	344
3487	2802
3488	2821
3490	3489
3491	3481
3492	3480
3492	321
3493	2917
3493	1369
3494	1377
3494	263
3494	2967
3494	3107
3495	2283
3495	2877
3495	1384
3495	694
3495	1395
3497	1383
3498	2343
3498	1311
3499	3069
3500	228
3500	3495
3501	259
3501	3076
3501	317
3502	228
3502	1369
3503	3495
3504	3069
3505	720
3505	1808
3506	257
3509	1741
3509	2387
3511	1741
3512	1159
3513	1741
3514	679
3516	3515
3517	1741
3517	1076
3517	3514
3521	845
3521	3165
3521	1552
3522	2021
3523	3509
3523	3485
3524	2718
3524	327
3526	3509
3526	3514
3528	3526
3529	1076
3529	1932
3530	3045
3532	679
3533	362
3534	957
3534	3523
3535	1076
3535	3519
3535	2020
3537	3518
3537	1300
3538	850
3539	2235
3539	1066
3539	2702
3539	1080
3539	3462
3540	949
3541	834
3541	2250
3541	206
3542	1490
3543	3238
3543	1489
3543	3542
3544	3538
3546	2816
3547	286
3548	1774
3548	317
3549	101
3549	636
3551	1256
3553	1030
3554	3218
3555	3076
3558	290
3560	3217
3565	691
3565	1850
3565	226
3566	691
3567	691
3567	114
3569	3555
3570	691
3570	1314
3570	3566
3571	3214
3571	324
3571	2633
3571	1918
3571	412
3572	3062
3572	3550
3573	1445
3573	2899
3573	1894
3574	764
3574	3493
3575	3562
3576	290
3576	759
3578	750
3579	2726
3580	2680
3580	3212
3580	3553
3581	1317
3581	2052
3581	2723
3581	3078
3582	2591
3584	691
3584	3582
3584	2397
3585	1379
3586	3577
3587	3582
3588	2717
3589	3554
3591	3561
3592	3589
3592	3583
3593	3094
3594	2538
3597	3547
3597	3058
3598	155
3598	2766
3599	250
3599	3563
3601	3590
3602	3594
3604	3560
3605	3600
3608	1997
3608	2337
3610	689
3611	482
3611	1818
3611	3609
3614	1997
3615	1724
3615	3613
3616	1997
3617	1997
3617	410
3617	3614
3620	3614
3621	3054
3624	1997
3625	3619
3626	3271
3626	1308
3626	3210
3626	3621
3627	1998
3629	1431
3629	3628
3629	3045
3631	2858
3632	253
3634	2695
3635	1999
3635	3200
3635	3631
3638	3637
3642	3634
3645	2422
3646	2000
3646	219
3646	1733
3646	255
3646	1532
3646	2225
3647	2000
3647	493
3648	1423
3649	2000
3649	3324
3650	2120
3651	1567
3651	100
3651	2383
3651	2049
3652	2000
3652	3649
3653	287
3653	1615
3654	2210
3655	2000
3657	2384
3658	2000
3659	2000
3662	1711
3663	3660
3664	2000
3664	1155
3665	741
3665	3077
3665	3649
3666	2000
3666	3123
3666	870
3667	666
3669	3125
3669	953
3670	2000
3671	2000
3671	1768
3671	112
3672	2000
3672	428
3672	419
3673	501
3673	2925
3673	286
3674	2000
3674	3666
3675	262
3675	510
3675	3570
3675	3424
3675	2713
3675	2399
3676	2549
3677	262
3677	3675
3678	2578
3678	1395
3679	1400
3679	2204
3679	894
3679	1106
3679	2257
3680	1850
3680	2563
3680	155
3681	262
3682	2336
3682	3608
3682	838
3683	1581
3686	3139
3686	1457
3687	3682
3690	113
3691	2585
3692	3479
3694	2291
3696	3693
3697	3309
3699	2585
3699	113
3700	2355
3700	1333
3702	1940
3702	1012
3702	2288
3703	2587
3703	3132
3703	3691
3703	412
3704	81
3704	3290
3705	1942
3705	2909
3705	378
3706	2427
3707	1070
3707	2633
3708	1967
3709	89
3709	1012
3710	1610
3710	113
3710	3690
3710	3701
3711	3686
3712	1333
3713	1467
3715	89
3715	2427
3715	984
3717	89
3718	89
3718	2220
3719	191
3719	3712
3720	89
3720	2344
3720	719
3720	3198
3722	3284
3722	2479
3724	2002
3724	2046
3725	1580
3726	98
3727	218
3727	3726
3727	252
3728	1940
3728	2046
3729	2119
3729	3723
3730	580
3730	2417
3730	1016
3732	3503
3732	3079
3732	1523
3734	2930
3734	2821
3735	2955
3735	2039
3735	3373
3736	3479
3740	1294
3740	3735
3741	3270
3741	3740
3743	3742
3744	2003
3744	251
3744	3569
3745	3737
3747	3746
3748	2003
3750	1638
3750	2016
3750	2455
3750	409
3751	1218
3751	400
3753	1638
3753	3750
3754	1638
3754	1557
3754	2628
3754	1080
3754	2602
3755	1638
3755	1356
3756	2285
3756	3752
3757	3751
3762	1638
3762	1884
3762	1610
3763	1638
3763	253
3763	2235
3764	3673
3764	730
3764	3553
3764	3676
3764	783
3764	1475
3765	1329
3765	3573
3765	3345
3765	742
3766	1007
3766	2701
3767	2268
3767	1932
3767	1446
3768	3652
3768	1403
3770	1445
3770	1110
3773	1497
3774	2899
3775	1746
3776	2006
3777	2848
3778	2006
3779	2006
3779	3776
3780	202
3780	2596
3780	3011
3781	402
3781	2429
3781	801
3782	3714
3783	2783
3783	777
3785	2038
3785	1687
3787	3786
3788	772
3789	714
3789	510
3790	510
3790	1576
3790	1806
3791	154
3795	3202
3795	716
3796	506
3798	709
3798	3784
3799	873
3800	1087
3800	895
3802	429
3804	739
3805	3207
3805	792
3806	182
3806	3781
3806	1675
3806	3784
3807	3782
3808	151
3809	3793
3810	202
3810	2970
3811	3788
3812	3796
3813	3794
3814	202
3814	3788
3814	3789
3822	1480
3823	2653
3823	2890
3825	248
3829	850
3831	454
3833	3825
3834	3817
3837	3836
3838	3821
3839	3816
3840	1027
3841	3830
3842	3205
3843	3815
3845	3822
3847	3826
3848	3820
3849	3846
3850	851
3851	3824
3852	436
3852	3844
3854	3832
3856	1113
3856	3819
3858	3855
3860	2007
3860	785
3861	1618
3861	555
3861	723
3861	3464
3862	706
3862	258
3863	298
3863	500
3863	3140
3863	2077
3863	751
3863	3241
3863	1861
3866	998
3866	1153
3866	3464
3866	3710
3867	3197
3869	3286
3871	3868
3873	3870
3874	3867
3877	3876
3878	2011
3878	2605
3878	2460
3879	258
3880	1411
3880	2334
3880	3339
3881	1333
3881	3879
3881	3866
3882	2641
3882	3122
3883	2892
3885	2012
3885	227
3885	3327
3885	2065
3886	2065
3887	2641
3888	1615
3888	3880
3889	1261
3889	2943
3889	2641
3890	2224
3890	3881
3891	3884
3894	3892
3895	2499
3898	2648
3899	725
3900	1381
3900	303
3901	2268
3901	998
3902	3897
3905	2576
3905	3765
3905	3065
3907	3639
3907	3400
3908	3639
3908	804
3910	3637
3912	3910
3913	2119
3913	1074
3913	2858
3914	2695
3917	3907
3919	3913
3920	2695
3920	3906
3921	3919
3922	3916
3924	2362
3925	679
3925	1074
3926	2013
3926	3911
3927	2013
3927	3414
3927	3641
3929	2013
3930	385
3933	2602
3935	965
3938	3934
3939	3647
3939	3611
3942	2278
3944	2235
3944	1605
3944	3942
3945	3943
3946	1536
3946	3940
3947	3651
3947	3145
3948	311
3949	843
3949	2772
3949	2491
3951	1883
3952	1319
3954	253
3955	3954
3956	537
3957	2522
3958	3954
3960	3954
3960	3647
3960	3520
3960	949
3962	3956
3963	3715
3964	3954
3964	3959
3965	3954
3965	2788
3966	493
3967	3961
3968	3911
3968	2100
3970	3954
3970	3955
3971	2449
3972	1369
3973	3647
3974	3956
3975	3956
3976	253
3977	2789
3977	3647
3980	3209
3980	3972
3981	3956
3982	3981
3984	3979
3984	3982
3986	3956
3987	2790
3987	3868
3988	3957
3988	2339
3989	3957
3989	2662
3989	2631
3990	629
3992	1378
3992	2900
3992	3117
3992	314
3993	484
3993	518
3993	1499
3993	2062
3995	3410
3996	3957
3997	3957
3999	483
3999	3998
4002	3987
4002	2447
4003	3211
4003	2789
4003	2579
4004	3657
4004	3762
4005	3960
4006	3960
4007	3960
4008	3960
4009	3960
4010	3960
4012	3960
4013	3960
4014	4011
4015	3960
4018	2926
4018	3078
4018	1907
4019	3129
4020	3993
4022	2522
4023	4018
4024	3134
4025	3966
4025	493
4026	4025
4026	3715
4029	3961
4029	3615
4030	482
4030	4028
4032	253
4032	2056
4032	3615
4033	3961
4034	4031
4035	3197
4035	222
4035	2986
4036	4035
4036	4033
4038	3961
4038	4026
4039	3961
4040	3962
4040	3980
4040	2770
4041	325
4042	621
4042	3976
4042	3363
4043	2628
4043	3535
4043	487
4044	3963
4045	3963
4045	4044
4045	1695
4046	483
4046	2788
4047	483
4048	4046
4052	141
4052	290
4052	700
4060	2416
4063	253
4068	483
4074	4054
4077	2374
4078	2056
4078	1530
4078	2702
4078	3547
4082	253
4082	487
4083	253
4083	386
4083	1670
4084	4057
4088	253
4088	1306
4088	2298
4090	3833
4091	4069
4092	4065
4093	4066
4094	4062
4096	4060
4096	2571
4096	1031
4097	4085
4098	4075
4099	2100
4099	4050
4099	2345
4100	2788
4100	626
4100	105
4100	1696
4101	2852
4101	4079
4103	4071
4104	4053
4105	2227
4107	4059
4108	253
4108	2347
4109	4072
4110	253
4111	4061
4112	3972
4112	3633
4114	4067
4115	3967
4117	971
4119	2588
4119	2344
4120	3968
4120	4079
4121	4117
4122	4118
4125	2576
4125	3593
4126	2530
4126	1769
4127	2576
4127	3123
4128	2624
4129	853
4130	2556
4130	3587
4130	2066
4133	4129
4134	3161
4135	4124
4136	3883
4137	1363
4140	2571
4140	3989
4141	4134
4142	4134
4142	378
4142	3146
4144	2576
4147	2871
4147	1412
4148	4147
4149	2097
4149	2883
4151	2576
4151	4149
4152	3518
4152	2283
4152	3381
4153	4149
4153	3098
4154	2576
4154	3669
4154	4144
4157	4152
4158	4138
4160	4125
4161	1412
4161	1625
4162	2852
4163	4132
4164	4155
4165	1404
4165	2313
4166	98
4166	4026
4166	3715
4168	1884
4169	3969
4169	3908
4170	1073
4171	489
4172	3977
4172	1224
4173	4171
4174	3422
4174	4119
4174	98
4174	2528
4174	1304
4176	2588
4177	4165
4177	1247
4178	1330
4179	3132
4179	2803
4179	3336
4179	2699
4180	3715
4181	1801
4181	4169
4182	3969
4183	160
4183	4167
4183	4179
4184	3199
4184	1364
4184	219
4185	4040
4185	2338
4186	2717
4186	2344
4187	1307
4187	236
4188	1380
4189	3209
4192	222
4193	3054
4193	1852
4195	1307
4195	3346
4196	3612
4198	3209
4198	1885
4199	998
4203	1852
4204	4184
4204	4199
4204	526
4204	967
4204	528
4206	4204
4207	2282
4210	3209
4210	4188
4211	4206
4211	4204
4211	4197
4212	2536
4212	3309
4213	1753
4214	1364
4215	3209
4215	1306
4215	4035
4216	3209
4216	2653
4216	1335
4216	1337
4218	3114
4219	140
4219	4207
4219	2320
4222	1953
4223	3209
4224	3209
4226	3520
4227	3235
4227	2340
4227	1314
4227	4223
4228	482
4230	4100
4231	4227
4232	4211
4233	994
4234	4204
4234	4209
4235	3209
4235	4006
4235	3554
4236	1369
4237	4233
4238	3209
4238	1380
4238	1343
4239	4225
4240	1380
4240	1387
4241	90
4242	4005
4244	4228
4245	2775
4246	2349
4246	2396
4247	4208
4248	4228
4249	1307
4249	3404
4249	4232
4250	1940
4251	2906
4253	4248
4254	4193
4256	3209
4256	1308
4256	4192
4256	700
4258	2348
4260	2882
4260	3299
4262	139
4262	1553
4262	1713
4263	2339
4263	2578
4263	2901
4263	133
4265	3970
4268	4266
4272	4005
4274	3971
4274	4246
4274	2396
4275	3971
4276	3971
4276	3973
4277	482
4277	4230
4277	2145
4278	3971
4278	4271
4279	3971
4279	278
4279	4078
4279	4274
4279	1777
4279	1330
4279	2371
4279	1745
4279	351
4279	621
4280	4159
4281	3971
4282	3971
4283	4275
4283	3284
4283	4033
4286	4184
4291	4287
4291	3611
4291	1577
4291	1902
4291	934
4293	1884
4293	245
4293	2195
4295	99
4295	805
4295	2711
4296	4290
4299	150
4299	2030
4300	139
4300	1902
4301	112
4303	720
4305	822
4306	1841
4306	4291
4306	1234
4309	998
4310	3197
4311	139
4312	139
4314	4060
4316	4307
4317	4235
4319	2336
4319	4063
4319	1703
4322	4289
4322	1052
4324	139
4325	4042
4325	4314
4327	4302
4328	4305
4328	1617
4330	4321
4333	2702
4333	506
4333	1766
4333	2062
4333	197
4335	2928
4337	4323
4340	679
4340	794
4342	4297
4343	110
4345	4301
4345	516
4345	167
4346	1581
4346	4343
4347	139
4347	4322
4348	139
4348	2017
4349	4318
4350	139
4350	1310
4350	3208
4351	4334
4353	4292
4354	4326
4356	4336
4357	139
4357	2471
4358	4308
4359	144
4359	2931
4360	139
4360	4312
4360	4032
4364	3973
4364	3868
4364	3987
4365	3973
4366	4078
4367	4366
4367	4284
4369	1694
4369	4368
4372	4063
4373	309
4374	1306
4374	1953
4374	4370
4375	337
4377	1306
4378	1307
4378	1003
4379	2351
4380	1306
4380	4377
4380	783
4380	245
4380	1351
4381	1535
4383	4372
4384	1306
4386	2449
4390	436
4392	3548
4393	4391
4394	4369
4394	3926
4395	3211
4395	3726
4396	1102
4396	3183
4397	4370
4403	3400
4404	4372
4405	2225
4408	113
4409	4404
4410	4399
4411	218
4412	4400
4413	4401
4414	2354
4414	218
4417	2227
4418	2240
4420	1535
4420	4281
4420	2119
4420	4314
4421	1535
4422	493
4422	4279
4422	3548
4422	3552
4423	2396
4424	3362
4424	3547
4424	4242
4425	1724
4425	3675
4425	1155
4425	1168
4425	2936
4425	1393
4425	1612
4427	850
4427	1773
4427	849
4427	974
4427	2936
4428	1380
4429	1380
4429	2618
4429	2917
4429	3326
4431	343
4432	4426
4433	3309
4433	4212
4434	1380
4434	250
4434	2369
4435	2104
4435	996
4435	1579
4437	4436
4438	1380
4438	4250
4439	1585
4442	950
4448	4370
4449	790
4450	4441
4451	4440
4451	831
4456	3596
4457	4442
4458	845
4458	4446
4459	4447
4460	2441
4463	4452
4463	4457
4463	2507
4464	1724
4464	3727
4465	2888
4465	135
4465	2102
4465	4225
4465	4064
4465	591
4465	538
4465	1675
4465	210
4467	2185
4468	287
4468	4422
4468	389
4468	3216
4468	1622
4468	1703
4468	3199
4468	4216
4469	4449
4470	3726
4471	4378
4471	3459
4473	1700
4473	1067
4474	2257
4475	1449
4476	1311
4477	4472
4478	3088
4478	229
4478	3367
4478	1498
4478	3499
4478	252
4479	4379
4479	4382
4482	4480
4485	4484
4486	2341
4489	2351
4493	4230
4499	4081
4500	4465
4501	4464
4501	4293
4501	2396
4503	272
4504	808
4506	3300
4508	4495
4509	4090
4510	4235
4511	4491
4513	4192
4516	4490
4517	4372
4518	4505
4519	3493
4519	3574
4519	2195
4520	4513
4522	140
4522	1852
4522	4519
4523	3880
4524	4498
4525	4502
4526	4523
4527	387
4527	1718
4528	4496
4529	2018
4529	4307
4532	4499
4532	2815
4534	4533
4535	4222
4535	2374
4536	4514
4537	831
4537	2220
4537	3316
4538	4515
4538	4531
4539	4215
4539	4035
4540	4215
4540	2337
4540	3647
4540	3201
4541	4215
4542	2920
4542	221
4542	994
4543	4376
4543	4473
4544	1093
4548	255
4549	1718
4549	3584
4549	729
4550	2351
4550	1851
4551	2351
4554	735
4555	1307
4560	4557
4562	4543
4564	4184
4564	4548
4566	4565
4567	4547
4570	2351
4570	4207
4570	176
4571	2341
4571	3508
4571	3471
4571	2631
4571	3513
4572	2351
4572	4551
4573	272
4573	4063
4574	4552
4575	2351
4575	4005
4575	4242
4575	1498
4576	4423
4577	2354
4579	4578
4580	1025
4581	1075
4582	2018
4582	1947
4582	4515
4585	160
4585	4258
4585	1074
4585	2835
4586	4425
4586	3647
4586	3210
4587	2343
4587	4262
4588	2343
4589	2343
4589	1713
4589	4468
4589	1717
4589	1562
4589	173
4589	4586
4590	2018
4594	4515
4594	4591
4596	4592
4597	4529
4597	4081
4599	2243
4600	1001
4600	1500
4601	309
4601	4376
4602	309
4604	4603
4605	4184
4606	1884
4607	4562
4608	4272
4609	482
4609	4035
4609	222
4610	4381
4610	3658
4610	994
4610	3609
4612	1373
4613	482
4614	482
4614	4611
4615	3609
4617	2449
4617	2569
4617	3671
4618	3874
4618	1934
4620	482
4620	4612
4621	482
4621	4196
4623	4617
4625	225
4626	4366
4626	2336
4630	4324
4631	4629
4632	4324
4633	2986
4634	4324
4634	4628
4635	4324
4636	624
4636	4368
4637	4324
4638	4627
4640	4633
4641	4324
4642	4324
4642	4170
4643	3054
4643	1850
4643	4501
4646	4644
4647	4377
4647	1452
4647	831
4649	500
4649	3863
4649	1452
4650	1452
4651	2930
4651	1452
4653	4648
4654	510
4656	831
4656	4654
4656	4655
4657	2352
4657	4581
4658	1718
4662	3657
4663	4660
4665	1065
4665	2825
4666	4659
4667	4206
4667	3657
4670	2018
4672	4668
4674	4664
4678	4281
4679	4281
4681	4676
4682	4003
4682	4035
4682	3976
4682	4269
4683	4677
4683	4269
4685	4281
4686	2336
4686	1882
4687	390
4688	4378
4689	4686
4689	4468
4689	4216
4689	2959
4689	1479
4689	1397
4690	4380
4690	3905
4691	4586
4691	280
4693	3675
4693	1709
4693	173
4694	1836
4695	1351
4695	104
4696	1271
4696	4694
4698	387
4699	1494
4699	3131
4700	1060
4703	1959
4707	1786
4707	847
4707	1377
4711	4708
4712	3398
4713	4704
4713	4708
4713	3377
4714	4702
4715	4703
4716	1970
4717	1955
4717	102
4718	1786
4718	1372
4718	4700
4719	2864
4720	250
4721	1290
4721	4710
4722	1919
4722	4708
4722	2969
4723	4712
4723	2812
4724	4238
4725	679
4726	162
4726	708
4728	3362
4728	690
4728	3589
4729	4706
4730	679
4730	4725
4731	2800
4732	2585
4732	4730
4732	4676
4732	2278
4733	4710
4734	239
4735	3362
4735	4700
4735	380
4735	2194
4738	942
4742	679
4744	3145
4744	2744
4744	760
4748	1840
4748	1466
4748	3888
4749	1084
4750	4748
4751	4128
4753	2125
4754	838
4754	2848
4756	849
4756	3053
4756	716
4756	3068
4757	927
4757	2779
4760	4608
4760	4618
4760	4203
4761	4752
4762	3981
4763	4740
4766	4743
4767	3755
4768	2943
4769	4739
4771	4381
4771	259
4771	3208
4771	4632
4772	4302
4772	4692
4773	4677
4773	994
4773	4772
4775	4774
4777	4776
4779	4381
4780	132
4780	2023
4782	2408
4782	1728
4782	334
4783	1919
4783	293
4789	4383
4789	4487
4792	1792
4792	2454
4792	4791
4794	4676
4794	1376
4794	4793
4799	4798
4800	2454
4801	1290
4802	3541
4802	2959
4803	3549
4803	102
4803	4711
4803	1858
4803	3196
4803	3882
4804	4571
4805	3501
4805	317
4805	1437
4805	258
4805	1356
4806	387
4806	2683
4807	957
4807	1832
4807	210
4807	4698
4809	144
4811	387
4811	783
4811	1346
4812	2683
4813	387
4813	679
4813	686
4813	2317
4813	687
4813	2301
4813	3183
4813	1003
4813	1436
4813	1775
4813	2802
4813	2782
4813	3480
4813	2323
4813	3302
4813	2065
4815	1557
4815	1724
4816	693
4816	751
4817	2888
4817	1590
4818	1557
4819	1785
4820	249
4820	3815
4821	249
4821	4165
4821	3581
4821	3504
4822	2110
4822	4238
4822	3572
4822	4725
4823	2582
4823	371
4823	3555
4823	4142
4824	249
4824	1786
4825	4542
4826	3499
4827	249
4827	1271
4828	249
4829	252
4831	2790
4832	3867
4834	4425
4834	544
4834	1602
4835	3939
4836	2348
4837	2348
4839	2348
4839	2528
4840	4395
4841	2348
4842	3610
4842	4196
4843	2348
4843	4471
4843	3611
4844	2348
4844	4841
4845	2348
4845	2119
4845	3727
4845	3729
4845	4836
4846	2348
4846	486
4846	4774
4847	4682
4847	4834
4848	4030
4848	4834
4850	258
4850	3502
4850	1119
4850	336
4851	3502
4852	1067
4852	226
4852	697
4852	1361
4852	920
4854	1786
4854	1312
4854	353
4854	3106
4857	297
4858	2914
4858	4230
4858	198
4858	4195
4858	636
4858	109
4858	4857
4860	1067
4860	4854
4860	3506
4862	4325
4863	3553
4864	4859
4865	4863
4866	4862
4867	4487
4868	4854
4869	4394
4870	4235
4870	4196
4873	4869
4874	4872
4875	4221
4876	2282
4877	2282
4877	1068
4877	2926
4877	3075
4878	4876
4879	2298
4881	2298
4881	1310
4882	2298
4882	1887
4882	2795
4882	1057
4883	2252
4883	3727
4883	2265
4884	4279
4884	351
4884	3626
4885	1724
4885	4884
4887	1724
4888	4740
4890	3235
4890	3238
4890	584
4891	702
4893	2556
4893	3650
4893	736
4895	584
4896	4889
4897	677
4897	2054
4897	2089
4897	2083
4899	4741
4899	3518
4899	2722
4899	587
4900	1476
4901	677
4902	702
4903	677
4903	1711
4903	510
4903	718
4903	1549
4904	635
4904	4765
4905	4900
4906	4892
4908	957
4908	3183
4909	3263
4910	635
4911	2530
4912	3862
4912	286
4913	4586
4913	1690
4914	693
4915	2587
4916	4913
4918	3667
4918	4912
4920	2677
4920	3334
4921	1400
4921	2058
4923	679
4923	4219
4923	2602
4923	1735
4923	4762
4926	464
4926	2420
4928	679
4931	679
4932	4465
4937	2294
4940	679
4942	4934
4946	475
4947	4929
4948	3509
4948	3468
4949	1852
4952	679
4952	2870
4953	224
4953	1080
4955	679
4958	4957
4959	2185
4959	1780
4960	679
4965	4689
4966	1000
4966	697
4970	679
4971	679
4973	679
4973	4616
4977	4930
4978	4964
4980	679
4983	679
4988	4679
4988	4756
4988	396
4992	679
4993	1084
4993	961
4994	1587
4994	1768
4995	4994
4997	4979
4999	1094
5001	4989
5001	3366
5003	1208
5006	1460
5008	4465
5008	535
5008	4970
5008	899
5010	679
5011	4465
5011	2044
5011	509
5011	961
5011	5005
5012	4969
5013	679
5013	530
5014	695
5014	2400
5014	1358
5014	4981
5014	2430
5015	1703
5015	501
5015	3521
5015	1552
5016	4987
5017	679
5017	4969
5019	2943
5021	4985
5023	4465
5025	4974
5027	2766
5028	4998
5030	4976
5032	679
5032	2057
5033	679
5033	1019
5034	4962
5035	4961
5036	5022
5038	5026
5039	4963
5040	5023
5041	679
5044	2104
5044	4238
5044	1165
5045	341
5046	5009
5046	5030
5047	679
5047	135
5047	1106
5047	1773
5048	4975
5049	4953
5050	2335
5051	4984
5052	3715
5052	664
5052	2787
5053	4996
5054	4226
5054	2845
5054	519
5055	4950
5056	4956
5059	1360
5060	679
5061	5057
5062	5002
5063	4986
5065	679
5065	1388
5065	2249
5066	679
5066	3511
5067	679
5067	2394
5067	696
5069	679
5069	4965
5070	4965
5071	3153
5071	3180
5073	842
5074	145
5074	2640
5074	1263
5076	2579
5076	5075
5079	1011
5079	3020
5081	2214
5081	3363
5081	4988
5081	1319
5081	1071
5082	1537
5084	5082
5084	5083
5084	239
5085	2120
5085	2124
5085	2099
5087	1726
5087	4570
5087	3196
5088	3671
5089	2101
5090	2111
5091	2622
5093	2557
5093	1349
5093	3489
5094	3011
5095	5088
5096	5080
5097	1537
5097	161
5097	3474
5097	602
5098	2584
5100	1818
5101	4465
5104	2206
5104	1803
5105	2631
5105	1858
5106	5013
5107	4753
5107	5104
5108	733
5109	2097
5110	5099
5111	2511
5112	5092
5114	1387
5115	2109
5115	5090
5116	1800
5116	2108
5116	5110
5121	4890
5122	4890
5124	5119
5124	5123
5125	1394
5125	3648
5125	3472
5126	855
5126	3145
5127	4165
5127	2313
5128	701
5128	3495
5128	412
5129	855
5129	2129
5129	412
5131	4186
5131	2043
5131	311
5132	5032
5134	1552
5135	2060
5135	2769
5137	1715
5138	1483
5139	4741
5143	5134
5146	702
5146	2057
5147	2587
5149	4741
5150	5149
5151	5147
5153	5132
5154	5138
5155	3526
5156	5131
5157	1360
5158	5145
5160	863
5160	5075
5161	5135
5162	5136
5164	5157
5164	5150
5165	858
5165	258
5165	3333
5166	4260
5167	2554
5167	2566
5167	3094
5168	4793
5171	2848
5171	5170
5171	1304
5172	1869
5172	4716
5172	5170
5173	869
5173	1436
5173	1415
5173	3290
5174	1480
5174	1578
5177	2920
5177	295
5177	1383
5177	113
5178	2126
5178	3145
5179	894
5181	4850
5181	2644
5181	2643
5182	5177
5183	2536
5183	283
5184	4437
5185	2072
5185	703
5185	2048
5185	2062
5185	2063
5186	1928
5187	2072
5187	2379
5188	4108
5190	1035
5190	5188
5191	4571
5192	181
5193	2635
5193	4475
5193	2954
5193	5178
5194	5149
5196	4742
5196	3908
5197	4742
5197	5164
5198	4742
5199	4742
5199	5197
5200	953
5201	1850
5202	5200
5202	5155
5203	278
5204	858
5204	2613
5204	4850
5204	766
5204	3628
5204	3325
5204	2867
5205	4612
5205	4052
5205	1370
5205	4238
5205	104
5210	3706
5211	735
5213	2923
5213	2656
5213	713
5213	101
5214	2587
5214	3071
5215	282
5215	3767
5215	2194
5217	858
5218	858
5219	4060
5219	2416
5220	4060
5220	4035
5222	4060
5223	4060
5224	2057
5224	2279
5225	3709
5226	3702
5227	3236
5229	2534
5232	3654
5232	2210
5233	3865
5235	1218
5235	327
5235	3148
5235	3134
5235	2361
5237	3555
5238	2926
5239	3654
5242	3654
5245	882
5247	201
5247	3648
5248	3515
5249	3294
5249	4251
5252	4892
5254	703
5254	3400
5254	451
5255	1832
5255	451
5256	703
5256	5255
5257	145
5257	1810
5257	2058
5258	703
5258	5185
5259	5255
5260	703
5261	783
5261	5257
5261	1416
5263	703
5263	5260
5264	678
5265	5262
5266	703
5267	688
5267	3083
5268	2873
5269	2640
5270	2417
5270	3878
5271	2552
5271	2558
5271	1478
5271	2479
5271	599
5272	1261
5272	1773
5272	2715
5273	2879
5274	3183
5276	263
5280	4965
5281	2770
5282	2868
5284	5271
5284	5274
5287	5276
5288	1363
5288	5270
5289	3083
5289	2131
5291	2616
5292	5277
5293	2318
5294	2909
5297	1918
5298	911
5301	3723
5301	911
5301	3756
5301	3759
5303	2904
5305	2316
5306	3668
5307	1085
5308	5300
5308	3852
5309	1141
5310	618
5311	362
5311	618
5311	1120
5313	997
5314	2971
5318	806
5326	5295
5327	5297
5328	5313
5329	5319
5330	5262
5331	5317
5332	5312
5333	5323
5334	5294
5335	5296
5336	772
5338	5322
5339	3814
5340	5316
5341	422
5342	1561
5342	5299
5343	5304
5344	2746
5345	975
5346	1087
5346	5294
5346	5313
5347	1084
5347	1773
5348	1784
5350	3610
5352	5348
5353	5238
5354	5264
5355	715
5355	5347
5356	2237
5357	2580
5357	4025
5357	968
5358	1571
5359	5358
5360	3309
5360	1970
5361	3517
5362	3368
5362	3471
5362	1115
5363	2159
5364	3126
5367	1394
5367	1832
5367	882
5367	3881
5367	3882
5368	2133
5368	3976
5368	4537
5369	2098
5369	2099
5369	2247
5369	1825
5369	1860
5369	2846
5369	4478
5371	3273
5372	1009
5372	323
5372	397
5372	2379
5372	3888
5375	2944
5375	2934
5377	2384
5377	627
5378	1482
5379	1389
5379	1423
5380	4396
5381	1411
5381	1274
5381	5374
5382	846
5383	5375
5383	2308
5383	3377
5384	5368
5386	3310
5387	1290
5389	5388
5390	2799
5390	3593
5391	198
5392	5376
5393	533
5394	3768
5394	1356
5396	1800
5397	2159
5398	288
5398	1388
5398	697
5400	1775
5400	1847
5403	288
5403	1553
5404	288
5404	1889
5404	5403
5410	5406
5411	2877
5413	148
5413	2716
5413	2065
5413	2786
5414	5412
5415	5401
5421	5418
5422	2878
5422	3071
5425	687
5425	2320
5425	4700
5425	1478
5426	5224
5427	5425
5429	1387
5429	3333
5429	1706
5430	2759
5431	1493
5432	1381
5432	4911
5432	1384
5432	1385
5433	1556
5433	2603
5433	2614
5433	2735
5433	2359
5435	5429
5435	2093
5438	144
5438	3930
5438	5067
5438	2591
5438	3752
5438	1410
5438	4743
5438	346
5439	5438
5439	4432
5440	733
5440	2537
5440	642
5441	1549
5443	5271
5443	3669
5444	2057
5445	733
5445	5108
5446	5437
5447	2676
5447	385
5448	5442
5450	132
5451	5215
5452	733
5454	733
5455	1929
5455	5453
5456	3908
5456	5440
5457	343
5459	733
5459	3347
5459	2020
5459	5454
5460	2048
5460	5138
5461	1784
5461	5348
5463	2807
5463	3667
5463	2123
5463	3161
5463	5213
5464	4717
5465	4706
5465	3487
5466	1568
5466	1466
5467	1387
5467	3523
5467	2808
5468	809
5470	2804
5473	3667
5475	571
5476	2796
5477	2807
5478	5470
5480	4167
5480	2130
5480	835
5480	1860
5480	929
5482	2591
5482	4854
5483	2061
5486	1411
5487	2052
5488	4170
5489	2679
5490	690
5499	5496
5500	5487
5505	5495
5506	2744
5508	5498
5509	1652
5509	3780
5511	3297
5513	3288
5515	3168
5516	153
5516	2633
5516	2813
5516	5490
5518	1776
5519	395
5519	665
5519	4715
5519	2885
5519	3406
5520	1024
5520	4117
5521	2696
5522	1918
5522	5503
5523	5097
5524	740
5524	460
5525	511
5526	362
5526	511
5528	702
5529	1619
5530	3981
5531	702
5532	702
5533	702
5533	5531
5534	741
5534	511
5534	3084
5535	706
5535	1652
5535	3349
5536	2057
5536	2716
5536	2596
5537	741
5538	1012
5539	5094
5541	2429
5541	1675
5541	4554
5541	769
5541	205
5542	1046
5544	5540
5545	3428
5546	149
5546	1630
5547	5094
5549	741
5549	1687
5551	5354
5552	3429
5553	741
5556	1818
5556	407
5556	3492
5556	3520
5557	2052
5560	5438
5561	1142
5562	2537
5563	5368
5563	854
5563	5562
5565	373
5565	1974
5566	2114
5569	5567
5571	622
5571	3143
5571	1517
5572	5570
5573	124
5574	957
5574	2852
5575	124
5578	2582
5580	1349
5580	3669
5581	1568
5582	5238
5582	3152
5583	5582
5585	2320
5585	2214
5586	2660
5586	4186
5586	2929
5586	348
5586	2618
5586	324
5587	3167
5587	1593
5587	3196
5590	2680
5591	3662
5592	2580
5592	2110
5592	3365
5592	4260
5592	1320
5594	517
5595	2937
5595	2379
5595	1516
5596	5187
5597	5363
5599	2051
5599	1289
5600	5596
5602	4908
5602	3123
5602	2126
5602	5101
5603	2177
5603	5602
5603	951
5604	1836
5604	508
5604	359
5604	5238
5604	1181
5604	3094
5605	5044
5605	1193
5606	2647
5606	2080
5608	2556
5609	1553
5609	5403
5610	1218
5610	1162
5610	5125
5610	2812
5612	2556
5612	4813
5613	2291
5613	2535
5613	2558
5614	2556
5615	4712
5616	412
5617	5603
5620	2556
5620	1079
5620	4130
5621	3692
5621	1954
5621	1945
5623	2556
5624	5271
5625	5622
5626	2556
5626	2557
5626	5081
5627	1394
5627	2126
5627	2129
5628	2398
5630	2936
5630	2386
5631	2662
5631	2680
5631	3070
5631	5606
5632	4807
5635	999
5635	5607
5636	1281
5636	5271
5637	2556
5637	3123
5637	838
5637	2467
5638	5525
5638	5609
5639	2556
5640	2537
5640	5450
5640	3121
5640	5235
5641	2156
5643	3256
5644	3238
5644	2021
5644	2443
5645	1955
5645	410
5645	2779
5646	2627
5646	1939
5647	2938
5647	2885
5648	897
5648	5646
5649	1914
5650	2914
5652	2500
5653	2627
5653	5646
5654	647
5655	3235
5655	2909
5655	5653
5660	2587
5662	3932
5662	5359
5663	1268
5664	3403
5665	4899
5665	2608
5665	2419
5665	1457
5667	1553
5667	2643
5668	1155
5669	1069
5671	5358
5671	5669
5672	5662
5673	825
5673	434
5674	4866
5675	3479
5677	4654
5678	394
5679	5676
5680	5106
5681	5668
5682	4899
5682	2581
5684	5134
5685	5670
5686	2647
5690	5688
5692	701
5692	2931
5692	1625
5697	155
5700	1452
5703	3423
5704	5702
5705	2204
5709	1571
5710	5708
5711	1571
5712	2206
5712	2207
5712	2563
5712	1733
5712	5660
5713	426
5715	5707
5716	2644
5716	486
5716	2877
5716	1958
5718	5699
5719	849
5719	5630
5720	2184
5720	5703
5721	3489
5722	2370
5722	5696
5722	2878
5723	4900
5723	2350
5723	1761
5724	4206
5724	4700
5724	324
5725	3011
5726	3427
5727	4900
5728	983
5728	5726
5729	135
5730	2299
5731	4905
5734	151
5735	4900
5736	201
5736	5271
5736	5731
5738	1540
5738	756
5740	3580
5740	3888
5746	5743
5750	5748
5753	5752
5754	3425
5755	1073
5755	2394
5755	4953
5757	5731
5759	4900
5760	5741
5765	2669
5765	998
5765	999
5769	2258
5770	99
5770	2449
5773	814
5773	151
5773	1826
5773	755
5773	1665
5775	3574
5780	5762
5782	3493
5783	3098
5784	2282
5784	2711
5785	5768
5786	5776
5789	3260
5791	2222
5792	2571
5792	391
5793	2782
5795	3197
5795	3631
5802	3544
5805	1610
5806	184
5809	207
5811	3408
5811	2257
5811	5809
5811	81
5813	850
5814	850
5814	2965
5817	5816
5819	5799
5822	5818
5823	2744
5824	4771
5825	2662
5825	227
5825	2454
5825	1074
5825	327
5825	1165
5825	4922
5825	361
5826	1667
5828	5827
5829	686
5829	4136
5832	686
5832	911
5833	2906
5834	245
5835	4909
5836	3238
5837	3238
5837	5836
5839	566
5840	5834
5841	5833
5842	2663
5842	1493
5844	2224
5844	4191
5845	2224
5850	3381
5851	5849
5852	3886
5853	3700
5854	2703
5855	3665
5855	5843
5856	3153
5857	5847
5860	2577
5861	2246
5861	227
5861	4820
5861	3076
5863	1372
5863	4471
5864	5861
5864	135
5865	1528
5868	5862
5869	1882
5870	4901
5870	3614
5870	3620
5871	98
5872	4901
5873	5581
5873	1346
5873	4717
5873	5288
5876	4901
5876	5874
5877	2664
5877	3820
5878	2664
5878	227
5878	3180
5879	3266
5879	1920
5880	2677
5880	3269
5880	226
5881	607
5882	2712
5882	1668
5882	408
5882	1193
5885	3083
5886	3132
5887	870
5887	5882
5888	872
5888	1688
5888	2739
5888	3674
5889	5885
5890	5884
5892	5879
5892	5738
5893	5891
5894	1942
5895	5894
5895	5374
5896	1435
5896	3466
5897	2932
5898	1435
5900	1435
5901	3266
5902	2537
5902	3518
5903	3724
5903	1267
5903	1276
5904	2048
5905	1356
5907	5906
5908	2638
5908	5852
5909	501
5909	404
5910	1470
5912	5097
5912	1918
5912	4769
5913	3580
5914	5909
5918	3610
5919	3610
5919	4317
5926	3610
5927	3610
5927	1127
5927	5924
5928	4848
5929	3610
5929	5918
5930	5928
5932	5928
5934	5923
5935	5924
5935	5933
5937	5922
5938	3610
5938	2568
5940	3610
5940	4848
5940	5939
5940	5926
5942	2208
5942	2205
5944	1045
5944	698
5944	464
5944	603
5944	5943
5946	3999
5954	2666
5954	3407
5956	5955
5956	3087
5956	5041
5958	4134
5959	963
5961	1293
5963	4973
5963	3087
5963	5324
5965	3764
5966	4876
5967	2584
5968	5961
5969	1019
5969	1415
5970	5969
5971	5424
5971	818
5972	1311
5972	3198
5972	3420
5973	5972
5974	323
5974	3710
5974	4654
5975	2205
5975	3278
5976	323
5978	2205
5979	2205
5980	2205
5981	5977
5982	2228
5982	1391
5983	2228
5984	3294
5985	2064
5985	1052
5987	3404
5987	3523
5989	2925
5989	2598
5990	2206
5990	834
5991	2293
5995	2207
5995	1328
5996	2052
5996	3558
5997	2206
5999	2535
6000	5996
6000	2631
6000	5648
6001	1914
6002	2530
6002	3148
6002	3065
6003	5429
6003	5992
6003	5627
6004	5648
6005	2552
6005	3400
6005	5216
6006	3553
6008	6004
6009	6006
6012	1894
6012	6001
6012	5648
6012	6011
6012	1346
6012	2397
6013	6010
6014	5972
6015	1720
6015	4259
6016	3726
6017	5480
6017	4259
6017	3420
6017	5930
6019	5586
6019	6014
6019	3289
6025	4628
6025	4842
6026	2119
6026	6025
6026	6018
6027	5552
6027	778
6027	3951
6028	3939
6028	2121
6029	2119
6029	4843
6033	2568
6034	1614
6034	4224
6034	6028
6034	5932
6034	2121
6035	2119
6036	2119
6038	2119
6038	6028
6040	6021
6041	6031
6041	2710
6041	4224
6041	4838
6041	778
6043	3415
6043	3927
6044	1268
6044	317
6044	3921
6045	6042
6046	3921
6048	3913
6049	6048
6050	3651
6052	3532
6052	5476
6052	5449
6053	3270
6053	5358
6053	5362
6053	5364
6054	327
6054	5356
6055	2534
6055	2596
6055	3662
6055	405
6060	2057
6060	3650
6061	983
6061	3072
6061	2958
6061	5358
6062	3649
6062	1349
6063	3681
6064	3676
6065	5467
6066	4903
6068	4903
6068	1803
6068	1768
6071	381
6072	1768
6073	4903
6074	4903
6074	95
6074	2646
6074	2900
6074	1483
6074	1056
6074	1054
6075	1022
6075	5740
6075	3183
6077	4735
6077	520
6078	839
6078	783
6078	104
6078	3289
6079	224
6080	2225
6080	1511
6081	415
6081	3494
6083	184
6083	2430
6084	636
6084	5383
6085	275
6085	3565
6085	1511
6086	3379
6088	4676
6088	375
6089	415
6089	1511
6090	293
6090	649
6091	5383
6091	6086
6092	415
6092	427
6092	632
6094	6087
6095	5357
6095	2385
6095	2059
6097	275
6097	3193
6099	1658
6099	476
6100	250
6100	1081
6100	806
6100	4512
6103	143
6103	3686
6105	6099
6107	419
6107	649
6107	6083
6108	184
6108	673
6108	4735
6108	268
6110	415
6110	1040
6111	566
6111	5839
6111	5655
6112	1812
6113	3554
6113	636
6113	6093
6113	2798
6113	4879
6114	6082
6115	5816
6118	1786
6119	2225
6120	4904
6120	6013
6120	690
6120	5490
6121	1223
6121	4465
6122	1223
6122	6121
6126	3898
6127	6125
6128	2235
6130	2235
6130	1311
6130	4850
6131	6129
6133	4344
6134	1477
6136	6133
6137	1769
6138	4765
6138	1106
6138	3287
6138	2628
6138	2068
6138	3555
6139	4172
6139	1377
6141	4765
6142	2225
6144	3772
6149	3772
6150	2914
6152	2914
6152	3578
6152	1668
6153	2557
6153	6145
6154	611
6154	6150
6155	6132
6155	5463
6156	6155
6157	4987
6157	2966
6158	4183
6158	5425
6158	323
6159	6156
6160	2367
6160	2320
6161	5586
6163	1065
6163	510
6163	3196
6163	4731
6164	634
6165	3667
6165	550
6165	1289
6167	2320
6167	2804
6168	6166
6169	766
6170	1326
6171	451
6171	381
6171	378
6171	654
6172	3667
6172	2819
6173	2845
6173	6159
6174	782
6176	3536
6178	6177
6180	1470
6181	4709
6184	3988
6184	410
6185	3999
6185	1568
6185	1453
6185	593
6187	1711
6187	6183
6189	1084
6189	1268
6191	2581
6191	587
6191	4024
6192	1084
6192	5011
6192	5043
6200	6198
6202	6186
6205	2521
6206	6204
6207	2617
6208	1084
6208	1494
6208	2702
6209	4040
6209	1396
6209	1369
6209	1702
6210	3652
6211	105
6213	6212
6215	2672
6215	4140
6216	2682
6217	2672
6219	2891
6219	2930
6219	5161
6219	1806
6219	3765
6222	146
6222	1081
6224	3469
6225	2052
6225	593
6226	949
6226	615
6226	647
6227	4696
6228	6223
6229	2156
6230	5076
6231	209
6232	1323
6232	1376
6232	1267
6232	5636
6233	2052
6233	2917
6233	3346
6233	1383
6234	5654
6235	1019
6235	4748
6236	716
6237	3367
6237	1712
6238	2120
6238	1776
6238	4994
6238	1938
6239	6232
6242	420
6243	2275
6243	2950
6244	2580
6244	3797
6245	2052
6245	1688
6246	394
6246	5882
6248	5013
6248	6247
6249	5054
6249	1466
6249	1798
6249	2694
6250	4171
6250	4695
6251	2723
6253	6250
6255	5995
6257	3063
6258	5646
6261	2084
6261	2085
6262	2054
6262	5761
6264	2052
6264	1233
6264	2596
6265	2572
6265	2479
6267	587
6267	6238
6268	6266
6269	3940
6271	3881
6271	4544
6272	5712
6272	5946
6272	5852
6273	1562
6273	2925
6273	1610
6274	5127
6274	113
6274	106
6274	492
6275	3404
6275	4571
6275	6269
6275	6055
6276	1579
6278	1890
6278	1518
6278	2094
6285	1261
6288	2623
6288	6284
6289	1610
6290	2060
6291	1296
6291	2094
6292	2070
6293	6272
6293	2076
6296	2591
6297	6282
6298	1890
6299	2060
6299	2926
6299	6288
6300	5862
6301	4191
6304	5844
6305	2778
6305	6300
6305	6298
6305	6274
6305	2074
6306	6289
6307	2078
6308	2060
6308	5582
6309	1261
6309	6273
6309	6293
6311	3879
6312	2633
6312	3887
6315	6280
6316	6261
6316	5413
6316	6271
6317	2093
6319	6313
6320	2591
6321	6287
6322	6303
6324	6293
6325	2703
6325	6311
6325	6307
6326	2813
6326	3157
6326	6283
6327	876
6327	6272
6328	2534
6330	4850
6330	4811
6330	3774
6331	2674
6331	6075
6331	2278
6332	3581
6332	3196
6333	2282
6334	5375
6335	5403
6335	3324
6335	5391
6336	4803
6337	5394
6337	5390
6337	3188
6339	5586
6339	2943
6339	2798
6339	718
6340	2239
6340	250
6340	1361
6340	5744
6341	1934
6342	3208
6342	6341
6344	2239
6346	3534
6347	1330
6347	3925
6349	6345
6350	1426
6351	3500
6351	1948
6352	5267
6352	1074
6352	2334
6352	492
6353	3534
6354	2560
6355	5044
6355	2027
6355	931
6355	6261
6356	4004
6356	3657
6357	4696
6357	6332
6357	853
6357	3127
6360	1274
6360	4994
6360	3526
6362	5470
6363	2385
6367	2820
6368	2537
6368	2385
6368	3706
6368	5210
6370	171
6370	6364
6372	6369
6373	328
6373	3486
6374	3488
6374	6372
6375	5171
6375	1277
6375	5381
6376	6074
6376	1509
6377	894
6379	1361
6380	4914
6380	3539
6380	4226
6380	2648
6380	2909
6380	2283
6380	3186
6380	3520
6381	2210
6381	1730
6382	509
6383	2151
6383	357
6383	270
6383	2085
6383	2393
6387	2317
6387	6054
6387	1500
6387	6384
6388	6383
6388	6380
6388	4823
6388	1224
6389	637
6390	5364
6391	2721
6391	3453
6392	2677
6392	1593
6392	5945
6392	3888
6395	3275
6396	4704
6398	2677
6398	1849
6398	1854
6398	324
6398	104
6399	2677
6399	2885
6399	6392
6400	5559
6402	4243
6403	3419
6405	2893
6406	5470
6406	1871
6406	5367
6407	1573
6407	3323
6407	405
6407	3040
6409	4908
6410	4908
6410	2579
6410	5204
6410	5584
6411	3767
6412	1600
6412	5916
6414	4908
6414	4551
6415	6413
6415	5903
6416	2129
6418	4908
6420	3663
6421	5724
6421	1606
6422	6416
6423	3656
6425	6424
6426	5171
6426	511
6426	5374
6426	1272
6426	3467
6426	1523
6427	3487
6427	5465
6432	2207
6434	6431
6435	700
6435	1169
6438	1919
6438	6427
6439	2207
6440	5858
6441	3491
6441	5413
6441	5274
6442	3744
6443	5450
6444	3079
6444	6331
6444	1649
6444	5832
6445	2207
6445	1254
6447	2084
6447	6291
6447	6327
6447	6276
6449	2207
6450	2207
6451	3776
6451	436
6452	3860
6453	5573
6454	2056
6454	3776
6454	619
6454	711
6455	2056
6455	2337
6455	4636
6456	395
6458	78
6458	6356
6459	1274
6460	2427
6460	1825
6460	3949
6460	1300
6461	5474
6461	2388
6462	2367
6463	468
6463	910
6463	671
6463	2448
6464	1718
6464	6457
6465	4242
6465	4643
6465	318
6466	475
6467	6465
6467	2365
6468	6456
6470	475
6472	6469
6475	6473
6475	1296
6478	6165
6478	4689
6479	475
6480	6476
6481	6477
6482	4333
6482	266
6482	1376
6482	457
6482	1347
6483	1391
6484	6482
6485	4909
6486	695
6487	4909
6487	6482
6489	1769
6490	5740
6490	419
6492	1919
6492	6491
6492	3243
6492	2929
6492	718
6492	5048
6498	3916
6499	6496
6500	3363
6500	6359
6500	6262
6501	2054
6502	2054
6502	4171
6502	3908
6503	997
6503	644
6505	2054
6505	5067
6505	2612
6506	2479
6507	6501
6508	2800
6511	2783
6511	1613
6511	4981
6512	6510
6514	6111
6514	5835
6515	897
6517	1889
6517	2296
6518	2680
6518	2772
6519	2646
6521	1634
6521	5834
6522	3661
6523	6519
6525	3072
6527	5739
6528	3495
6530	3630
6531	3630
6531	6054
6531	6530
6533	403
6534	4172
6534	6502
6534	1248
6537	6536
6538	159
6542	5641
6542	6541
6543	4803
6543	4734
6543	3581
6543	6339
6543	4556
6544	5641
6545	275
6547	3549
6550	1403
6551	5978
6552	6041
6552	5301
6552	6546
6552	4835
6553	2042
6554	5193
6554	1568
6554	5178
6557	2498
6558	1341
6558	2893
6558	5360
6559	3400
6559	1555
6559	6558
6560	5193
6560	2355
6561	5255
6562	522
6562	6556
6563	1494
6565	842
6566	4345
6569	6567
6571	684
6571	6564
6572	5215
6572	2906
6572	3040
6577	1234
6579	6574
6581	6573
6582	6577
6586	6584
6587	4279
6587	138
6588	2920
6589	2920
6589	6588
6590	6339
6591	1308
6591	6587
6591	3547
6591	3493
6591	4468
6591	6032
6592	2920
6592	257
6592	3496
6593	3115
6594	5861
6594	4184
6594	4848
6594	4473
6594	5940
6595	4345
6595	842
6595	509
6595	1810
6595	789
6597	5860
6599	5860
6599	5864
6599	1252
6600	2371
6601	5860
6603	6596
6607	5640
6608	6602
6609	5729
6610	3527
6610	3801
6611	397
6613	5860
6614	6611
6614	6605
6615	400
6615	1631
6616	3785
6616	1664
6617	327
6618	1349
6619	3524
6619	2718
6620	3289
6620	752
6621	2537
6622	697
6622	1826
6624	6623
6625	517
6626	2055
6626	1677
6627	4346
6627	1636
6627	1234
6627	3407
6627	5954
6628	5541
6628	911
6630	5879
6631	6617
6635	5235
6636	6632
6639	5541
6639	3322
6640	1634
6640	2426
6641	199
6642	150
6644	6638
6645	1678
6645	6637
6646	6638
6646	6634
6647	199
6648	1586
6650	5862
6650	3700
6650	6625
6650	6626
6650	6633
6651	6130
6651	5522
6651	5374
6651	6219
6651	4159
6653	3185
6653	3153
6653	3099
6654	2359
6655	2641
6655	3132
6655	3881
6655	2949
6656	4813
6656	2803
6657	2899
6657	6652
6659	6652
6660	1949
6660	2650
6661	153
6661	5971
6661	1940
6661	151
6661	256
6661	93
6662	6661
6663	191
6664	994
6664	1000
6664	1003
6665	1635
6665	3165
6665	5998
6665	6247
6666	1006
6666	1750
6666	3709
6667	3650
6667	1587
6667	2094
6668	4966
6668	4123
6668	6524
6668	3090
6670	2803
6671	4279
6671	4642
6671	994
6671	2716
6672	4820
6673	4692
6674	4575
6674	2264
6676	6608
6677	6675
6678	6676
6678	5557
6678	6251
6678	5516
6679	4692
6680	1003
6680	4772
6680	6146
6682	6623
6684	5861
6684	6679
6685	6672
6686	6682
6692	3300
6696	6694
6698	4309
6699	6695
6701	2743
6702	2743
6702	1218
6702	6502
6703	3198
6703	1504
6704	327
6704	6650
6704	2771
6706	5895
6706	4139
6709	1587
6710	2761
6711	5012
6712	5862
6712	5086
6712	501
6713	6708
6715	5862
6715	6650
6717	5896
6717	6706
6720	6712
6721	6719
6722	6706
6723	6706
6724	363
6724	404
6724	6716
6725	1785
6725	2655
6725	2723
6725	6152
6726	1153
6727	2370
6727	2238
6728	4206
6728	395
6728	3558
6728	6456
6728	690
6729	313
6729	5679
6729	410
6729	163
6729	3617
6731	1395
6733	5864
6734	998
6734	5031
6734	739
6734	479
6735	5864
6736	5064
6736	844
6736	1256
6736	230
6736	3368
6736	2906
6737	1206
6738	2584
6738	6575
6738	6668
6740	719
6740	1428
6740	6739
6742	533
6743	1840
6744	2313
6744	495
6744	5572
6747	3664
6753	6751
6754	6752
6758	5867
6761	2042
6761	6698
6762	2042
6762	2104
6763	5369
6763	1936
6766	2042
6769	881
6769	5970
6770	2065
6770	3666
6771	2535
6771	6067
6772	2581
6773	1850
6774	5132
6775	5132
6775	6774
6776	5132
6776	1315
6777	5132
6779	5132
6779	6776
6779	2526
6781	6778
6782	2584
6782	6777
6783	5132
6784	1619
6785	3783
6785	5391
6786	687
6786	4345
6786	230
6787	3881
6789	2916
6791	1685
6792	1619
6793	6791
6795	6788
6796	1619
6796	4345
6796	6786
6798	327
6800	2557
6800	5425
6800	723
6800	6227
6800	599
6801	3766
6801	1007
6802	1394
6802	3098
6804	3766
6806	5095
6806	5995
6806	5205
6807	2873
6809	2701
6811	6810
6812	2593
6814	5138
6814	2449
6814	4283
6814	2247
6814	3105
6815	5138
6816	5138
6817	5138
6818	5138
6818	6817
6819	5138
6819	6816
6820	5138
6821	5138
6822	5138
6822	6820
6823	5138
6823	5659
6824	5904
6824	6815
6825	5138
6825	6821
6826	2852
6826	2285
6827	2865
6827	1915
6828	3485
6830	5711
6831	2852
6831	2449
6832	6830
6832	5358
6836	1300
6836	5668
6837	3518
6837	6444
6837	6828
6839	6833
6840	2614
6840	2856
6840	6835
6840	6838
6841	2590
6841	2795
6842	3132
6843	1404
6846	2590
6847	3878
6847	2525
6851	2449
6851	4073
6853	1312
6855	4911
6857	1497
6858	6849
6859	5716
6859	5856
6859	4129
6863	1803
6864	6862
6865	1803
6866	3414
6866	2948
6866	2951
6866	2319
6868	2301
6869	3735
6871	145
6871	5892
6871	2763
6872	2599
6873	2599
6874	2600
6875	4624
6876	432
6877	4544
6880	3695
6882	6878
6883	1299
6884	2601
6884	3666
6885	1946
6887	6406
6888	5856
6891	818
6891	6169
6892	5204
6892	1466
6892	816
6892	3280
6893	6889
6893	2736
6896	1891
6897	2076
6898	6892
6899	2603
6900	5605
6901	2626
6903	1818
6905	2329
6907	2605
6907	4868
6907	1670
6908	2605
6909	2611
6909	2086
6910	2512
6910	2646
6912	2614
6913	4214
6915	2291
6916	5615
6917	2291
6918	4850
6919	2159
6920	148
6920	1277
6922	2616
6928	6927
6932	6929
6933	6189
6934	2735
6934	6925
6935	6921
6936	5000
6937	2616
6938	6926
6940	2619
6941	6939
6942	2350
6942	5723
6944	370
6944	5471
6945	1786
6945	622
6949	80
6950	1786
6950	6945
6951	80
6951	2654
6952	622
6952	712
6955	2540
6956	1786
6957	622
6957	6945
6958	6950
6958	6954
6959	6949
6961	4824
6963	3404
6963	1629
6965	4824
6965	6946
6966	1165
6966	6956
6967	1786
6968	4701
6969	226
6971	2502
6972	6970
6973	1916
6974	4882
6974	3473
6975	6974
6977	1711
6977	6862
6977	2283
6980	2444
6981	6502
6981	3415
6981	1127
6981	5720
6982	6980
6983	3214
6983	1495
6984	3214
6987	3398
6988	3398
6988	4712
6988	3198
6989	3398
6989	999
6989	5839
6990	3398
6991	4506
6992	6991
6993	6991
6994	6031
6994	5504
6995	1720
6995	2710
6995	312
6995	6041
6996	6991
6998	6994
6999	6991
6999	6992
7000	6991
7000	6993
7000	5943
7001	4119
7002	3429
7002	3458
7003	1224
7003	2732
7004	6992
7005	6992
7005	7004
7006	2154
7007	6041
7010	6994
7011	1218
7012	6994
7013	6994
7013	5504
7017	7014
7018	3420
7023	7021
7024	7015
7026	4046
7026	1064
7026	7025
7029	7028
7031	7027
7032	7030
7033	7016
7035	7034
7036	7019
7037	4506
7038	7020
7039	7018
7040	4707
7041	7037
7042	3218
7043	190
7046	7045
7046	428
7046	5912
7047	6490
7047	6492
7047	2906
7050	502
7050	6463
7054	6998
7056	7047
7057	1899
7058	7055
7059	6998
7060	7044
7064	3255
7065	5253
7066	7062
7067	7000
7067	5943
7071	809
7074	7069
7075	7000
7077	7076
7079	7063
7080	7070
7081	7078
7082	7073
7086	7084
7089	7068
7090	1963
7090	7088
7091	3422
7094	7092
7094	6159
7096	6552
7096	7095
7096	6980
7097	3702
7099	6041
7099	778
7103	5504
7103	772
7103	1597
7103	6454
7106	2710
7106	3302
7107	1218
7107	6619
7108	1218
7108	5081
7108	6197
7108	2775
7109	1218
7110	1218
7111	1218
7111	599
7111	3221
7113	1218
7113	6300
7114	7045
7117	7116
7121	7112
7123	1218
7124	400
7125	1218
7125	3905
7125	7113
7126	7114
7127	7118
7130	7128
7131	1218
7132	1218
7134	1390
7134	6163
7134	555
7135	1218
7137	6135
7138	1769
7140	6511
7141	6945
7144	7045
7146	7138
7147	7143
7148	7142
7149	566
7150	4862
7150	157
7152	7150
7154	3879
7155	7046
7156	1403
7156	6509
7157	3578
7157	3275
7157	2194
7158	5451
7159	5014
7160	515
7160	478
7161	1391
7162	7047
7165	110
7165	2929
7165	795
7165	6595
7165	6513
7165	117
7166	7163
7167	4303
7167	5451
7167	636
7169	6515
7170	7050
7170	6027
7170	1532
7170	711
7170	476
7170	7035
7172	6538
7173	6074
7174	7050
7176	7050
7178	7050
7178	6135
7178	6463
7181	6692
7182	1481
7182	4868
7183	7167
7184	6241
7186	6505
7188	7181
7189	4432
7190	1569
7190	7184
7193	7191
7194	7059
7195	6490
7195	4226
7195	6489
7195	1473
7196	5833
7197	566
7200	6490
7200	636
7203	1303
7204	2579
7204	3522
7204	6077
7204	5076
7205	1456
7205	825
7206	4367
7207	7198
7208	1807
7208	2021
7214	5896
7216	2767
7217	3255
7220	7211
7221	5249
7225	7224
7226	7214
7228	7227
7229	7061
7230	7061
7232	483
7232	7228
7233	7061
7233	7230
7234	7061
7235	7061
7237	7061
7237	7229
7238	7231
7239	7061
7239	7227
7240	4244
7241	7238
7241	7236
7242	7065
7242	5253
7244	7243
7249	7248
7250	1690
7251	1886
7251	2648
7251	2877
7252	3166
7253	4676
7253	1315
7253	1703
7253	1750
7254	7250
7254	1894
7256	206
7257	1941
7259	1887
7259	4219
7259	5127
7259	1750
7260	4206
7261	5064
7262	7256
7263	7252
7264	7253
7264	706
7264	5247
7266	4243
7267	160
7267	899
7268	1889
7268	3053
7268	3066
7268	6340
7270	5966
7274	7273
7276	7272
7278	2282
7278	4522
7278	7274
7278	1712
7278	7271
7279	5273
7279	2580
7279	395
7279	2156
7279	2280
7279	4882
7280	2319
7281	5271
7281	5440
7281	6261
7285	7282
7285	6352
7286	7272
7287	1329
7288	160
7288	1852
7288	3406
7289	1574
7289	4302
7289	764
7290	2296
7290	2622
7291	2225
7293	5230
7295	6800
7298	7296
7299	7291
7300	1910
7301	6445
7302	6536
7302	2707
7304	7303
7305	6536
7305	3260
7306	3176
7306	3147
7306	3180
7306	6663
7307	3176
7307	221
7307	5215
7308	636
7308	117
7309	135
7311	3093
7313	1735
7315	4210
7316	7313
7319	1851
7320	1851
7320	4550
7322	847
7322	3366
7323	7318
7324	4004
7324	3635
7324	2756
7324	7236
7324	6528
7325	7113
7325	2958
7325	2718
7325	2869
7326	5896
7326	2087
7326	6091
7327	224
7327	4186
7327	6014
7327	6343
7328	3905
7328	1330
7328	6353
7329	1074
7329	2728
7330	1749
7330	322
7335	7332
7336	1488
7337	2584
7338	587
7338	5292
7341	6274
7343	3925
7345	1074
7348	1208
7349	4127
7350	4575
7350	3935
7351	7334
7352	4960
7353	408
7354	3639
7355	5097
7355	1467
7357	7356
7357	1884
7357	1934
7358	6250
7359	4392
7360	7358
7360	1887
7361	1308
7361	3054
7361	2247
7361	4350
7361	3588
7362	1308
7363	1726
7363	5602
7363	6518
7365	637
7369	7316
7370	1446
7371	7365
7373	7368
7373	6922
7374	6872
7376	2252
7376	3066
7377	7332
7378	7367
7379	7366
7380	7364
7381	6002
7381	7370
7382	140
7382	1865
7384	1311
7384	7358
7385	4809
7386	687
7386	4809
7387	1268
7387	2367
7388	4319
7388	4423
7388	1866
7389	1307
7389	1852
7390	1307
7390	4570
7391	4973
7391	6771
7392	4219
7394	101
7394	6078
7395	1307
7395	4562
7395	490
7396	1307
7396	4522
7396	4186
7397	3066
7397	3004
7398	7388
7399	3646
7399	4202
7400	7251
7401	7291
7402	2648
7404	3879
7404	6270
7405	3945
7406	1955
7406	1970
7406	1858
7408	6340
7410	7402
7411	7251
7411	3945
7412	1371
7412	7282
7412	5995
7415	7257
7415	7414
7416	7279
7416	5609
7417	1887
7417	7368
7418	6340
7420	6537
7422	7378
7424	502
7428	6537
7431	144
7431	7279
7431	6340
7432	832
7433	2278
7435	7432
7436	4966
7436	3123
7436	1940
7437	7257
7437	7267
7437	1850
7437	4219
7437	3189
7439	2541
7439	6734
7440	834
7441	233
7442	7438
7443	7253
7444	7253
7444	3649
7446	7253
7447	7253
7448	7253
7449	7253
7449	7448
7450	7253
7450	5224
7451	7445
7457	6398
7457	6619
7457	1792
7457	7454
7459	1330
7459	1572
7459	5719
7459	2870
7461	6553
7461	7456
7461	6559
7463	7453
7464	1310
7464	4165
7464	6098
7464	836
7465	4807
7466	1310
7466	7257
7466	716
7468	2589
7468	7338
7475	4299
7476	6882
7477	6335
7478	4427
7478	3574
7485	7269
7487	7482
7489	1891
7492	246
7495	7480
7496	7268
7496	7480
7498	229
7498	4771
7498	994
7498	4775
7499	1528
7499	1345
7501	6663
7502	7439
7503	3212
7503	114
7504	3212
7504	4302
7504	6685
7505	7257
7505	3053
7505	6661
7505	4973
7506	7257
7507	178
7507	7478
7507	3574
7508	5775
7508	4728
7513	2547
7513	3146
7516	1122
7516	7433
7517	2622
7518	219
7518	818
7518	5425
7519	7260
7520	1918
7521	7262
7526	5165
7526	690
7527	290
7528	254
7528	1941
7528	7525
7529	7262
7529	7492
7529	7523
7529	7524
7530	7522
7531	1137
7532	4881
7532	7290
7532	3075
7533	236
7535	7533
7536	3493
7536	4357
7538	1886
7538	3146
7540	6663
7541	1886
7541	388
7543	1886
7543	1857
7543	4876
7544	5960
7545	1857
7545	3366
7545	3101
7547	6684
7548	2244
7549	5087
7549	6157
7549	5784
7551	7512
7551	233
7551	6211
7552	3059
7553	7549
7553	3145
7553	102
7555	3139
7555	3940
7557	2282
7557	2266
7559	2282
7559	5403
7560	2710
7561	6158
7561	1329
7561	636
7561	7550
7563	2282
7563	110
7565	1068
7566	4912
7568	6663
7570	5991
7570	5999
7570	2412
7572	1063
7572	7401
7575	7573
7577	1392
7577	324
7578	7576
7581	7580
7581	3283
7582	7264
7583	3819
7584	7264
7585	7264
7585	6671
7586	5989
7587	4877
7590	7293
7590	3014
7591	2245
7594	5081
7597	4936
7598	7596
7598	6070
7602	3974
7602	4882
7603	3092
7604	5425
7607	5398
7608	6357
7609	5398
7610	2292
7611	7391
7611	1577
7612	2292
7613	2292
7613	7391
7616	1011
7616	6160
7616	934
7617	7615
7618	2303
7620	7619
7621	5079
7622	3143
7624	6254
7625	3176
7625	7310
7626	3054
7626	4221
7627	3054
7627	7626
7629	5359
7631	3323
7632	4301
7632	927
7632	2787
7633	2814
7635	7634
7636	7635
7637	7616
7638	7267
7638	1857
7638	7517
7641	7639
7642	7640
7643	1774
7644	1388
7644	6163
7646	5134
7648	1012
7649	1388
7649	145
7650	4831
7650	2790
7651	4831
7652	4831
7653	4831
7653	7652
7654	4832
7655	4832
7657	7112
7657	7656
7658	7651
7661	2790
7663	2790
7663	7661
7665	6121
7666	2790
7667	2790
7668	7664
7669	2790
7669	7666
7672	7671
7674	7652
7674	6458
7675	7652
7676	7653
7677	7653
7677	7676
7681	7678
7682	3874
7684	7680
7688	4618
7688	7687
7691	7654
7692	7690
7692	4566
7693	2789
7697	7689
7700	4277
7700	4310
7700	6942
7701	3197
7701	1884
7701	1853
7701	1330
7701	4478
7702	3197
7702	5795
7703	3197
7703	7701
7704	4028
7704	4045
7705	3197
7705	7240
7706	5220
7706	6591
7706	3609
7708	3197
7708	997
7708	5313
7709	4279
7709	2344
7709	4314
7709	4348
7709	2371
7710	3197
7711	4678
7713	6600
7714	4165
7715	4039
7716	4040
7718	4003
7719	7704
7719	3624
7720	7715
7720	7663
7721	4183
7721	1017
7722	4003
7723	495
7723	1358
7724	3869
7725	6542
7727	3977
7728	7726
7730	3869
7730	6542
7732	7356
7733	4618
7733	622
7735	7656
7736	7735
7736	7675
7736	5891
7737	7357
7738	7357
7739	7357
7739	1934
7740	7362
7740	7739
7742	5919
7742	4636
7742	4368
7743	4271
7744	7743
7746	2449
7746	7741
7747	2449
7747	7743
7748	2449
7749	2449
7750	2449
7751	2449
7751	7745
7752	484
7753	2449
7754	2449
7755	2022
7756	5919
7757	2449
7757	7750
7758	2449
7759	2449
7760	2449
7760	4834
7760	4848
7761	2449
7762	2449
7762	3208
7762	6342
7763	7506
7764	2449
7764	7762
7765	7754
7765	6964
7767	2449
7767	7748
7769	7768
7770	1325
7771	7720
7772	1325
7772	4682
7772	2040
7773	1325
7774	7771
7776	7743
7777	7743
7777	4820
7778	4271
7778	4617
7779	7743
7780	5919
7780	4285
7780	4873
7781	2116
7781	4617
7781	6976
7781	4237
7781	4369
7781	7626
7784	2116
7788	2349
7790	1586
7790	7785
7792	3777
7792	1571
7792	7789
7794	5487
7794	5128
7795	7241
7796	4271
7796	4367
7796	4284
7797	4271
7798	4271
7800	4271
7801	4367
7801	7780
7802	7795
7802	7797
7803	7799
7804	5919
7804	7705
7805	5919
7805	7804
7806	4272
7807	7806
7809	7808
7812	7746
7812	7709
7813	7746
7814	7746
7816	7815
7817	4004
7817	2833
7817	877
7819	4181
7819	621
7820	7761
7821	1066
7821	5480
7825	7506
7826	3552
7826	2453
7827	7506
7828	7506
7828	5403
7829	1817
7830	1721
7832	4280
7833	4280
7835	4280
7836	4280
7836	4159
7837	4280
7837	7835
7838	2568
7838	1745
7838	3459
7838	7504
7839	6851
7839	1764
7839	5759
7843	7754
7843	7765
7844	4274
7846	4230
7846	1460
7848	4230
7848	4196
7850	2349
7851	4617
7853	4617
7854	4617
7854	7853
7855	4617
7856	6347
7856	1517
7860	1890
7861	4617
7862	4617
7862	3884
7863	6976
7864	7859
7865	7858
7866	4617
7866	2020
7866	1490
7866	3671
7867	7759
7868	7759
7869	7759
7871	7870
7872	7759
7872	7867
7873	7759
7873	7869
7874	7717
7874	2337
7874	5131
7875	4007
7877	4005
7877	3201
7878	3647
7879	7760
7879	4779
7879	4835
7880	1316
7881	2822
7881	7880
7884	4283
7884	4275
7885	4283
7886	4283
7887	4272
7887	3201
7888	4272
7888	7806
7889	1841
7890	254
7890	4852
7891	3321
7892	2062
7893	4035
7893	4677
7893	4237
7894	4035
7894	7704
7894	2770
7895	4035
7895	7707
7896	2986
7897	7714
7901	7900
7902	4035
7902	7713
7903	4035
7903	4009
7904	4035
7905	7898
7907	4035
7908	7897
7909	7762
7910	7705
7910	4221
7910	6502
7912	7705
7915	1885
7916	1885
7918	7910
7918	7230
7918	7446
7919	7914
7920	1885
7920	4040
7920	3980
7921	7917
7921	949
7923	7764
7924	7922
7925	7765
7925	5213
7926	7765
7926	6964
7930	2566
7935	844
7935	3993
7938	3319
7939	6923
7940	7927
7941	484
7942	5630
7943	7931
7944	2544
7944	3878
7946	7939
7951	7950
7952	2528
7954	7935
7958	7933
7960	5108
7961	7932
7962	7948
7963	87
7963	7957
7964	484
7965	7937
7966	5325
7968	7936
7969	401
7972	7947
7975	484
7976	7934
7977	4445
7978	7967
7978	7939
7979	7956
7981	227
7981	7955
7981	4796
7982	484
7982	6496
7983	7185
7984	7973
7986	7985
7987	7974
7988	484
7988	7975
7988	798
7989	6359
7991	7767
7992	7767
7993	7767
7994	7767
7994	7993
7995	4367
7995	4277
7996	1860
7999	4367
8000	4367
8001	4246
8001	3131
8001	7999
8003	7797
8004	8002
8005	7798
8006	7798
8006	8005
8008	8007
8011	4284
8013	1864
8014	5795
8014	3631
8015	8013
8015	4425
8015	4073
8028	8014
8028	3630
8029	8018
8030	8017
8031	8019
8032	8012
8036	8033
8039	3767
8039	344
8039	4706
8040	6892
8040	8039
8041	1404
8041	3456
8042	5104
8043	6587
8046	5466
8052	8020
8053	8044
8054	7001
8056	1613
8056	119
8057	6074
8057	6376
8059	6850
8060	4169
8061	4169
8063	8058
8063	1266
8064	1261
8065	1396
8065	218
8065	6387
8067	8066
8068	6059
8069	4916
8071	4156
8072	5885
8073	2313
8074	8015
8074	495
8076	7714
8076	7887
8077	7714
8077	8076
8078	7714
8078	8075
8080	2607
8081	2880
8082	8016
8082	3200
8083	8016
8083	8082
8083	3980
8084	8016
8084	3647
8084	4540
8085	8016
8085	8084
8087	4119
8087	2344
8089	6048
8090	4119
8090	1869
8091	5937
8093	5937
8094	4119
8094	8090
8095	8086
8096	4838
8096	8092
8096	3913
8097	4118
8098	4177
8098	1247
8099	4177
8100	1358
8101	493
8101	1311
8103	8101
8104	493
8104	7723
8108	4624
8108	1298
8108	8107
8108	7610
8109	8100
8110	2686
8113	8112
8116	687
8116	3198
8116	7918
8116	7231
8117	4040
8117	6676
8117	7705
8117	7707
8118	6926
8119	3977
8119	3133
8121	8120
8121	3147
8123	3977
8123	6988
8124	3147
8125	3977
8126	3977
8126	8125
8127	7701
8129	3977
8129	6976
8131	3977
8131	7701
8132	4166
8133	4166
8134	4166
8134	8132
8135	4562
8137	8136
8138	2087
8140	8136
8142	8141
8143	1073
8144	1073
8144	7293
8144	5118
8144	1769
8144	2225
8144	5240
8145	6358
8146	2848
8146	1696
8147	4465
8148	2604
8148	5364
8149	3460
8149	5002
8149	6503
8150	2964
8151	4170
8154	8153
8155	104
8155	4695
8155	3462
8156	7920
8157	1080
8159	6250
8162	8159
8163	8162
8164	8163
8164	6981
8165	8158
8168	4172
8170	2130
8170	716
8170	5225
8171	1869
8178	4174
8179	4174
8179	1869
8181	4174
8183	8173
8184	8175
8185	642
8186	8176
8189	310
8189	5903
8190	8171
8191	8172
8193	7672
8193	8192
8194	3852
8196	8180
8198	4988
8200	8197
8201	8174
8202	8195
8204	8177
8205	4174
8207	1890
8210	1890
8210	8207
8211	8208
8212	4178
8213	4178
8213	4112
8213	6528
8214	4178
8214	8212
8215	1884
8216	1884
8216	8215
8217	4606
8219	6497
8220	5480
8221	3671
8222	4202
8223	2638
8223	6888
8223	3890
8224	4179
8225	4179
8225	3134
8225	4123
8225	8224
8225	4156
8226	3755
8227	4179
8227	2554
8227	2699
8229	8220
8230	5294
8231	6502
8232	4004
8233	4004
8233	6502
8234	1261
8234	5400
8234	5413
8236	955
8236	1029
8236	4953
8238	451
8239	2588
8243	8240
8244	5630
8245	2253
8246	971
8247	2588
8248	8242
8249	8237
8251	4198
8251	4774
8252	4834
8254	4192
8257	4139
8260	8258
8263	7713
8263	6683
8264	7694
8264	7829
8265	4682
8266	6926
8266	6121
8268	7691
8270	8267
8271	7691
8272	7691
8273	8264
8274	4188
8274	4820
8274	7504
8275	4006
8275	4100
8275	4820
8276	4678
8277	923
8279	8277
8280	4220
8280	4968
8280	4969
8281	2337
8281	1718
8281	1629
8281	2418
8281	4235
8281	2759
8281	1709
8282	4136
8283	1438
8284	4030
8286	4030
8286	7706
8286	6534
8287	4030
8287	8284
8289	8285
8290	8288
8293	8292
8296	7716
8296	4040
8296	2788
8297	7716
8298	7716
8298	8297
8299	1376
8300	4390
8301	4006
8303	8302
8304	7694
8305	4682
8305	7772
8306	8265
8306	4027
8308	2571
8309	227
8310	7385
8310	2441
8310	2443
8312	1195
8314	1078
8315	2571
8315	3329
8315	3500
8316	3609
8316	5940
8318	4760
8319	4773
8320	7720
8320	7771
8321	7721
8321	4062
8321	6981
8321	2066
8322	7721
8324	7721
8326	7721
8326	1750
8326	6048
8327	6216
8327	406
8327	1080
8327	2758
8329	5294
8331	3987
8331	2584
8331	3993
8332	3987
8333	8331
8334	3494
8340	7698
8343	4299
8343	3288
8348	8344
8349	1660
8351	2460
8353	8342
8354	8352
8355	8346
8357	3705
8360	707
8362	1744
8365	4838
8365	1180
8366	4184
8366	3199
8368	4184
8369	4184
8370	4184
8370	4662
8370	2355
8370	8368
8370	2371
8371	4184
8375	3581
8375	6543
8376	4394
8376	3608
8377	4394
8377	7874
8377	4869
8378	4394
8378	3926
8379	4848
8382	4848
8384	8154
8386	8385
8387	8384
8388	8057
8392	4040
8393	4040
8395	8394
8395	8393
8399	8398
8400	8397
8401	4465
8402	8396
8403	4941
8404	8401
8405	6209
8407	5134
8407	6082
8407	4811
8407	1460
8409	8407
8410	6277
8411	3974
8412	8411
8413	6209
8416	8414
8417	6714
8418	4500
8420	6165
8420	2399
8420	6847
8420	3878
8420	6454
8429	8421
8430	8426
8433	3123
8433	6355
8433	2646
8433	6519
8435	8060
8436	6353
8437	8434
8438	8062
8439	8062
8439	8438
8440	3515
8441	7083
8442	4679
8442	4348
8442	2017
8442	2423
8443	4307
8443	4348
8444	3577
8445	4679
8446	1499
8448	3151
8448	1973
8449	7963
8450	4679
8450	8445
8452	1955
8452	394
8454	1939
8454	1272
8455	1277
8456	8452
8457	1869
8458	8171
8459	8445
8460	632
8463	8460
8466	8455
8466	1825
8466	1110
8467	1107
8467	3415
8467	1641
8467	6645
8468	1785
8468	6725
8469	141
8469	1850
8471	605
8472	1785
8472	7499
8472	4357
8473	141
8474	7499
8475	605
8476	4357
8478	1575
8479	4816
8480	2730
8480	6055
8481	2118
8481	1155
8482	2394
8483	8480
8484	3992
8485	3165
8486	3675
8487	1780
8488	3675
8489	505
8489	1567
8490	406
8491	431
8491	582
8491	2842
8492	100
8492	1346
8492	302
8492	347
8493	2534
8494	2534
8494	2800
8495	6616
8496	4303
8497	282
8497	235
8497	8496
8498	110
8498	1830
8498	113
8499	6502
8499	6983
8499	1511
8500	1244
8500	778
8502	110
8502	104
8503	110
8503	8502
8504	341
8504	2111
8504	492
8506	2769
8508	5202
8509	5383
8510	2359
8510	1524
8511	5201
8512	2562
8514	3593
8514	6727
8514	3094
8514	8512
8515	8513
8515	2122
8516	2609
8517	4115
8518	5941
8519	3656
8520	4504
8520	7549
8520	2906
8520	500
8520	808
8520	5647
8521	506
8522	8518
8523	8519
8524	1773
8524	350
8525	4279
8525	6587
8527	4425
8528	1774
8528	1572
8528	1168
8528	3307
8529	1394
8529	1382
8529	6399
8530	1004
8530	539
8531	8530
8534	4656
8535	1311
8536	1371
8538	2557
8538	4146
8540	7325
8540	3138
8540	7328
8541	285
8541	4044
8541	269
8542	847
8542	489
8543	1544
8543	1554
8545	1544
8545	1398
8545	7737
8545	1945
8546	588
8546	8543
8552	5726
8552	853
8552	7017
8552	8549
8553	8549
8554	8550
8555	6404
8557	8551
8559	8548
8560	6617
8561	1270
8563	5754
8563	8556
8564	2712
8564	1930
8566	8552
8568	8567
8569	1024
8569	8562
8570	8564
8571	8547
8572	1930
8572	8564
8575	1517
8576	3282
8577	3418
8579	876
8579	1848
8579	5585
8579	962
8580	3072
8583	1094
8583	1891
8584	8581
8585	8471
8586	1066
8586	95
8587	1066
8587	997
8588	4647
8588	2833
8590	3933
8590	2455
8590	629
8591	2546
8592	806
8592	813
8594	8593
8595	4652
8595	1850
8595	4647
8598	8597
8599	8596
8600	4650
8602	141
8602	4771
8602	4758
8603	1718
8603	258
8603	6726
8603	280
8603	7773
8604	1850
8604	4474
8605	3157
8606	1850
8606	3564
8607	1568
8607	358
8608	706
8608	152
8611	5371
8611	1648
8612	764
8613	517
8613	1660
8613	813
8614	8609
8616	8610
8617	5646
8618	4858
8618	1679
8619	8617
8621	655
8622	3650
8623	4807
8623	2453
8624	3989
8625	8622
8626	701
8627	899
8627	5634
8629	1836
8629	5610
8631	8630
8631	2890
8632	1836
8632	5878
8633	1836
8633	5618
8633	5605
8634	8156
8634	1509
8635	818
8635	3003
8635	1509
8637	6725
8638	6725
8638	2723
8638	5015
8639	6725
8639	4422
8640	7542
8641	6725
8641	3879
8641	8637
8644	5119
8644	3796
8645	1448
8647	605
8647	6465
8647	2795
8647	1453
8649	3288
8650	4542
8650	1848
8650	1448
8652	8642
8655	1124
8657	8655
8659	8648
8665	538
8665	8143
8666	193
8669	8661
8671	8664
8675	5971
8675	2091
8680	8653
8682	8678
8686	605
8686	1020
8687	5481
8691	4457
8694	8658
8697	4465
8698	8668
8698	284
8699	605
8700	2053
8700	8147
8705	8702
8707	8688
8707	8689
8708	443
8709	8643
8711	8651
8712	8656
8714	8670
8718	193
8719	605
8721	8684
8722	4465
8722	8713
8723	605
8724	8654
8725	8667
8726	8689
8727	605
8728	2580
8728	6001
8728	1914
8728	5592
8729	2580
8729	7365
8729	6395
8729	8537
8729	8359
8730	2580
8732	2580
8732	3059
8732	1063
8733	5216
8733	8731
8734	2580
8734	1183
8735	2864
8737	4357
8738	135
8738	5640
8739	6566
8741	3604
8741	626
8742	2030
8743	742
8745	135
8745	3408
8745	1113
8745	6466
8745	5605
8747	135
8747	695
8747	4647
8748	613
8750	3693
8750	4823
8751	4299
8751	7475
8752	827
8753	6871
8755	516
8755	3460
8755	8743
8756	3783
8757	1419
8757	1334
8757	7108
8757	800
8759	7810
8760	2097
8761	6336
8762	2564
8763	8762
8764	3588
8764	4807
8764	3141
8764	7465
8765	6019
8766	1579
8766	3132
8767	8766
8768	3762
8768	3866
8770	8336
8771	8767
8771	6272
8771	6316
8771	2094
8773	105
8774	5113
8781	507
8782	2101
8783	2120
8783	1387
8783	3650
8784	2120
8784	6238
8786	8785
8787	2112
8787	7927
8788	2112
8789	2112
8789	8787
8790	2112
8791	7991
8792	2864
8793	8792
8794	707
8794	3080
8794	3598
8794	809
8795	6003
8795	397
8798	5302
8799	1529
8800	2130
8800	1434
8800	3671
8801	1561
8802	2936
8802	1472
8802	876
8802	6327
8802	5607
8803	2379
8805	144
8805	8802
8807	307
8808	8807
8810	2625
8812	8811
8813	2657
8815	7330
8817	4732
8817	4709
8817	2379
8819	327
8819	8818
8821	1955
8821	3404
8821	666
8822	8821
8828	8826
8831	3822
8833	614
8835	512
8836	942
8837	8834
8838	8830
8839	983
8839	8832
8840	549
8841	967
8841	8838
8843	538
8843	8837
8844	2427
8844	3705
8844	8647
8845	153
8845	1887
8846	324
8847	2129
8847	5375
8847	4616
8847	3183
8848	5087
8848	302
8848	2934
8849	6157
8849	4882
8849	3464
8849	2934
8849	654
8850	144
8850	7394
8853	4973
8853	990
8854	5087
8854	8848
8856	911
8856	6108
8856	6070
8857	8852
8859	1382
8860	8846
8861	7561
8862	144
8862	8845
8863	6885
8863	5910
8864	420
8864	559
8864	5673
8864	2379
8864	441
8865	207
8865	422
8866	420
8866	481
8867	603
8869	8868
8871	5036
8873	8872
8874	6642
8875	8871
8876	863
8877	6384
8878	5088
8879	5088
8881	8098
8881	7152
8883	5136
8884	6881
8885	2511
8885	5098
8886	1241
8886	2937
8887	3374
8892	8890
8894	8886
8900	8899
8901	2511
8903	1537
8904	3635
8905	1537
8906	4571
8906	8777
8906	3508
8908	8907
8909	1735
8909	8778
8910	5091
8910	7366
8910	7373
8911	5091
8911	7473
8911	8906
8914	8913
8916	4994
8917	2622
8918	3169
8921	2104
8921	6003
8921	2633
8921	2711
8921	8795
8922	8844
8924	2104
8924	2130
8925	2104
8925	1377
8925	5592
8926	2104
8928	6055
8928	8927
8930	1596
8932	5092
8933	5092
8933	8932
8934	8931
8935	4731
8937	1812
8937	1871
8937	1210
8937	3182
8938	6527
8938	6914
8941	2798
8942	8863
8942	2771
8942	6721
8943	6180
8946	3502
8947	1408
8948	8940
8949	8936
8951	4712
8953	2211
8953	6374
8954	6558
8954	6914
8954	5360
8956	934
8957	1482
8958	1349
8959	3648
8959	8958
8959	1328
8960	3123
8961	2086
8962	6144
8963	2735
8963	1068
8965	3125
8965	8384
8965	2744
8966	8961
8967	2766
8968	3123
8968	8960
8969	3363
8970	8965
8971	3123
8973	3072
8973	6914
8974	5724
8975	8969
8976	3123
8977	6974
8979	2633
8979	810
8980	1387
8980	6421
8981	4689
8981	3278
8981	8497
8981	5072
8982	7214
8984	5094
8984	1387
8985	772
8985	1376
8985	2711
8985	2986
8986	2836
8987	1233
8989	7313
8990	1319
8991	5663
8991	1702
8992	5081
8992	3999
8992	3129
8993	230
8993	2211
8993	3650
8993	1403
8998	5081
8998	5604
8999	8997
8999	5670
9000	4550
9000	4882
9000	1764
9001	5081
9003	8996
9004	6619
9006	5724
9011	9002
9013	1255
9015	5081
9015	5945
9015	6265
9017	9008
9018	5267
9019	4196
9020	9005
9021	9019
9023	9010
9024	5081
9024	5107
9024	6651
9026	7327
9026	6161
9027	3471
9028	2129
9028	1585
9028	323
9028	2846
9033	3976
9033	9030
9034	6518
9034	5617
9036	5054
9036	1401
9036	1596
9038	5096
9040	9035
9042	3243
9044	1426
9046	3555
9047	7877
9047	5372
9048	357
9058	9052
9065	9051
9066	9050
9070	2182
9070	9059
9071	9060
9072	9056
9074	3611
9077	9061
9078	9062
9079	9053
9080	2165
9081	9068
9082	9057
9083	9069
9084	9076
9085	9063
9086	9054
9087	9067
9088	1429
9089	2177
9089	1776
9089	2220
9090	142
9091	5603
9092	165
9092	9090
9093	2118
9096	6061
9097	5503
9099	5716
9100	1089
9101	1645
9102	607
9106	8258
9108	2114
9110	9106
9112	9109
9113	636
9113	1061
9113	5714
9113	405
9115	5099
9116	9103
9117	9114
9119	5099
9119	5269
9122	9107
9123	8810
9125	3367
9129	9104
9131	9126
9132	7326
9132	8965
9134	5100
9135	8545
9135	1945
9135	8576
9136	5101
9137	6721
9138	9041
9139	5638
9139	7151
9140	9135
9141	7473
9143	5101
9144	9142
9150	9148
9151	410
9152	8555
9156	284
9158	284
9158	9157
9162	2188
9164	409
9164	5514
9170	9160
9173	9169
9177	9165
9178	5372
9180	5060
9183	9179
9184	9164
9187	6982
9187	284
9187	9174
9188	9161
9192	9167
9192	9160
9193	9182
9195	560
9195	5514
9195	9170
9196	4970
9196	9155
9197	9159
9199	9162
9199	9194
9200	807
9201	9153
9202	9181
9203	9154
9205	6132
9206	9198
9207	284
9207	9189
9208	9191
9209	7185
9211	9166
9212	9156
9213	9171
9214	7591
9215	7082
9216	6044
9217	284
9217	9185
9218	3406
9221	3865
9222	2129
9222	1536
9222	5603
9223	7856
9225	5104
9227	6879
9229	3404
9229	1391
9229	7155
9230	1955
9230	2225
9230	2211
9230	4405
9230	133
9231	7151
9231	9228
9232	2928
9232	8148
9234	750
9234	4858
9235	1968
9236	9233
9237	5105
9238	5105
9238	9237
9239	3594
9240	1387
9242	5634
9242	6761
9243	1387
9243	1581
9244	3414
9245	9242
9246	5634
9247	4439
9248	2816
9249	5108
9250	5147
9251	5108
9252	5108
9252	9249
9253	966
9253	535
9254	942
9254	1124
9254	8829
9254	959
9255	966
9255	585
9256	8832
9256	598
9257	9256
9258	2107
9258	4237
9258	3100
9259	3430
9261	9260
9262	3650
9263	2118
9263	2930
9263	3479
9263	1300
9263	1269
9264	2118
9264	1130
9265	2177
9266	2177
9266	2640
9267	2177
9267	9265
9268	8132
9271	9269
9273	5080
9273	8989
9277	341
9278	9049
9279	597
9279	390
9279	533
9279	6742
9281	341
9281	357
9283	259
9283	6120
9283	1362
9284	1377
9284	9035
9284	8730
9286	5112
9288	9287
9289	5426
9289	7282
9291	9285
9292	345
9292	2749
9293	103
9294	5972
9294	3307
9296	5702
9298	3306
9301	5972
9301	3296
9302	9293
9302	5468
9303	9294
9304	9297
9305	7097
9305	3291
9305	6043
9306	3078
9309	9099
9309	3142
9309	5716
9310	1123
9310	6653
9310	3664
9310	6525
9312	8514
9312	5580
9313	4140
9314	2618
9314	5276
9315	9310
9316	2111
9318	9306
9320	219
9320	9283
9320	3059
9320	4433
9320	6684
9321	3368
9321	6745
9321	5644
9322	3952
9325	3548
9325	4825
9325	3603
9325	9324
9326	5586
9327	395
9328	6336
9328	6335
9329	6336
9330	2426
9334	4731
9334	7280
9334	8935
9336	8973
9337	6956
9338	395
9338	9336
9339	825
9340	8847
9340	8647
9340	9334
9340	6698
9341	8822
9342	5413
9343	395
9345	5673
9346	3581
9347	2555
9349	7412
9349	6132
9351	2530
9352	9348
9356	7282
9356	8985
9358	4633
9359	3055
9360	9356
9361	2530
9361	4147
9362	2530
9362	4911
9363	8985
9363	9349
9364	5583
9364	6397
9365	3385
9365	7439
9365	6525
9366	2535
9366	6653
9366	4572
9366	8629
9366	6771
9367	3678
9368	2562
9368	6349
9369	5781
9370	400
9371	1327
9372	2608
9372	5945
9373	5403
9373	507
9373	6535
9374	6054
9375	3494
9375	263
9375	4125
9375	3879
9375	6393
9375	6403
9377	9376
9378	9372
9380	2537
9380	5440
9383	1501
9383	5832
9385	2537
9385	3037
9386	945
9387	1079
9387	9383
9388	2646
9388	6331
9388	6074
9389	2537
9389	4572
9390	9374
9390	5562
9394	5595
9394	6837
9395	409
9395	3521
9395	5595
9395	8223
9396	5598
9397	7291
9398	2540
9401	9310
9404	9351
9404	6525
9404	9365
9406	4125
9407	2543
9408	2543
9409	7416
9409	810
9409	7826
9410	2544
9410	6942
9410	7279
9410	737
9410	5463
9410	5631
9410	3161
9410	4830
9411	3710
9412	7416
9414	7431
9414	7987
9417	8626
9418	1891
9418	9416
9419	487
9419	5597
9420	2551
9421	5623
9422	9421
9423	6868
9424	5074
9425	2552
9426	5422
9426	810
9426	1356
9426	1798
9427	2552
9428	5634
9429	5722
9429	2878
9430	2552
9430	6727
9430	6807
9430	8631
9430	9427
9431	9428
9432	6261
9433	5126
9434	3094
9437	2554
9437	1320
9438	9436
9439	3501
9439	5425
9439	9364
9440	7279
9441	2555
9442	8628
9444	5724
9444	9440
9445	940
9445	2435
9445	1025
9445	2087
9445	1026
9446	1122
9446	9445
9447	2555
9447	6409
9447	3725
9450	3365
9450	8635
9451	3322
9453	9452
9454	3811
9458	9456
9459	4876
9460	9457
9461	8711
9464	9463
9465	9462
9470	3611
9470	9468
9470	6033
9472	3195
9473	2517
9476	9475
9477	2517
9477	7374
9479	7911
9481	1713
9482	5663
9483	1735
9485	1713
9486	2499
9486	8576
9488	845
9489	4657
9490	3777
9490	3735
9490	7792
9492	8255
9492	9490
9497	9496
9500	7874
9500	5131
9503	9502
9507	3608
9507	8377
9510	9509
9512	3608
9512	6122
9514	3658
9515	3658
9515	4610
9516	3658
9516	3939
9517	4277
9518	7876
9520	5872
9521	9518
9521	7903
9522	7877
9523	7877
9523	7241
9526	2349
9527	6594
9529	4610
9529	8284
9530	7706
9530	6594
9530	9529
9533	9532
9535	7361
9537	2276
9538	2276
9539	2357
9541	7504
9541	7458
9542	4241
9543	4233
9546	2337
9548	2337
9550	3647
9551	3647
9551	9550
9552	3647
9552	4369
9553	7771
9554	4274
9555	4608
9556	4277
9557	4277
9557	7700
9558	4277
9558	4185
9559	2145
9561	7887
9562	7887
9562	7585
9563	6671
9564	9563
9565	399
9565	2873
9565	311
9565	6221
9566	9565
9567	7888
9569	1841
9569	2742
9569	6291
9570	8286
9572	1718
9574	1718
9577	9576
9578	6587
9578	8043
9579	6587
9579	138
9582	6590
9582	6335
9582	6538
9582	3324
9585	6591
9586	3088
9587	3088
9588	138
9589	138
9589	8916
9590	3408
9590	1105
9590	5741
9590	191
9593	9592
9594	6160
9594	4197
9594	5205
9594	9592
9595	822
9595	164
9598	1019
9598	3812
9598	9597
9599	3349
9600	153
9600	7507
9600	3026
9601	1864
9601	402
9601	8845
9601	9563
9602	1895
9602	2775
9603	9388
9604	5487
9605	1511
9606	8608
9606	8611
9607	3800
9608	191
9608	3796
9608	6074
9609	198
9612	5487
9612	92
9612	6234
9613	3377
9613	6089
9615	169
9616	9614
9618	9592
9619	198
9619	1456
9619	3783
9620	6595
9621	687
9622	161
9622	571
9623	7158
9625	7308
9627	724
9627	8872
9628	1684
9629	6910
9630	842
9630	4994
9632	145
9632	468
9633	174
9633	3420
9635	687
9635	7107
9636	768
9636	9633
9640	4816
9641	208
9641	2837
9643	9634
9644	6664
9644	6734
9644	895
9644	117
9645	1635
9645	6246
9646	1520
9647	3117
9650	1268
9650	6706
9650	6518
9650	5638
9651	1064
9651	1794
9654	1895
9654	9590
9655	2722
9655	1413
9656	4306
9656	706
9656	195
9661	1690
9662	144
9663	144
9663	8645
9666	301
9667	6112
9668	4732
9668	4734
9668	760
9669	3300
9670	4430
9671	7157
9672	144
9672	7647
9673	402
9674	4356
9674	149
9674	84
9674	1791
9674	7124
9676	191
9676	873
9676	1641
9677	9675
9678	150
9678	3408
9678	773
9678	8755
9679	3408
9679	503
9680	519
9681	3408
9682	842
9682	572
9683	1733
9683	5963
9684	719
9684	5640
9684	827
9685	201
9685	8742
9686	719
9686	4299
9686	1406
9687	9683
9688	806
9690	814
9690	7188
9690	8745
9691	7205
9693	3646
9694	5450
9694	5640
9694	6155
9695	8609
9697	9696
9698	159
9698	6538
9698	1586
9698	2738
9699	323
9699	5980
9699	673
9700	723
9701	9590
9701	1750
9701	5400
9701	1105
9702	1130
9702	580
9702	8124
9703	212
9703	3518
9703	5362
9705	565
9708	8243
9712	5369
9715	6408
9717	2403
9718	2046
9718	5916
9718	1278
9719	6233
9720	7305
9721	9713
9722	9713
9723	9715
9724	2020
9724	1492
9725	3990
9725	4254
9727	5369
9727	1489
9728	1860
9729	9726
9730	5369
9730	327
9731	9718
9733	838
9733	7446
9734	5613
9734	3322
9735	838
9737	838
9737	3322
9738	1694
9738	399
9738	1378
9738	5367
9738	8033
9739	2145
9741	1645
9741	2651
9742	6926
9742	6229
9742	6402
9744	2156
9744	1585
9744	6075
9744	2818
9746	2156
9746	9745
9747	6897
9747	9743
9748	2156
9749	2156
9749	9748
9751	2849
9751	9750
9752	2640
9752	5074
9758	2172
9763	9754
9766	9765
9767	424
9768	1641
9770	5980
9770	2624
9770	8916
9770	9136
9771	2454
9771	3186
9772	2084
9772	9013
9774	9773
9775	2602
9777	3215
9781	8377
9784	8377
9784	9507
9787	6029
9789	9786
9791	4686
9793	7701
9794	9792
9795	5262
9795	9662
9797	2341
9798	4465
9800	4465
9800	1675
9803	4465
9805	4465
9805	9803
9808	4465
9809	9806
9811	4470
9811	6674
9812	4319
9814	9813
9815	4319
9815	7388
9816	4319
9817	1694
9818	250
9818	7504
9818	7094
9818	4395
9818	5731
9820	5928
9821	1088
9821	5204
9821	1764
9821	5945
9821	1453
9822	4477
9823	3863
9824	8376
9824	4873
9826	4478
9827	4654
9828	1315
9828	3949
9829	1564
9830	4780
9831	1564
9832	1717
9835	3078
9835	5213
9837	4642
9838	4642
9840	4793
9841	1180
9841	786
9841	574
9841	1936
9841	2775
9841	1434
9841	8881
9841	6763
9842	1854
9842	3198
9842	806
9842	235
9843	6466
9844	2344
9844	4046
9845	2344
9846	5197
9847	2344
9847	7279
9849	9843
9849	1764
9849	2528
9850	6138
9851	380
9851	1858
9851	9341
9852	1852
9852	1862
9853	203
9854	4555
9854	4570
9857	105
9858	4195
9858	4858
9859	2656
9860	1956
9860	6213
9862	7385
9862	4571
9862	7633
9865	9864
9866	8906
9867	3404
9867	6275
9868	4923
9868	9700
9869	5896
9869	327
9869	2364
9870	9743
9870	6250
9873	2159
9874	9873
9874	6761
9875	8847
9875	5147
9875	6080
9877	3007
9879	5172
9879	7406
9881	4723
9883	1955
9885	4882
9887	3007
9887	9879
9888	5903
9892	7341
9893	1955
9893	9229
9894	1955
9894	3275
9895	9892
9896	9235
9898	8456
9898	5606
9898	9890
9899	2427
9899	3706
9905	9902
9906	8821
9907	9901
9910	9853
9911	9904
9915	9909
9916	1969
9917	9903
9918	4949
9920	4327
9921	5171
9921	2865
9921	5656
9921	6857
9925	9922
9926	788
9930	6308
9931	4187
9932	9928
9934	4187
9934	9594
9935	9929
9936	219
9936	7582
9936	486
9936	248
9937	2435
9938	4219
9938	1311
9938	4923
9938	7279
9940	1389
9940	9722
9941	6407
9942	2065
9942	8633
9943	2367
9944	4549
9944	729
9946	3576
9946	3548
9946	290
9947	3576
9948	9945
9949	5896
9951	3404
9953	3404
9953	1517
9960	9958
9964	9962
9965	9557
9965	6598
9970	9967
9971	9969
9974	3004
9974	1577
9974	7611
9976	2944
9978	3004
9978	8817
9979	7391
9979	8827
9980	3375
9981	8827
9982	6171
9983	9976
9984	7612
9985	102
9988	8856
9988	6070
9991	6224
9992	6067
9996	7397
9996	3375
9997	9955
10003	9958
10004	2948
10005	9995
10007	9998
10009	10008
10010	9986
10011	7280
10011	9985
10011	2319
10012	4327
10014	157
10015	4327
10017	1887
10017	5480
10018	7394
10021	10016
10023	1887
10024	1894
10025	1887
10025	8845
10026	7368
10027	2320
10027	2270
10028	5587
10029	5900
10029	6175
10030	6332
10031	4859
10032	162
10032	5134
10032	8645
10032	4825
10033	6976
10034	4522
10034	6594
10035	6976
10035	9004
10036	6976
10038	10037
10039	4571
10039	4666
10040	6456
10040	6909
10041	4661
10043	10040
10043	410
10045	2377
10045	4673
10046	10044
10047	4863
10047	8170
10048	7394
10048	8138
10049	7394
10049	6078
10052	8846
10052	2719
10053	4625
10053	760
10055	1943
10055	2427
10055	4813
10056	4732
10056	4676
10057	10054
10058	4196
10058	4631
10059	7395
10060	7395
10060	490
10061	4209
10062	3594
10062	8170
10062	1356
10063	7396
10065	7396
10065	7112
10065	3208
10065	10062
10066	7396
10067	7396
10070	10069
10071	4187
10071	7228
10071	9310
10074	9638
10074	5605
10075	1311
10076	2608
10077	3999
10077	1764
10077	9821
10077	2209
10078	327
10080	5164
10085	10083
10086	789
10089	10088
10090	316
10090	4782
10091	10087
10091	4782
10093	483
10095	7026
10098	2788
10098	7232
10099	10092
10100	10098
10101	4097
10102	1919
10104	8947
10105	2385
10105	3604
10105	7526
10105	8607
10106	4744
10106	3571
10107	2967
10108	2608
10108	6652
10109	10106
10110	613
10112	7190
10113	2332
10114	4850
10114	1377
10114	2990
10115	4850
10117	4850
10117	2332
10119	1371
10122	297
10125	10118
10126	3548
10127	3548
10129	6535
10129	6540
10130	428
10131	10129
10133	3263
10134	428
10134	5888
10135	5457
10135	7167
10137	1919
10137	1563
10139	1321
10139	5357
10140	5995
10140	3186
10140	1326
10140	5259
10141	5184
10142	7209
10143	1391
10143	356
10143	661
10143	3377
10144	2233
10144	4715
10145	4851
10145	9349
10147	10106
10148	2749
10149	4861
10150	4553
10152	5825
10153	10152
10155	2830
10156	10145
10158	4550
10159	10157
10162	1672
10163	1460
10163	2596
10163	2718
10163	5536
10164	4782
10167	4524
10174	1262
10179	4862
10180	10177
10181	1069
10182	6622
10182	1296
10185	5666
10186	2742
10186	10171
10187	6600
10188	5072
10189	4303
10190	1321
10190	770
10190	3278
10191	796
10191	279
10193	335
10195	10192
10195	5602
10195	8993
10195	8942
10195	9886
10197	5981
10199	10198
10200	1013
10206	10203
10207	8747
10207	5982
10207	6341
10208	10205
10211	1527
10212	6511
10213	2394
10215	10209
10216	10210
10217	10214
10218	4496
10219	2409
10220	3889
10221	4785
10222	10094
10226	8767
10226	3886
10227	10224
10231	8182
10235	9797
10240	3710
10240	3278
10240	6089
10240	10239
10242	10241
10246	10244
10248	3726
10250	10248
10251	4486
10251	4581
10253	4482
10254	10252
10255	4212
10255	1389
10255	9940
10259	10256
10262	4581
10264	10261
10268	6658
10268	2797
10271	4499
10271	4486
10271	4063
10272	10270
10273	4543
10274	1180
10274	2427
10274	9841
10274	4411
10274	3544
10275	8614
10276	1180
10277	10275
10279	10278
10280	4562
10280	8135
10281	4562
10284	10282
10286	4578
10287	7197
10289	6988
10290	2355
10290	6560
10293	3538
10294	1824
10294	895
10294	9644
10295	4258
10297	509
10298	835
10298	5255
10298	3765
10298	3861
10298	3281
10299	7729
10300	10299
10301	1949
10302	6330
10303	1592
10304	4667
10306	5941
10308	1045
10308	6482
10308	4926
10312	10311
10316	10313
10322	10319
10323	4675
10323	259
10325	10324
10326	8371
10326	10325
10327	5873
10327	4631
10328	8371
10329	4250
10330	4228
10332	4010
10333	4771
10333	4632
10333	471
10334	4846
10335	6142
10336	10335
10339	4483
10342	4483
10343	221
10343	10323
10344	8254
10346	4480
10347	4480
10347	1897
10347	10346
10348	221
10348	241
10349	624
10350	7631
10352	9546
10353	10351
10354	4540
10354	3198
10354	8327
10355	4540
10356	4610
10356	10355
10357	4540
10358	7239
10359	5723
10359	3141
10359	6833
10362	2380
10365	3815
10366	834
10366	1322
10367	1315
10367	2370
10367	2783
10367	4988
10367	1692
10367	2037
10368	6405
10369	4196
10370	9037
10371	1954
10373	178
10374	146
10375	10372
10376	146
10377	10373
10379	2077
10379	9690
10381	1002
10383	9334
10384	2340
10385	7209
10386	2340
10386	7446
10386	5274
10387	2340
10387	4618
10387	6674
10390	175
10397	1110
10398	886
10400	10395
10401	10394
10402	10390
10404	10391
10405	1633
10405	10181
10405	2412
10405	8480
10407	8858
10408	1794
10408	3801
10409	820
10410	719
10412	10411
10414	1444
10415	720
10415	3505
10416	772
10416	502
10416	1476
10416	6799
10417	997
10417	8420
10418	1626
10419	9598
10422	4972
10422	7338
10422	8810
10423	10380
10431	3287
10431	8807
10432	3114
10433	8807
10433	10429
10437	5363
10438	550
10438	6444
10440	9703
10444	2427
10444	1587
10445	6085
10445	10443
10447	2702
10447	8149
10447	2854
10447	2957
10449	10446
10449	2180
10449	473
10450	2702
10451	10450
10453	2702
10453	839
10453	424
10454	378
10456	1455
10456	204
10458	4301
10460	806
10461	4301
10461	10458
10462	747
10463	6177
10464	174
10464	6398
10465	174
10465	9639
10466	9297
10467	696
10467	10422
10467	5072
10470	1848
10471	1382
10471	3680
10471	3881
10471	2886
10471	10468
10472	4306
10474	706
10477	6815
10479	10478
10481	10480
10483	4325
10483	7343
10483	10155
10484	4325
10484	6138
10484	8519
10485	8519
10486	764
10486	3283
10487	1456
10487	127
10489	5944
10491	2419
10491	8501
10494	10490
10495	161
10497	3800
10505	521
10505	10504
10505	5281
10506	2923
10509	7307
10511	6521
10511	10508
10512	3862
10512	5725
10513	199
10514	6116
10516	191
10520	191
10521	1505
10522	5682
10523	191
10523	10516
10524	503
10528	5235
10528	2361
10528	10515
10529	3021
10530	4044
10530	1566
10530	104
10530	2751
10531	1854
10531	654
10532	8982
10533	9102
10533	2744
10533	5887
10534	786
10535	8327
10538	3294
10539	195
10540	195
10543	10541
10546	1045
10547	10542
10548	10240
10549	1830
10549	9744
10550	1830
10552	1830
10554	1830
10555	2359
10555	124
10556	1830
10556	9637
10559	10558
10564	10562
10568	10563
10568	10565
10570	10566
10572	10571
10573	7707
10573	7708
10574	4340
10580	10578
10587	10585
10591	6824
10593	1031
10593	10573
10594	1233
10594	6273
10594	2065
10596	1233
10596	7610
10597	1233
10599	10595
10600	4343
10600	2077
10601	4090
10601	3819
10601	3555
10602	4350
10602	3208
10604	6138
10604	2712
10605	208
10607	10603
10609	208
10610	431
10610	2835
10611	210
10612	814
10613	1563
10613	260
10614	1309
10614	9701
10615	6001
10615	307
10615	8135
10618	8522
10621	213
10621	6642
10623	10440
10624	3285
10624	6521
10625	10624
10626	7817
10626	424
10627	10625
10630	3909
10630	693
10630	9785
10631	2349
10631	9526
10632	6676
10632	3951
10633	242
10634	2909
10634	105
10634	6380
10635	2759
10635	1940
10635	4243
10635	10632
10635	6039
10636	10117
10636	4839
10637	1709
10638	1709
10638	2450
10639	1709
10639	10638
10640	1373
10640	238
10641	9283
10641	1688
10642	1500
10642	4600
10643	9283
10643	8321
10643	10641
10643	2480
10643	4152
10643	7792
10645	9283
10645	222
10646	2338
10646	1554
10647	2338
10648	2338
10649	2338
10650	5200
10651	10646
10653	10652
10654	4185
10654	3609
10657	10647
10658	10649
10658	7341
10661	10659
10661	4630
10662	10660
10663	4630
10664	4630
10665	4630
10665	10663
10666	4364
10666	9285
10667	4364
10667	6942
10668	4364
10669	6942
10669	6671
10670	6942
10670	7700
10671	3198
10671	1064
10674	3198
10674	6988
10675	8118
10676	10530
10676	104
10676	8891
10677	224
10677	6866
10678	5955
10678	9842
10678	7341
10679	738
10679	1141
10681	1064
10681	833
10681	6926
10681	9742
10682	9842
10687	7341
10687	9360
10687	5357
10688	3198
10689	3198
10689	6703
10690	10682
10691	10133
10691	2526
10692	3198
10696	10694
10697	9712
10698	10667
10699	9570
10701	10699
10702	10700
10703	10354
10703	490
10705	10704
10706	7026
10707	10354
10709	310
10709	1107
10709	6482
10709	95
10709	10308
10709	5942
10709	631
10709	5893
10710	310
10713	310
10713	632
10713	8460
10714	310
10714	4911
10716	8442
10718	1891
10718	798
10719	310
10719	10710
10720	310
10721	8442
10721	4023
10722	1864
10722	9601
10723	1864
10723	1904
10724	4073
10725	8082
10726	8082
10726	3200
10727	8082
10728	8082
10728	10727
10729	8082
10729	10725
10730	8083
10730	3980
10731	8083
10732	7810
10732	3263
10733	9439
10733	6744
10733	486
10734	2848
10736	10114
10736	9751
10737	1293
10737	5359
10737	8276
10737	7630
10738	2848
10739	2849
10740	3165
10740	1341
10740	2084
10740	863
10740	6447
10740	2073
10741	9100
10742	6346
10742	6052
10743	6165
10743	6478
10744	2862
10745	10732
10745	6482
10746	1940
10746	9565
10746	9936
10746	1555
10747	10733
10749	9879
10750	486
10751	5162
10752	770
10752	1974
10752	7406
10753	10733
10754	1289
10756	4260
10756	10755
10757	3777
10758	7658
10759	7944
10759	7175
10762	10759
10763	10758
10765	312
10767	10766
10769	10768
10770	1371
10771	3130
10772	10736
10775	10736
10775	1514
10776	10770
10777	4243
10777	8817
10778	10114
10779	10736
10779	10775
10783	10753
10784	3949
10784	8466
10785	10781
10786	7091
10788	8590
10794	10790
10795	8395
10796	8308
10797	4970
10798	9512
10799	8829
10800	10798
10804	1199
10805	10738
10805	2137
10806	4693
10808	1314
10808	402
10808	1496
10808	1035
10810	10643
10810	5609
10811	3509
10811	10809
10811	3526
10813	2066
10813	7791
10814	410
10814	8635
10814	9450
10818	4691
10818	3860
10818	6138
10818	280
10818	2919
10819	10817
10820	4691
10820	3145
10820	5178
10821	101
10821	10817
10822	4724
10823	4719
10824	4438
10825	8959
10825	5365
10835	10827
10836	5403
10838	10828
10839	10837
10840	6127
10842	626
10842	5592
10843	132
10844	7418
10845	10842
10846	3370
10847	218
10847	9454
10848	218
10849	5165
10851	4711
10852	2231
10854	4711
10854	9738
10856	10855
10858	6554
10863	10861
10865	7552
10866	3755
10867	6333
10868	4216
10869	5604
10870	10640
10870	10328
10872	6608
10872	6673
10873	10872
10874	3493
10874	4647
10875	10871
10876	7547
10876	994
10876	494
10877	3502
10877	10818
10878	2922
10879	3493
10880	1109
10881	6335
10882	245
10882	5205
10883	1936
10883	3246
10884	1363
10887	226
10887	371
10887	486
10887	2310
10887	6606
10887	5880
10890	4625
10890	10885
10892	6375
10895	6808
10896	1940
10896	3781
10896	10333
10897	10896
10898	2032
10900	3976
10900	9033
10901	3200
10901	4683
10901	3776
10902	3200
10903	8117
10903	4618
10904	7241
10905	8117
10905	8302
10906	343
10908	10906
10909	5656
10910	3999
10910	6184
10910	8110
10910	1273
10910	8124
10910	1896
10912	5449
10913	2448
10920	10917
10922	10916
10923	10918
10925	10914
10929	10921
10930	3360
10932	2960
10933	4700
10936	4013
10937	6671
10938	6671
10942	3870
10948	5200
10949	10942
10950	2921
10951	7708
10952	10895
10953	10943
10953	10443
10955	10650
10957	2257
10959	7467
10960	3532
10960	5236
10962	10961
10963	4422
10964	4422
10965	4422
10965	1636
10966	1568
10966	3671
10967	1379
10967	10076
10971	4884
10972	4884
10973	4884
10974	4884
10974	10972
10975	5485
10976	248
10976	2082
10976	8794
10977	2845
10977	5773
10977	8170
10977	6556
10977	734
10978	3652
10979	1892
10980	1585
10980	1596
10981	6410
10982	1585
10982	2817
10983	3236
10984	1320
10985	3514
10989	2371
10990	2371
10990	10989
10992	2754
10995	4643
10995	8103
11000	4643
11001	10999
11003	4643
11003	11000
11004	4643
11004	9247
11005	3459
11005	4644
11005	10077
11006	6355
11007	1745
11007	1751
11008	3507
11008	2387
11010	7941
11010	7952
11011	3151
11013	2795
11015	2455
11016	2872
11017	7709
11017	10358
11019	621
11019	5724
11019	9337
11022	8485
11023	8485
11024	8625
11026	9262
11026	11025
11027	8216
11028	8216
11028	11027
11029	8216
11030	8217
11030	3930
11032	4051
11033	6528
11033	11032
11036	7817
11037	10190
11039	8489
11041	7817
11041	10626
11041	3282
11042	8504
11042	11037
11043	11040
11044	7817
11046	7817
11046	10190
11047	3930
11047	10630
11048	6016
11048	3752
11049	385
11050	9725
11051	407
11051	10788
11051	6528
11051	1711
11051	2822
11051	9790
11054	385
11055	3932
11055	11051
11055	311
11055	6214
11056	3932
11056	5662
11057	3932
11059	11052
11060	11058
11062	7807
11064	3553
11064	3604
11064	3550
11065	2612
11065	2715
11065	7189
11065	611
11067	11066
11068	11047
11068	623
11070	11047
11070	6466
11070	8176
11071	11047
11072	11047
11072	11068
11073	11030
11074	11030
11075	3936
11076	3937
11077	3937
11077	11076
11078	10630
11079	10630
11079	1032
11079	11078
11080	5870
11080	11048
11081	5870
11081	5873
11082	5870
11083	2845
11083	10085
11084	11083
11085	362
11085	7170
11088	3863
11088	422
11090	11087
11091	5666
11092	5666
11093	5666
11093	11091
11094	987
11094	6699
11096	544
11098	2797
11102	9601
11103	11101
11104	2968
11105	11100
11107	11048
11110	3754
11110	1360
11111	3754
11112	3347
11113	425
11116	10165
11118	407
11121	184
11121	215
11123	327
11123	1490
11123	3256
11123	6432
11127	2783
11127	3629
11127	3117
11127	8327
11127	2441
11127	3750
11128	7982
11128	6496
11128	10293
11133	2073
11134	10406
11135	11131
11142	1452
11143	1524
11145	796
11149	10641
11150	2261
11150	3879
11151	5045
11151	9143
11152	11148
11153	6129
11156	248
11158	8678
11158	11146
11159	11141
11161	11139
11162	3518
11163	11138
11164	9725
11164	404
11164	9101
11166	7707
11166	282
11166	2788
11166	7804
11166	88
11166	4542
11166	3062
11167	11052
11167	3752
11168	11052
11168	5873
11169	399
11169	3471
11169	6074
11171	10443
11172	8164
11172	486
11172	4716
11173	486
11173	3740
11174	4676
11174	634
11175	7476
11178	506
11178	2427
11178	2897
11178	1047
11179	11178
11181	3923
11182	3498
11182	6681
11182	1264
11183	4823
11183	2934
11183	1412
11187	11183
11187	1264
11188	3287
11188	539
11188	5261
11189	3287
11189	3283
11189	10625
11190	818
11190	7518
11190	7572
11190	10514
11190	6745
11192	10958
11193	393
11198	11196
11200	3914
11207	11203
11210	3914
11210	3915
11211	11202
11213	11210
11216	11199
11219	2836
11222	11220
11223	693
11224	6023
11226	158
11226	10160
11226	806
11226	8592
11227	158
11229	2606
11230	2653
11230	4694
11234	11055
11235	11055
11235	6977
11235	241
11236	5662
11237	5662
11238	5662
11239	10758
11240	5662
11240	7657
11241	2822
11248	2602
11249	9434
11253	11061
11254	8590
11255	11097
11255	3623
11256	4845
11257	3751
11257	6016
11259	3751
11261	11107
11263	8467
11263	3671
11263	1768
11264	11262
11265	11260
11269	7350
11269	8858
11271	7350
11271	296
11277	5932
11279	11273
11285	11272
11287	3611
11288	11283
11291	3611
11291	11287
11295	11290
11296	11289
11297	11274
11298	5020
11299	11293
11300	6016
11300	7001
11301	11292
11303	3611
11304	9217
11308	11305
11311	6620
11313	3103
11315	3939
11315	6037
11315	11277
11316	11314
11317	3059
11317	5425
11317	4700
11320	7445
11323	3059
11325	3059
11326	3059
11327	11318
11328	4675
11330	4675
11330	3612
11331	4675
11331	4639
11332	4675
11333	11329
11334	4676
11334	6909
11334	6438
11335	93
11336	4676
11337	4677
11337	4779
11338	4677
11338	11337
11339	4677
11339	7672
11339	7893
11340	4610
11341	4269
11342	4615
11342	3609
11343	1907
11344	5663
11346	11345
11348	5119
11348	10767
11350	4683
11351	4683
11351	11350
11352	4026
11352	10059
11353	4026
11353	11352
11354	4420
11355	3609
11356	4685
11357	4685
11358	4685
11359	7725
11359	388
11362	4196
11362	9559
11364	4196
11364	6037
11365	8135
11365	5556
11367	4196
11367	9521
11368	4609
11368	4773
11368	8318
11369	4218
11369	10902
11370	10060
11371	11370
11371	8002
11372	490
11372	7897
11372	2417
11372	10369
11373	490
11373	11372
11376	4228
11376	4248
11377	4228
11381	7707
11381	7897
11382	11380
11383	4618
11384	4618
11385	8301
11386	4618
11388	4618
11388	11381
11389	4618
11390	4618
11391	4619
11392	4619
11392	11391
11393	4622
11394	4623
11394	8075
11395	4623
11396	4623
11396	6984
11397	4623
11398	4623
11398	11395
11400	4623
11401	4623
11401	11397
11402	4623
11402	11400
11403	11399
11404	4771
11413	11409
11414	11406
11419	11405
11421	11408
11422	11404
11424	11031
11425	11407
11428	11410
11429	11418
11430	3265
11431	10922
11432	8303
11433	11415
11434	2498
11435	8164
11436	11435
11437	11435
11437	11436
11438	1639
11440	11439
11444	11441
11446	1499
11449	2686
11450	2686
11459	11457
11461	2686
11461	11450
11462	1318
11462	5002
11462	6078
11463	6728
11463	4125
11463	8513
11466	11464
11474	4054
11478	4057
11478	8792
11479	4062
11479	2926
11479	8321
11481	11480
11483	4065
11485	11484
11488	11487
11492	7042
11493	4069
11493	2899
11493	124
11493	112
11493	3671
11493	6219
11493	10017
11493	6076
11493	2041
11496	11495
11502	11501
11505	11503
11507	11494
11510	11504
11512	11509
11513	11500
11514	11506
11515	11511
11516	11497
11517	11498
11518	11499
11520	11519
11523	3671
11524	4071
11526	11525
11527	2040
11528	2040
11528	11527
11529	4079
11529	4120
11530	4085
11532	11531
11537	9217
11540	8212
11541	3632
11541	3907
11541	2695
11544	2451
11545	222
11546	222
11549	3313
11551	4092
11553	8463
11553	6424
11554	4093
11554	1485
11555	4093
11556	11553
11558	11557
11560	1712
11560	3334
11561	7549
11561	8520
11561	4959
11562	2214
11562	2781
11563	2384
11563	3669
11564	2384
11564	6727
11565	2384
11574	8120
11574	11570
11577	8920
11577	11567
11580	11568
11581	4098
11582	11566
11583	6482
11584	4103
11585	4103
11585	11584
11586	634
11586	8163
11590	11588
11592	11591
11594	4704
11594	1903
11595	1916
11596	1916
11596	11595
11597	1916
11598	11594
11599	503
11600	2930
11600	5480
11602	4114
11603	1369
11603	486
11603	3495
11603	3120
11604	1369
11605	7112
11606	7112
11606	10369
11606	7657
11606	10066
11608	3208
11609	6674
11613	11611
11614	3062
11616	4771
11617	11404
11618	11608
11619	11608
11620	11608
11620	11619
11621	11608
11621	11618
11622	7739
11622	3979
11622	9967
11624	3612
11624	11380
11626	3612
11627	3612
11627	7781
11629	3612
11629	11626
11630	3612
11632	3612
11632	11627
11633	3612
11634	7547
11634	11330
11635	11625
11636	9521
11639	3594
11644	11640
11647	3216
11648	11607
11651	7700
11652	10670
11653	5795
11654	7703
11655	7703
11655	11654
11656	7704
11656	4028
11657	9523
11658	7705
11659	7707
11659	3720
11659	3732
11659	10573
11660	7708
11661	7707
11663	8407
11664	4511
11666	10807
11667	7594
11667	3974
11670	11669
11671	7326
11671	6706
11671	5601
11671	9133
11672	10852
11673	848
11673	209
11673	3355
11674	1692
11674	1037
11676	1675
11676	6044
11678	8710
11679	8642
11679	5009
11681	11680
11682	958
11685	958
11685	11682
11688	11683
11690	11689
11693	11687
11694	958
11698	182
11699	182
11699	11698
11700	4550
11701	569
11701	4442
11702	7967
11703	971
11703	2044
11704	9718
11705	633
11706	10196
11707	5441
11708	11707
11709	4923
11711	7341
11711	7925
11711	10658
11712	1476
11714	3733
11715	11562
11719	2274
11719	3425
11720	5073
11721	459
11722	6229
11723	987
11723	10462
11723	747
11725	5257
11725	2077
11728	2044
11728	5008
11728	11727
11730	9001
11731	7598
11731	8156
11731	6070
11732	5480
11732	7156
11732	3263
11733	2854
11736	11733
11736	11734
11737	5567
11742	8996
11742	9810
11742	11393
11743	8996
11745	11744
11746	8996
11747	11741
11748	5670
11748	6733
11749	4628
11749	6025
11751	1268
11751	4970
11751	5008
11751	6189
11761	11758
11763	11754
11764	1268
11767	8177
11769	6538
11769	1695
11770	11769
11771	11755
11772	11679
11773	11757
11774	1268
11776	11775
11777	11768
11778	11759
11779	11765
11780	11766
11781	11756
11782	11753
11785	11784
11787	11752
11788	1268
11789	11750
11791	11786
11792	1856
11796	2084
11796	6310
11797	11794
11798	5845
11802	11801
11804	11799
11805	3849
11807	11803
11808	3553
11809	1346
11810	9002
11811	11745
11814	9011
11816	2711
11817	9004
11818	9004
11818	6619
11820	9004
11821	9004
11822	4508
11822	11814
11823	9004
11823	7912
11823	11817
11824	11815
11825	9004
11825	9011
11825	11814
11826	9004
11826	11825
11827	1060
11829	9271
11830	10022
11831	978
11832	11830
11835	9006
11835	9271
11835	4018
11835	11828
11835	11829
11836	7363
11837	10299
11838	2766
11838	2065
11838	6306
11839	6901
11840	2507
11840	7326
11840	6770
11841	7549
11843	5723
11844	5724
11847	3196
11847	11845
11847	712
11850	2044
11850	7837
11851	2044
11855	11853
11857	2044
11860	11848
11864	2044
11866	1695
11866	11769
11866	11856
11867	11858
11869	11868
11870	11861
11872	2735
11873	11783
11874	2044
11874	11728
11874	1483
11874	6074
11875	2044
11875	10535
11876	2044
11876	1033
11876	1613
11877	11859
11882	8651
11883	8651
11884	11070
11884	11881
11886	10299
11889	11885
11890	8176
11894	11893
11896	11895
11897	1652
11897	3525
11897	1576
11898	8522
11900	8981
11902	697
11902	11674
11903	3710
11904	3132
11905	8648
11906	5535
11907	5535
11909	419
11909	3710
11911	419
11912	3862
11913	11769
11917	11916
11918	8145
11918	2783
11918	3780
11918	1019
11919	6027
11919	11918
11920	5011
11921	8149
11921	1613
11922	1613
11922	9678
11923	1613
11923	192
11924	577
11928	11926
11929	7846
11930	8917
11931	2429
11932	6930
11934	1124
11937	8711
11937	925
11937	791
11938	8711
11944	11943
11945	11941
11946	2728
11947	6017
11948	8149
11949	8149
11949	6503
11950	1613
11950	9297
11951	1613
11953	11952
11954	11950
11955	7170
11956	6027
11957	10194
11958	7170
11958	11954
11959	8522
11960	8522
11960	3780
11961	5734
11963	3780
11964	11962
11965	2824
11967	6012
11967	11963
11967	5536
11968	11645
11968	10511
11968	6521
11969	11966
11970	1019
11970	5033
11975	11972
11982	11977
11983	11981
11985	11973
11987	5941
11988	11678
11990	11978
11991	11979
11995	11976
11996	11974
11997	9371
11998	8118
11998	435
12000	8118
12001	10673
12001	5761
12002	8118
12003	11997
12005	6465
12006	224
12006	8926
12007	7294
12008	7279
12009	3141
12009	10140
12010	12007
12011	9444
12011	9410
12012	11710
12012	4729
12014	7279
12014	7197
12020	7279
12021	698
12021	12015
12022	7279
12023	7279
12024	12017
12025	7279
12025	6736
12025	3082
12025	5238
12026	12011
12027	4793
12027	5380
12027	10752
12028	10388
12028	3459
12028	1340
12029	6981
12030	1769
12030	6132
12030	661
12031	6692
12033	10388
12035	12016
12036	1735
12038	6443
12039	6443
12042	2225
12042	5581
12043	12041
12044	7305
12046	12045
12046	3752
12046	1693
12048	4882
12050	3884
12051	7293
12052	5480
12052	8220
12052	755
12053	1808
12054	4882
12055	2926
12056	927
12056	6299
12057	1628
12059	10143
12060	6138
12060	521
12060	7740
12060	506
12060	515
12063	12060
12064	12060
12064	12063
12064	8765
12068	12062
12069	12060
12071	1045
12072	12060
12073	7656
12074	12060
12075	12060
12077	12067
12078	6138
12079	9843
12079	10759
12080	6138
12081	6559
12082	6138
12083	6138
12083	8251
12083	12082
12084	2800
12084	2039
12086	5019
12087	12079
12088	5422
12088	1281
12088	833
12088	9843
12088	11178
12088	7175
12091	6815
12092	3674
12093	12091
12095	5904
12096	12064
12096	8765
12097	3453
12097	10505
12098	6553
12099	12098
12102	1244
12102	579
12102	10505
12103	7740
12103	7739
12105	506
12106	11178
12106	3282
12107	506
12108	506
12108	12105
12109	12104
12110	10788
12111	12068
12112	12068
12112	12072
12113	12068
12113	12111
12114	12072
12115	12072
12115	12114
12118	1045
12120	5977
12121	1045
12121	1490
12123	1045
12124	12119
12125	1045
12126	368
12127	1323
12132	999
12133	3254
12134	1323
12135	1088
12136	6761
12136	1339
12136	9153
12139	4224
12139	6159
12139	3300
12141	12088
12141	11178
12141	1632
12142	895
12142	1758
12142	4757
12143	515
12147	515
12147	903
12148	515
12149	515
12150	11624
12150	7341
12151	11624
12151	11380
12152	11624
12153	12103
12153	9924
12154	7739
12156	5357
12158	12155
12159	8775
12161	2805
12161	1671
12161	8033
12164	6519
12165	5147
12165	7467
12165	9875
12167	12163
12168	7313
12169	10258
12171	12170
12173	5363
12173	3671
12174	12172
12175	12173
12176	8729
12177	224
12178	12177
12180	3502
12181	3072
12181	8150
12182	3072
12182	9228
12183	3072
12183	9650
12184	3072
12184	8973
12185	3072
12186	7373
12186	6922
12187	7373
12188	7373
12188	12187
12189	368
12189	12126
12192	507
12192	6483
12195	12190
12197	12196
12198	12194
12199	507
12199	8316
12201	11380
12202	8772
12204	7413
12207	8908
12209	7364
12209	8908
12211	12206
12213	11938
12216	7378
12217	7378
12217	5945
12217	12216
12220	5788
12221	12220
12225	368
12225	1567
12225	9242
12226	10674
12227	7401
12228	12222
12230	8537
12231	715
12231	1162
12231	11875
12231	1540
12232	1540
12235	12232
12241	1690
12242	12241
12242	5355
12243	12240
12245	1107
12246	5779
12247	1107
12247	10134
12249	12246
12250	2721
12252	12250
12253	1112
12254	275
12254	2648
12254	1918
12255	275
12255	3096
12255	279
12256	293
12257	3243
12257	3196
12257	1349
12258	275
12258	1410
12259	5522
12262	12261
12262	164
12263	806
12263	1483
12264	10422
12264	10405
12266	10687
12267	7281
12268	1129
12268	1195
12269	6922
12271	1130
12274	12273
12275	12272
12276	6891
12280	12278
12282	7605
12283	869
12283	5301
12283	3009
12284	5773
12286	10683
12286	6562
12287	2935
12288	842
12288	12106
12288	540
12289	10405
12292	12286
12293	9361
12294	1776
12296	10839
12297	12291
12306	12305
12309	1163
12310	12021
12311	875
12312	4572
12315	633
12316	12314
12317	633
12317	2285
12317	10327
12318	9718
12318	8155
12320	6888
12320	6889
12320	12319
12321	881
12321	5131
12322	881
12322	818
12323	1029
12323	917
12324	6577
12324	6103
12326	6451
12328	5052
12328	12323
12329	2507
12329	12314
12330	4572
12330	12312
12331	12330
12332	1089
12332	12161
12333	11187
12334	5786
12335	5634
12336	3487
12337	5612
12338	1241
12338	10611
12340	11183
12341	12022
12342	613
12342	10110
12344	12341
12345	6595
12345	8748
12346	5945
12346	355
12347	381
12350	3400
12350	11493
12350	107
12351	3400
12352	3400
12352	2386
12353	12346
12354	6005
12355	12348
12356	3400
12360	12358
12361	355
12361	5612
12363	3907
12363	11541
12365	9436
12369	8644
12370	2427
12370	1377
12371	12367
12372	2427
12378	1088
12380	10960
12381	2427
12386	2130
12386	3145
12387	7461
12387	6559
12389	5480
12394	230
12394	9699
12395	12392
12398	12393
12399	381
12399	3502
12399	9086
12402	6607
12403	11627
12403	11328
12405	12403
12406	12403
12407	12403
12407	11627
12408	7776
12410	12404
12412	7910
12412	7897
12413	7910
12414	7910
12414	12413
12415	7910
12415	7919
12415	11017
12417	7910
12418	7910
12420	7910
12420	12418
12424	5605
12425	8156
12425	8634
12426	12335
12427	12414
12430	5572
12431	3133
12431	12428
12432	8119
12432	8122
12433	7912
12436	12435
12438	12434
12439	7897
12439	11372
12441	7897
12442	7897
12442	8075
12443	8120
12445	8121
12445	8122
12445	11570
12445	12444
12448	8124
12449	4854
12452	1821
12454	12417
12455	4244
12457	7228
12457	7232
12458	8121
12460	12459
12461	7918
12461	7230
12463	7017
12467	12020
12469	12467
12471	6077
12472	7918
12472	11681
12474	10133
12474	6482
12474	12473
12476	227
12477	227
12478	227
12478	12476
12484	12411
12485	12480
12487	8269
12492	7911
12495	12491
12496	378
12499	6595
12500	6081
12501	7921
12502	7921
12502	4886
12502	12498
12502	12501
12504	98
12505	12503
12507	699
12507	10788
12508	699
12508	314
12509	699
12511	12510
12512	699
12512	2219
12512	11527
12515	2631
12517	1766
12518	1940
12518	697
12518	10896
12519	2410
12519	8847
12519	12516
12521	7138
12522	5223
12522	2430
12523	4983
12525	12524
12526	7695
12527	12526
12535	12528
12541	12540
12543	12542
12544	12532
12545	12534
12546	12533
12547	12537
12548	12531
12549	12530
12550	12536
12551	12529
12552	10918
12555	12553
12556	2788
12557	2788
12558	2788
12559	2788
12559	2467
12562	2788
12562	4046
12564	12561
12564	10707
12565	2788
12565	12556
12565	7895
12566	6475
12567	7804
12567	1300
12568	7988
12569	8267
12571	383
12571	12570
12572	12557
12573	12560
12573	7693
12576	12563
12576	12575
12577	10098
12579	8317
12580	12578
12581	12561
12584	2791
12585	2791
12587	12586
12588	12562
12589	12562
12589	12588
12590	5891
12592	12591
12593	12563
12594	12563
12594	12593
12595	12564
12595	11529
12595	10707
12595	11524
12597	12565
12597	11818
12598	12565
12599	10903
12600	3547
12605	2280
12606	4633
12606	7513
12607	12606
12608	5300
12612	3756
12612	10327
12616	12609
12617	911
12617	6628
12619	12618
12620	911
12620	2781
12621	2833
12621	93
12622	2897
12622	11178
12623	517
12625	7083
12627	9678
12627	817
12627	643
12628	10449
12629	578
12630	578
12630	1768
12634	12632
12635	1071
12636	1071
12637	1071
12637	12635
12638	3539
12638	317
12638	1495
12639	3539
12639	1080
12639	3852
12640	9775
12640	4637
12640	11652
12642	8528
12642	5720
12643	12642
12645	5333
12646	5674
12647	424
12647	12553
12650	10451
12653	579
12653	3454
12654	10336
12656	11648
12656	9714
12657	8850
12657	5488
12658	997
12658	12657
12658	6269
12659	5567
12660	997
12661	997
12662	8629
12664	7687
12665	6682
12666	7725
12667	6988
12667	9717
12667	1492
12668	12667
12671	7730
12672	5536
12674	6542
12674	12673
12676	6542
12677	12671
12678	2716
12678	6861
12678	2762
12679	9929
12680	3368
12682	6664
12682	6669
12683	710
12691	12684
12693	11706
12694	12687
12696	3648
12696	12695
12696	3161
12697	3058
12698	710
12698	9346
12699	2723
12700	3725
12701	7510
12703	716
12703	8920
12704	12145
12705	290
12706	2268
12708	12707
12710	3068
12710	2716
12712	12711
12713	3071
12713	3191
12714	9290
12714	8519
12715	9929
12716	12714
12717	6220
12718	10676
12718	323
12718	5873
12718	10304
12718	6827
12718	12657
12719	10200
12720	7505
12720	7577
12721	12672
12722	12681
12722	6584
12723	3368
12725	7518
12725	7433
12728	7325
12728	1011
12728	3134
12728	6663
12730	12727
12733	12727
12733	12731
12737	12736
12738	6340
12738	2648
12738	12254
12739	2648
12739	588
12740	1361
12740	10873
12741	6340
12744	2716
12745	2716
12747	2869
12747	2870
12748	2869
12751	12750
12752	3055
12752	3139
12753	3524
12753	3531
12756	1487
12757	7649
12757	9644
12758	11966
12759	3280
12759	2238
12759	6798
12761	7625
12763	1812
12764	12741
12766	3525
12767	3525
12769	3525
12770	3525
12770	9149
12770	5587
12770	12769
12771	12765
12772	3525
12772	12767
12774	12773
12775	3789
12775	735
12778	1634
12778	10896
12778	6521
12780	12717
12780	6220
12781	5305
12782	1559
12782	8452
12782	9140
12785	775
12786	12672
12787	2761
12787	3664
12788	12787
12790	7401
12791	2053
12794	2053
12794	2043
12794	9407
12795	12792
12797	12796
12798	2761
12798	9310
12800	9036
12803	10966
12805	1321
12806	3553
12807	2824
12807	9674
12807	6615
12808	511
12808	9608
12809	327
12810	1166
12811	738
12814	5004
12815	1413
12816	1488
12819	5485
12819	10604
12820	9655
12820	2417
12821	5882
12822	9655
12822	12820
12822	2738
12823	10031
12824	5569
12824	12038
12826	766
12827	3714
12829	12055
12829	6229
12829	10496
12836	2943
12838	5607
12839	2694
12839	12809
12840	9871
12840	6955
12841	7188
12842	5974
12842	4654
12843	12842
12845	9565
12845	4729
12845	10746
12846	1012
12846	6027
12846	3951
12848	12845
12849	8862
12849	12790
12849	1857
12850	5033
12850	8236
12851	8236
12851	4813
12851	9321
12851	5052
12851	414
12852	1031
12852	347
12853	1031
12853	414
12853	12851
12854	2946
12854	2953
12854	2774
12855	3304
12857	1031
12857	10593
12858	9195
12861	2899
12863	12862
12865	5391
12867	4209
12873	6331
12874	11735
12875	12871
12876	6624
12878	12877
12881	9306
12882	10958
12882	12879
12882	5832
12883	9683
12883	2845
12885	12884
12886	5955
12886	4197
12886	5237
12887	8492
12889	6745
12889	9321
12893	4155
12894	1733
12895	9873
12895	12894
12896	4965
12897	10416
12897	10759
12898	9430
12898	8357
12900	6410
12900	2159
12902	12901
12904	3523
12904	7633
12904	3705
12904	302
12904	5467
12905	5963
12907	5041
12908	6269
12908	12906
12909	5963
12909	7485
12909	7517
12910	10055
12911	6897
12911	11846
12911	6164
12911	12020
12911	6899
12912	6269
12913	12910
12914	2046
12917	3646
12917	1436
12917	5785
12917	6065
12918	10697
12921	12920
12922	10697
12923	12918
12928	12919
12930	10699
12930	1371
12931	10699
12931	9570
12932	12921
12933	12921
12933	6729
12933	12932
12937	12265
12938	6703
12938	3467
12938	6445
12941	2712
12942	9715
12942	6408
12943	8767
12944	5363
12944	2231
12945	12944
12948	12946
12949	3877
12951	4696
12952	8442
12952	4396
12952	11348
12953	8442
12953	2423
12955	12954
12956	8628
12957	8628
12958	8628
12959	8444
12959	3577
12960	707
12961	5041
12962	9582
12963	11098
12964	6054
12964	6250
12964	12267
12965	9743
12965	5360
12966	1483
12968	12953
12969	12967
12970	3239
12970	1267
12972	3239
12972	1769
12972	8144
12973	12971
12975	2423
12977	7981
12978	8151
12979	10780
12980	7091
12983	12982
12984	12955
12986	7663
12987	10725
12990	10725
12991	7829
12991	4965
12996	7829
12997	12995
12998	7829
12999	2725
12999	10624
13000	7829
13000	12998
13002	8264
13003	13001
13004	12991
13005	4044
13009	13008
13010	2999
13011	10530
13011	1566
13012	9842
13012	806
13014	102
13015	5162
13018	2425
13019	1481
13019	1751
13022	4785
13023	10758
13024	13023
13024	10758
13025	3657
13025	5211
13025	735
13026	6494
13026	397
13026	5372
13027	4793
13029	13028
13030	1769
13030	7138
13032	7138
13033	10758
13035	10758
13037	13034
13038	13033
13039	13036
13042	8450
13046	5284
13047	5363
13048	5363
13048	13047
13050	13046
13052	1593
13055	9230
13056	13055
13057	9411
13059	3885
13059	3649
13059	2803
13062	12944
13062	2231
13062	5360
13063	6217
13063	5377
13065	6809
13066	11972
13066	10906
13067	13033
13068	13066
13069	8094
13070	13034
13073	13037
13074	4757
13074	8542
13075	2830
13075	4757
13077	13076
13079	2830
13079	2088
13080	2830
13080	13076
13081	2830
13081	10155
13082	502
13082	1397
13083	7005
13084	502
13084	619
13085	13083
13086	502
13087	836
13088	502
13089	502
13089	5759
13090	6729
13091	502
13091	13086
13093	9364
13094	2225
13094	10181
13097	13096
13100	13095
13101	9350
13101	5583
13101	9360
13101	8360
13103	9350
13105	13104
13106	3661
13106	3988
13107	9447
13107	6211
13112	2411
13114	3492
13114	5556
13114	13109
13116	12519
13119	13118
13120	8224
13122	7399
13123	12966
13124	13123
13126	555
13126	510
13126	9279
13127	12715
13127	12714
13129	4795
13129	12012
13130	3339
13130	3880
13130	3453
13134	13131
13136	13130
13141	13133
13143	5716
13144	3820
13145	690
13147	2596
13147	6606
13148	12007
13149	397
13149	251
13150	101
13151	6800
13151	2650
13151	299
13151	8927
13151	2893
13152	6800
13152	3885
13152	599
13152	5377
13153	6800
13153	2359
13153	6406
13153	5433
13155	13130
13155	3536
13155	12399
13156	816
13156	6407
13158	13156
13159	13154
13160	9070
13160	2180
13162	3439
13163	13161
13164	9761
13165	324
13166	5942
13170	5397
13171	4722
13172	100
13172	2808
13174	4820
13176	4820
13177	4820
13177	3815
13180	315
13181	8274
13182	13179
13182	12248
13184	9738
13184	10868
13185	7282
13185	9289
13187	1281
13189	8266
13189	380
13190	13189
13190	12945
13191	3502
13191	8931
13192	5635
13193	3183
13194	12964
13194	13189
13195	13194
13197	13195
13199	1749
13200	3166
13201	3166
13202	345
13203	7342
13204	3083
13204	6187
13205	6056
13206	5429
13207	6352
13207	825
13209	7181
13210	2086
13211	7522
13212	5042
13214	7412
13215	2334
13216	4721
13217	10969
13219	13218
13220	13217
13221	9701
13225	12261
13226	13224
13229	13228
13230	13228
13230	13229
13231	2333
13231	1118
13232	2333
13233	4602
13234	2333
13235	2085
13236	9651
13238	1472
13239	9775
13239	12640
13239	8337
13242	12640
13242	11652
13243	13241
13243	11638
13243	11399
13244	13240
13245	13240
13246	12641
13246	4637
13247	11652
13248	11652
13249	13243
13250	8337
13251	1064
13251	7026
13252	1064
13253	1064
13253	7305
13254	1064
13254	10681
13255	6791
13256	3819
13258	3819
13258	13256
13259	13253
13259	327
13260	9321
13261	1021
13262	13260
13263	1376
13263	12173
13265	6132
13265	12030
13265	2233
13266	1376
13267	9374
13268	137
13269	9651
13269	1794
13269	5773
13270	9850
13270	3715
13273	5262
13275	7026
13277	13270
13280	7026
13281	6079
13284	12000
13287	5000
13288	13287
13289	5844
13289	12819
13289	5887
13290	10983
13292	1022
13297	13253
13298	1692
13298	11358
13299	13293
13300	224
13300	4953
13303	13253
13303	5450
13303	7305
13306	13305
13308	1257
13310	1257
13310	5004
13311	6703
13311	388
13313	8110
13314	13311
13315	8747
13316	6054
13316	3361
13317	8438
13319	8627
13319	7304
13320	7452
13321	7131
13322	2895
13324	13323
13325	6513
13326	224
13329	224
13330	8583
13331	224
13331	6079
13331	7305
13332	224
13332	1490
13332	12121
13334	224
13334	9720
13337	13330
13338	7327
13340	13338
13341	13333
13344	10386
13344	13343
13346	6930
13348	836
13348	7118
13348	11046
13349	836
13349	340
13350	836
13351	836
13353	13352
13354	11957
13355	9666
13355	343
13356	11875
13357	4186
13358	6988
13358	8123
13359	6988
13360	7341
13360	2865
13360	2857
13361	7925
13365	7341
13366	9849
13367	9849
13367	13366
13368	6957
13371	8116
13373	2627
13373	11164
13375	10687
13375	2865
13376	10687
13376	10971
13377	10688
13378	13189
13380	5357
13380	11562
13381	10691
13381	12660
13383	7695
13385	4248
13387	7695
13395	13394
13396	8128
13397	7665
13397	6121
13398	7665
13399	7667
13401	11966
13402	13400
13403	7667
13404	7667
13404	5916
13405	7667
13405	13399
13406	6412
13406	12802
13406	6411
13407	7667
13407	10431
13407	13403
13422	13409
13427	13410
13429	13411
13430	13414
13431	13408
13434	10329
13435	13417
13436	13419
13437	13433
13438	13418
13439	9793
13440	6892
13441	3347
13443	3347
13443	9728
13444	3347
13444	5459
13445	2400
13448	10129
13450	2454
13450	634
13453	370
13455	2043
13456	6393
13459	2454
13459	1918
13460	13452
13461	13263
13461	12802
13462	13263
13462	12173
13463	13263
13463	13461
13466	6513
13467	7308
13468	7308
13469	13465
13470	3767
13470	6527
13470	2798
13475	1391
13476	2813
13476	9410
13476	9881
13477	327
13477	8827
13477	9949
13478	5896
13478	9949
13479	327
13479	9137
13479	10029
13481	9229
13489	13483
13490	13480
13492	13491
13495	5474
13496	4793
13496	7305
13496	3260
13497	3300
13498	4793
13498	10040
13499	2123
13500	4793
13500	4797
13501	5476
13509	2392
13512	7555
13513	13504
13514	13503
13517	13503
13519	13516
13520	13502
13521	6746
13522	13505
13523	1022
13523	1929
13523	5455
13523	2300
13525	1929
13525	4430
13526	6132
13527	6482
13527	11583
13528	457
13529	6482
13533	13532
13534	10752
13535	5979
13536	1601
13537	13146
13538	1601
13538	109
13538	4858
13540	705
13540	2911
13540	6727
13541	10200
13542	5982
13544	6011
13545	8985
13545	9358
13546	8556
13547	6652
13548	8847
13548	1433
13548	3464
13551	6241
13552	2796
13552	171
13553	3193
13553	723
13553	509
13554	7195
13554	12341
13555	279
13555	12256
13557	343
13557	10191
13558	346
13559	6218
13560	3669
13562	1473
13569	13566
13572	5640
13575	13565
13576	11348
13577	1939
13578	1477
13578	132
13580	13579
13582	6538
13584	2845
13588	13587
13589	5610
13589	5605
13589	11731
13591	5271
13591	2256
13591	5736
13592	1731
13592	6701
13595	2954
13596	2879
13597	6380
13598	1894
13599	1894
13599	13598
13600	12917
13600	3486
13603	4396
13603	3183
13603	10641
13607	13526
13608	13605
13609	1290
13609	4801
13609	3372
13610	1290
13611	6339
13612	13611
13613	8144
13614	5565
13615	6466
13615	13084
13616	1734
13616	9436
13617	10847
13617	9454
13619	13618
13619	6359
13620	3866
13624	995
13626	13621
13627	4844
13628	3076
13629	3076
13629	345
13629	7541
13632	13630
13634	1343
13634	11235
13634	629
13636	13635
13638	3459
13638	2390
13641	13639
13642	5488
13643	5641
13646	5869
13647	5995
13648	327
13649	11846
13649	13548
13649	6155
13649	6555
13650	6000
13650	3564
13652	6065
13653	6065
13654	5647
13655	3520
13659	2591
13660	13658
13660	8864
13661	2591
13661	1074
13662	2591
13663	13644
13664	6547
13665	2873
13666	1882
13667	5216
13667	5044
13669	7227
13669	13668
13670	6417
13671	6396
13671	4704
13672	3556
13674	12911
13675	8745
13676	5054
13676	6012
13677	6012
13678	6013
13678	6120
13679	3345
13681	12615
13683	13680
13685	622
13685	12106
13685	3282
13688	1517
13688	13684
13690	13689
13693	13687
13695	13694
13697	8124
13699	1179
13700	2606
13703	5269
13703	8499
13703	13702
13704	3378
13706	7737
13709	13696
13709	7737
13710	13705
13711	13709
13712	1563
13713	8806
13714	3363
13714	3125
13714	8965
13715	3363
13715	13714
13716	3363
13716	10611
13716	12338
13717	3363
13718	13370
13719	2055
13720	1379
13720	871
13721	13259
13722	10096
13723	10096
13723	13722
13724	10097
13724	8445
13725	10097
13725	13724
13728	13727
13730	5297
13730	10066
13731	2912
13732	1377
13732	1350
13733	2712
13734	1377
13734	4252
13735	1377
13735	3327
13735	2885
13738	10643
13738	3670
13739	8976
13743	10814
13744	3403
13746	13745
13748	2742
13751	5647
13751	5656
13752	2422
13754	13753
13755	2756
13756	1711
13757	8467
13757	3674
13758	8467
13758	1711
13759	6233
13760	8467
13760	6645
13764	13763
13765	5131
13766	5131
13767	9349
13770	12886
13770	4197
13774	1569
13776	13775
13777	12698
13780	707
13781	2245
13783	7547
13784	7540
13785	5001
13786	3087
13786	3384
13787	78
13787	6458
13788	80
13789	1900
13789	1906
13791	13790
13792	8646
13793	11928
13794	13792
13795	8646
13796	81
13798	5262
13799	83
13802	83
13805	13800
13805	11189
13807	5262
13808	84
13810	13809
13811	86
13811	11259
13812	86
13813	86
13813	13811
13816	7436
13817	13816
13818	87
13820	87
13820	494
13820	3301
13821	90
13822	90
13822	10333
13822	11169
13824	13823
13825	92
13825	3507
13826	92
13826	9612
13827	92
13827	13825
13829	6466
13829	7130
13830	96
13830	12244
13830	13829
13831	6458
13831	7674
13832	13811
13833	13811
13833	13832
13834	7227
13835	7227
13838	13837
13840	7227
13840	13834
13841	705
13841	690
13841	263
13841	3598
13843	5737
13844	2779
13844	1516
13845	3163
13845	7404
13848	3883
13849	280
13851	13850
13852	3322
13852	6398
13852	9035
13854	1500
13854	6387
13857	5675
13858	2274
13858	2310
13859	1166
13861	12380
13865	6859
13867	13866
13869	13868
13870	3783
13871	501
13872	10757
13875	13872
13875	6632
13876	1152
13877	8251
13879	2975
13881	13878
13882	2647
13882	8885
13883	2647
13883	13882
13886	8252
13887	8252
13889	13884
13890	207
13890	3207
13892	4588
13892	6982
13892	4836
13892	6014
13892	11947
13893	4224
13893	7037
13893	9305
13894	3183
13894	8847
13895	1479
13896	1479
13898	6110
13899	873
13900	2062
13901	2063
13903	12088
13903	9436
13903	13616
13904	12088
13905	6463
13905	9436
13906	2873
13910	2873
13910	13906
13911	13907
13912	8155
13914	13913
13915	13182
13916	723
13917	3664
13918	102
13918	9985
13919	7197
13919	5989
13920	1319
13921	5738
13922	4729
13922	12845
13923	4243
13924	4243
13924	1825
13925	1363
13930	6467
13930	6460
13931	1274
13931	5381
13932	6909
13933	5600
13935	5374
13935	7184
13935	6241
13936	13934
13937	5894
13937	5596
13941	8631
13946	13766
13947	4823
13948	10040
13949	1967
13949	13489
13952	5679
13954	4795
13955	6462
13957	1300
13957	5611
13958	10039
13958	360
13958	12059
13961	13960
13962	10039
13962	12053
13965	13548
13966	4689
13966	1397
13966	5723
13968	4689
13970	13967
13971	7197
13971	12014
13972	7197
13973	13919
13973	10191
13974	5374
13978	5896
13979	13977
13981	13980
13982	8942
13982	13978
13983	13975
13983	5170
13988	13987
13989	5380
13991	12025
13992	2039
13997	5900
14001	14000
14004	1963
14005	6909
14005	4729
14006	6909
14006	9879
14007	9874
14009	4729
14009	14005
14011	13936
14016	14010
14017	5600
14018	12097
14018	3453
14020	13939
14021	6439
14022	6427
14023	13958
14024	10743
14025	13965
14025	13548
14027	1951
14027	5187
14028	1951
14028	14027
14031	14029
14032	3523
14032	5076
14033	14030
14034	2795
14035	9862
14035	3341
14037	1892
14038	7633
14039	3151
14039	8448
14040	2871
14040	4147
14041	12911
14044	501
14045	11009
14048	14047
14050	9430
14050	6807
14051	2159
14051	501
14051	571
14053	11764
14054	8951
14055	304
14055	9881
14055	6518
14059	10115
14060	11015
14063	14062
14064	14061
14066	1467
14066	3716
14069	8936
14073	355
14073	6441
14074	7327
14075	3588
14075	8764
14076	3588
14076	6645
14078	10062
14080	14079
14080	11169
14081	10062
14081	14080
14082	12943
14083	12943
14084	5816
14085	12321
14086	2043
14089	5118
14090	5118
14090	13450
14091	5118
14091	14089
14092	13765
14093	12016
14093	6729
14094	13766
14096	11235
14096	241
14097	8286
14097	9526
14097	14076
14098	14097
14098	9572
14099	8286
14100	14097
14100	14076
14105	12456
14106	7233
14108	7229
14109	7229
14110	7229
14111	13378
14112	14107
14113	7229
14113	14108
14115	14114
14116	12949
14119	7925
14120	14118
14121	14119
14123	7241
14124	8128
14125	2417
14125	9921
14125	6857
14126	2417
14126	12820
14130	11338
14132	4639
14133	11372
14134	12041
14137	14129
14138	11372
14138	1539
14139	14132
14140	14128
14142	11372
14142	2411
14142	372
14143	11372
14143	6500
14143	832
14144	11372
14145	14139
14149	1769
14150	1769
14151	1769
14151	14149
14152	12007
14153	9921
14154	9921
14154	13479
14154	8419
14154	13685
14157	9135
14157	1954
14158	12007
14158	10371
14161	14159
14164	1670
14165	3130
14166	14149
14167	293
14168	13524
14172	12667
14173	11945
14175	11949
14178	7171
14179	7170
14180	12384
14182	12030
14184	12384
14185	12031
14187	8228
14187	14183
14188	7158
14190	327
14190	2047
14190	335
14191	14189
14192	5930
14194	14193
14195	6137
14196	13330
14198	6132
14199	14197
14201	5981
14202	1004
14204	9139
14205	1772
14208	10292
14209	7206
14210	12286
14211	297
14211	319
14211	336
14213	14212
14214	9320
14218	9936
14225	6668
14225	6524
14225	9551
14226	248
14226	2214
14228	14223
14229	11162
14231	3078
14232	14230
14233	1573
14235	14234
14239	5418
14241	12025
14244	12869
14247	1074
14247	7445
14248	1074
14248	1853
14250	6466
14253	327
14253	6618
14255	14254
14258	3302
14258	10248
14258	3455
14261	327
14261	3322
14262	14251
14264	13611
14264	6339
14264	7034
14266	14265
14267	692
14268	8850
14268	5590
14269	8850
14270	8850
14270	14268
14271	11594
14272	4813
14272	5269
14272	13703
14273	1962
14274	8315
14275	3192
14275	12257
14277	283
14277	263
14278	307
14279	12472
14279	5837
14281	6121
14283	6121
14284	14280
14285	2289
14286	1853
14286	6619
14286	13189
14288	13371
14293	3552
14293	3082
14294	10963
14295	8136
14296	3370
14298	14297
14299	10335
14302	14301
14303	6142
14304	8136
14305	4808
14306	4810
14309	13156
14309	6407
14310	14309
14312	14311
14314	994
14314	4233
14314	7504
14315	1853
14315	14286
14316	10343
14318	4542
14319	7925
14320	3056
14321	5238
14322	4772
14324	4772
14324	4773
14325	4772
14325	14322
14327	12519
14327	11912
14327	7037
14329	2246
14329	7535
14331	14330
14332	4433
14332	14278
14334	10788
14335	14333
14336	6449
14337	7944
14337	3878
14338	1008
14339	3296
14340	3082
14343	3082
14346	6596
14348	14347
14349	6684
14350	14090
14352	14351
14353	14314
14356	1360
14356	11110
14357	1360
14358	1360
14358	5157
14360	410
14362	10756
14366	4779
14367	14365
14371	10333
14371	10896
14371	9521
14371	11643
14372	14370
14372	14138
14373	12768
14377	14376
14378	3553
14378	690
14378	3561
14379	10430
14380	5872
14382	6446
14384	5872
14384	9520
14386	11544
14387	14385
14388	3580
14388	5913
14390	2451
14391	2451
14391	14390
14392	5877
14393	1972
14399	14398
14401	14400
14403	6216
14403	8517
14403	5260
14404	6405
14405	4822
14406	2724
14409	2933
14411	6577
14411	14407
14412	6577
14412	3686
14412	8748
14413	2961
14413	9735
14414	6580
14415	2735
14415	6934
14416	2735
14418	2735
14419	6840
14420	2735
14420	8963
14422	6582
14422	6103
14423	13508
14425	12790
14427	14426
14427	13574
14429	14428
14431	14430
14432	1559
14433	6585
14434	3147
14435	1695
14436	1695
14436	8630
14436	10161
14436	3084
14436	13617
14437	1695
14438	1695
14438	14437
14440	8565
14441	14436
14445	14436
14445	13617
14446	10936
14447	14436
14448	14436
14448	10936
14448	14315
14449	14315
14450	10936
14454	4938
14456	1684
14458	810
14459	810
14460	810
14461	388
14462	3418
14463	3282
14463	5841
14464	5240
14465	9227
14466	6879
14469	10861
14470	3248
14471	8583
14473	1464
14474	870
14474	5374
14474	5887
14475	1428
14475	768
14482	14476
14484	3354
14485	5909
14486	1356
14487	1356
14487	13817
14487	14486
14488	1356
14488	2836
14489	1480
14489	1475
14493	406
14494	1699
14495	14492
14497	14496
14501	1711
14501	14498
14503	1711
14507	173
14508	1528
14512	6019
14512	4224
14513	1721
14515	1721
14516	1721
14516	14515
14517	8308
14519	2817
14520	10389
14520	978
14521	3598
14522	3598
14523	4134
14523	8794
14524	13247
14525	11337
14527	4847
14530	7820
14531	14529
14532	2683
14533	4807
14534	3988
14535	13106
14537	6131
14538	14536
14540	14539
14542	8261
14543	5573
14544	4263
14545	4263
14545	14544
14546	10903
14547	10903
14547	6984
14548	6676
14549	6676
14549	5262
14551	8128
14552	14550
14552	14551
14553	3385
14554	10905
14554	8302
14555	7771
14556	7771
14558	7771
14559	7771
14559	14555
14561	14556
14562	7771
14563	12569
14564	14560
14565	7771
14566	4265
14566	4266
14568	8076
14570	14569
14573	9454
14573	14572
14574	9563
14575	14571
14576	9563
14577	5834
14578	2962
14578	900
14578	10014
14583	6619
14585	9772
14586	3007
14587	12249
14589	9724
14589	12248
14590	3520
14591	2020
14592	2020
14592	14591
14593	157
14595	12193
14595	9724
14597	7095
14597	10641
14597	11925
14598	11925
14600	7070
14601	7095
14602	7095
14602	14597
14603	6019
14604	4588
14604	6155
14605	7094
14607	4589
14609	14606
14610	9834
14610	8379
14611	9834
14612	9303
14613	13687
14615	14613
14617	9441
14617	10882
14622	12009
14625	5612
14626	4823
14626	4142
14627	4703
14627	1959
14628	3669
14628	6409
14629	5374
14629	6392
14630	12055
14630	5635
14631	12386
14632	8974
14633	14626
14634	2813
14637	927
14639	14638
14641	3884
14642	9445
14644	2926
14644	4018
14645	2926
14645	3940
14646	12384
14647	8647
14648	634
14649	634
14650	634
14651	634
14651	14649
14652	634
14652	13450
14654	5640
14655	9872
14655	9874
14655	7615
14656	8922
14658	6355
14662	14659
14668	14667
14669	1339
14671	486
14671	8461
14671	7145
14673	486
14674	486
14674	6357
14674	9392
14675	4224
14675	7097
14675	12139
14676	4248
14677	4248
14677	13387
14680	4260
14680	3146
14682	14681
14683	12519
14683	9462
14684	6977
14684	9047
14684	14207
14685	6977
14686	6862
14690	14689
14692	12029
14695	14693
14696	14684
14697	1316
14697	7880
14698	9462
14700	9462
14702	9465
14702	13926
14704	9462
14704	14698
14708	14705
14709	14702
14710	6981
14710	1348
14710	12029
14712	11359
14714	11359
14714	14712
14715	11359
14716	11361
14717	11361
14718	10058
14718	4631
14720	4842
14721	13887
14722	6033
14722	14721
14723	4842
14724	11367
14725	8135
14726	9321
14727	883
14728	2728
14732	501
14734	8817
14734	5262
14737	2211
14740	14739
14741	14733
14742	10028
14742	14737
14743	3472
14746	2741
14747	14745
14749	14748
14753	13554
14754	12112
14754	14089
14755	885
14756	673
14756	1962
14757	10810
14757	12877
14758	2769
14758	8506
14758	6390
14758	5364
14759	2769
14760	3426
14761	8608
14761	6627
14762	3703
14763	13825
14763	7792
14764	9823
14765	9823
14765	3863
14765	8110
14765	10910
14766	8757
14766	626
14766	9035
14767	8756
14767	7271
14769	8110
14769	14768
14773	14772
14774	6964
14775	11236
14778	5359
14782	14781
14783	12244
14783	8518
14784	7657
14785	7657
14785	8155
14786	7656
14786	11380
14786	14783
14786	12244
14787	14508
14787	1611
14789	5912
14791	5257
14792	1579
14792	7838
14793	3528
14793	1518
14793	6278
14795	550
14796	12169
14799	14798
14800	2943
14801	518
14801	5741
14802	3063
14802	14801
14803	9279
14803	2774
14804	4816
14806	14805
14807	12424
14808	5045
14808	11151
14809	3680
14810	3680
14810	14809
14811	9495
14812	6229
14812	14089
14812	5305
14813	8504
14814	5877
14817	8511
14825	14824
14826	360
14826	1433
14826	13548
14827	360
14827	5467
14828	3254
14829	509
14830	3863
14831	5944
14833	636
14833	1527
14834	8520
14839	14837
14842	615
14843	1810
14844	6226
14845	615
14845	14842
14847	8110
14848	14846
14849	8110
14850	14846
14850	421
14850	6746
14851	7880
14855	14854
14856	9551
14856	6973
14857	10910
14857	10181
14857	13094
14858	13311
14858	13314
14858	13462
14859	406
14861	14860
14863	6683
14864	6683
14864	14863
14866	2932
14867	1731
14868	1918
14868	3571
14871	14869
14872	14870
14873	7884
14874	4033
14875	7886
14876	7886
14877	7886
14877	14876
14878	7927
14880	12080
14881	5212
14882	6925
14883	7941
14883	7976
14884	4270
14885	4270
14885	14884
14886	5368
14888	14812
14891	11019
14892	626
14894	4631
14894	10327
14896	14895
14897	4633
14898	4633
14898	14897
14899	4638
14900	11333
14903	14902
14905	3791
14905	12326
14906	7846
14907	171
14907	6795
14907	6797
14911	480
14911	14910
14913	8563
14914	1589
14915	14912
14918	14916
14920	5536
14923	8227
14924	14921
14925	9437
14926	3327
14926	3323
14926	9225
14927	5509
14928	5511
14929	5511
14929	14928
14931	14930
14933	962
14936	4924
14937	4924
14939	14937
14940	14939
14941	4937
14942	4937
14942	14941
14945	9518
14953	14944
14955	4940
14960	14959
14963	4940
14964	14947
14965	14949
14966	14950
14967	14962
14968	14948
14970	14969
14971	14951
14972	9805
14974	13437
14975	14943
14976	10295
14978	14946
14979	14977
14981	14956
14982	406
14983	14719
14984	14954
14985	14952
14986	14957
14987	14980
14988	4998
14988	5029
14988	3849
14988	5040
14993	14992
14995	9163
14997	1408
14998	522
14999	6556
15007	8613
15008	4960
15009	9421
15010	4960
15010	1909
15011	4960
15012	10779
15013	3511
15013	3514
15014	4968
15015	4970
15016	4971
15016	284
15017	4971
15017	15016
15019	15018
15023	15022
15025	5280
15028	10506
15029	15026
15030	4996
15033	6049
15034	1320
15034	12098
15035	4981
15038	15036
15039	10714
15040	5008
15042	6798
15043	6192
15043	15040
15047	15046
15049	5006
15051	2628
15055	15054
15058	2123
15060	15025
15060	9049
15060	14180
15063	5559
15064	14929
15065	3063
15066	4994
15066	1346
15068	4994
15068	15066
15069	5000
15069	13287
15072	5002
15074	5002
15074	15030
15075	5002
15076	5002
15076	15072
15077	5002
15077	15026
15079	15078
15080	5031
15081	3886
15081	2065
15081	6432
15083	15082
15085	5038
15085	11289
15086	5049
15087	5049
15087	8518
15087	5941
15087	15086
15088	10814
15089	5052
15089	3715
15089	5346
15090	5060
15090	9180
15091	5060
15092	6047
15093	5068
15093	6721
15096	5068
15096	12264
15097	9366
15099	5999
15100	14085
15101	11439
15102	199
15103	199
15105	13738
15106	8321
15111	10643
15113	15107
15114	15110
15119	15118
15121	12370
15122	12370
15122	15121
15124	15123
15125	9410
15128	2782
15128	8359
15130	2712
15131	15129
15133	3322
15135	15134
15136	3322
15138	15137
15139	3571
15140	6359
15140	6500
15141	6359
15142	1514
15143	6359
15143	15141
15144	14406
15148	6651
15148	13062
15152	2800
15152	11671
15154	811
15155	3416
15155	3456
15158	12877
15160	10359
15162	3488
15163	6859
15164	3491
15164	6441
15167	15166
15171	15166
15172	15169
15173	15168
15174	2589
15177	409
15180	3879
15180	12880
15180	11150
15181	2589
15186	15183
15191	15176
15191	9141
15193	11137
15194	15093
15194	11951
15200	11832
15201	7471
15203	15202
15204	1826
15206	11671
15207	15206
15209	9702
15209	15197
15212	9103
15218	15217
15219	11169
15220	15184
15220	3728
15223	14798
15224	15186
15227	15226
15230	10422
15231	5611
15231	1269
15232	3405
15234	6390
15234	12819
15235	1954
15236	5904
15236	12095
15239	13520
15240	15238
15241	3248
15241	3258
15244	3949
15246	346
15247	3692
15248	8856
15248	666
15249	559
15250	10776
15250	8431
15252	8384
15253	10776
15254	1326
15258	2745
15259	11169
15259	15257
15260	14860
15261	572
15261	1054
15262	14734
15262	5262
15262	9432
15263	10960
15264	518
15265	518
15265	1665
15266	1946
15270	5912
15271	345
15272	5358
15273	9867
15277	15275
15278	5477
15278	14798
15278	11024
15278	15220
15278	15222
15280	6353
15281	15279
15284	6404
15285	209
15285	216
15287	6721
15287	14256
15289	15288
15290	15287
15291	5397
15291	1973
15299	15233
15303	6732
15304	9262
15305	5485
15305	10595
15307	8625
15308	13825
15310	14164
15310	1670
15311	755
15311	797
15312	11335
15314	15313
15315	1857
15316	6078
15318	15317
15320	2524
15321	10383
15322	12125
15323	10386
15327	1378
15329	11155
15329	12703
15330	1384
15333	15332
15335	2483
15335	10365
15336	15326
15337	15327
15337	2219
15338	15328
15339	15328
15339	15338
15340	8970
15342	6744
15343	5998
15344	6656
15349	15348
15350	6153
15351	2900
15351	2739
15354	12815
15355	4125
15361	15360
15364	6727
15364	11564
15365	4129
15366	6779
15368	6782
15368	6783
15368	9089
15368	2034
15369	6783
15371	1729
15372	1729
15374	15373
15375	297
15375	15373
15377	8325
15378	1751
15382	13679
15384	934
15384	8956
15385	11380
15385	13066
15386	13731
15388	11380
15390	10800
15391	13066
15393	12151
15395	11382
15395	15390
15396	15388
15397	15389
15397	3686
15397	5942
15397	1457
15399	15398
15401	14786
15402	14786
15403	15400
15404	14786
15405	14786
15405	15402
15407	14786
15408	15398
15409	15398
15409	15408
15410	8094
15412	15406
15412	11255
15413	4530
15413	6989
15415	15414
15417	4706
15418	4706
15418	15417
15419	3371
15420	3371
15421	4716
15421	4717
15424	15423
15428	4729
15429	1304
15429	8466
15431	15430
15432	5676
15433	5885
15433	5582
15434	9772
15436	3147
15436	8124
15438	6738
15439	7108
15440	11975
15442	15441
15443	13829
15446	12633
15448	10788
15450	15447
15451	15445
15452	13758
15453	8490
15453	6187
15453	13584
15455	6187
15457	10560
15457	10570
15458	3662
15458	13893
15458	962
15458	5591
15459	9470
15460	11256
15461	11241
15462	11241
15462	15461
15463	10896
15463	1650
15464	10896
15465	2825
15466	9674
15467	14648
15472	8920
15474	15473
15476	3323
15478	15477
15480	9528
15481	15479
15482	6424
15483	8171
15484	1872
15485	8461
15485	14671
15489	10713
15490	10713
15490	15489
15491	12994
15491	6425
15492	11553
15493	6424
15494	6424
15494	15493
15494	14717
15495	15482
15495	11255
15496	15482
15496	15495
15498	15497
15499	10168
15500	10168
15500	15499
15501	14076
15504	7871
15504	15501
15505	10636
15508	10636
15508	15505
15510	15509
15512	15511
15513	4774
15513	7814
15514	9285
15515	10117
15517	10299
15517	5940
15518	15516
15519	10299
15521	11942
15522	11840
15523	9407
15523	12794
15524	13314
15525	12519
15526	12519
15527	12519
15527	15525
15531	15530
15532	11368
15535	6675
15536	10818
15536	10624
15537	3316
15538	6233
15540	6233
15543	13783
15544	14208
15545	15544
15548	14207
15549	6233
15550	3503
15550	3732
15553	2507
15554	6413
15554	6412
15555	15554
15556	15552
15557	1266
15558	2346
15558	10491
15559	10741
15559	9100
15560	8886
15562	8886
15562	11172
15565	8886
15566	15564
15567	15561
15568	8886
15568	15565
15570	8886
15570	15560
15572	2346
15574	15571
15575	8494
15576	15558
15576	10491
15577	6866
15578	6870
15579	12798
15580	13338
15580	12288
15582	6619
15583	15581
15586	6619
15587	6619
15587	7107
15588	11818
15589	2711
15589	5224
15590	11821
15591	11821
15592	11821
15592	15591
15593	1540
15594	1554
15595	1555
15595	5783
15597	12735
15600	15599
15602	15601
15604	6738
15604	5572
15605	953
15606	6002
15607	6002
15607	11659
15608	3060
15610	3094
15611	7347
15614	8532
15617	1246
15621	13572
15622	2392
15622	13511
15627	12285
15628	6231
15629	6231
15630	11091
15632	1078
15634	1358
15636	6847
15636	2525
15638	5723
15638	14792
15639	15637
15640	5723
15640	15638
15641	6852
15642	6805
15643	6805
15643	15642
15644	1401
15646	10137
15648	10160
15649	15647
15650	11765
15653	5557
15655	5602
15656	13259
15657	1946
15658	12910
15661	15660
15662	8207
15663	15662
15664	5738
15664	13921
15665	2310
15665	8920
15669	3879
15669	6283
15671	3879
15672	3879
15672	7154
15673	3879
15674	15670
15675	2782
15675	6270
15676	8765
15677	2935
15677	2933
15679	15678
15680	10968
15681	10968
15684	9841
15685	6103
15686	6747
15686	15685
15687	8764
15688	6325
15688	10521
15689	6325
15689	6598
15690	6325
15691	6325
15692	10398
15694	15693
15695	11721
15696	1346
15697	14700
15700	13926
15700	3381
15701	12019
15702	8806
15703	9428
15703	15702
15707	11603
15708	11676
15709	9296
15710	5634
15711	5634
15711	15710
15713	15712
15714	2069
15718	5119
15719	13455
15720	8813
15720	12877
15724	1288
15725	899
15726	8131
15728	15727
15729	410
15733	10638
15733	2450
15734	9571
15735	9571
15735	15734
15737	4163
15738	5197
15738	5164
15739	9850
15739	13270
15740	5759
15741	12992
15742	2285
15742	11968
15742	15463
15743	15463
15743	15742
15744	12932
15745	11583
15745	14287
15749	11583
15749	15746
15750	3656
15752	6216
15752	8327
15754	15753
15755	9818
15756	3726
15757	3726
15757	2710
15757	15756
15769	15768
15770	5362
15770	9703
15771	4854
15772	6952
15772	9410
15772	712
15775	15774
15776	9874
15776	14007
15778	5516
15779	1487
15780	1487
15781	15780
15784	7818
15785	5185
15786	7818
15786	15784
15787	1248
15791	11178
15793	11913
15795	631
15795	14671
15796	14686
15798	1447
15799	1041
15800	1600
15801	13614
15801	8560
15804	12554
15805	14694
15808	15807
15809	6466
15809	13615
15812	14208
15813	14207
15814	10745
15814	7925
15815	5213
15816	9835
15818	5645
15822	13529
15822	4139
15823	3775
15825	9242
15826	8515
15826	2122
15826	12665
15826	14133
15826	15490
15830	3381
15830	5367
15831	8517
15831	4115
15832	5178
15833	5178
15833	15832
15834	610
15835	390
15835	11132
15836	1798
15836	5562
15838	12098
15838	1682
15840	15839
15841	1819
15842	1819
15842	15841
15843	1283
15844	2122
15845	1825
15847	1679
15849	205
15850	10275
15852	205
15853	205
15853	15852
15856	896
15857	9744
15858	3120
15858	3121
15860	2694
15861	2694
15862	2694
15863	2694
15863	15862
15864	2694
15864	6470
15865	15859
15866	2694
15866	15864
15867	2694
15867	15860
15868	6249
15871	15870
15875	15874
15879	11440
15880	15869
15881	15878
15884	15879
15885	15872
15889	9522
15890	15871
15891	9549
15892	10330
15892	10034
15893	10330
15894	15893
15895	10034
15898	1958
15898	3182
15899	3598
15900	3598
15900	15899
15901	3506
15903	15902
15905	1412
15905	2999
15908	15907
15909	9713
15910	3003
15910	8635
15913	15911
15914	12294
15915	6074
15915	2308
15918	2453
15919	14415
15920	6441
15922	1079
15927	15926
15928	3191
15929	13548
15929	13649
15930	13548
15931	3981
15931	3979
15932	5297
15933	5297
15933	13730
15934	5297
15934	15932
15936	15935
15937	1630
15938	7091
15938	10635
15938	15486
15940	6129
15940	14349
15941	14812
15941	9999
15942	2244
15944	12627
15945	768
15946	8729
15947	5825
15947	5259
15948	5463
15948	809
15948	6155
15949	5463
15949	12399
15950	8729
15950	2749
15951	8729
15951	8359
15952	13197
15953	3656
15953	3668
15954	5259
15954	8927
15955	8928
15955	6055
15956	5826
15956	7433
15957	345
15961	9387
15964	5557
15965	15963
15966	4388
15967	2379
15967	5595
15970	15968
15974	15015
15975	7330
15975	7351
15976	7330
15976	11715
15976	11562
15979	7087
15980	15978
15985	782
15987	10663
15989	8170
15989	10977
15990	8170
15991	8170
15994	5969
15995	12139
15995	3300
15996	3728
15997	3728
15997	15220
15998	6044
15999	6044
15999	11676
16000	11735
16002	11177
16002	13184
16003	1125
16004	4795
16004	13954
16005	4795
16007	13869
16008	4795
16009	4795
16009	14377
16009	16008
16010	16007
16012	16011
16014	694
16014	11325
16015	806
16018	4118
16019	4118
16019	16018
16020	13330
16020	14195
16026	9245
16027	7001
16027	2710
16028	7001
16029	8091
16030	8091
16030	16029
16031	4757
16036	2826
16037	8096
16038	8096
16038	16037
16039	6982
16043	3755
16045	16040
16046	16041
16050	16042
16051	16049
16053	16052
16057	16047
16058	16048
16059	3755
16060	13348
16060	7118
16061	6868
16061	8210
16063	16062
16066	12378
16068	8583
16068	9282
16070	13332
16071	1489
16072	12246
16072	16071
16073	1489
16073	7305
16073	16071
16074	13336
16075	13336
16076	13336
16076	16075
16078	16077
16082	6079
16085	16080
16086	16082
16090	16089
16091	16090
16092	16090
16092	16091
16093	2095
16095	10895
16095	1282
16095	1287
16096	10895
16097	15024
16099	388
16100	388
16102	388
16103	16098
16104	7541
16105	5871
16106	4395
16107	16105
16108	15639
16109	6055
16110	6055
16110	16109
16111	10494
16113	9095
16119	16118
16121	16120
16122	1328
16123	1348
16123	9245
16125	5327
16128	16127
16130	16129
16132	6595
16133	16131
16136	10365
16136	15335
16137	10365
16137	11041
16137	3282
16138	6347
16139	6347
16139	16138
16141	5879
16142	7351
16142	7352
16145	14604
16146	14604
16147	14604
16148	14604
16148	16147
16149	5514
16150	5514
16150	16149
16152	13893
16152	14181
16153	13893
16155	11257
16156	11257
16157	11257
16157	16155
16158	512
16159	14254
16160	9056
16161	16159
16162	5871
16163	5871
16163	16162
16164	5871
16165	5871
16165	16164
16166	6615
16166	6074
16166	10777
16166	15915
16166	9041
16167	12221
16167	12222
16168	11645
16168	6816
16168	10478
16169	6816
16172	16171
16174	2038
16176	6168
16177	6168
16177	16176
16178	1020
16179	1020
16179	16178
16180	1020
16182	1641
16182	587
16186	11150
16187	3543
16190	16188
16192	16189
16195	8872
16197	10481
16197	11151
16198	10481
16200	11149
16200	11161
16201	1294
16202	6788
16205	13217
16206	6445
16206	9632
16207	9388
16207	9383
16208	3537
16210	7785
16212	13050
16214	6837
16215	6837
16215	16214
16221	16220
16222	7150
16224	16223
16225	7113
16225	16223
16227	15492
16230	8431
16231	8431
16232	8431
16234	16228
16235	15250
16236	8153
16237	7326
16238	15690
16239	9133
16240	10184
16243	7370
16243	5587
16244	1159
16244	3512
16246	1210
16247	16245
16248	1974
16248	10752
16248	13922
16250	5599
16251	7785
16251	3457
16254	14610
16255	15822
16255	4139
16256	10327
16257	2964
16259	16258
16260	6253
16261	7544
16264	16263
16267	14406
16268	2689
16268	11200
16272	16269
16273	2695
16274	2695
16276	16275
16278	16277
16279	16270
16280	6025
16281	5939
16282	6025
16283	9035
16283	10706
16283	9397
16283	11828
16284	9035
16284	15139
16285	9035
16285	16283
16287	9035
16287	14766
16288	9035
16288	8920
16288	15138
16290	7944
16291	7944
16291	16290
16292	7987
16294	16293
16295	7555
16296	7513
16297	15597
16299	16298
16300	16298
16300	16299
16302	16301
16303	3254
16304	7981
16304	12977
16305	1973
16306	7935
16307	7954
16308	2479
16310	7970
16311	16309
16313	16312
16315	13476
16316	9041
16316	9888
16317	9041
16318	10966
16319	10966
16320	9626
16322	1205
16330	16328
16332	16331
16333	8136
16334	8136
16334	16333
16335	8136
16336	8137
16336	8141
16337	5844
16338	11230
16340	11232
16341	11232
16343	16338
16344	16342
16345	14133
16346	16345
16347	3566
16348	12145
16350	16349
16351	15733
16352	6415
16352	6412
16353	5916
16356	13189
16356	14286
16357	13189
16358	13189
16361	13189
16361	16358
16362	6682
16362	6623
16362	12288
16363	6685
16366	16364
16367	10332
16368	10332
16368	16367
16369	5940
16370	3787
16372	813
16372	932
16373	8920
16375	8921
16376	8921
16376	16375
16376	9421
16377	6380
16377	12107
16378	6380
16378	16377
16380	8327
16383	16382
16384	12744
16388	12745
16391	12745
16392	16389
16393	9599
16394	9599
16394	16393
16395	2529
16397	8436
16398	12411
16398	7893
16399	12411
16399	12484
16400	11609
16401	9544
16402	7541
16403	7541
16404	7541
16405	7541
16405	16404
16406	4388
16406	15823
16408	16407
16409	8077
16410	8790
16411	1527
16414	7152
16415	15495
16418	12956
16419	2412
16422	10863
16424	10863
16425	1587
16426	5944
16427	15063
16428	16060
16429	16427
16430	6784
16433	16100
16435	11068
16436	11068
16436	14860
16437	7269
16437	1690
16443	16441
16445	11201
16448	16273
16449	16273
16452	16451
16453	16273
16453	16448
16454	11211
16460	16458
16463	16427
16463	16462
16464	2078
16464	5581
16464	2808
16466	3160
16467	132
16467	7167
16468	12910
16469	6890
16470	6890
16470	16469
16471	6744
16472	16060
16473	659
16474	2412
16475	15063
16477	16476
16478	1420
16480	16479
16481	1420
16482	7039
16483	768
16485	9879
16485	5305
16485	14006
16486	5227
16488	5227
16488	2071
16489	16487
16493	16490
16494	12917
16494	13600
16495	7904
16495	4028
16496	14018
16497	14527
16498	9747
16499	7037
16501	12020
16502	12022
16504	12022
16505	16503
16506	12022
16506	16502
16507	12022
16507	16504
16508	12023
16509	16256
16510	6038
16511	12045
16511	12047
16512	2893
16512	6987
16513	215
16513	2440
16514	2256
16515	5932
16516	5932
16516	16515
16517	13640
16517	14192
16518	13629
16519	3671
16521	3878
16521	10762
16524	16523
16525	12809
16527	119
16528	119
16528	16527
16529	481
16530	4572
16531	13174
16532	13174
16532	16531
16533	12911
16534	11479
16536	16535
16538	16537
16540	10560
16546	16542
16551	11659
16563	16562
16564	11659
16564	15607
16565	10578
16565	6827
16565	11381
16567	391
16569	16568
16571	391
16572	16570
16573	16321
16574	4363
16576	16575
16577	3835
16577	3840
16578	11088
16581	16579
16583	5560
16584	16582
16586	170
16588	16587
16590	13699
16591	5790
16592	7737
16593	6987
16593	16512
16598	16593
16599	6987
16600	9375
16601	3378
16607	12083
16608	747
16609	314
16612	315
16613	8338
16614	4644
16617	14671
16618	10017
16619	10022
16619	11830
16620	1110
16622	16621
16623	12471
16624	12471
16624	14279
16625	3241
16625	3254
16629	12059
16630	13231
16631	11183
16632	11930
16633	5982
16637	16636
16637	14997
16638	2999
16638	15905
16639	12345
16640	6884
16641	7292
16641	8255
16642	12037
16643	7517
16643	7638
16644	7517
16651	16646
16652	15245
16653	1902
16654	1902
16654	16653
16655	9658
16656	10641
16657	1891
16657	9418
16658	13816
16659	6319
16660	11348
16661	11348
16661	10767
16663	13699
16664	874
16666	16665
16667	4028
16667	11621
16668	4028
16668	16667
16669	16570
16673	12597
16675	16674
16676	14245
16679	13298
16684	5753
16686	10209
16687	16685
16688	6534
16691	6534
16691	16688
16692	6426
16696	16693
16697	16695
16698	16257
16701	8542
16702	1626
16706	16704
16708	10882
16708	13635
16709	14617
16710	13635
16710	14320
16712	13635
16715	16714
16716	16713
16718	16233
16719	15023
16720	16233
16725	15374
16727	16726
16731	8557
16732	16730
16734	16733
16736	14617
16737	13184
16737	1584
16738	15259
16739	6074
16741	12705
16748	9954
16749	2851
16756	16755
16757	13014
16758	2856
16758	2859
16758	1909
16759	2856
16760	2863
16761	11311
16765	16764
16766	9187
16767	3519
16767	16187
16770	13014
16771	10210
16777	16774
16778	5072
16779	7837
16779	3282
16780	16402
16781	16404
16784	16782
16786	16785
16790	7513
16791	7443
16792	7443
16792	16791
16793	494
16794	494
16794	16793
16795	494
16795	13820
16796	1637
16797	12330
16798	1925
16799	1925
16799	16798
16803	16801
16805	16804
16806	3664
16806	12892
16807	6756
16808	6747
16808	15686
16810	10522
16813	11735
16814	1517
16817	2781
16818	12877
16819	12877
16819	16818
16821	16816
16824	16823
16825	11599
16828	16827
16830	11255
16830	3623
16831	10191
16831	4783
16834	6784
16835	6784
16836	6784
16836	16834
16837	10139
16838	10139
16838	16837
16839	1948
16839	6351
16840	2624
16841	2513
16842	2513
16842	16841
16843	15034
16845	16844
16847	16846
16848	14867
16850	10765
16851	1954
16851	8519
16852	9951
16853	15245
16854	9949
16855	10153
16856	13997
16857	8576
16858	8576
16859	8576
16859	16857
16861	9153
16861	15938
16863	16862
16864	6017
16865	6017
16865	16864
16866	11028
16873	16871
16874	13019
16875	16867
16876	16867
16877	16867
16877	16876
16880	2792
16883	15250
16884	14658
16885	14658
16885	16884
16887	16886
16888	15688
16889	12765
16891	16236
16892	9132
16893	9132
16893	16892
16894	8152
16894	8153
16894	14789
16895	6722
16900	16897
16902	12662
16903	8774
16904	6623
16905	5879
16905	15346
16906	13869
16906	16007
16907	6596
16908	13698
16909	11593
16910	14650
16911	5903
16912	1326
16913	12801
16914	13462
16915	12001
16916	12001
16916	16915
16917	11356
16918	12001
16920	6650
16921	10033
16922	10033
16922	16921
16923	7034
16924	11643
16925	11643
16925	11386
16926	7851
16927	7851
16928	6815
16929	1079
16930	13921
16931	15132
16932	15133
16934	16933
16935	16933
16935	16934
16935	16625
16936	7784
16936	10346
16942	9639
16945	16944
16948	16947
16949	11720
16951	15256
16952	11720
16953	8931
16956	16955
16957	16954
16959	11396
16959	6984
16959	15874
16960	11399
16961	11399
16964	11399
16964	16960
16965	16963
16966	11400
16967	11403
16968	11403
16968	16967
16972	16970
16973	9487
16974	14787
16974	1611
16976	16975
16977	5921
16978	5928
16978	16977
16979	1517
16980	16423
16983	1517
16984	6457
16985	6457
16985	16984
16986	10337
16986	6827
16986	14119
16987	10337
16989	10337
16990	10337
16991	6827
16993	1915
16994	10389
16995	1269
16995	15231
16997	10755
16998	10755
16999	12765
17000	10755
17000	16998
17003	10059
17004	8035
17006	6550
17008	17005
17011	15905
17014	17012
17015	12229
17016	14052
17017	12221
17017	15825
17018	12221
17018	17017
17019	12221
17019	16167
17020	5224
17021	7448
17024	8806
17026	15727
17028	1271
17028	14143
17031	17024
17032	8809
17033	8809
17033	17032
17035	17034
17036	6234
17037	8864
17039	3752
17040	3752
17041	7123
17042	8267
17044	17043
17045	17043
17045	17044
17047	5076
17048	5305
17048	16485
17049	5540
17050	12288
17052	12290
17054	17051
17055	12293
17057	17056
17059	11636
17060	1169
17062	1169
17062	17060
17065	3852
17066	10505
17066	5281
17067	1032
17068	5570
17071	17070
17073	17072
17074	13817
17075	8124
17078	17077
17078	14546
17079	17076
17081	17080
17083	12447
17086	17085
17088	8108
17091	14377
17091	16009
17092	6989
17093	11315
17093	14721
17094	14724
17095	9967
17096	11622
17097	16713
17098	16714
17099	16714
17099	17098
17100	12199
17102	11625
17102	11635
17103	13270
17104	13270
17104	17103
17106	17105
17107	17105
17107	17106
17108	10901
17112	15220
17115	17114
17117	8626
17118	8626
17118	9452
17120	9454
17120	14573
17121	9454
17124	17123
17126	9454
17127	8630
17129	17128
17130	8519
17131	8519
17131	17130
17132	8519
17132	16851
17133	2476
17134	2964
17135	2964
17136	2964
17137	2964
17137	17134
17138	2964
17139	1607
17140	5263
17141	7824
17143	7824
17143	7825
17144	17142
17149	7824
17150	7824
17150	17141
17151	17147
17152	13660
17152	8864
17153	6316
17154	8255
17154	16641
17155	11619
17157	11619
17158	17156
17160	17155
17160	17159
17161	11619
17162	11621
17162	16667
17163	16703
17165	17164
17166	17163
17166	16703
17167	17163
17167	16696
17169	17168
17170	7107
17172	9460
17179	17178
17180	17175
17182	7321
17183	7321
17183	17182
17184	6264
17184	8988
17185	6299
17189	17186
17192	5318
17193	17191
17202	17201
17203	6141
17205	6141
17205	17203
17207	11393
17207	11742
17208	11742
17211	12932
17212	12932
17212	17211
17213	9838
17215	11230
17215	16338
17216	11230
17217	17214
17222	17218
17223	17220
17224	832
17228	8123
17229	8125
17230	8127
17232	8130
17237	17235
17238	8131
17239	12793
17240	8131
17240	15726
17242	17241
17243	1057
17244	4154
17245	11949
17245	14175
17248	17246
17249	9878
17250	6698
17254	15441
17255	12107
17256	17254
17258	14860
17261	3463
17262	8751
17264	17263
17265	16885
17268	17267
17270	17269
17272	16051
17273	17271
17278	17274
17279	16059
17281	17275
17284	9958
17285	17283
17286	9958
17286	17284
17287	16376
17288	16376
17288	17287
17289	8792
17289	11478
17290	1517
17291	12957
17292	8292
17293	8292
17293	17292
17294	14279
17294	5837
17295	14279
17297	17296
17298	17296
17298	17297
17299	17296
17300	17296
17300	17299
17301	5133
17302	13817
17302	14487
17303	364
17304	16420
17304	16424
17304	17290
17307	17305
17311	16565
17313	16565
17313	11381
17314	17312
17317	6301
17318	8583
17330	17329
17331	17327
17332	12181
17333	16856
17335	13503
17336	13512
17338	6939
17339	3623
17340	12665
17340	15826
17342	17341
17343	14611
17344	12341
17345	12344
17346	12344
17346	17345
17347	17039
17347	17041
17348	17041
17348	10275
17349	17041
17349	17348
17351	11596
17352	17350
17353	11596
17354	6046
17357	17356
17358	16345
17364	17361
17365	17363
17366	9423
17367	15112
17369	11037
17375	17372
17378	6989
17380	14544
17381	12573
17382	12573
17383	383
17383	12571
17384	17381
17385	17383
17389	6914
17390	13063
17391	1483
17392	1483
17394	1483
17394	17392
17396	1483
17396	17391
17399	12263
17401	17400
17402	14926
17404	16495
17408	17403
17410	17409
17411	17409
17411	17410
17413	17411
17414	17412
17417	17416
17419	17418
17420	17418
17420	17419
17422	11168
17424	11633
17425	11633
17426	11633
17426	17425
17431	17428
17434	17429
17435	17428
17435	17434
17436	17433
17439	17438
17442	12080
17442	14632
17444	17443
17445	17443
17445	17444
17446	10236
17447	15581
17448	11913
17448	12793
17449	6607
17450	6607
17450	17449
17451	13647
17456	17455
17457	17454
17458	9550
17459	9551
17459	14856
17460	11091
17460	15630
17465	14772
17466	14355
17467	14355
17467	17466
17470	17468
17471	17469
17472	14254
17475	8887
17477	17476
17478	8887
17479	6035
17480	1492
17480	16071
17480	16611
17482	15499
17483	11561
17484	11561
17484	17483
17486	15495
17487	15495
17489	17485
17490	15495
17490	17487
17491	10134
17492	12553
17493	14351
17495	8679
17496	17494
17497	8405
17498	11023
17499	11026
17500	1901
17500	1909
17501	11594
17503	15278
17504	14800
17504	17449
17505	13696
17506	13696
17506	17505
17508	17507
17509	17336
17511	17510
17512	17510
17513	17510
17513	17511
17514	14546
17515	14546
17515	17514
17518	17514
17519	17517
17521	17520
17523	17522
17524	13886
17525	5643
17526	6863
17527	6865
17529	17528
17530	9972
17532	15261
17533	6816
17535	16170
17536	15441
17538	16170
17539	17534
17540	12667
17541	6230
17542	6564
17543	16528
17545	16019
17546	16019
17546	17545
17548	17547
17549	6047
17550	6047
17550	17549
17551	14093
17552	15931
17553	11114
17554	1492
17554	17480
17556	8947
17557	14172
17558	13319
17560	17558
17561	17559
17563	11833
17564	15628
17565	11833
17565	15628
17568	15538
17569	17567
17570	17567
17570	12454
17571	11711
17573	16331
17575	17574
17578	14399
17579	14399
17580	14399
17580	17578
17581	14399
17581	17579
17585	5157
17586	17584
17590	17589
17591	17589
17591	17590
17592	15202
17594	17448
17596	17595
17600	17596
17606	17336
17607	17601
17608	17336
17610	17336
17612	17605
17613	16742
17614	17613
17614	16742
17615	17613
17616	17613
17616	17615
17619	17617
17620	17618
17622	17621
17623	7858
17624	17135
17627	17136
17628	17626
17629	8822
17631	17630
17632	11839
17632	13199
17633	14192
17634	17633
17634	14192
17635	3613
17636	6060
17639	17638
17640	17637
17641	14340
17642	17354
17642	6046
17643	17333
17643	16856
17645	17644
17646	17108
17647	17108
17647	17646
17648	10211
17649	10211
17649	17648
17651	13458
17655	17653
17659	14127
17660	17659
17661	11338
17662	12439
17663	16641
17664	12043
17665	12043
17665	17664
17668	17667
17669	9419
17670	16591
17671	11381
17672	11381
17672	17671
17673	12121
17675	16610
17676	16071
17677	17674
17678	17674
17678	17677
17680	15106
17681	17679
17682	14613
17683	12996
17684	15838
17685	4013
17687	13448
17688	13448
17689	13448
17689	17688
17690	16984
17692	17691
17694	17693
17695	17074
17696	12617
17697	15368
17697	2034
17699	17225
17700	17698
17701	17227
17703	12577
17704	17702
17705	13075
17706	17532
17710	17709
17713	17712
17715	17714
17716	17714
17717	17714
17717	17716
17718	17714
17718	17715
17721	17719
17722	17720
17723	12039
17724	16374
17725	16374
17725	17724
17726	16374
17727	6932
17728	6932
17728	17727
17731	17729
17732	13831
17733	13831
17733	17732
17734	17081
17736	17735
17739	17738
17740	17738
17742	17741
17743	15768
17744	17254
17744	15441
17748	17747
17750	17749
17753	17751
17754	15686
17756	17755
17757	17035
17759	17233
17763	17761
17765	16333
17767	17764
17768	16679
17768	15269
17771	17769
17773	17772
17774	5736
17775	5736
17775	17774
17776	8419
17777	17194
17778	17194
17779	17194
17779	17778
17781	17780
17783	17782
17784	17782
17784	17783
17785	17783
17786	17783
17786	17785
17788	17787
17789	17787
17789	17788
17791	17790
17792	15269
17792	17768
17795	13759
17797	17796
17798	8885
17798	13882
17799	8885
17802	17801
17803	8002
17805	17804
17806	12500
17808	17806
17809	17806
17811	17807
17813	17806
17813	17808
17814	17809
17817	17809
17820	17819
17822	17818
17824	17809
17826	17821
17827	17824
17828	17824
17828	17827
17830	17829
17831	10275
17831	15850
17833	10275
17834	10275
17835	10275
17835	17834
17836	17832
17838	10275
17840	17839
17841	17839
17842	17839
17842	17840
17844	17843
17845	14288
17848	17847
17848	13367
17849	17848
17849	13367
17854	17852
17856	17853
17861	17860
17864	17863
17865	14529
17866	14529
17866	17865
17870	11554
17871	17869
17872	10778
17873	10778
17873	17872
17874	10132
17875	10132
17875	17874
17876	12247
17877	12247
17878	12247
17878	17876
17880	17879
17882	17881
17883	17881
17884	17881
17884	17883
17885	17723
17886	14032
17888	14632
17888	17442
17890	17889
17891	6874
17892	6874
17892	17891
17896	15879
17897	15874
17897	16959
17899	17898
17900	17898
17900	17899
17901	11527
17901	16860
17902	15337
17903	15337
17903	17902
17904	15337
17905	17903
17907	17906
17908	17191
17910	7191
17911	17909
17914	16887
17915	17912
17917	17916
17918	17131
17919	17131
17920	14929
17922	17921
17923	16926
17924	11602
17929	17928
17930	17928
17930	17929
17931	17918
17933	17918
17933	17931
17937	17936
17939	17938
17940	17938
17940	17939
17941	17003
17942	17504
17942	17449
17943	17504
17943	14800
17945	17944
17946	17944
17946	17945
17949	17947
17951	17950
17952	14930
17955	17953
17956	10250
17961	17960
17963	17962
17964	17962
17964	17963
17965	11883
17968	17966
17969	17967
17972	17971
17973	17971
17973	17972
17975	17974
17976	11383
17977	12838
17978	12838
17978	17977
17980	16159
17981	16159
17982	16222
17984	12459
17992	17991
17993	17991
17993	17992
17995	17994
17997	17996
18001	12956
18003	18002
18004	18002
18004	18003
18006	18005
18007	12481
18009	18008
18010	18008
18010	18009
18011	14905
18012	14905
18012	18011
18015	18014
18016	18013
18018	18017
18019	18017
18019	18018
18021	15978
18022	18020
18025	18021
18026	18024
18028	18027
18029	18027
18029	18028
18032	18030
18034	18033
18035	18033
18035	18034
18036	17317
18037	15818
18039	18038
18040	18038
18040	18039
18042	18011
18043	18041
18046	11990
18047	18044
18048	14060
18049	14993
18050	16661
18051	13047
18053	18052
18054	16074
18055	16074
18055	18054
18060	18058
18062	18061
18064	18063
18067	18065
18068	18066
18069	15850
18070	15850
18070	18069
18072	18071
18073	17850
18074	18073
18074	17850
18075	17850
18076	17850
18076	18075
18078	18077
18082	18080
18083	18081
18084	16613
18087	18085
18088	18085
18089	18085
18089	18087
18091	18090
18093	18087
18094	18092
18105	18103
18106	17082
18107	17082
18108	17082
18108	18107
18109	18099
18111	18110
18113	18112
18114	16916
18116	18115
18118	18117
18119	18117
18119	18118
18120	17767
18121	17767
18121	18120
18124	18122
18125	18120
18126	18075
18130	18129
18131	18129
18131	18130
18133	18132
18134	18132
18134	18133
18137	18135
18138	18136
18139	14384
18140	14384
18140	18139
18142	18141
18143	18141
18143	18142
18145	18144
18147	18146
18148	18146
18148	18147
18149	15213
18151	18150
18154	18152
18155	18153
18156	13746
18157	18153
18160	18159
18167	18165
18168	18164
18170	18169
18171	17849
18172	17849
18172	18171
18176	8003
18177	15334
18179	18178
18181	18180
18182	18180
18182	18181
18184	18183
18186	18185
18187	18185
18187	18186
18189	18188
18194	18193
18194	14893
18197	18195
18199	18195
18200	18195
18201	18196
18202	18198
18203	18195
18203	18200
18205	18204
18206	17877
18207	16808
18209	18208
18210	18208
18210	18209
18212	18211
18213	18211
18213	18212
18214	18212
18216	18215
18217	18215
18217	18216
18218	15282
18222	18220
18224	16972
18226	18225
18227	15551
18229	18228
18230	18228
18230	18229
18232	18231
18233	18231
18233	18232
18236	18235
18238	18235
18238	18236
18240	18239
18241	18239
18241	18240
18242	18240
18243	18240
18243	18242
18245	18244
18246	17670
18247	17670
18247	18246
18249	18248
18250	18248
18250	18249
18252	18251
18256	18255
18258	18257
18260	18259
18262	18261
18264	18263
18266	18265
18268	18267
18269	18267
18269	18268
18271	18270
18272	18270
18272	18271
18273	18272
18274	14873
18276	18275
18278	18277
18280	18279
18282	18281
18284	18283
18286	18285
18287	18285
18287	18286
18289	18288
18290	18288
18290	18289
18292	18172
18293	18291
18295	18294
18297	18296
18298	18296
18298	18297
18300	18299
18301	18069
18303	18302
18306	18304
18307	18305
18309	18308
18311	18310
18314	18312
18315	18313
18317	18316
18318	18316
18318	18317
18319	18317
18320	14023
18324	18323
18325	18323
18325	18324
18327	18326
18328	18326
18328	18327
18330	18329
18332	18331
18334	18333
18335	18333
18335	18334
18337	18336
18338	18336
18338	18337
18342	18341
18343	18341
18343	18342
18345	18344
18347	14027
18349	18346
18354	18353
18356	18355
18358	18357
18360	18359
18362	17831
18363	18361
18366	18364
18369	18367
18370	18368
18372	18371
18373	18371
18373	18372
18375	18374
18385	18380
18386	18382
18389	18388
18391	18390
18392	18390
18392	18391
18396	18393
18397	18394
18400	18399
18402	18401
18403	18401
18403	18402
18405	18404
18407	18406
18410	18408
18414	18409
18416	18415
18417	18415
18417	18416
18418	18415
18423	18422
18424	18422
18424	18423
18426	18425
18428	18427
18430	18429
18432	18431
18434	18433
18435	18433
18435	18434
18437	18436
18439	18438
18440	18438
18440	18439
18442	18441
18444	18443
18446	18445
18447	18445
18447	18446
18449	18448
18451	18450
18453	18452
18454	18452
18454	18453
18455	16607
18457	18456
18461	18459
18462	18460
18464	18463
18466	18465
18468	18467
18470	18469
18472	18471
18474	18473
18476	18475
18478	18477
18479	18477
18479	18478
18481	18480
18482	18480
18482	18481
18484	18483
18486	18485
18488	18487
18491	18489
18492	18490
18494	18493
18496	18495
18497	18495
18497	18496
18499	18498
18501	18500
18502	18500
18502	18501
18504	18503
18507	18505
18508	18506
18510	18509
18513	18511
18514	18512
18516	18515
18519	18517
18520	18518
18523	18521
18524	18522
18526	18525
18527	17520
18528	17520
18528	18527
18532	18529
18533	18531
18535	18534
18537	18536
18539	18538
18541	18540
18542	18540
18542	18541
18543	16910
18545	18544
18548	18546
18549	18547
18551	18550
18553	18552
18555	18554
18556	18554
18556	18555
18558	18557
18559	18557
18559	18558
18564	18563
18565	18563
18565	18564
18568	18566
18569	18567
18572	18571
18573	18567
18575	18574
18578	17659
18580	18579
18581	18579
18581	18580
18583	18582
18584	16309
18586	18585
18588	18587
18589	18587
18589	18588
18591	18590
18593	18592
18596	18595
18598	18597
18601	18599
18602	18600
18604	18603
18605	18603
18605	18604
18607	18606
18609	18608
18611	18610
18613	18612
18615	18614
18616	18614
18616	18615
18618	18617
18620	18619
18622	18621
18623	18621
18623	18622
18625	18624
18627	18626
18629	18628
18631	18630
18633	18632
18634	18632
18634	18633
18636	18635
18638	18637
18641	18639
18643	18642
18645	18644
18648	18646
18649	18647
18651	18650
18653	18652
18654	18652
18656	18654
18657	18655
18660	18658
18663	18659
18670	18664
18674	18661
18677	18676
18678	18676
18678	18677
18680	18679
18682	18681
18683	18681
18683	18682
18685	18684
18686	18684
18686	18685
18688	18687
18690	18689
18692	18691
18693	18691
18693	18692
18696	18694
18697	18695
18699	18698
18701	18700
18704	18702
18705	18703
18707	18706
18708	18706
18708	18707
18710	18709
18711	18709
18711	18710
18713	18712
18714	18713
18715	18713
18715	18714
18718	18716
18722	18721
18726	18723
18727	18724
18729	18728
18731	18730
18732	18730
18732	18731
18734	18733
18735	18733
18735	18734
18737	18736
18739	18738
18742	18740
18743	18741
18745	18744
18747	18746
18749	18748
18751	18750
18753	18752
18755	18754
18757	18756
18759	18758
18761	18760
18763	18762
18765	18764
18766	18764
18766	18765
18768	18767
18770	18769
18772	25
18772	389
18772	2847
18772	2981
18772	3702
18772	3009
18772	3031
18772	2785
18772	5341
18772	5173
18772	5344
18773	677
18773	2205
18773	184
18773	897
18773	875
18773	3798
18773	3800
18774	2960
18774	2231
18774	651
18774	658
18774	2999
18774	1262
18774	1263
18774	18773
18775	5350
18775	2962
18775	746
18775	704
18775	8563
18775	11106
18776	1142
18776	2962
18776	1100
18776	5310
18777	2971
18777	3227
18777	2996
18777	3256
18778	65
18778	5264
18778	2643
18778	3030
18779	851
18779	1675
18780	261
18780	1675
18781	1565
18781	739
18781	5301
18781	2638
18781	1155
18783	691
18783	5089
18783	5116
18784	498
18784	740
18784	1387
18784	872
18784	2638
18785	447
18785	1586
18785	1072
18786	3944
18786	4734
18786	3603
18786	9325
18787	498
18787	851
18787	4994
18787	18778
18788	875
18788	5301
18789	1268
18789	6271
18789	6270
18790	535
18791	706
18791	2992
18791	11106
18792	403
18793	427
18793	1634
18793	580
18793	582
18793	3823
18793	3533
18793	3031
18793	891
18793	18780
18794	367
18794	2218
18794	662
18794	410
18795	36
18795	287
18795	3423
18796	1732
18796	4897
18796	2673
18796	2589
18796	2105
18796	605
18798	2120
18799	8143
18799	4442
18799	8833
18800	1112
18800	1567
18801	2557
18801	1841
18801	264
18801	3061
18801	4212
18801	4475
18801	4476
18802	706
18802	11898
18802	10190
18802	2718
18802	2834
18802	787
18802	5509
18802	1883
18802	5534
18802	5072
18803	510
18803	18797
18804	715
18804	1144
18804	865
18804	18792
18805	5094
18805	5734
18805	2846
18806	2102
18806	1918
18806	1384
18806	3553
18806	5429
18807	1066
18807	4587
18807	2936
18808	943
18808	11702
18808	556
18808	4413
18809	1111
18809	142
18810	9032
18812	18811
18813	2106
18813	5116
18814	17
18814	8650
18814	711
18814	3785
18815	526
18815	8833
18816	18810
18817	1800
18817	5089
18818	3011
18818	18793
18819	4442
18820	18783
18821	2657
18821	4475
18821	2671
18821	18796
18822	553
18822	9256
18823	2101
18824	706
18824	1411
18824	3783
18824	7134
18825	1123
18825	6124
18825	1590
18825	7459
18825	353
18826	8833
18826	18819
18827	1106
18827	2930
18828	1121
18828	18792
18829	5085
18830	473
18831	841
18831	8843
18831	18799
18832	3273
18832	10509
18832	783
18832	3798
18832	704
18832	1680
18833	18829
18835	974
18835	598
18835	18791
18836	2643
18836	1102
18836	18804
18837	872
18837	5102
18837	5115
18837	5117
18838	4466
18838	1377
18838	1314
18839	2257
18839	3058
18839	690
18839	2811
18840	2664
18840	2550
18841	769
18841	12757
18841	5537
18841	3031
18842	18785
18843	4709
18843	3581
18843	324
18844	2133
18845	512
18845	10803
18846	2654
18846	367
18847	11898
18847	8981
18847	8250
18847	10163
18848	98
18849	393
18849	2900
18849	298
18849	18792
18850	814
18850	516
18850	103
18850	775
18850	510
18850	109
18850	742
18850	773
18850	803
18850	817
18851	11719
18852	36
18852	278
18852	1773
18852	2126
18853	1394
18853	5089
18853	5115
18853	2193
18854	9163
18855	3650
18855	275
18855	18781
18857	1533
18858	888
18858	719
18858	511
18858	8592
18858	1651
18858	7134
18858	3050
18859	23
18859	75
18859	972
18859	2428
18859	2030
18860	2785
18860	18785
18861	196
18861	389
18861	510
18861	9639
18862	2674
18862	2820
18862	18849
18863	2592
18863	3266
18863	715
18863	5350
18864	253
18864	4482
18864	4507
18864	4481
18865	6289
18865	6291
18866	5115
18867	18837
18868	2165
18868	11280
18868	2199
18869	538
18869	5536
18870	18860
18871	2638
18871	6279
18872	882
18873	4356
18873	3524
18873	2062
18875	1424
18875	1622
18875	3288
18875	1405
18875	1432
18875	2189
18876	1577
18876	2754
18876	1605
18876	5719
18877	214
18877	1830
18877	2609
18877	8110
18877	539
18877	8530
18877	1822
18877	14665
18877	887
18877	931
18878	3269
18878	2668
18878	5510
18878	4475
18879	2585
18879	4293
18879	3581
18879	1360
18879	18786
18881	167
18881	13890
18881	18832
18882	1929
18883	497
18883	1113
18883	2734
18884	5081
18884	5085
18884	18866
18886	681
18886	5350
18886	12787
18886	12788
18886	6813
18886	12789
18887	2541
18887	230
18887	7577
18889	11312
18889	18854
18890	18888
18891	1082
18893	300
18893	1411
18893	3866
18893	5846
18893	8771
18894	18874
18895	3828
18896	1178
18898	8314
18899	1725
18902	18897
18903	1381
18903	18821
18904	1379
18904	3336
18904	6312
18904	5853
18905	3446
18905	13164
18906	4382
18906	4487
18906	4397
18906	4454
18906	790
18906	4456
18907	835
18907	2892
18907	6113
18907	3370
18908	18900
18909	605
18909	5307
18910	1991
18910	5755
18910	1409
18910	4431
18910	11707
18910	1929
18911	18885
18912	856
18912	1150
18912	18836
18913	265
18913	3007
18913	2647
18913	18809
18914	2164
18914	18782
18915	4489
18916	418
18916	853
18916	2746
18916	18788
18917	5737
18918	193
18920	6488
18920	7201
18920	1460
18920	6572
18920	7209
18921	1082
18921	1113
18921	1639
18921	427
18921	1251
18921	18784
18922	1456
18922	275
18922	4756
18922	3944
18922	5364
18923	10449
18923	6511
18923	2180
18924	278
18924	1590
18925	1994
18926	2348
18927	1371
18928	746
18928	4463
18928	8834
18928	8837
18928	614
18929	2224
18929	3886
18929	8768
18929	6327
18930	1389
18930	4467
18930	8486
18930	18852
18931	6705
18932	8
18932	393
18932	511
18932	1082
18932	1687
18932	563
18932	18881
18933	4494
18933	4063
18933	4480
18934	8666
18935	18926
18936	3051
18936	706
18936	7439
18936	6736
18937	1858
18937	7391
18937	8861
18938	5509
18938	3806
18938	614
18939	616
18940	8717
18940	8718
18941	5086
18941	5101
18942	3631
18942	2770
18942	715
18942	6046
18942	3639
18942	3640
18943	4823
18943	1625
18943	1432
18943	6305
18944	407
18944	1645
18944	580
18944	209
18944	476
18946	874
18946	587
18946	427
18947	7515
18947	6075
18947	611
18948	1390
18948	1581
18948	1582
18948	1608
18950	289
18950	781
18951	752
18951	807
18951	9606
18951	795
18951	18814
18952	21
18952	1001
18952	571
18952	1843
18953	18945
18954	1086
18955	2164
18955	18919
18956	2838
18956	11065
18956	7189
18956	823
18957	1658
18958	3859
18959	1775
18960	18814
18960	18832
18961	1073
18961	2959
18961	4970
18961	4993
18961	591
18961	5043
18961	18791
18962	860
18962	285
18962	323
18963	839
18963	5341
18965	1599
18965	2923
18965	3944
18966	760
18966	10032
18967	3307
18967	3450
18968	6109
18968	157
18968	1250
18969	8415
18970	42
18971	10620
18973	4192
18974	15870
18974	15871
18976	135
18976	2126
18976	1242
18976	1377
18976	5015
18977	854
18978	722
18978	3448
18979	18964
18980	2161
18981	18851
18982	18972
18983	483
18983	717
18983	1425
18983	415
18983	823
18984	8695
18984	8696
18985	9172
18986	140
18986	2245
18986	7306
18988	2686
18989	6885
18989	2800
18989	4736
18991	2205
18991	703
18991	2214
18991	418
18992	1411
18992	6325
18992	18959
18993	2925
18994	715
18995	18974
18996	2627
18996	370
18997	1454
18998	8696
18999	140
18999	1850
18999	146
18999	9674
18999	822
18999	783
18999	161
18999	5045
18999	4343
18999	9279
19000	18987
19001	1150
19001	881
19001	1251
19001	18779
19002	2602
19003	1943
19004	3362
19004	3365
19004	5391
19004	132
19005	1311
19005	3442
19005	18930
19006	878
19007	5504
19007	719
19007	706
19007	510
19007	10416
19009	6737
19009	18946
19010	2111
19010	6654
19010	6658
19010	6659
19011	23
19011	99
19011	965
19011	166
19011	571
19011	18808
19012	679
19012	1389
19012	8487
19013	5461
19013	18903
19013	18977
19014	3554
19014	222
19014	2395
19014	3563
19014	3603
19016	9202
19017	1228
19017	12126
19018	1073
19018	11898
19018	11902
19018	3806
19020	3673
19020	3767
19020	8315
19020	9234
19020	9613
19021	9073
19022	1252
19022	1377
19022	18930
19023	19019
19024	4488
19025	19006
19026	8655
19026	577
19027	7505
19027	8845
19027	769
19028	2078
19028	6289
19028	6305
19030	1652
19030	18869
19031	325
19031	4780
19031	4782
19032	13531
19033	1709
19033	102
19033	1573
19033	4879
19033	7553
19034	1136
19036	2716
19036	2931
19036	1277
19036	8845
19036	211
19036	18850
19037	18824
19039	11702
19041	3009
19041	2774
19042	1969
19042	19024
19043	193
19043	8717
19043	18998
19045	35
19045	2536
19045	1377
19045	1386
19045	331
19046	2496
19048	18924
19050	3288
19050	5850
19050	9088
19050	14468
19050	18983
19051	5165
19051	2644
19051	7633
19051	283
19051	2278
19051	3428
19051	7553
19051	7589
19051	4722
19051	18850
19052	2591
19052	2074
19052	6320
19053	19038
19054	8522
19054	5547
19054	18791
19055	5085
19055	18949
19056	5113
19057	2336
19057	4188
19059	19039
19060	5592
19063	15204
19063	871
19064	29
19065	210
19065	1568
19065	510
19065	5630
19066	3295
19068	18782
19069	8835
19070	267
19070	283
19070	318
19070	329
19071	5302
19071	593
19071	468
19072	19062
19073	1068
19073	3541
19073	1031
19074	5980
19074	12255
19075	19047
19076	18882
19077	1261
19077	5044
19077	1579
19079	6923
19080	3071
19080	1419
19080	1741
19080	3195
19081	18859
19082	69
19082	4392
19082	3114
19082	4203
19082	4556
19082	2373
19083	19029
19084	1460
19084	8522
19084	7846
19085	19035
19086	4096
19086	8310
19086	6451
19086	1243
19086	12325
19086	12326
19089	2384
19089	5673
19089	2209
19089	19015
19090	5538
19090	769
19090	18791
19092	1490
19092	14590
19093	4809
19093	9854
19093	9966
19093	9867
19094	153
19094	3944
19094	2892
19094	18927
19095	420
19095	511
19095	2430
19095	2431
19095	6095
19095	873
19095	1255
19095	18932
19097	19044
19098	371
19098	4809
19098	6167
19098	7397
19100	1067
19100	1717
19100	2523
19100	1703
19100	3239
19100	10365
19100	10366
19100	1319
19100	8527
19100	3588
19100	2399
19100	18943
19101	19049
19102	1072
19102	2640
19102	639
19102	2842
19103	7197
19103	6494
19104	11760
19105	9167
19106	720
19106	8483
19106	1641
19107	19091
19108	8689
19109	730
19109	1437
19109	1974
19109	1401
19109	6892
19109	8040
19110	7480
19110	3176
19113	18990
19114	19096
19115	19088
19117	19058
19118	9192
19119	3145
19120	2170
19120	2164
19121	1727
19121	4918
19122	161
19122	2715
19123	19112
19124	139
19124	4306
19124	9695
19126	2351
19126	4258
19130	1307
19130	2288
19131	6316
19132	2600
19132	307
19132	19013
19133	4893
19133	8625
19135	7600
19137	19099
19138	5723
19138	1479
19139	3419
19140	19129
19141	19127
19142	4488
19142	19078
19143	2149
19144	2677
19144	707
19144	5469
19144	5377
19144	6161
19145	1568
19145	5047
19145	19029
19146	5733
19147	2650
19148	2742
19148	6663
19149	4792
19149	705
19149	6225
19149	1792
19149	6170
19149	744
19149	7157
19149	5677
19149	3380
19149	13126
19150	4313
19151	1254
19151	19125
19152	1700
19152	278
19152	8486
19152	8487
19152	210
19154	4
19154	8980
19154	3288
19154	777
19154	162
19156	679
19156	786
19157	8689
19157	19087
19158	1084
19159	856
19159	18916
19160	4497
19161	850
19161	1026
19162	568
19162	8835
19163	698
19163	7167
19163	13467
19164	8544
19165	9164
19165	19105
19166	2012
19166	2891
19166	835
19166	4806
19167	716
19167	736
19167	708
19167	749
19167	127
19167	136
19167	19109
19168	715
19168	5551
19169	2377
19170	5848
19170	6271
19170	6296
19171	1428
19171	11918
19171	807
19172	19155
19173	13157
19174	3578
19175	19153
19176	2161
19176	2202
19177	2662
19177	3323
19177	19080
19178	1562
19179	1674
19180	4488
19181	1129
19181	10458
19182	4442
19182	8834
19183	10592
19185	517
19185	783
19185	8618
19185	8345
19186	8726
19187	2165
19187	9162
19187	18880
19188	2811
19189	395
19189	3676
19190	632
19190	796
19190	1434
19190	1617
19190	857
19190	18961
19191	2180
19191	13157
19192	416
19192	842
19192	3835
19192	1083
19192	8314
19192	19011
19192	19161
19193	460
19193	3287
19193	510
19193	3454
19194	3909
19194	2769
19194	3735
19194	8262
19195	12539
19195	13384
19196	1407
19197	256
19198	12
19198	541
19198	601
19199	2095
19201	350
19201	263
19201	101
19201	322
19201	352
19202	18809
19202	19067
19203	2600
19203	19045
19204	4594
19204	19180
19205	6187
19206	19184
19207	19118
19208	2164
19208	18980
19209	7699
19210	8774
19211	4652
19211	706
19211	901
19211	4295
19211	192
19211	199
19211	795
19212	2274
19212	2745
19214	3138
19214	6002
19214	15342
19215	4625
19215	6007
19215	2723
19215	3471
19215	3880
19216	6880
19216	17277
19217	5518
19218	4803
19218	4731
19218	8827
19219	191
19219	866
19219	1941
19219	3664
19222	3433
19223	6276
19224	4488
19224	4594
19225	1415
19227	1794
19227	1827
19227	4338
19228	19001
19230	2457
19230	2497
19231	23
19231	127
19231	9678
19231	11088
19232	8
19232	796
19232	1036
19232	554
19232	2835
19233	3283
19233	3519
19233	1243
19233	14726
19233	1253
19234	23
19234	679
19234	1166
19234	3075
19234	664
19236	19116
19237	8833
19237	19182
19239	19213
19241	145
19241	4731
19241	8847
19241	1569
19241	1622
19242	957
19243	1852
19243	730
19243	19093
19244	891
19244	1685
19245	5539
19245	5732
19246	9080
19246	11282
19246	9199
19247	2116
19248	18922
19249	2119
19249	1387
19251	16183
19251	15609
19253	19235
19254	3053
19254	317
19255	301
19255	14211
19256	7
19256	896
19256	18877
19257	8838
19257	19134
19258	19100
19259	624
19259	348
19259	3707
19260	19238
19262	677
19263	2426
19265	19156
19267	723
19267	101
19267	13172
19267	19051
19268	4538
19268	19224
19269	10561
19270	9184
19271	5101
19272	719
19273	18772
19273	19220
19275	7595
19275	9000
19276	2257
19276	19229
19278	19252
19280	19061
19282	19261
19283	19226
19284	7185
19284	6511
19286	112
19286	806
19287	635
19287	2208
19288	18834
19289	19274
19290	2899
19290	3878
19290	8223
19290	10055
19290	19010
19291	1618
19291	164
19292	19251
19293	3362
19293	9283
19293	4691
19293	10885
19293	10127
19293	10886
19293	10884
19295	19277
19296	1024
19296	9205
19297	19200
19298	1884
19298	2336
19301	11871
19303	2587
19304	19018
19305	3209
19308	3581
19308	7477
19308	6332
19309	1846
19310	2408
19310	268
19310	3519
19312	4049
19313	4742
19313	5131
19313	5152
19313	3631
19313	5156
19313	5163
19315	1192
19317	3555
19320	19299
19321	19302
19322	3781
19322	1687
19322	19263
19323	4465
19323	19022
19323	19298
19324	946
19324	3341
19324	18821
19325	144
19325	4822
19326	8830
19326	8842
19326	3353
19326	583
19328	286
19329	6358
19329	738
19329	3288
19330	3657
19330	9350
19330	7489
19330	8361
19330	12966
19331	6493
19332	2178
19333	2807
19333	6362
19333	6356
19333	2801
19333	6369
19334	2342
19334	1967
19335	12222
19335	12228
19336	1761
19337	8701
19339	19294
19341	4515
19342	12052
19342	1911
19343	656
19343	1390
19343	282
19343	327
19343	3785
19343	7648
19344	806
19344	937
19345	5215
19346	532
19346	583
19346	18845
19346	19069
19347	19279
19348	1579
19348	3887
19348	2084
19349	19311
19350	19314
19351	5090
19352	3508
19353	19316
19354	19008
19356	2656
19356	296
19357	6158
19357	8847
19358	2103
19361	1029
19361	883
19361	1173
19361	1205
19362	2591
19362	19266
19364	19319
19365	19327
19366	1916
19367	1228
19367	810
19367	2971
19367	1139
19367	18777
19368	19205
19369	9944
19369	3596
19369	4257
19370	2458
19371	3288
19371	1582
19372	4468
19372	790
19372	18827
19373	5407
19374	2581
19374	400
19374	2608
19374	564
19374	572
19374	724
19374	6772
19375	262
19375	1590
19376	4443
19376	4538
19378	3202
19378	5173
19379	2769
19381	67
19381	1379
19383	2053
19383	19300
19384	7928
19385	4691
19385	19291
19386	4898
19386	454
19387	1333
19387	3183
19387	2638
19387	18904
19388	679
19389	4299
19389	4313
19389	6907
19389	19342
19390	591
19390	19011
19391	19173
19392	8830
19392	9257
19394	19360
19395	18856
19396	4755
19396	4756
19397	5093
19398	9111
19398	9130
19399	18901
19399	18969
19401	1118
19403	2762
19403	2644
19405	2782
19405	6300
19405	6285
19405	6306
19407	6337
19408	2283
19408	14439
19408	14440
19408	8565
19409	1920
19409	531
19410	4493
19410	4390
19411	1282
19412	7483
19412	19388
19413	1142
19415	9175
19415	9176
19416	19393
19417	19281
19418	859
19419	428
19419	1107
19419	2716
19419	18784
19419	19041
19420	3212
19420	14041
19420	2884
19420	105
19420	3709
19420	3098
19422	3138
19422	5585
19422	13120
19422	3180
19422	15343
19423	2008
19423	317
19424	1574
19424	719
19424	1830
19424	4306
19424	183
19424	820
19424	196
19424	19243
19425	1181
19425	18772
19426	9411
19426	3889
19426	9035
19426	13852
19427	100
19427	5173
19428	7946
19429	3518
19429	19307
19431	1376
19431	6232
19431	8738
19431	13517
19431	9373
19432	19406
19433	110
19433	4301
19433	1819
19433	10555
19434	3918
19435	19106
19435	19145
19436	1400
19437	16251
19437	3452
19438	3356
19440	19355
19441	19380
19444	19402
19446	818
19446	18922
19447	4473
19447	4571
19447	4483
19449	1066
19450	19179
19451	1526
19452	4056
19453	1311
19453	1313
19454	7383
19454	8906
19454	1955
19454	9866
19455	5667
19456	11900
19457	19271
19459	19382
19460	14457
19462	1705
19462	4616
19463	3106
19463	18930
19464	3087
19464	3102
19466	341
19466	2186
19466	2131
19466	18790
19467	19430
19468	4226
19468	6495
19469	19442
19470	19414
19471	19439
19472	19443
19473	18986
19474	10575
19474	10586
19475	2456
19475	2457
19476	1327
19477	43
19477	3345
19477	476
19477	533
19477	824
19478	2631
19479	1460
19479	5485
19479	19329
19480	1134
19481	1218
19481	6528
19482	6594
19482	9921
19483	4853
19485	409
19487	6726
19488	19458
19489	1220
19490	2003
19490	1762
19491	9105
19494	6388
19494	257
19494	3773
19494	3882
19495	7386
19495	3942
19495	327
19496	7644
19496	7647
19496	8850
19497	1033
19497	5520
19499	1807
19499	934
19499	724
19500	38
19500	429
19501	509
19502	410
19502	18878
19505	5082
19505	594
19508	3144
19508	2795
19508	5187
19508	355
19508	12903
19508	9899
19511	876
19511	19198
19512	1009
19512	2638
19512	10240
19512	18775
19513	447
19514	440
19515	650
19515	12824
19515	19002
19516	3291
19516	14612
19516	9303
19517	18892
19518	7606
19519	9637
19520	1148
19522	102
19522	3369
19522	10471
19522	2929
19522	6086
19522	10844
19522	19004
19523	5494
19524	19484
19525	2958
19525	10970
19527	19486
19528	6273
19528	1345
19528	9795
19528	6383
19528	19453
19529	19493
19530	10569
19530	10012
19531	2370
19531	4919
19531	5716
19531	5357
19531	19324
19533	4744
19533	705
19534	7387
19535	2118
19535	1703
19535	298
19535	1546
19535	19065
19536	1398
19536	733
19536	1418
19536	1449
19537	2664
19537	5349
19537	5552
19539	4394
19539	4531
19540	9064
19541	570
19541	19392
19543	19108
19544	849
19545	19507
19546	19481
19547	19506
19549	9242
19549	19335
19550	6158
19550	4487
19550	6407
19550	4212
19550	9939
19550	9941
19550	9942
19551	479
19552	3289
19552	19171
19553	1306
19553	2374
19553	4406
19553	790
19554	1041
19554	6108
19554	610
19554	13146
19555	3879
19556	850
19556	18891
19557	741
19557	3100
19558	6719
19559	2801
19559	571
19559	2806
19560	941
19560	2430
19561	139
19561	4443
19561	4464
19561	18906
19562	13022
19563	6061
19563	9096
19563	9097
19564	4728
19564	6251
19565	886
19565	1262
19566	146
19566	3313
19566	473
19566	9633
19567	2292
19567	1609
19567	9988
19567	9980
19570	1895
19570	842
19570	6627
19570	179
19570	162
19571	19421
19572	5008
19573	19521
19575	834
19575	1639
19575	18858
19575	19500
19576	927
19576	901
19576	920
19576	813
19576	18877
19577	2371
19578	19503
19580	19542
19582	12321
19582	1208
19583	99
19583	19040
19583	19288
19584	1201
19585	14988
19586	14961
19586	14958
19587	48
19587	509
19588	17
19588	400
19590	158
19590	10473
19590	19438
19591	5704
19591	1780
19591	19022
19592	6897
19592	1831
19592	6360
19592	1263
19593	2367
19593	19526
19594	510
19594	19287
19595	2554
19595	2384
19595	4149
19596	1880
19596	387
19596	3992
19596	2704
19596	4125
19596	14533
19597	2343
19597	4514
19597	4483
19598	358
19598	12189
19599	19482
19600	4052
19600	4828
19600	4737
19601	3908
19601	8897
19602	11491
19603	139
19603	5724
19603	4562
19603	5775
19603	4607
19603	1865
19603	19473
19604	6098
19605	16
19605	603
19605	724
19605	3128
19605	8876
19606	3084
19606	7370
19606	8071
19606	3542
19607	6144
19607	3564
19609	4711
19609	6391
19610	19510
19611	1826
19611	1056
19612	1380
19612	19533
19613	679
19613	1629
19613	718
19613	10143
19613	4735
19613	358
19614	282
19614	5383
19614	3230
19615	1020
19615	11908
19615	18773
19615	18858
19616	19064
19617	3886
19617	1480
19617	19190
19618	6352
19618	5999
19619	5542
19619	11961
19619	11901
19621	189
19622	19537
19623	18773
19624	18941
19625	1312
19625	1331
19625	624
19625	1333
19625	1345
19625	1360
19626	3850
19626	5794
19628	538
19628	4442
19628	18975
19629	4301
19629	2372
19629	101
19629	800
19629	14996
19629	19163
19629	19243
19630	19589
19631	2919
19631	19420
19632	985
19632	19011
19632	19198
19632	19240
19633	3653
19633	707
19633	6179
19633	5514
19634	4792
19634	5766
19634	3866
19634	7493
19635	4851
19635	4025
19636	2820
19636	6911
19637	19585
19638	9676
19638	11088
19638	817
19638	18776
19639	1167
19640	1268
19640	546
19641	7300
19641	6540
19643	19308
19644	179
19644	290
19644	6160
19644	1456
19644	204
19645	4434
19646	288
19646	1372
19646	1277
19646	2609
19646	3380
19646	8757
19647	8164
19648	1311
19649	19
19649	2671
19649	18794
19649	19532
19650	58
19650	3520
19651	1310
19651	12682
19652	4720
19652	4438
19652	10824
19652	19600
19653	3094
19654	75
19654	3840
19654	19233
19655	8989
19655	4755
19655	9016
19657	4392
19658	19569
19659	19608
19660	5557
19661	7203
19661	7168
19662	19555
19665	1675
19665	6404
19666	3565
19668	196
19668	19272
19669	6300
19669	19509
19670	2064
19671	2172
19671	2180
19673	17
19673	19477
19674	5501
19674	6448
19676	2663
19676	2669
19676	2116
19676	302
19677	2963
19677	19574
19678	6745
19678	10526
19678	16807
19679	7952
19679	7980
19680	4867
19681	5009
19681	19572
19683	16084
19684	6725
19684	1690
19687	1071
19687	2838
19687	2840
19687	18860
19687	19445
19688	4753
19688	2152
19688	19505
19690	140
19690	730
19690	8592
19690	184
19691	2325
19691	2327
19693	8827
19693	19550
19694	19620
19695	4466
19695	19022
19696	19267
19697	19568
19699	18772
19699	19136
19700	5029
19701	5193
19701	5856
19701	8228
19701	6213
19702	2935
19703	3495
19703	3640
19704	4532
19704	4453
19704	2815
19705	201
19706	2654
19709	9365
19710	5612
19710	1079
19710	5621
19710	9387
19710	6444
19710	9393
19711	398
19711	19616
19712	182
19712	1645
19712	1586
19712	3290
19712	582
19712	2441
19712	792
19712	19190
19713	2274
19713	13736
19714	3863
19714	104
19714	6980
19714	6017
19714	7561
19714	773
19714	12031
19714	2444
19715	6352
19715	15088
19715	10814
19716	4112
19716	19602
19717	4928
19718	4756
19718	4747
19719	5165
19719	500
19719	5716
19719	9409
19719	5205
19719	10121
19720	2577
19720	4817
19720	18801
19721	7959
19722	19607
19723	2384
19723	3083
19724	8907
19725	19562
19727	11508
19729	19667
19730	19492
19731	13548
19731	2214
19731	9009
19732	178
19732	1458
19734	7257
19734	6664
19735	9690
19735	195
19735	19150
19736	3667
19736	9293
19737	10298
19738	4782
19738	1925
19738	319
19739	19660
19740	727
19741	3456
19743	1387
19743	18855
19744	8838
19744	8831
19744	19237
19748	6134
19748	783
19748	13027
19748	13030
19748	2191
19749	2012
19749	5856
19750	371
19750	18882
19751	19707
19752	1918
19752	19379
19753	9653
19753	12815
19753	10621
19753	9654
19753	12813
19753	6642
19754	2384
19754	6373
19754	1269
19754	19559
19755	925
19755	906
19756	378
19756	10014
19756	14580
19757	686
19757	2364
19757	6426
19757	3749
19758	19464
19759	3193
19761	2583
19762	10586
19762	19579
19763	19624
19764	703
19764	3287
19765	4910
19766	8820
19766	14919
19767	516
19767	260
19767	8805
19767	19407
19767	19535
19768	4643
19768	236
19768	14217
19768	12370
19768	388
19768	7543
19768	11005
19768	14219
19769	11702
19769	19128
19770	484
19770	7952
19770	15291
19771	8250
19771	19245
19772	19627
19773	7541
19773	11811
19773	11812
19776	278
19776	2205
19776	3900
19778	728
19778	1559
19778	18808
19779	2205
19779	2230
19779	18921
19780	12
19780	145
19780	1689
19780	618
19780	19263
19781	100
19781	5373
19782	1585
19782	12257
19782	12718
19782	10303
19782	1201
19782	4435
19783	6022
19786	1670
19788	18772
19789	7536
19789	1850
19789	2557
19789	8471
19791	9186
19793	19742
19794	19305
19795	1786
19795	6100
19796	19745
19797	3785
19797	9676
19797	8745
19800	13392
19801	5471
19801	2278
19801	655
19801	209
19801	18779
19801	19743
19802	331
19802	2588
19802	9262
19802	9101
19803	18865
19803	19708
19804	93
19804	870
19804	871
19804	1843
19805	395
19805	5487
19805	394
19807	11109
19807	19720
19808	2582
19808	6727
19809	3703
19809	11903
19809	11911
19809	11105
19809	3026
19809	3806
19809	11901
19809	18920
19809	19685
19810	3296
19811	7065
19812	8864
19813	3703
19813	9598
19813	19154
19814	19747
19815	19591
19816	253
19816	19645
19817	719
19819	809
19819	1948
19820	10071
19821	1064
19821	11862
19822	8733
19823	2925
19823	18929
19824	7293
19824	6275
19824	6081
19827	3518
19827	9703
19827	1296
19829	9095
19830	19777
19831	3217
19831	245
19831	10640
19831	1346
19831	4828
19831	19600
19834	2210
19834	256
19835	7264
19835	7134
19835	18775
19835	18858
19837	902
19837	883
19838	1392
19838	3092
19838	1390
19839	19576
19840	2182
19840	2175
19840	18856
19840	19785
19842	578
19842	19788
19844	19792
19845	9482
19845	19060
19846	160
19846	15945
19846	10466
19847	3885
19848	4667
19848	4673
19849	4946
19849	5994
19849	5997
19850	8748
19851	413
19851	521
19851	1046
19851	438
19851	1043
19851	1030
19851	1018
19851	18805
19851	19654
19852	19672
19853	3145
19853	475
19854	850
19855	850
19855	3360
19855	459
19855	12649
19855	18793
19856	3188
19856	14275
19857	2003
19857	1298
19858	6763
19858	13986
19859	717
19860	10872
19860	7547
19860	6678
19860	10876
19863	4521
19863	4538
19864	1022
19864	157
19864	1320
19864	6083
19864	433
19865	135
19865	2899
19865	4649
19865	13014
19865	4655
19866	2281
19866	2282
19866	19308
19868	19642
19869	10816
19869	15609
19870	12257
19870	19020
19871	15154
19873	2963
19874	8054
19874	19727
19875	15959
19875	1514
19875	1515
19875	1283
19875	1284
19875	13223
19876	318
19876	2365
19876	5475
19877	9014
19877	5670
19877	11742
19878	3198
19879	1
19879	1573
19879	1414
19880	17
19880	700
19880	5486
19881	10560
19883	8120
19884	833
19884	890
19884	18793
19884	19159
19885	5736
19885	5758
19886	285
19886	19074
19886	19513
19887	19435
19888	1592
19888	516
19888	19689
19889	42
19889	719
19889	19799
19890	697
19890	812
19891	8250
19891	1460
19891	18961
19891	19026
19892	19785
19893	3083
19893	6653
19894	8842
19896	1567
19896	12225
19896	19682
19897	1426
19897	1065
19898	4550
19899	19825
19900	19790
19901	9300
19901	19504
19902	17200
19903	1356
19903	2646
19904	19828
19905	19841
19906	15879
19906	19647
19908	1437
19908	386
19908	3650
19909	1306
19909	4499
19909	19126
19910	878
19910	19171
19911	4624
19912	2962
19912	19263
19913	1191
19913	1196
19913	18772
19914	958
19915	2301
19915	2332
19917	10536
19917	10495
19917	19154
19918	19709
19919	141
19919	1493
19920	850
19920	2278
19920	5518
19920	18875
19921	454
19921	423
19921	393
19922	8563
19922	14912
19922	14913
19922	14914
19922	1589
19922	14915
19923	19861
19925	4765
19925	4180
19925	654
19925	8138
19925	8139
19925	929
19925	8140
19926	19867
19927	2367
19927	1088
19927	2388
19928	4439
19928	1617
19928	571
19929	1377
19929	8991
19930	3058
19931	4439
19931	5201
19931	18825
19931	19250
19932	1296
19932	1138
19932	10755
19932	18836
19933	5441
19933	2838
19934	3550
19934	1749
19934	7330
19934	13706
19935	6390
19935	5881
19935	6922
19935	19728
19936	2310
19936	1896
19940	19773
19941	19882
19942	2962
19943	7094
19943	14185
19944	4126
19944	2479
19945	3688
19946	3347
19946	2410
19946	12246
19946	13855
19947	206
19947	1652
19948	19675
19949	1554
19949	19408
19950	19817
19951	230
19951	289
19951	6181
19951	6180
19952	635
19953	3331
19954	3650
19955	4279
19955	4504
19956	3141
19956	2261
19956	8639
19956	1438
19956	1349
19956	13540
19957	2206
19957	1452
19957	19189
19958	3046
19959	4850
19960	679
19960	11790
19962	8528
19962	19173
19963	1902
19963	9656
19963	195
19963	18858
19964	2782
19964	6272
19964	19509
19965	868
19966	423
19966	517
19967	10557
19967	10568
19969	8673
19970	19086
19971	332
19971	3094
19972	286
19972	19633
19973	19623
19974	19495
19975	8836
19977	19345
19978	1745
19978	2270
19979	2269
19981	18906
19983	19916
19985	5211
19986	2588
19986	7185
19987	727
19989	834
19990	1125
19990	2428
19992	2590
19992	3069
19992	3496
19992	3501
19992	2618
19995	4204
19995	5543
19995	10061
19995	19369
19996	19231
19997	10247
19997	18887
19997	19820
19998	497
19998	19445
19999	5097
20000	4180
20000	7392
20002	1009
20002	19822
20003	8142
20003	12655
20003	16606
20003	14295
20006	483
20006	3999
20006	7737
20006	13699
20007	19938
20009	1877
20009	100
20010	19892
20011	9608
20012	17
20012	4346
20012	805
20014	106
20014	114
20014	18850
20014	19051
20014	19211
20015	856
20015	1251
20015	709
20015	100
20015	2764
20015	19159
20016	539
20016	3455
20017	4455
20018	108
20019	1033
20019	3373
20019	2441
20019	12851
20020	3883
20021	5480
20021	3861
20021	10297
20022	10473
20023	148
20023	2931
20024	4414
20024	4415
20025	404
20026	4538
20027	716
20027	7416
20027	12678
20027	289
20027	2869
20028	3886
20029	8655
20029	3353
20030	3068
20030	3055
20030	2276
20033	19622
20034	5596
20034	5600
20035	4902
20035	5144
20036	3667
20036	5087
20036	371
20039	2439
20039	3829
20039	9767
20039	11099
20039	1184
20039	18944
20042	505
20042	949
20042	3129
20043	1794
20045	1424
20045	2205
20045	12706
20045	818
20045	7609
20045	19734
20045	19759
20047	1310
20047	4422
20047	19978
20049	8431
20049	2742
20049	8433
20049	1296
20049	7343
20050	148
20050	153
20050	4802
20050	162
20050	12720
20053	5094
20054	10851
20054	13610
20055	7614
20055	15267
20057	7156
20057	2718
20057	6513
20057	13465
20057	13469
20057	9626
20059	9089
20059	3427
20059	15368
20059	13307
20060	19976
20062	12886
20062	9346
20062	13123
20062	10976
20062	12966
20063	10774
20066	12870
20066	6331
20066	9306
20070	15
20070	2232
20070	873
20070	2771
20070	19095
20070	19873
20072	1589
20072	1299
20075	943
20075	1260
20075	1139
20075	19445
20076	2609
20076	3332
20076	19080
20076	19919
20077	2431
20077	19554
20078	1596
20078	1782
20079	19298
20080	862
20081	429
20081	1677
20082	2565
20082	2583
20083	11183
20083	13316
20083	13507
20083	13516
20084	9309
20084	492
20084	2618
20085	2235
20085	764
20085	3189
20085	2870
20085	7459
20086	1409
20086	13268
20086	426
20087	3221
20087	3236
20089	1119
20089	5739
20090	6756
20091	936
20092	1379
20092	877
20094	2308
20095	10563
20096	19401
20098	1503
20099	102
20099	9879
20099	19501
20100	5775
20100	3558
20100	6251
20100	19564
20101	2320
20101	4809
20102	4238
20103	156
20103	1660
20103	19424
20103	19746
20104	8648
20105	7279
20105	4879
20105	4878
20106	20037
20107	2012
20107	3654
20107	1333
20107	19387
20107	19776
20108	6196
20109	2914
20109	5557
20109	19094
20110	1854
20110	8497
20110	752
20110	19629
20111	2900
20112	704
20112	3010
20112	18892
20113	945
20113	3863
20114	783
20114	1843
20114	9711
20115	5
20115	1310
20115	3541
20115	1745
20115	10073
20115	7466
20117	20011
20118	15144
20119	3792
20120	1750
20122	25
20122	3066
20122	738
20122	2211
20122	735
20122	429
20122	8750
20122	3286
20122	19950
20123	3898
20123	6120
20123	2901
20123	3880
20125	5958
20125	4159
20126	783
20126	18956
20128	341
20129	20052
20130	20040
20131	10189
20131	3010
20132	6575
20132	3020
20133	2296
20133	7399
20133	3686
20133	6275
20133	13125
20135	19435
20135	19720
20136	5844
20136	7583
20136	13257
20137	3570
20137	6612
20138	3879
20138	2782
20138	6320
20139	2194
20139	19961
20143	17012
20143	17013
20143	17014
20143	14624
20144	8660
20145	2000
20145	953
20145	1641
20146	10299
20146	11837
20148	11852
20150	4953
20150	13294
20150	19683
20153	2959
20153	1005
20153	10512
20154	20051
20155	2012
20155	5848
20155	5850
20156	1877
20156	2798
20156	331
20156	2815
20157	2609
20158	2051
20159	19907
20160	2205
20160	2270
20160	18904
20160	19377
20160	19749
20161	1411
20161	1615
20161	14369
20161	6320
20161	18943
20162	2278
20163	5456
20164	3706
20165	4509
20166	249
20166	218
20166	4612
20167	7939
20168	3639
20168	3912
20169	1162
20169	2934
20170	5539
20171	2479
20171	7960
20172	9035
20173	929
20173	909
20173	912
20173	925
20174	20061
20175	9855
20177	11275
20177	12327
20178	2627
20178	142
20178	2207
20178	2968
20178	2237
20178	1685
20178	3050
20178	18881
20178	19032
20178	19285
20180	19424
20182	2439
20182	8829
20183	654
20183	639
20183	294
20183	672
20184	3211
20184	1535
20184	1380
20184	2343
20184	1351
20184	4381
20184	4386
20185	19680
20187	2571
20187	444
20188	19760
20189	9099
20191	2375
20192	19806
20193	5349
20193	18796
20194	5848
20195	2057
20196	1585
20197	5811
20197	3514
20197	3403
20197	7150
20197	19932
20198	89
20201	5
20201	9320
20201	1573
20202	429
20204	10434
20205	221
20205	9320
20205	2270
20205	3504
20205	9325
20206	4404
20208	10032
20208	2969
20209	679
20209	4955
20210	19456
20212	1455
20212	1460
20212	18983
20212	19834
20215	10789
20218	9557
20218	1079
20218	15922
20218	9965
20218	15923
20218	10740
20218	19509
20219	511
20219	207
20219	2038
20219	11085
20219	15102
20219	19638
20220	20134
20222	224
20222	9717
20222	15848
20222	12193
20222	14595
20223	12281
20225	11989
20227	10577
20230	11762
20232	1400
20232	5432
20232	1452
20234	309
20234	293
20234	268
20235	17
20235	2715
20235	5391
20235	9593
20237	1780
20237	1311
20239	3084
20239	18892
20240	4327
20241	4432
20241	19986
20242	3822
20244	1587
20244	9223
20244	14815
20244	6873
20245	460
20246	518
20246	19095
20246	19833
20247	8540
20247	7568
20248	19920
20249	20016
20250	19878
20251	2542
20251	6668
20251	19189
20252	5993
20253	6733
20254	4413
20257	20026
20258	19706
20259	241
20260	2180
20260	20179
20261	4222
20261	4392
20261	4489
20261	2370
20261	4456
20261	19082
20261	19704
20262	9678
20262	11921
20263	407
20263	878
20264	9118
20266	2
20266	108
20266	6078
20267	9881
20268	413
20268	431
20268	2022
20268	19921
20269	2
20269	1460
20270	3863
20270	462
20270	12653
20270	16496
20270	14258
20271	5428
20272	2058
20273	317
20273	998
20275	4661
20277	842
20277	3819
20277	18776
20278	4205
20278	7430
20279	20190
20280	20207
20282	8551
20283	3883
20283	3881
20283	18904
20283	19259
20284	5860
20284	994
20284	6683
20284	6673
20284	3498
20285	10307
20286	14997
20287	20216
20288	20217
20289	720
20289	6516
20290	4299
20290	199
20290	9606
20292	7413
20293	7331
20297	8350
20298	1631
20301	9280
20302	13484
20302	13478
20303	9229
20303	9379
20308	14763
20308	2703
20308	11671
20309	13519
20309	19431
20311	2152
20311	2099
20311	2334
20312	2943
20312	9684
20312	19336
20313	1542
20313	889
20314	19990
20315	1150
20315	18830
20315	18991
20315	19202
20315	20075
20316	5989
20316	7592
20316	7565
20316	3900
20316	19033
20317	2129
20317	6337
20317	13536
20317	5390
20317	19020
20319	706
20319	730
20320	706
20320	5067
20320	132
20320	19020
20321	704
20321	3034
20322	2838
20322	20077
20323	2261
20323	250
20324	1780
20324	19065
20324	19897
20325	1792
20326	839
20327	1996
20327	3692
20328	20214
20329	19343
20330	1829
20331	8645
20331	1831
20331	762
20331	10844
20331	7418
20331	18814
20332	11744
20332	11745
20332	20146
20333	19027
20333	19835
20334	4139
20334	5599
20335	10584
20336	19574
20337	5097
20337	10487
20340	20236
20341	3026
20342	1880
20342	2550
20343	20067
20344	1519
20346	20211
20347	8942
20347	13930
20348	20224
20349	20255
20350	203
20352	11978
20352	11990
20354	2998
20354	327
20354	19854
20355	1400
20355	4263
20355	1269
20355	19194
20356	3268
20356	2083
20356	2422
20356	312
20357	7284
20357	6352
20358	56
20359	3673
20359	501
20361	19190
20362	368
20362	19358
20362	19413
20362	19873
20363	19212
20363	19427
20365	4893
20366	15046
20366	15047
20366	15040
20366	15043
20366	5005
20366	5006
20366	15049
20366	6798
20368	3142
20368	13213
20368	11565
20368	19893
20368	20195
20369	187
20371	20259
20373	1651
20374	8541
20374	324
20374	2906
20374	1497
20377	18933
20380	20000
20383	5103
20383	19505
20384	9380
20385	20032
20386	19802
20387	3518
20387	5672
20387	2769
20387	8909
20388	5358
20390	6006
20390	6173
20391	19823
20392	11360
20392	11564
20396	8781
20397	6393
20399	7910
20399	10915
20400	8938
20400	1167
20400	1210
20400	19951
20401	8328
20404	20294
20407	6893
20407	6402
20408	20296
20409	20281
20412	20306
20415	199
20415	19835
20416	18920
20417	4756
20418	341
20418	1569
20418	5513
20418	18993
20418	19418
20418	20092
20419	1435
20420	38
20420	5013
20420	1488
20420	1663
20420	1684
20421	1353
20422	19040
20423	1292
20423	20152
20425	19949
20426	4657
20426	4543
20426	19082
20428	3750
20428	3863
20428	409
20428	5643
20428	5644
20428	647
20428	5646
20428	3229
20428	3238
20428	5652
20428	5654
20429	768
20430	712
20430	9881
20430	14471
20431	2214
20431	2215
20432	135
20432	19735
20433	20318
20434	2317
20434	2305
20435	1880
20435	2616
20436	20122
20436	20256
20437	2250
20437	7542
20438	3345
20439	4327
20439	4336
20439	3287
20439	2775
20439	900
20439	14579
20439	14584
20440	11927
20441	942
20441	570
20441	19162
20442	398
20442	18775
20442	19387
20442	19711
20443	9950
20443	4782
20443	3596
20443	10090
20444	19328
20445	20299
20446	1155
20447	18785
20447	20075
20448	4908
20449	8774
20449	5108
20452	15723
20454	10576
20455	738
20455	6798
20455	18802
20455	19329
20456	10308
20456	17437
20457	3217
20457	18965
20458	15073
20459	19587
20459	19804
20460	20080
20461	19843
20462	193
20463	19723
20464	7279
20464	4823
20464	6175
20464	8863
20465	6
20465	74
20465	23
20465	38
20465	49
20465	65
20465	19256
20466	1662
20466	18793
20467	11009
20468	406
20468	20263
20469	1967
20469	1959
20469	1961
20469	1966
20470	15175
20471	144
20471	2604
20471	7586
20472	842
20472	327
20472	1020
20472	891
20472	19582
20473	2699
20474	19632
20475	2926
20476	20091
20477	3641
20477	5075
20478	5998
20478	3171
20478	3180
20478	4024
20479	2832
20479	5328
20479	18898
20480	5425
20480	3094
20480	13140
20482	3483
20487	3581
20487	3657
20489	20378
20490	4382
20491	20382
20492	18865
20493	331
20493	3169
20495	2065
20496	2762
20496	1377
20497	8627
20497	279
20497	7310
20497	19163
20498	6643
20503	293
20503	7167
20503	7173
20503	7183
20504	19148
20507	9744
20507	6081
20507	12497
20507	8269
20507	12498
20507	12500
20508	7953
20508	15291
20509	5171
20509	8466
20510	5787
20513	11019
20513	8825
20513	5380
20514	11746
20515	1613
20517	5514
20523	12244
20526	5301
20526	100
20527	1420
20528	1380
20528	20079
20529	972
20529	983
20530	1840
20530	4748
20530	181
20530	3183
20531	6891
20531	19759
20532	7692
20532	13383
20534	155
20534	215
20535	3007
20536	4587
20537	5677
20537	19248
20538	323
20538	19098
20539	4298
20539	20012
20540	4064
20540	750
20540	1411
20540	8800
20540	2936
20540	2949
20542	8831
20542	20029
20543	4456
20544	20103
20546	1076
20546	19606
20547	3694
20547	6429
20548	605
20548	2899
20548	6655
20550	5832
20551	20417
20552	407
20554	12759
20554	12262
20554	19512
20555	20379
20556	6755
20556	12892
20557	20389
20558	19359
20560	20446
20561	3330
20562	9149
20563	2506
20564	20402
20566	1233
20567	20450
20568	20451
20569	3552
20569	3563
20570	5416
20571	8689
20572	733
20572	2061
20572	1435
20572	5905
20572	18942
20572	19050
20573	36
20573	1652
20574	2556
20575	157
20575	143
20575	19554
20575	19726
20576	5504
20576	1434
20576	6799
20577	1424
20577	1542
20577	149
20577	2274
20577	1020
20579	20105
20580	605
20580	655
20581	429
20582	2672
20582	10140
20582	1326
20583	19680
20584	2276
20586	9347
20586	9348
20586	9352
20587	2558
20587	5605
20588	2104
20588	3365
20588	9450
20589	19685
20590	1752
20590	5604
20590	8639
20591	10017
20591	19286
20592	3969
20592	2790
20592	4833
20592	4169
20592	7694
20592	3987
20592	7698
20593	886
20593	1437
20593	2647
20593	19908
20593	20277
20594	3293
20595	10842
20596	429
20596	3030
20596	3034
20598	3006
20600	20213
20601	3115
20601	3062
20601	14313
20603	11942
20603	1826
20603	10422
20603	20381
20605	4192
20607	20271
20608	3469
20608	5449
20608	10912
20608	19827
20609	2040
20610	6992
20610	4172
20610	7324
20610	8051
20610	5937
20611	13362
20612	4195
20613	1594
20613	1773
20613	19029
20613	20324
20614	4317
20614	4355
20615	4902
20615	2060
20615	5075
20615	5194
20615	5142
20615	5195
20615	5149
20616	4381
20616	14364
20618	5463
20618	14417
20620	867
20620	3205
20621	2638
20621	3707
20621	6210
20623	5567
20623	11737
20624	1165
20624	6261
20624	5789
20624	9264
20625	15060
20626	4101
20626	3635
20626	6446
20627	7072
20629	426
20629	5213
20629	18967
20630	2739
20630	15826
20630	7129
20631	8910
20631	20101
20631	20396
20636	20253
20637	20516
20639	19513
20639	20186
20640	11372
20640	16339
20640	11596
20640	12181
20642	20518
20645	2820
20645	3549
20645	3414
20647	2868
20647	1389
20647	1395
20647	2886
20650	1394
20650	1385
20650	13221
20650	2798
20650	12759
20650	12718
20650	5975
20650	10200
20650	13222
20650	19020
20651	8243
20651	862
20651	6871
20651	9469
20652	7550
20652	2285
20653	3548
20653	270
20653	2648
20653	1930
20654	288
20654	1329
20654	3863
20654	3865
20655	3333
20656	957
20656	11142
20657	7783
20658	4802
20658	9621
20659	1725
20659	2515
20659	2518
20659	2519
20660	872
20660	1640
20660	6073
20660	8876
20661	5047
20661	20237
20663	5158
20663	5354
20664	1957
20666	5862
20666	3072
20666	10195
20667	20393
20668	699
20668	13023
20668	7197
20668	13026
20668	3529
20669	20488
20670	1370
20670	8065
20670	1313
20670	700
20670	10644
20671	20549
20673	934
20674	2715
20675	3235
20675	5648
20676	13514
20677	4616
20677	5165
20677	944
20679	19040
20679	19617
20680	2092
20680	19266
20680	19669
20681	13304
20682	3903
20682	3910
20683	905
20683	937
20684	1852
20684	19111
20685	9164
20685	9219
20688	1268
20689	2736
20689	6401
20690	20559
20692	2313
20693	3285
20693	20043
20694	8132
20694	10310
20695	15185
20697	3679
20697	20199
20698	8347
20698	8348
20699	5673
20699	19731
20702	1387
20702	119
20702	19217
20703	3268
20705	656
20705	18957
20706	3268
20707	1583
20708	3255
20708	3222
20708	3226
20708	3234
20708	3253
20708	3260
20709	2284
20710	69
20711	889
20711	834
20711	2963
20711	473
20712	7616
20713	766
20713	1466
20713	20086
20714	4125
20714	9411
20715	3056
20715	3057
20717	6410
20717	15125
20717	9410
20718	363
20718	842
20718	18932
20720	2064
20720	2068
20720	20338
20721	6369
20721	6372
20722	5899
20723	5045
20724	3784
20724	774
20726	9037
20726	19854
20727	19813
20728	5337
20729	3654
20729	18775
20729	20442
20730	1468
20731	1374
20732	3235
20732	501
20732	1409
20732	6486
20732	6373
20733	5081
20733	3363
20733	5201
20734	1277
20734	1266
20734	1270
20734	962
20734	1272
20734	1278
20734	1115
20734	1302
20735	2008
20735	6800
20735	796
20735	1547
20735	11912
20738	4765
20739	7521
20740	20578
20741	20092
20742	20587
20743	2925
20743	5989
20743	10829
20743	13540
20745	20351
20746	19313
20747	14781
20747	14782
20749	1184
20749	20386
20750	691
20750	2541
20750	1383
20750	1343
20750	1313
20750	4238
20750	5433
20750	19051
20751	5383
20752	12475
20753	8631
20754	19876
20755	15760
20757	15977
20758	16236
20758	8258
20758	16239
20763	1310
20763	4464
20763	4880
20763	20323
20763	20579
20764	1233
20764	10594
20764	6249
20764	9722
20769	8634
20775	19895
20777	16420
20777	17291
20777	12958
20779	410
20781	20604
20783	63
20783	2072
20783	278
20783	1920
20783	20615
20785	1552
20785	2712
20786	3883
20787	1756
20787	1685
20788	1455
20788	1457
20788	1459
20789	20431
20790	1841
20790	5487
20790	9632
20791	3152
20791	15342
20792	4662
20793	19832
20794	6376
20794	5618
20795	19692
20796	4295
20796	7309
20796	6736
20796	19211
20798	43
20798	5526
20798	454
20800	3268
20801	8149
20802	588
20804	3209
20804	4846
20804	9594
20805	2334
20807	3889
20807	3885
20807	3007
20808	93
20809	245
20811	20597
20812	7189
20813	10225
20814	20193
20815	5264
20815	19434
20816	1726
20816	5087
20816	19210
20816	19624
20817	11805
20818	20686
20819	909
20820	7690
20820	7699
20820	11878
20821	4731
20821	19357
20822	3822
20822	8835
20823	20687
20824	727
20824	3034
20825	11748
20825	20514
20826	10798
20826	10801
20827	772
20827	11106
20827	3788
20827	12775
20827	11931
20827	194
20827	812
20828	5514
20829	740
20829	1817
20829	5341
20829	1602
20829	442
20829	11118
20829	18777
20831	6157
20831	19854
20831	20354
20832	445
20833	8942
20833	6180
20834	1424
20834	1460
20834	345
20834	5944
20834	711
20834	736
20834	1428
20835	11112
20835	2212
20836	38
20837	20716
20840	9689
20840	9694
20840	18858
20841	2752
20842	6055
20843	1399
20843	6221
20843	9491
20843	13909
20844	321
20846	632
20846	1036
20846	6110
20846	10608
20846	10610
20847	720
20847	2076
20847	2079
20847	2080
20847	1667
20847	20530
20847	20720
20848	3115
20848	3057
20848	3585
20848	19971
20848	20715
20849	5429
20849	3055
20849	20357
20850	1737
20851	15067
20851	15126
20851	11427
20852	4080
20853	38
20853	363
20853	10222
20853	19855
20854	15291
20855	10055
20855	9047
20856	2296
20856	2618
20856	6679
20856	2921
20856	19956
20857	1619
20857	7509
20857	6792
20860	2648
20860	10321
20861	3408
20861	651
20861	172
20861	378
20862	28
20862	4828
20862	2195
20862	4260
20863	9309
20863	7017
20863	8552
20864	706
20865	10202
20866	5861
20866	4470
20867	805
20867	734
20867	746
20867	751
20867	19149
20867	19629
20867	20266
20869	6916
20869	8937
20869	20089
20870	2443
20871	3061
20872	2838
20872	13524
20872	14168
20872	20553
20873	9301
20874	20495
20875	3667
20875	19972
20876	1428
20876	8646
20876	11956
20876	11089
20876	11958
20877	6103
20878	8062
20881	144
20881	1277
20881	19971
20882	2544
20882	4219
20882	19210
20884	20401
20886	9349
20886	6132
20886	6389
20886	9292
20886	15751
20887	5187
20889	9137
20889	2813
20889	13487
20890	5972
20890	8442
20890	12128
20893	6390
20893	15296
20896	19415
20896	20685
20898	679
20898	5204
20898	4813
20898	1438
20900	20770
20906	19391
20906	20370
20910	8809
20911	17
20911	1877
20911	1987
20911	3574
20912	11939
20912	151
20912	18832
20913	1005
20913	7648
20913	10977
20913	19109
20914	2578
20915	1585
20916	172
20916	8644
20916	8650
20916	784
20916	18814
20917	851
20917	12628
20918	5527
20918	423
20918	20593
20919	794
20919	510
20919	1453
20920	46
20920	4466
20921	6799
20922	47
20922	370
20923	69
20923	1393
20923	8736
20925	6054
20925	6770
20926	710
20926	13102
20927	1557
20927	3679
20929	1327
20929	624
20929	5368
20930	635
20932	20462
20935	2807
20937	18929
20937	20218
20938	19357
20939	7403
20941	7215
20942	412
20943	20022
20944	9862
20944	12903
20944	20164
20945	4850
20945	3165
20945	3147
20946	19810
20947	9257
20947	20441
20948	4877
20949	2923
20949	20212
20950	859
20950	20591
20952	1493
20953	510
20953	1414
20954	9886
20954	9229
20954	9881
20954	19558
20954	20267
20955	172
20955	1658
20955	8646
20955	1657
20955	11104
20955	3802
20956	20803
20957	5064
20957	7309
20958	6595
20959	8467
20959	14692
20959	1365
20960	14397
20962	6241
20962	13989
20963	9607
20963	20065
20964	20810
20967	6124
20968	4650
20968	6560
20969	2682
20969	6052
20971	7185
20971	20812
20972	2344
20973	203
20975	4899
20975	9009
20977	20156
20979	4457
20979	20017
20980	19723
20983	20196
20984	3521
20984	3533
20984	3270
20986	2683
20986	19952
20986	20185
20989	1206
20989	3506
20989	6728
20989	628
20989	6802
20991	398
20991	19778
20991	19990
20992	15120
20994	2507
20996	7611
20996	19832
20997	2265
20998	278
20998	3078
20998	19287
20999	20658
21001	10114
21002	11308
21003	19434
21004	6762
21004	5224
21004	12743
21005	16235
21006	2126
21006	15653
21009	159
21009	1356
21009	1828
21009	19371
21009	20153
21010	46
21010	18924
21011	7003
21011	7337
21011	19715
21011	20696
21013	4652
21013	4645
21013	19258
21015	2351
21015	220
21016	2206
21016	4756
21019	4385
21019	2614
21019	14340
21020	679
21023	9632
21023	7623
21024	9306
21024	11831
21025	9849
21025	9841
21025	2021
21025	13904
21025	4537
21026	7667
21026	6411
21027	895
21027	13768
21027	7638
21027	18877
21030	5582
21030	5914
21030	6290
21032	2427
21032	20143
21033	14858
21034	11761
21034	12430
21034	5878
21034	6061
21035	15774
21035	15775
21037	14259
21037	15287
21037	12398
21039	8500
21040	4850
21040	20506
21042	20880
21043	2003
21043	6426
21043	3748
21047	9121
21048	20895
21049	1320
21050	16753
21054	3327
21054	1442
21056	12690
21064	15215
21064	20695
21067	5446
21067	10327
21067	12318
21069	3096
21069	516
21069	2799
21069	2798
21069	3310
21069	6338
21069	5386
21069	3854
21070	5848
21071	69
21071	1311
21071	2359
21071	2877
21071	6130
21071	20481
21073	12336
21073	13356
21073	11875
21073	4396
21074	1549
21074	1548
21074	1561
21074	5184
21074	20665
21075	764
21075	3361
21075	10977
21075	20705
21076	2235
21076	2629
21077	1401
21078	84
21078	94
21078	6619
21080	504
21080	111
21080	768
21080	137
21081	1311
21083	983
21084	10568
21084	20678
21085	5275
21085	20084
21086	1221
21087	9925
21087	1826
21087	14207
21088	101
21090	1586
21090	19217
21091	6891
21093	3735
21093	9094
21094	278
21094	19065
21094	20237
21095	5696
21095	20251
21096	2961
21096	18778
21097	20868
21098	13464
21098	13466
21099	1945
21099	20889
21100	34
21101	8371
21101	2250
21101	994
21101	1853
21101	6734
21101	7498
21101	998
21102	5077
21103	3819
21103	10604
21103	5883
21103	12819
21103	13255
21105	4591
21105	19794
21106	2290
21108	4915
21108	19531
21108	20533
21109	150
21109	3283
21109	327
21110	572
21111	110
21111	192
21112	14667
21112	14668
21113	146
21113	1205
21113	6641
21114	20779
21116	16305
21117	9149
21117	12276
21118	358
21118	357
21119	18860
21120	8240
21120	8243
21121	1487
21121	9856
21121	12046
21121	1693
21121	5953
21124	4394
21125	287
21125	4279
21125	20927
21126	4419
21127	20931
21129	1383
21129	1394
21129	3334
21130	19173
21130	19264
21130	19901
21131	4169
21131	4119
21131	8419
21131	2141
21132	19925
21133	6591
21133	2656
21133	9859
21133	20809
21137	239
21138	99
21138	104
21138	137
21139	198
21139	1660
21139	9113
21139	441
21139	657
21140	18922
21140	19646
21141	2186
21141	19247
21142	5717
21143	2103
21143	2384
21143	18862
21145	157
21145	2274
21145	8745
21145	1187
21146	1593
21146	7540
21146	6663
21146	8067
21148	132
21149	3424
21150	4803
21150	7387
21151	521
21151	8615
21151	1517
21152	144
21152	348
21152	1926
21152	3888
21153	6393
21154	8
21154	1042
21155	12811
21156	7342
21157	19451
21158	2394
21159	9872
21160	7608
21161	4149
21162	6158
21162	8858
21164	7464
21164	4242
21164	1311
21164	11002
21164	20866
21165	146
21165	814
21166	8252
21167	5945
21168	4901
21168	3759
21168	7657
21168	14785
21169	2571
21173	4078
21173	20261
21174	4547
21174	4564
21176	6909
21176	4795
21179	9432
21179	12295
21180	7424
21181	8981
21181	19517
21185	9375
21185	6403
21187	4131
21187	8991
21187	9772
21190	14174
21190	14178
21192	7359
21192	9829
21192	1692
21192	6563
21193	6277
21195	10873
21195	6611
21196	1195
21196	613
21196	3686
21197	5541
21198	9823
21200	15117
21201	7918
21203	6961
21204	7097
21204	9665
21206	7050
21207	11836
21209	6831
21209	7883
21214	6347
21214	8150
21214	14789
21215	10791
21216	8348
21216	20974
21220	8139
21220	11879
21221	10968
21221	4811
21221	9367
21224	3341
21227	15609
21227	20031
21229	20209
21230	1987
21230	2204
21230	99
21230	2347
21230	1395
21234	12538
21236	665
21238	14069
21238	13031
21239	4953
21239	2842
21239	631
21239	672
21241	13563
21245	18104
21247	411
21247	3349
21247	9769
21247	19780
21247	20845
21248	54
21248	1048
21248	1929
21248	1936
21248	13044
21249	502
21249	504
21249	163
21249	618
21249	20465
21250	996
21251	3106
21251	5773
21251	1547
21251	5782
21252	1268
21252	4932
21253	1277
21253	8455
21253	1515
21253	6360
21253	9387
21253	15961
21254	20790
21254	21071
21255	5530
21256	658
21257	388
21257	6088
21259	345
21260	20520
21261	4279
21261	19250
21262	5350
21262	1529
21262	1613
21262	878
21262	2268
21262	19822
21264	2716
21264	3889
21264	3183
21264	20965
21265	850
21266	5989
21266	3366
21267	1283
21267	15843
21268	19732
21269	18824
21269	19836
21269	20422
21270	19993
21271	19943
21273	861
21275	1907
21275	1909
21275	17501
21276	19029
21276	20613
21277	19264
21277	20064
21278	313
21278	144
21278	1361
21278	4756
21278	19802
21279	768
21280	11594
21280	13686
21280	13696
21280	13697
21281	750
21281	20120
21281	20584
21282	4731
21283	12960
21283	3078
21284	2886
21284	6410
21286	6914
21286	6916
21287	942
21287	950
21287	983
21287	19346
21288	12246
21288	14589
21290	2579
21291	8743
21291	11922
21291	15944
21292	1980
21292	19601
21293	20020
21295	19177
21296	20490
21298	2751
21299	2217
21299	19913
21300	21052
21301	93
21302	9282
21303	12742
21303	1461
21305	21014
21306	3592
21306	3593
21307	288
21307	10540
21308	9513
21308	4868
21308	19597
21309	5945
21309	3129
21310	3652
21310	18904
21310	19617
21311	14757
21312	19692
21313	679
21313	4665
21315	20904
21316	16419
21316	12957
21318	12321
21319	20990
21320	2162
21321	21115
21322	21122
21323	2168
21324	4455
21325	4
21325	156
21326	19064
21327	2086
21327	13208
21330	635
21330	19242
21333	1992
21333	427
21333	654
21333	3002
21335	572
21335	9608
21335	18957
21336	3280
21336	12718
21336	19822
21339	10514
21339	6116
21341	19856
21344	13506
21346	3472
21346	1384
21346	10052
21346	164
21347	1932
21347	293
21347	1927
21348	2659
21348	2545
21348	9434
21351	16271
21351	3915
21351	20168
21352	2800
21352	1505
21352	2797
21352	6055
21352	1496
21352	18824
21353	7257
21353	3657
21353	13025
21354	2718
21354	6300
21354	14729
21355	429
21355	1141
21355	1043
21356	11104
21357	13216
21357	21153
21359	239
21359	144
21359	4732
21359	426
21359	3581
21359	15777
21359	3049
21360	922
21361	12058
21362	2235
21362	5165
21362	1857
21363	20962
21364	19987
21365	3408
21366	1376
21366	1935
21367	6957
21367	21035
21369	761
21369	19834
21370	20782
21372	1547
21372	20701
21373	7652
21373	5677
21373	3472
21373	14743
21375	2633
21375	1432
21375	18871
21375	20155
21376	636
21377	310
21378	681
21378	2384
21378	18834
21378	21143
21380	3797
21381	11465
21382	7327
21388	4662
21388	19577
21389	12
21391	2345
21391	1694
21391	2384
21391	2019
21391	2395
21391	1369
21392	4677
21392	4221
21392	4773
21392	4871
21392	11739
21393	10955
21394	7574
21395	7197
21399	6426
21399	20510
21400	21098
21401	2207
21402	6286
21403	703
21403	993
21404	19489
21405	20390
21407	3004
21407	19421
21407	20993
21408	8377
21411	199
21411	735
21411	19999
21412	5775
21412	19551
21413	8754
21415	21202
21416	275
21416	1010
21416	1558
21416	19804
21417	7534
21418	26
21418	699
21418	12132
21419	5112
21421	2291
21422	9055
21424	2583
21424	5599
21426	198
21426	9674
21428	21208
21430	20512
21431	20345
21432	387
21432	5663
21432	2397
21432	9426
21432	5751
21433	7334
21433	20910
21434	12656
21435	258
21436	12939
21441	21225
21443	1393
21445	16274
21445	20719
21446	21228
21448	11696
21449	21233
21450	21235
21451	20905
21454	21240
21456	21246
21457	2656
21457	19956
21458	1494
21458	20989
21459	7571
21459	9499
21460	2
21460	767
21460	707
21460	123
21460	771
21461	69
21461	835
21461	2379
21463	3100
21463	19684
21465	4756
21465	5165
21466	3797
21466	3799
21466	18772
21466	19705
21467	3063
21467	15064
21467	14929
21467	5292
21467	15065
21468	215
21469	1577
21469	6566
21469	4345
21470	9411
21470	2499
21470	20714
21471	10143
21471	3676
21471	12718
21471	1615
21471	20654
21472	310
21472	8459
21472	8462
21472	8463
21473	1473
21474	1775
21474	6261
21475	3115
21475	2270
21475	2868
21476	1753
21478	3992
21478	3916
21478	8224
21478	13120
21478	13121
21478	19596
21478	20293
21479	21263
21480	1393
21482	21242
21484	836
21484	1337
21484	629
21484	1353
21484	20421
21485	4517
21485	20961
21487	3061
21489	945
21489	1296
21489	21043
21490	5731
21490	20928
21491	2217
21491	20362
21492	223
21492	691
21492	3504
21492	2922
21493	4565
21493	10245
21493	21015
21494	261
21494	7633
21494	2814
21494	338
21494	6373
21494	20156
21495	1812
21495	1831
21495	893
21495	19190
21496	1834
21497	20320
21498	681
21499	3160
21499	8572
21500	594
21500	5052
21500	878
21506	19856
21509	2962
21509	2629
21510	11677
21511	550
21511	10438
21513	20924
21515	5
21515	4258
21515	255
21515	19082
21517	1786
21518	3675
21518	1594
21520	5101
21521	360
21523	1162
21523	1706
21524	7257
21524	20599
21525	5514
21526	615
21526	21301
21529	9772
21530	145
21530	19423
21531	9411
21532	21199
21533	21237
21534	10586
21534	20454
21535	20863
21536	21314
21537	12380
21538	10793
21538	10803
21539	13574
21540	10586
21541	6891
21542	362
21542	724
21543	964
21544	997
21544	11280
21545	17
21548	3661
21549	21267
21550	2231
21550	4405
21552	6866
21552	1254
21552	18828
21554	21326
21555	4371
21555	4555
21555	2019
21557	2543
21557	2875
21557	2879
21557	5259
21557	5914
21558	21075
21558	21096
21559	1658
21559	194
21561	5997
21562	20561
21563	2128
21563	9702
21564	20663
21568	2559
21568	4126
21568	4128
21568	4141
21568	2624
21568	1556
21568	20714
21569	110
21569	7553
21569	752
21571	20666
21572	8805
21573	20595
21577	9411
21577	108
21577	550
21577	541
21577	530
21577	20116
21578	647
21578	181
21578	11724
21578	11725
21578	11726
21578	20530
21579	2050
21579	8962
21579	8965
21579	8970
21579	6144
21582	741
21582	3798
21583	12097
21584	1013
21585	1074
21585	11232
21587	4575
21587	4692
21587	3076
21587	3502
21588	1317
21588	1380
21588	353
21590	2014
21590	6015
21590	11277
21590	8380
21590	9515
21590	6016
21590	11300
21591	327
21594	3869
21594	7686
21595	1884
21595	8235
21597	21132
21601	4090
21601	20353
21602	20710
21603	4381
21603	21123
21606	15042
21607	21083
21608	13594
21608	5731
21608	20700
21611	925
21611	905
21613	2929
21613	7165
21613	14188
21613	19020
21613	20497
21616	2556
21616	2116
21616	3404
21616	15654
21616	9953
21616	21331
21617	99
21617	1436
21619	12009
21619	13982
21620	486
21620	3147
21620	14289
21621	6332
21621	9381
21627	21163
21628	710
21629	7083
21630	13503
21631	6895
21633	9228
21633	9229
21633	5525
21633	20494
21633	20666
21634	12165
21634	7467
21635	9702
21635	15210
21636	20739
21637	327
21637	7588
21637	19267
21639	10184
21640	5673
21641	12411
21641	12490
21642	13032
21644	21423
21645	15730
21646	9075
21647	8558
21650	19229
21651	21427
21652	11183
21652	14471
21652	8583
21652	16631
21652	15224
21653	2998
21653	12362
21654	7585
21656	8315
21658	9869
21660	5661
21661	12859
21661	3719
21662	10924
21663	11137
21663	16194
21664	11571
21665	11217
21666	1916
21667	16552
21668	11865
21669	11800
21670	11984
21671	13132
21672	13425
21673	15584
21673	17377
21674	15873
21675	4242
21676	20820
21677	18668
21678	7558
21678	3765
21678	8855
21678	14834
21680	1984
21680	258
21680	1753
21680	13149
21681	816
21682	1984
21683	21265
21684	1073
21684	1100
21684	4938
21684	4948
21684	5006
21684	19548
21685	20925
21686	20995
21687	6655
21687	5856
21687	3881
21688	6879
21689	42
21689	1449
21690	4305
21690	2936
21690	772
21690	4346
21692	20058
21693	13355
21693	19870
21694	2207
21694	1497
21694	281
21694	6698
21694	5519
21695	2079
21695	5962
21696	879
21697	20004
21698	1718
21699	20314
21700	19968
21701	19728
21702	1309
21702	1940
21702	10614
21702	6316
21702	19166
21703	6371
21703	1514
21703	1523
21703	1504
21704	8
21704	12
21704	389
21704	548
21704	21080
21705	3549
21705	10445
21705	10846
21706	6351
21707	3009
21707	1138
21708	8243
21708	2935
21708	12287
21708	12294
21709	3209
21709	20677
21710	18796
21711	19862
21712	2291
21712	2319
21713	20044
21714	20038
21715	20046
21716	20662
21717	10777
21717	3526
21718	447
21718	891
21719	20071
21720	20068
21721	5369
21721	13442
21722	19912
21722	20824
21723	719
21723	6444
21723	1827
21724	6725
21724	2907
21725	3365
21725	2941
21726	419
21726	430
21727	3901
21727	20535
21727	21464
21728	282
21729	719
21729	1421
21730	758
21730	19197
21730	19615
21731	5761
21731	1820
21732	20101
21732	21341
21733	679
21733	3524
21733	6622
21733	15021
21734	20521
21735	4512
21735	10091
21736	20622
21737	656
21738	19244
21738	19322
21740	20797
21741	2071
21741	5917
21742	20768
21743	21051
21744	20909
21745	788
21745	3790
21745	792
21745	20112
21746	5125
21746	5444
21747	21021
21748	21028
21749	1769
21749	1548
21750	21149
21751	263
21752	2892
21752	6243
21753	355
21754	5045
21755	21107
21756	21465
21757	8678
21757	2069
21757	5185
21758	21390
21759	1434
21759	19732
21759	21469
21760	3423
21760	20625
21762	2578
21762	3111
21763	19332
21764	8372
21765	6336
21765	9328
21766	554
21766	433
21767	17851
21768	2132
21768	14068
21768	15239
21769	2072
21769	733
21769	4854
21769	3323
21769	5482
21769	18903
21769	19616
21770	13486
21770	4723
21771	2054
21771	3916
21771	6043
21771	6047
21771	6048
21771	6049
21772	21522
21773	19917
21774	13210
21775	3037
21775	962
21776	10619
21776	20824
21777	1139
21778	19724
21779	425
21779	2023
21780	9167
21780	19791
21781	19850
21782	18839
21782	19502
21782	20417
21783	1321
21783	304
21783	9595
21784	10919
21785	11572
21786	11593
21786	11598
21787	16553
21788	11863
21789	11986
21790	13135
21791	13428
21792	15876
21793	21452
21794	18662
21795	2016
21795	3195
21796	100
21796	109
21797	21189
21798	20674
21799	20069
21800	20167
21801	19812
21802	19924
21803	20127
21804	19980
21805	20121
21806	20151
21807	20147
21808	20644
21809	20748
21810	20892
21811	21226
21812	21065
21813	21223
21814	21194
21815	21297
21816	6887
21816	13944
21817	1565
21817	20178
21818	2531
21818	4687
21818	10807
21820	15056
21821	2434
21821	401
21821	20077
21822	2139
21824	9762
21825	5017
21826	2846
21826	11174
21826	11177
21827	2263
21827	2267
21828	3695
21828	6621
21829	15837
21830	5099
21830	8893
21831	2901
21831	283
21831	5181
21831	5178
21831	19886
21832	8181
21833	1333
21834	2580
21835	11809
21835	5075
21836	703
21836	21273
21837	21570
21838	132
21838	106
21839	12879
21839	12880
21839	409
21840	2619
21841	5910
21841	19386
21842	19448
21843	5796
21844	19753
21845	10969
21845	13155
21846	701
21846	198
21846	794
21846	738
21846	728
21846	799
21846	802
21847	6373
21847	13673
21848	10742
21849	260
21849	13898
21849	19095
21850	4966
21850	1392
21851	976
21852	709
21852	18779
21852	20836
21853	2967
21854	13345
21854	9072
21854	9206
21854	9085
21855	1982
21855	3055
21855	5990
21855	9316
21856	2265
21856	19229
21857	1069
21857	20747
21858	8226
21858	6153
21858	19701
21859	1585
21859	20730
21860	1372
21860	4254
21860	19863
21861	3238
21861	3522
21861	5556
21861	3540
21861	1492
21862	607
21863	6385
21864	3574
21864	5974
21865	4281
21865	4420
21865	4618
21865	3609
21866	3306
21866	20429
21867	12724
21867	6263
21868	943
21868	14257
21868	2443
21868	21434
21869	25
21869	1092
21869	3853
21870	20370
21871	493
21871	3999
21871	1599
21871	8109
21872	1029
21872	11716
21873	645
21874	126
21874	4783
21875	502
21875	2712
21875	1403
21876	4081
21877	3652
21877	3676
21878	3646
21878	3145
21878	12394
21879	1287
21880	11535
21880	11537
21881	631
21882	5548
21883	2104
21883	5165
21883	10076
21883	4690
21883	20480
21883	20650
21884	4315
21885	4332
21886	7268
21886	3058
21886	1498
21886	3657
21886	2618
21886	20487
21887	19298
21888	2061
21888	9631
21889	1304
21890	561
21891	1161
21892	8944
21893	6679
21893	5782
21893	19631
21894	5205
21894	20172
21895	7469
21895	550
21897	8477
21898	5359
21898	5677
21898	5683
21899	5195
21899	5757
21899	18862
21899	20615
21900	5018
21901	5290
21902	6924
21903	5898
21903	20722
21904	12647
21904	11721
21904	21154
21905	1376
21905	20713
21906	5324
21907	567
21908	21185
21909	841
21909	2635
21909	18784
21910	5492
21911	6389
21912	20195
21912	21034
21913	16060
21913	5830
21913	16472
21914	5694
21915	615
21915	866
21915	21578
21916	5730
21917	5788
21918	1435
21918	6459
21918	13938
21918	5900
21919	3556
21919	14623
21919	20753
21920	6294
21921	8408
21922	2207
21923	6471
21924	6433
21925	7152
21926	7419
21927	393
21927	510
21927	20079
21928	6576
21929	6668
21929	13111
21929	13113
21929	20603
21930	6523
21931	15292
21932	6748
21933	13552
21933	6797
21934	7314
21935	1500
21935	1520
21936	14008
21937	7061
21938	7061
21938	3877
21938	11657
21938	12949
21939	20140
21940	12277
21941	1964
21942	8021
21943	8199
21944	10784
21944	21253
21945	15002
21946	19318
21947	18857
21948	8663
21949	8710
21950	12370
21950	1461
21950	8729
21951	8888
21952	8823
21952	9851
21953	2787
21953	21119
21954	5604
21954	3678
21954	9322
21954	9367
21954	7301
21955	9145
21956	9181
21956	9190
21957	16020
21958	9790
21959	1472
21960	9908
21961	12713
21961	117
21962	19461
21963	9990
21964	4792
21964	1311
21964	6806
21964	9938
21964	2383
21965	10567
21966	11468
21967	16509
21967	12054
21967	12047
21967	16256
21968	13007
21969	21329
21970	4998
21970	14991
21971	2207
21971	735
21971	19228
21972	327
21972	7475
21972	934
21972	1060
21973	418
21973	697
21974	368
21975	673
21976	3479
21976	1534
21977	14056
21978	2783
21978	21572
21979	20913
21980	1434
21981	3160
21981	19949
21982	2291
21982	1048
21982	4430
21983	1372
21984	2552
21984	20639
21984	21284
21985	2720
21985	18772
21986	18990
21988	2261
21989	10456
21990	401
21990	2840
21991	1653
21992	990
21992	20453
21993	1387
21993	3584
21993	13653
21993	21262
21994	10329
21994	4774
21994	7607
21995	1738
21995	21128
21996	21543
21997	1252
21997	5202
21997	2346
21998	1781
21998	19648
21999	1380
21999	4914
21999	3333
21999	20158
22000	10548
22001	762
22002	3275
22002	15960
22002	20181
22003	3333
22003	2662
22004	21158
22006	7480
22006	21272
22007	3977
22007	4172
22007	4174
22008	416
22008	18968
22008	21339
22009	4913
22010	1753
22010	18962
22010	19952
22011	47
22011	1834
22011	1816
22012	9669
22012	13526
22013	1955
22014	2970
22014	9600
22014	21383
22015	4403
22015	3535
22016	2250
22016	2268
22016	6664
22016	7466
22016	21272
22017	10181
22017	10183
22017	7348
22018	13362
22018	5967
22019	5008
22019	15045
22020	2060
22020	20028
22021	4667
22021	20710
22022	5298
22023	654
22023	12014
22024	5989
22026	3077
22027	3479
22027	12084
22028	1468
22028	2870
22029	4238
22029	1333
22030	1750
22030	994
22030	3095
22031	20858
22032	861
22033	3346
22033	4209
22033	2348
22035	10800
22035	10792
22035	10802
22036	5910
22036	21259
22037	2147
22037	3346
22037	15659
22037	15660
22037	15661
22038	605
22038	153
22038	3796
22039	6594
22040	12374
22040	19010
22042	178
22042	12145
22043	4908
22043	10143
22044	21481
22044	21681
22046	14408
22047	16183
22047	19538
22048	2208
22048	2226
22049	12627
22049	19552
22051	21612
22052	2283
22052	10910
22052	1628
22052	15721
22053	2507
22054	13512
22054	10985
22055	1786
22055	15759
22056	21010
22057	853
22057	18872
22057	20243
22058	11281
22059	1349
22059	9409
22059	9413
22060	3332
22060	3342
22061	2932
22061	13736
22062	13606
22062	19210
22063	6897
22063	16468
22064	1652
22064	7523
22065	10926
22066	21108
22067	3096
22067	9666
22067	3243
22067	12256
22067	9664
22068	18666
22069	1145
22070	2315
22071	20228
22072	18971
22073	1427
22074	20996
22075	1529
22075	6151
22075	19407
22076	21405
22077	8
22077	515
22078	883
22078	11113
22080	11573
22081	16536
22082	19340
22083	11980
22084	13137
22085	13432
22086	15877
22087	16868
22087	16878
22088	21444
22089	20808
22090	19883
22091	20254
22092	19663
22093	19994
22094	20221
22095	20200
22096	19982
22097	20229
22098	20773
22099	20933
22100	21072
22101	21440
22102	21244
22103	21504
22104	21477
22105	21516
22106	2142
22107	9757
22108	8253
22109	20358
22110	1767
22111	2686
22111	6022
22112	2613
22113	19985
22114	5800
22115	10741
22116	19122
22117	588
22118	19139
22119	13157
22119	21166
22120	4095
22121	4146
22122	20282
22123	4320
22124	20204
22125	102
22125	12025
22125	21376
22126	19563
22127	1197
22128	8886
22128	8849
22129	21498
22130	18958
22131	5283
22132	6930
22133	21005
22134	573
22135	1573
22136	5497
22137	6394
22138	5695
22139	5739
22140	5764
22141	6295
22142	8406
22143	19352
22144	6436
22145	10862
22146	7416
22147	6578
22148	9496
22149	6749
22150	7321
22151	7063
22152	20627
22153	21541
22154	7971
22155	8022
22156	8187
22157	15000
22158	18851
22159	20226
22160	8674
22161	8697
22162	9146
22163	16021
22164	9776
22165	19818
22166	9912
22167	20087
22168	9999
22169	10568
22169	21534
22170	11469
22171	21576
22172	20706
22173	21580
22174	19845
22174	20623
22175	20123
22176	21496
22177	21374
22178	21022
22179	195
22179	5399
22180	6028
22180	6032
22180	6018
22180	6039
22181	3931
22181	3909
22181	10630
22182	2156
22183	706
22184	18
22184	6500
22184	17225
22185	3123
22185	4628
22186	2758
22187	423
22187	19921
22188	19676
22188	20562
22189	5671
22190	19641
22191	4786
22192	535
22192	19069
22192	19134
22193	11115
22193	314
22193	20798
22194	11013
22195	9933
22196	2204
22196	5629
22196	5633
22196	5636
22197	6188
22198	6615
22198	157
22198	21356
22199	5951
22200	11451
22201	2728
22202	1613
22202	708
22203	10389
22204	15093
22204	15195
22205	8501
22206	7294
22207	2825
22207	6016
22207	11266
22208	16745
22209	8891
22209	10676
22209	12632
22209	6457
22209	12633
22209	12634
22210	20844
22211	5793
22212	12697
22212	8080
22212	15972
22213	1082
22213	209
22213	5311
22213	617
22214	21514
22215	1079
22215	1193
22216	5522
22216	19763
22216	20494
22216	20797
22217	8940
22217	3184
22218	1617
22218	3878
22219	8145
22219	8147
22219	427
22219	8149
22219	539
22220	6669
22220	1750
22220	3077
22221	3248
22222	6663
22223	1784
22223	5366
22224	2177
22224	1645
22224	14846
22224	9704
22224	14850
22224	3413
22225	1891
22225	10146
22225	10148
22225	10152
22225	10153
22226	36
22227	635
22227	3673
22227	2291
22227	103
22227	5613
22228	3559
22229	12267
22229	19379
22230	4686
22230	12610
22231	20118
22232	6448
22232	10135
22233	1185
22234	12656
22235	8576
22235	8578
22235	8579
22235	599
22236	8481
22237	21424
22238	734
22238	1625
22238	17010
22238	19448
22239	6714
22239	7695
22239	4201
22239	13387
22239	11878
22239	14678
22239	19035
22240	679
22240	4344
22241	1455
22242	4372
22242	4454
22243	2936
22243	8486
22243	20528
22244	286
22244	7041
22245	679
22245	19082
22246	9952
22247	293
22247	370
22247	6090
22248	2783
22248	13898
22248	1766
22248	2029
22248	6110
22249	100
22249	3141
22249	19201
22250	5866
22250	8120
22250	2716
22250	3133
22250	21034
22251	21198
22252	93
22252	7507
22252	18824
22253	10431
22253	13803
22254	5320
22256	10108
22256	5370
22256	3419
22257	750
22257	2261
22258	6333
22258	294
22258	302
22258	6335
22259	14314
22259	14353
22259	14204
22260	9447
22260	20926
22261	9139
22262	592
22262	18776
22262	19864
22262	21239
22263	5724
22263	8764
22263	18922
22264	2042
22264	6710
22265	1273
22265	19731
22266	12233
22267	7093
22268	5582
22268	8072
22271	6281
22271	6421
22272	1379
22272	8234
22272	8209
22272	18871
22273	8315
22273	15256
22274	3153
22274	20696
22275	5341
22275	4813
22275	12097
22276	1610
22276	10889
22276	5805
22277	10360
22278	387
22278	2434
22278	20182
22279	2427
22279	9849
22279	1764
22280	9268
22280	11792
22280	1856
22281	19731
22281	21529
22282	9972
22283	1005
22283	16484
22284	4248
22284	7699
22285	13412
22286	3735
22286	21638
22287	3210
22287	2282
22287	3108
22288	7542
22288	12657
22289	626
22289	8741
22289	21274
22290	10424
22291	10488
22292	89
22292	6535
22292	10133
22292	8957
22292	2627
22292	10691
22294	16812
22294	21930
22295	11372
22295	12037
22295	17663
22296	12060
22296	12061
22296	12089
22297	5623
22297	17324
22298	153
22298	161
22298	460
22298	716
22298	7134
22298	9622
22299	17921
22299	16549
22299	17922
22300	6490
22300	20416
22301	661
22302	132
22302	851
22303	5480
22303	6854
22305	3535
22305	4375
22305	19359
22306	19557
22306	21264
22307	10736
22307	3662
22307	14674
22308	8767
22308	8771
22308	6323
22309	3564
22309	10469
22310	18876
22310	20528
22311	1125
22311	9092
22312	418
22312	20707
22313	1006
22313	6565
22314	21
22316	1455
22316	878
22316	2041
22316	773
22316	20429
22317	5706
22317	3741
22319	9603
22320	178
22320	801
22321	8194
22321	5440
22321	12895
22322	1996
22322	3469
22322	2220
22322	2908
22322	21494
22323	3549
22323	4230
22323	3218
22324	531
22324	7203
22324	21395
22325	8569
22325	6794
22326	1786
22327	6942
22327	4849
22327	6968
22327	20205
22328	2000
22329	6535
22329	7297
22330	4465
22331	48
22331	7437
22331	21027
22332	255
22332	20036
22333	4960
22333	11344
22334	15319
22334	15156
22336	9897
22337	1404
22337	2250
22337	3071
22337	2276
22337	2265
22337	20997
22338	700
22339	4333
22339	197
22339	4356
22339	820
22339	21690
22340	262
22340	2802
22341	1537
22341	5097
22341	2385
22341	2499
22341	477
22344	3926
22344	20682
22345	1553
22345	8805
22346	5119
22346	2087
22346	8144
22347	7134
22347	2936
22347	711
22347	520
22347	1020
22347	20702
22348	935
22348	930
22348	20819
22348	21611
22349	5915
22349	5913
22350	6272
22350	18959
22350	19223
22350	19964
22351	5755
22351	21500
22352	1206
22352	21140
22354	9253
22354	19182
22354	21287
22355	6663
22356	99
22357	18930
22357	21997
22358	258
22358	265
22358	4812
22359	3169
22360	3316
22360	3462
22361	7115
22362	5873
22362	3761
22363	3508
22363	20164
22364	2729
22364	20015
22365	16423
22365	17998
22366	9175
22366	9192
22367	14744
22369	10947
22369	2921
22369	10945
22369	10950
22372	12697
22372	12940
22373	11197
22373	11200
22373	11212
22374	6725
22374	21724
22375	710
22375	12683
22376	3650
22376	5276
22377	1281
22377	2362
22377	7281
22378	6921
22378	18939
22379	706
22379	18938
22380	19126
22381	4778
22381	10636
22382	13316
22382	13508
22383	3646
22383	19876
22384	10815
22385	12488
22385	20507
22386	2250
22386	19979
22387	21514
22388	5957
22389	11839
22390	6650
22390	4023
22391	3860
22392	10928
22393	1911
22396	2131
22398	12688
22399	20551
22400	16556
22401	11993
22402	2278
22403	20231
22404	19954
22405	20310
22406	3650
22406	13945
22407	19067
22407	19386
22408	2273
22409	1011
22409	1750
22409	20997
22410	4403
22412	11717
22413	5822
22414	7470
22415	18941
22416	7426
22417	1511
22418	15293
22419	20376
22420	20298
22421	5531
22422	9785
22423	12776
22424	2741
22426	4411
22426	3538
22427	63
22427	4742
22428	7105
22428	6454
22429	2800
22429	19754
22430	6808
22432	8755
22433	15758
22434	19189
22435	2955
22436	6896
22437	7484
22438	18667
22439	1198
22440	2316
22441	20304
22442	1447
22443	5537
22443	5545
22443	1263
22444	4425
22444	1261
22444	18930
22445	11575
22446	19460
22447	13138
22448	20295
22449	15882
22450	3518
22450	4925
22451	20982
22452	20395
22453	19783
22454	20291
22455	20274
22456	20305
22457	20902
22458	21092
22459	21289
22460	10309
22460	15820
22461	21508
22462	9004
22462	9810
22463	5995
22463	5648
22464	2457
22464	19548
22465	2143
22466	9759
22467	19400
22468	309
22469	19436
22470	2603
22471	20181
22472	5804
22473	21574
22474	19611
22475	21586
22476	4076
22477	19538
22478	19713
22478	21552
22479	4329
22480	20972
22481	19766
22482	1214
22483	1426
22483	1571
22483	21276
22484	21605
22485	5279
22486	6931
22487	1191
22487	18778
22487	20620
22488	589
22489	5502
22490	6395
22491	20102
22492	5742
22493	5771
22494	6302
22495	20509
22496	6441
22497	21625
22498	6580
22499	6750
22500	7317
22501	7051
22502	20757
22503	1144
22504	7990
22505	8023
22506	15001
22507	20300
22508	8676
22509	8672
22510	9147
22511	16022
22512	21589
22513	9913
22514	20191
22515	10001
22516	11470
22517	1391
22517	12340
22517	16133
22518	2155
22519	605
22519	404
22519	20466
22519	21154
22520	20360
22521	18835
22521	18970
22522	21592
22523	21182
22524	21548
22525	2765
22526	7375
22527	20948
22528	4787
22529	18887
22530	6190
22531	5947
22532	11452
22533	2760
22534	19136
22535	783
22535	734
22536	16746
22537	5795
22538	3220
22539	1217
22540	19083
22540	19435
22541	7711
22541	4299
22541	9686
22542	21369
22543	9954
22544	3123
22544	3322
22545	12234
22546	8735
22547	1301
22548	13413
22549	10425
22550	10492
22551	666
22552	1801
22553	3651
22553	3654
22554	504
22554	1021
22555	9027
22555	9028
22555	20100
22556	13051
22556	9419
22557	2210
22558	3957
22558	2521
22559	18777
22560	20111
22561	1946
22561	15266
22561	14003
22561	20934
22562	18877
22562	19193
22562	20645
22562	21749
22563	147
22564	80
22565	13236
22565	1589
22565	1472
22565	13238
22566	3991
22566	5214
22567	104
22567	7478
22567	9326
22567	21383
22568	850
22568	1257
22569	3560
22570	1748
22570	8916
22570	2625
22571	7188
22572	1727
22572	3553
22573	428
22573	4816
22573	15287
22573	14804
22574	8035
22575	4826
22575	6593
22576	1044
22576	5542
22576	5547
22576	3798
22576	21181
22577	2006
22577	10735
22577	3778
22578	20526
22579	19502
22579	19880
22580	6151
22581	466
22582	2736
22582	6893
22582	12837
22583	2843
22584	2974
22585	19322
22585	19958
22586	3653
22586	287
22586	6773
22587	8974
22587	15596
22587	7562
22588	11091
22588	11715
22588	15611
22588	7347
22588	12150
22590	9665
22591	1009
22591	3671
22592	11411
22593	9241
22594	1717
22594	3727
22594	9832
22594	13637
22594	13627
22594	4840
22594	2390
22595	19109
22595	22222
22596	4545
22597	572
22597	1491
22597	6908
22598	475
22598	419
22599	2575
22599	2549
22599	3676
22600	3209
22600	7712
22600	7714
22600	19925
22601	8749
22602	10031
22602	7504
22602	14344
22602	12823
22602	14345
22603	413
22604	1107
22606	4590
22606	4063
22607	710
22608	6
22608	3539
22609	5378
22609	12601
22610	4577
22610	19981
22611	324
22612	1947
22612	4675
22612	4771
22612	8602
22612	11177
22613	1869
22613	3993
22613	1499
22614	20086
22615	19932
22617	5162
22618	155
22618	9279
22619	1358
22620	8505
22621	3165
22621	1675
22621	3732
22621	1102
22623	6300
22624	6943
22625	9333
22626	10444
22627	6841
22628	8629
22628	13675
22628	9366
22629	297
22629	19564
22630	1467
22630	2958
22630	5967
22630	6890
22631	20802
22632	3610
22632	8056
22633	1580
22633	12864
22634	22244
22635	3403
22635	13744
22635	8465
22636	5640
22636	20588
22637	1505
22638	1245
22638	647
22638	6885
22639	7159
22639	3223
22639	7164
22640	9524
22640	9528
22640	7812
22640	6594
22641	613
22641	16131
22641	16133
22642	10258
22643	4700
22643	231
22643	10932
22643	10933
22643	9556
22643	2960
22644	3708
22644	6706
22644	13625
22644	6722
22645	10581
22646	14328
22646	6962
22647	19609
22647	20141
22647	21845
22648	8064
22648	501
22648	8336
22649	9140
22650	1031
22650	13194
22651	19801
22652	9287
22653	2385
22653	8454
22653	19333
22654	11761
22654	6497
22655	13584
22655	19004
22655	21919
22656	10229
22656	10853
22657	4838
22657	5927
22657	12032
22657	13308
22657	13888
22658	9633
22658	2180
22658	15944
22659	15186
22659	8816
22659	15224
22660	2058
22660	8343
22661	12078
22661	3240
22661	12971
22661	12973
22662	7282
22662	20342
22663	2677
22663	1433
22663	1442
22663	21054
22664	147
22664	822
22664	5826
22664	11957
22665	4572
22665	13716
22665	5808
22665	9389
22665	6867
22666	4762
22666	21318
22667	3525
22667	1794
22668	10482
22668	16191
22669	15370
22669	14598
22669	17707
22670	12068
22670	12090
22670	1483
22670	12263
22670	22209
22671	17316
22672	5613
22672	13736
22673	17372
22673	17373
22673	17375
22674	11322
22674	13374
22675	11738
22675	16980
22675	16983
22675	16423
22676	5671
22676	2800
22676	5358
22676	8817
22676	2379
22676	10966
22676	16318
22676	15152
22677	10071
22677	9310
22677	9986
22679	7667
22679	9613
22680	3275
22680	1431
22681	15541
22681	15811
22682	15806
22682	18031
22683	18096
22684	18377
22684	18387
22685	2884
22686	4879
22686	6085
22686	5978
22686	6551
22687	1434
22687	2798
22688	18855
22689	22079
22690	20923
22692	1622
22692	1582
22693	19865
22694	6661
22694	93
22694	3790
22694	21558
22695	2899
22695	8541
22696	373
22696	601
22697	3020
22697	5549
22697	19780
22698	860
22698	6329
22698	21705
22699	1309
22699	1562
22699	13591
22700	5310
22700	3205
22700	3044
22700	18841
22700	20845
22701	1379
22701	2608
22702	12059
22702	5186
22702	5448
22702	13015
22703	216
22703	20077
22704	8628
22704	9453
22706	3781
22707	138
22707	5438
22707	9588
22707	8685
22707	4813
22708	2963
22709	428
22709	19499
22710	1889
22710	258
22710	328
22710	5373
22710	5409
22710	5413
22710	2065
22710	19781
22711	9321
22712	21443
22713	2808
22713	13171
22713	136
22713	21694
22716	1828
22717	6572
22718	2959
22718	11901
22718	19245
22720	2214
22720	1196
22721	4782
22721	10138
22721	335
22722	2558
22722	21470
22723	4813
22724	5698
22724	2921
22724	5714
22724	1559
22725	12262
22725	1580
22725	164
22725	21284
22726	927
22726	12146
22726	16371
22727	20028
22727	20391
22728	1009
22729	1082
22729	13292
22729	20077
22730	1034
22730	1041
22730	1049
22731	2751
22732	2177
22732	9089
22733	255
22733	6081
22733	6175
22735	1928
22736	415
22736	700
22737	20940
22738	706
22738	3863
22738	805
22739	1634
22740	3437
22740	3439
22741	902
22741	119
22741	6104
22742	12265
22742	6309
22743	2718
22743	520
22744	20077
22745	2959
22745	21972
22746	6055
22746	12472
22747	6706
22747	14761
22748	21360
22749	21474
22750	12029
22750	13561
22751	11689
22751	11690
22751	11691
22752	6308
22752	2813
22752	14634
22753	11793
22754	1572
22754	4478
22755	2294
22755	13446
22756	8066
22756	5885
22756	8072
22757	6057
22757	6061
22758	2257
22758	18825
22759	19824
22760	4899
22760	1702
22761	18942
22762	4060
22763	2608
22764	19901
22764	22045
22765	1305
22765	16769
22767	9561
22767	7584
22767	14570
22767	13174
22767	20059
22768	11806
22769	6676
22769	7333
22770	1418
22770	15300
22771	20711
22771	21177
22772	3646
22772	11875
22773	2055
22773	11913
22774	4846
22775	9137
22776	1994
22777	14273
22777	15180
22778	19760
22780	15294
22781	760
22782	3324
22783	3552
22784	7511
22785	16950
22786	398
22786	18830
22786	19262
22787	2583
22787	19292
22788	20063
22789	1959
22789	1954
22789	14009
22790	9290
22790	21303
22791	9180
22792	4859
22793	20292
22794	975
22794	951
22794	977
22794	986
22794	989
22795	2868
22795	5165
22795	5268
22795	5275
22795	5282
22796	503
22796	7150
22796	6116
22797	5959
22798	9779
22799	4802
22799	19686
22800	6598
22800	6605
22801	11278
22803	1191
22803	1121
22803	19262
22804	15761
22805	20124
22806	1880
22806	2700
22807	20467
22808	8681
22809	10565
22809	20335
22810	1713
22811	4914
22812	2927
22813	11014
22814	9619
22815	8088
22816	4298
22816	19519
22818	7370
22818	7337
22819	2583
22819	7786
22820	17319
22821	531
22821	658
22822	1571
22822	1773
22822	18797
22822	18976
22823	2560
22825	2774
22826	4807
22826	263
22826	8623
22826	9319
22828	3011
22828	18892
22828	20112
22829	14394
22830	12489
22831	4699
22832	10931
22833	1790
22834	16555
22835	11992
22837	20307
22838	20025
22839	20414
22840	2287
22841	509
22841	1812
22841	1843
22842	580
22843	7471
22844	20619
22845	7429
22846	1518
22847	20511
22848	20633
22849	19318
22850	10613
22850	1414
22851	2753
22852	8704
22853	20717
22854	21001
22855	7488
22856	18669
22857	670
22858	2306
22859	20410
22860	1213
22861	11576
22862	19717
22863	13139
22864	20406
22865	15883
22866	21144
22867	20505
22868	20394
22869	20372
22870	20411
22871	21057
22872	21285
22873	21507
22874	19775
22875	2153
22876	9761
22877	19517
22878	505
22879	2594
22880	892
22881	5805
22882	968
22882	512
22883	20594
22884	20526
22885	4086
22886	19595
22887	4331
22888	21170
22889	19922
22890	1226
22891	4967
22891	11802
22892	5286
22893	6933
22894	590
22895	5512
22896	6390
22897	20915
22898	5745
22899	5772
22900	6314
22901	20754
22902	6447
22904	6583
22905	21618
22906	7053
22907	21038
22908	19698
22909	8024
22910	15003
22911	20403
22912	8677
22913	19944
22914	16023
22915	9505
22915	3474
22916	9914
22917	20286
22918	10003
22919	11471
22920	20981
22921	20800
22922	3685
22922	9899
22923	21396
22925	398
22925	18776
22925	19102
22926	7377
22927	19603
22927	20796
22928	4788
22929	19768
22930	6197
22931	5953
22932	11448
22933	2766
22933	2721
22933	2651
22934	10396
22935	16747
22936	5824
22937	3224
22938	1265
22938	1181
22939	4309
22940	9956
22941	12236
22942	14621
22942	5574
22943	9973
22944	13415
22945	10426
22946	10493
22947	19726
22948	1789
22949	2222
22950	3227
22950	19159
22951	156
22951	146
22952	19932
22953	4912
22954	19581
22955	2994
22956	11412
22957	1387
22957	3275
22957	14451
22958	2351
22958	4423
22958	2396
22958	9823
22959	4444
22960	20023
22961	13871
22962	8506
22963	9335
22964	11938
22964	917
22964	12053
22965	8635
22966	1750
22966	16905
22967	15357
22968	10263
22969	10582
22970	10285
22971	19317
22972	18097
22973	11282
22973	9186
22974	2523
22974	130
22975	18952
22975	20500
22976	144
22976	22024
22977	70
22978	1649
22979	2123
22979	2161
22980	298
22981	1624
22982	1879
22982	2661
22982	1759
22982	2519
22983	19359
22984	5761
22985	3570
22985	6606
22986	2677
22986	1411
22986	1014
22986	5372
22987	851
22988	2318
22988	12144
22989	7341
22989	6084
22990	20997
22991	786
22991	4746
22992	2056
22993	1759
22993	544
22993	172
22994	69
22994	3459
22995	13451
22995	13458
22996	8341
22997	7929
22997	9414
22998	6728
22998	5255
22999	20365
23000	1346
23000	6407
23000	10074
23001	6054
23002	1171
23002	2270
23002	6120
23003	1053
23003	1055
23003	1057
23003	1058
23003	1061
23004	2180
23005	5973
23005	8556
23005	19084
23006	398
23006	2747
23006	5371
23006	1872
23007	5259
23008	12333
23009	13990
23009	15147
23010	7659
23010	2791
23011	5067
23012	1979
23012	10896
23012	9674
23013	1692
23013	646
23013	1863
23014	11898
23014	2836
23014	19528
23015	21
23015	505
23015	6214
23016	2988
23017	1725
23017	19307
23018	5525
23018	460
23018	423
23019	3087
23019	9936
23019	21528
23020	3081
23021	9271
23022	544
23022	12074
23022	1045
23023	157
23024	8215
23024	10681
23024	10675
23025	4519
23025	7361
23025	20866
23025	21164
23026	10986
23026	10987
23027	3111
23027	21762
23028	838
23028	13850
23028	13851
23029	4919
23030	5236
23032	993
23032	10292
23033	23
23033	60
23033	12074
23033	1020
23033	12122
23034	21407
23035	6520
23035	10910
23035	10182
23036	2000
23036	2822
23036	20145
23037	8577
23037	4466
23038	7462
23039	21
23039	515
23039	973
23039	540
23040	4041
23040	21595
23042	3850
23042	20711
23043	7782
23044	1326
23044	1352
23045	2235
23045	19720
23046	2571
23046	3976
23047	4018
23047	4016
23047	20360
23048	15308
23049	8655
23049	8838
23049	20441
23050	6310
23051	11142
23052	4372
23052	4582
23053	160
23053	1113
23054	6697
23055	8735
23055	1345
23056	4522
23056	9921
23056	4569
23057	4493
23057	19057
23058	169
23059	19577
23059	22370
23060	4669
23061	1939
23062	344
23062	5464
23063	1815
23063	21527
23064	3088
23064	3494
23064	3496
23064	21230
23065	1889
23065	5391
23066	4420
23066	11337
23066	14525
23066	4837
23066	14526
23066	8265
23066	4842
23067	8367
23069	3931
23069	5438
23069	5871
23069	5874
23069	5875
23070	7340
23071	4976
23071	21684
23072	20437
23073	5281
23073	12814
23074	4117
23074	414
23075	1396
23075	4043
23075	8601
23075	3535
23075	4758
23076	2057
23077	3552
23077	10107
23077	5213
23078	5351
23080	5556
23081	21400
23081	21613
23082	1612
23082	10363
23083	7547
23084	497
23084	1108
23084	1265
23085	13484
23086	4243
23086	3262
23087	5606
23087	2080
23087	17181
23087	21775
23088	12839
23089	5202
23089	849
23089	1377
23090	418
23090	944
23090	1018
23091	2224
23091	2633
23091	5853
23092	7018
23092	12137
23093	16323
23094	1877
23094	5863
23095	20469
23096	9706
23097	2638
23097	6220
23097	2942
23098	2182
23099	5869
23099	12673
23099	12675
23100	11035
23100	6633
23100	16665
23100	16666
23101	4024
23101	5570
23101	5079
23101	5579
23101	20478
23102	5086
23103	15618
23105	7145
23106	20539
23107	7599
23107	1068
23108	13338
23108	7292
23108	15580
23109	8384
23109	8436
23109	10484
23109	8152
23110	9868
23110	7406
23111	13816
23111	7434
23111	21587
23112	7579
23113	5200
23113	11663
23114	10184
23114	10327
23114	11399
23114	16240
23114	17621
23114	7857
23114	17622
23115	13805
23115	13806
23115	1693
23116	5916
23117	8336
23118	11361
23118	14719
23119	8839
23119	4452
23120	11888
23121	14819
23122	8612
23122	21151
23123	21487
23124	20405
23125	3306
23125	5468
23125	19066
23126	14922
23127	17173
23127	17174
23128	12860
23128	7572
23128	6897
23129	10439
23130	2156
23130	7279
23130	12133
23130	3254
23130	12962
23130	12914
23131	6518
23131	19558
23132	3548
23132	4756
23132	10127
23133	14252
23134	10243
23134	10245
23135	20013
23136	21236
23137	135
23137	738
23137	3684
23138	13040
23138	11401
23139	11086
23140	2991
23141	11130
23142	13613
23142	22622
23143	14619
23144	3883
23144	4704
23144	13848
23144	13699
23145	5571
23145	13697
23146	999
23146	13373
23146	6989
23147	8494
23147	11796
23148	15184
23149	1841
23149	766
23149	20481
23150	2362
23150	6844
23152	3889
23152	784
23152	19371
23153	117
23153	118
23153	43
23153	124
23153	130
23153	106
23153	20021
23154	403
23154	1624
23154	19159
23154	21971
23155	19217
23156	79
23156	95
23157	13264
23157	13049
23159	93
23159	3141
23159	561
23160	2062
23160	5638
23160	9650
23160	20656
23161	508
23161	1559
23162	3058
23162	5054
23162	20480
23163	3266
23163	3428
23163	5879
23163	6739
23163	6741
23164	1641
23164	10441
23164	19027
23165	1753
23166	221
23166	114
23167	720
23167	1598
23168	60
23168	19167
23169	1031
23169	8307
23169	12323
23169	12328
23170	697
23170	769
23170	792
23170	18773
23171	11097
23171	20219
23171	22411
23172	7269
23172	7271
23172	7278
23173	39
23173	81
23173	3348
23173	2029
23174	1968
23174	5873
23174	1346
23174	10207
23174	9699
23174	19032
23174	19167
23175	1996
23175	2802
23175	21259
23175	22429
23176	42
23176	4785
23179	2234
23179	1543
23180	11235
23180	15345
23180	5582
23181	693
23181	5436
23182	502
23182	6856
23183	1750
23183	3083
23184	9987
23185	796
23185	20544
23186	12084
23187	1602
23187	1499
23187	11724
23188	1893
23189	3243
23189	13993
23190	357
23190	291
23190	19359
23190	19961
23191	8768
23191	18943
23192	6142
23192	21434
23193	19259
23194	20178
23195	21735
23196	13122
23196	12049
23196	10897
23197	10301
23198	2537
23198	5611
23198	5359
23198	10170
23198	6368
23199	21347
23201	2017
23201	3313
23202	2929
23203	730
23203	709
23203	1321
23204	3941
23206	5662
23206	11160
23206	20031
23207	5709
23207	6838
23207	6840
23208	81
23208	19225
23209	5313
23209	5346
23210	5773
23210	21251
23210	21254
23211	3078
23211	3168
23211	3178
23212	10385
23212	22717
23213	1563
23213	14588
23214	20361
23215	2901
23215	4212
23216	53
23216	9652
23216	20861
23217	1056
23218	2090
23219	6393
23219	12053
23219	22270
23220	1076
23220	22559
23221	261
23222	9540
23222	9544
23226	3349
23226	3352
23227	6535
23227	224
23227	8973
23228	10777
23228	22503
23229	19081
23229	22368
23231	7294
23232	8152
23232	8816
23233	7243
23234	648
23234	6503
23235	3583
23236	15528
23236	4875
23237	9320
23237	19768
23238	1424
23238	2904
23241	4849
23241	4824
23241	6964
23242	1010
23243	2009
23243	7680
23243	7682
23243	7683
23243	7684
23244	5008
23244	15040
23244	19340
23245	4307
23246	2344
23246	4186
23246	10676
23246	1860
23247	143
23247	9092
23249	3057
23249	2624
23250	3598
23250	1892
23251	4345
23251	814
23252	1286
23252	5305
23253	5353
23254	3831
23255	4785
23255	10191
23256	8299
23256	5210
23256	1552
23256	426
23257	6789
23259	5024
23259	15032
23260	1543
23260	20662
23261	7481
23262	2673
23263	1760
23264	2205
23264	2901
23264	22687
23265	1314
23265	6680
23265	6146
23267	6237
23267	2950
23268	687
23268	20712
23269	3422
23270	10826
23271	3932
23272	5405
23273	6829
23273	6832
23273	2856
23274	487
23274	1567
23274	21076
23274	21256
23276	19003
23276	20710
23277	20782
23278	14203
23279	16094
23279	10891
23280	9270
23281	7929
23283	12090
23283	12095
23284	16543
23285	4370
23286	20535
23286	22782
23287	6262
23288	20268
23288	21355
23289	20751
23290	1113
23291	9880
23292	1993
23293	22761
23294	959
23294	20242
23295	20493
23296	1218
23296	15392
23298	7510
23299	17320
23300	20939
23301	2871
23302	5676
23303	20315
23304	20352
23305	1244
23306	2072
23306	4902
23306	21710
23307	20265
23309	6628
23310	10314
23311	19798
23312	19338
23313	9756
23314	19919
23315	2601
23316	1675
23316	21145
23317	6397
23318	18845
23318	20242
23319	11453
23320	6193
23321	214
23322	18876
23322	19106
23323	6621
23324	635
23325	881
23325	18836
23325	20499
23326	1746
23327	1796
23328	6163
23328	2923
23328	7134
23329	10053
23330	8045
23331	651
23331	1474
23332	1962
23333	10230
23334	2088
23335	11151
23336	18378
23337	1393
23337	6181
23338	1419
23339	5032
23339	5442
23339	5448
23339	21710
23340	12880
23340	15208
23341	12462
23342	14477
23342	3011
23343	21487
23344	5213
23344	9300
23344	20629
23345	19111
23346	8364
23346	20490
23347	1048
23348	15295
23349	20267
23350	9229
23351	9780
23352	11284
23353	15762
23354	20203
23355	20574
23356	8683
23357	4225
23358	9750
23359	7883
23360	1456
23360	21435
23361	1675
23362	8269
23362	12483
23362	12484
23362	12487
23363	2713
23364	10927
23365	1811
23366	16557
23367	20413
23368	20367
23369	20233
23370	934
23371	5033
23372	7472
23373	21020
23374	7423
23375	1521
23376	19826
23377	20762
23378	19763
23379	2773
23380	3339
23380	3340
23381	12854
23381	19713
23382	7490
23383	18671
23384	19936
23385	2311
23386	20519
23387	21250
23388	11578
23389	11849
23390	13142
23391	20524
23392	15886
23393	21349
23394	20632
23395	20501
23396	20484
23397	20005
23398	21232
23399	21502
23400	9204
23401	2162
23402	20019
23403	5807
23404	21255
23405	4087
23406	20042
23407	4341
23408	21386
23409	20245
23410	21385
23411	5285
23412	1195
23413	595
23414	20921
23415	21581
23416	5740
23417	5774
23418	6318
23419	21000
23420	21334
23421	6585
23422	19618
23422	19872
23423	7049
23424	21205
23425	20359
23426	8025
23427	1862
23428	20635
23429	8692
23430	20970
23431	16024
23432	9919
23433	20419
23434	21191
23435	11472
23436	21135
23437	21018
23438	21610
23439	1019
23440	4383
23440	19981
23441	20202
23442	5948
23443	10392
23443	175
23444	16750
23445	850
23446	3232
23447	19690
23447	19746
23448	9957
23449	715
23450	9975
23451	13416
23452	10427
23453	10496
23455	2234
23456	3418
23456	18828
23456	20363
23457	8758
23458	20978
23459	2987
23459	3008
23460	11416
23461	2507
23461	4461
23462	359
23462	19653
23463	5827
23464	8504
23465	9253
23466	248
23466	1573
23467	15358
23468	10266
23469	10579
23470	104
23470	21376
23471	6160
23471	22000
23472	18098
23473	275
23473	368
23473	19032
23474	21761
23475	5767
23476	869
23476	19041
23477	1682
23478	20976
23479	6365
23480	2993
23481	3072
23482	5457
23483	5238
23484	7787
23485	15309
23486	6700
23487	145
23487	201
23487	19570
23488	2377
23488	19003
23488	21089
23490	4025
23490	19959
23491	1559
23492	5558
23493	3713
23494	16324
23495	9704
23495	3405
23496	15620
23497	20056
23498	201
23498	9695
23499	1392
23499	151
23500	11887
23501	14816
23503	2691
23504	12259
23504	10438
23505	14256
23506	12229
23507	1614
23507	768
23507	22353
23508	451
23509	15188
23510	1736
23511	1897
23512	9692
23513	2653
23513	3754
23513	3904
23514	3673
23514	5586
23515	3495
23516	704
23516	3804
23517	1586
23518	4823
23519	3146
23519	20424
23520	897
23520	10190
23520	7645
23521	2242
23522	1082
23522	21841
23523	411
23524	934
23524	20856
23524	22026
23525	2908
23525	15682
23526	230
23526	1750
23526	8993
23526	19490
23526	19750
23527	4981
23527	22605
23528	16060
23528	16427
23528	13110
23528	16428
23528	16429
23529	16420
23529	16422
23530	4280
23530	4283
23530	4285
23531	5648
23531	21031
23532	4731
23532	1762
23532	10030
23532	19109
23533	605
23533	2661
23535	6348
23536	509
23536	9471
23537	3403
23537	6768
23538	11242
23539	2638
23539	20729
23540	5213
23540	7589
23541	14421
23541	7410
23542	1441
23542	808
23543	21702
23545	7365
23545	21370
23546	4918
23547	10337
23547	14841
23548	353
23548	2870
23549	5318
23549	22578
23550	10498
23551	1836
23551	6889
23551	6890
23552	139
23552	1926
23553	706
23553	20202
23554	2027
23554	1607
23555	852
23555	1150
23555	22443
23556	703
23556	3281
23557	5588
23557	2809
23558	1248
23558	1122
23558	1125
23558	21699
23559	254
23559	699
23559	511
23559	454
23559	824
23559	20465
23560	394
23561	19130
23561	22287
23562	2530
23562	1063
23562	9351
23562	9316
23562	20292
23562	20368
23563	14160
23564	9351
23564	9359
23566	619
23566	7173
23567	3176
23567	3071
23567	19408
23568	5246
23569	7213
23570	11120
23570	14752
23571	3738
23572	3277
23573	18922
23574	10626
23574	6444
23574	10629
23575	10406
23576	601
23576	22696
23577	15283
23577	8897
23578	7199
23579	3435
23579	3457
23579	13164
23580	7341
23580	22269
23582	15783
23582	16459
23583	5190
23584	15342
23585	957
23585	5776
23585	3681
23585	20656
23586	8772
23587	4966
23587	3273
23588	2002
23588	11256
23588	13627
23588	6161
23588	4844
23589	55
23589	1323
23590	249
23590	1498
23590	20809
23591	6787
23591	21474
23592	3898
23592	3700
23592	3707
23592	19377
23593	5552
23593	19148
23593	23019
23594	8384
23594	8232
23594	8387
23595	8588
23595	11061
23595	11062
23596	852
23596	5546
23596	6074
23597	19592
23597	19636
23598	8161
23598	8163
23598	8164
23599	3209
23599	4501
23599	1865
23600	4335
23600	307
23601	9120
23602	3066
23602	5205
23603	7167
23604	4506
23604	22634
23605	5271
23605	10042
23605	8848
23605	6229
23606	2898
23606	5150
23606	5159
23607	2926
23607	6421
23608	11935
23609	9693
23610	3514
23610	9480
23610	10985
23611	7209
23611	13151
23612	225
23612	5716
23612	10328
23612	13145
23613	20784
23614	5303
23615	8796
23616	5663
23616	7630
23616	14780
23617	6393
23618	1490
23619	13950
23620	850
23620	853
23620	2090
23621	8750
23622	327
23623	6761
23624	1165
23625	1562
23625	6378
23626	15233
23626	10622
23627	4908
23627	13406
23627	22043
23628	14908
23628	9388
23628	16207
23629	7179
23631	6877
23632	12516
23632	14328
23633	9699
23633	20497
23634	483
23634	12953
23634	7240
23634	13718
23634	7235
23635	14181
23635	16152
23635	7245
23636	1002
23636	7404
23636	7406
23637	7523
23638	12849
23638	7403
23638	19317
23638	20939
23639	1633
23640	85
23640	510
23640	5173
23640	2510
23640	13793
23640	18824
23641	7266
23641	12752
23641	7622
23642	17145
23643	8110
23643	14847
23643	11068
23643	7882
23643	14854
23643	14855
23644	5611
23644	962
23644	22653
23645	4171
23645	8091
23646	12423
23647	7409
23647	18789
23648	1088
23648	12566
23649	3744
23649	3569
23649	5847
23649	20550
23650	10776
23650	15286
23650	21005
23651	8423
23652	1836
23652	3003
23652	2122
23653	2814
23654	2343
23654	1347
23655	7279
23655	12179
23655	12022
23656	16114
23657	9889
23658	9743
23658	1122
23659	6862
23659	14703
23659	11603
23660	9596
23661	5162
23661	10750
23661	10751
23663	21537
23665	1468
23665	4197
23665	3182
23665	12705
23666	12741
23666	10431
23667	7326
23667	16802
23668	16539
23669	10857
23670	4911
23670	16209
23671	13282
23672	4181
23672	4041
23672	4043
23672	19929
23673	12016
23673	9440
23674	1625
23674	15547
23674	16500
23675	12210
23676	11731
23676	16901
23677	12686
23678	3058
23678	14416
23678	14417
23679	16604
23679	17544
23679	20293
23680	287
23680	3678
23680	18965
23680	21362
23681	1932
23681	5380
23681	20099
23682	3056
23682	14341
23683	6132
23683	6353
23683	9205
23684	18056
23684	13747
23685	17188
23686	1267
23686	16124
23688	15495
23688	17747
23688	17748
23688	15444
23689	17195
23690	17266
23691	1441
23691	12059
23692	428
23692	18932
23692	20922
23693	738
23693	3531
23694	3650
23694	2549
23694	6058
23695	768
23696	3288
23696	1458
23697	10764
23697	6906
23698	19951
23699	5193
23699	5146
23700	213
23700	1673
23700	1670
23700	450
23700	1661
23700	587
23701	1850
23701	18827
23702	4805
23702	2889
23703	1256
23703	3551
23703	3595
23704	57
23704	3088
23704	3218
23705	7309
23706	385
23706	1632
23706	5525
23706	5527
23707	1401
23708	3791
23708	11907
23708	6668
23709	2949
23710	5216
23710	1361
23710	2065
23710	6261
23711	510
23711	5257
23711	20212
23712	1624
23712	3758
23713	3283
23713	1047
23713	22711
23714	6389
23714	9334
23714	15665
23714	10107
23714	14052
23715	418
23715	7134
23715	809
23715	18832
23715	18850
23715	19552
23716	2204
23716	2570
23716	21290
23716	22196
23718	20651
23719	64
23719	5377
23719	12059
23720	2671
23721	11955
23722	1383
23722	3498
23722	3497
23723	1256
23723	4709
23724	104
23724	377
23724	2609
23725	2556
23725	6837
23725	6867
23725	9394
23726	21706
23727	22802
23729	10283
23729	21515
23730	2050
23730	10611
23730	21579
23731	2372
23731	5773
23731	9633
23731	19629
23732	2941
23732	2934
23733	605
23733	21821
23734	1500
23734	13720
23735	3943
23735	7635
23735	5240
23736	15098
23736	19715
23737	11088
23737	10505
23737	12651
23737	3455
23737	16578
23737	23004
23738	867
23738	1661
23738	18781
23739	5848
23739	13847
23740	19999
23740	22371
23741	2571
23741	5592
23742	7721
23743	2931
23743	357
23743	8104
23743	5892
23744	3679
23744	2797
23745	1387
23745	164
23745	19371
23745	19879
23746	3151
23746	655
23747	20993
23748	873
23748	643
23748	18779
23749	184
23749	16740
23749	18957
23751	6779
23751	10759
23751	12079
23751	22279
23752	3531
23753	1635
23753	2712
23754	2591
23754	2038
23754	10017
23754	2438
23755	4285
23755	7819
23756	1022
23756	13045
23757	10388
23758	13698
23759	14034
23759	22206
23760	89
23760	2668
23762	5186
23762	5189
23763	2585
23763	3088
23764	10238
23764	4566
23764	20612
23765	14426
23765	13567
23766	5500
23766	9337
23768	12677
23770	3345
23770	462
23770	3420
23771	17371
23772	9724
23773	1379
23773	14359
23774	4313
23774	20238
23774	20940
23776	5436
23777	8936
23778	11599
23778	11594
23779	8889
23781	2322
23782	1272
23782	9883
23783	22302
23784	20700
23785	6769
23786	6226
23787	13584
23788	5956
23789	4882
23789	13804
23789	12048
23789	16510
23789	6038
23790	1858
23791	15044
23791	15050
23792	23034
23793	4197
23793	4194
23794	10803
23794	22827
23795	708
23795	10053
23796	194
23796	216
23796	21559
23797	13268
23797	3183
23797	12802
23798	13511
23799	13863
23800	6526
23801	8255
23803	7695
23804	10382
23805	6306
23806	9610
23807	696
23807	698
23807	19615
23807	21730
23808	1939
23809	6538
23809	7293
23809	7294
23810	1127
23811	691
23813	5165
23813	7280
23813	22795
23814	2381
23814	21105
23815	17323
23816	1415
23816	19571
23817	873
23817	19221
23818	2603
23818	10712
23819	1572
23819	4475
23820	18924
23821	21634
23822	12276
23823	5325
23824	3675
23824	2185
23825	1333
23825	12735
23825	15597
23825	7587
23826	11454
23828	4801
23829	4563
23830	4529
23831	395
23831	6886
23832	2284
23832	3884
23832	12343
23833	8806
23834	9355
23835	6293
23835	6950
23836	3782
23837	886
23837	19512
23838	20418
23839	7507
23839	5539
23840	13290
23841	3457
23842	6668
23842	7440
23842	21823
23843	14790
23844	11695
23844	11696
23844	21448
23845	6326
23845	14246
23845	19656
23846	19060
23846	19929
23847	8071
23848	57
23849	14731
23850	6252
23851	7512
23852	8978
23853	9192
23853	19373
23854	20487
23855	5966
23857	1252
23857	6614
23858	6020
23859	13389
23860	11012
23861	706
23861	18999
23862	8552
23863	3481
23864	10798
23864	10792
23865	10299
23866	20602
23867	20761
23868	20649
23869	1379
23869	20953
23870	20563
23871	20643
23872	948
23872	959
23872	967
23873	4954
23874	5751
23875	15004
23876	9506
23877	3689
23879	10405
23881	2629
23881	21461
23882	21689
23882	22032
23883	2121
23884	10583
23885	4759
23886	7930
23887	6730
23888	1977
23888	2788
23888	7664
23888	7668
23888	7670
23889	10296
23890	498
23890	842
23891	1594
23891	18896
23891	21739
23892	139
23892	1830
23893	4538
23893	18906
23893	20485
23895	1733
23895	2725
23895	15416
23895	5474
23896	3369
23897	4969
23898	13310
23898	15071
23899	12138
23900	21458
23901	7600
23902	2877
23903	8716
23904	14820
23905	3662
23907	5604
23907	902
23908	6845
23909	2270
23909	750
23909	20030
23910	4300
23911	2428
23911	8136
23911	14304
23912	1660
23913	4214
23914	4244
23914	15529
23915	1124
23915	22278
23916	8512
23917	3933
23918	5402
23919	9272
23920	16544
23922	6085
23922	6117
23923	1862
23923	19093
23924	5356
23925	21003
23926	20523
23927	7102
23928	20475
23929	10315
23930	20675
23931	9760
23932	19789
23933	2611
23934	19285
23935	6195
23936	104
23936	800
23936	21819
23938	1799
23939	4732
23939	990
23940	8047
23941	10232
23942	20034
23943	18379
23944	1426
23945	12468
23946	19654
23946	19851
23947	15297
23948	20398
23949	14057
23950	9782
23951	11276
23952	15763
23953	20048
23954	20792
23955	8715
23956	21024
23957	5559
23958	12611
23959	19860
23960	1815
23961	16554
23962	20522
23963	19887
23964	2292
23965	11718
23966	7473
23967	21387
23968	7425
23969	1522
23970	20888
23971	20001
23972	19221
23973	7491
23974	18665
23975	21286
23976	2323
23977	20142
23978	21480
23979	11579
23980	21008
23981	20648
23982	15887
23983	857
23983	19632
23984	20759
23985	20628
23986	20606
23987	21501
23988	362
23988	18804
23988	18891
23989	21547
23990	20170
23991	5808
23992	21575
23993	4089
23994	4131
23995	4352
23996	21599
23997	20547
23998	21600
23999	20744
24000	19937
24001	596
24002	21081
24003	2587
24003	5706
24004	5777
24005	19656
24006	21175
24007	21593
24008	19989
24009	20502
24010	21414
24011	20672
24012	8026
24013	20766
24014	8693
24015	21345
24016	16025
24017	19800
24018	10204
24019	21437
24020	11467
24021	21332
24022	21183
24023	18772
24023	20326
24024	19724
24025	788
24025	3702
24026	5949
24027	16751
24028	3249
24029	9959
24030	9977
24031	13421
24032	10428
24033	21217
24034	2223
24035	19154
24035	20544
24036	435
24036	554
24037	11417
24038	6836
24039	8509
24040	15359
24041	21343
24042	18099
24043	5779
24044	7655
24045	1379
24046	2783
24046	1431
24047	3023
24049	10191
24050	3649
24051	14763
24051	9420
24052	6689
24053	3268
24053	2111
24054	5559
24055	16325
24056	2078
24056	16464
24056	15275
24057	4432
24058	327
24059	15190
24060	837
24061	2622
24061	899
24061	7517
24062	208
24062	1040
24063	21836
24063	21971
24063	22048
24064	20552
24065	6665
24065	21706
24066	11243
24067	10499
24068	14162
24069	3650
24069	6060
24069	5241
24070	7212
24071	20118
24072	20418
24072	20953
24073	11548
24074	7202
24075	6557
24076	10518
24077	5422
24078	9124
24079	591
24080	8920
24080	360
24081	5315
24082	8797
24083	6558
24084	13951
24085	12294
24086	6763
24086	13984
24087	7171
24088	2084
24088	6879
24089	13018
24089	17146
24090	8424
24091	9798
24092	9881
24093	22980
24094	4803
24094	8847
24094	7615
24094	7949
24095	10859
24096	13283
24097	12208
24097	12209
24098	12685
24099	17196
24100	16885
24100	17265
24100	17990
24101	1448
24104	9411
24104	3324
24105	2249
24105	19473
24106	307
24107	4376
24107	19909
24108	2400
24108	5366
24108	18781
24109	5438
24109	6379
24109	5516
24110	711
24111	461
24111	194
24111	5526
24112	12899
24113	415
24114	3067
24114	2250
24114	3077
24115	139
24115	5613
24115	7446
24115	4042
24115	9734
24115	9738
24115	1369
24116	5357
24116	9879
24117	9535
24117	7333
24117	9536
24118	1341
24118	21681
24119	6528
24119	3495
24119	6530
24119	1090
24120	6904
24122	13501
24123	12783
24124	3679
24125	7260
24125	9404
24125	9351
24125	7519
24125	20201
24126	1550
24127	8357
24127	2885
24128	2899
24129	605
24129	5095
24129	2633
24129	1423
24129	1408
24130	13864
24130	11228
24131	3252
24132	5858
24133	888
24133	18778
24134	288
24134	835
24135	843
24135	1576
24135	3789
24135	3802
24136	38
24136	1645
24136	5078
24137	5647
24137	6513
24138	7647
24139	8534
24139	14664
24140	6667
24141	10976
24141	1401
24141	12698
24141	21984
24142	9769
24142	21247
24143	1852
24144	6092
24144	19554
24145	8094
24146	7300
24146	1900
24147	5586
24147	2618
24147	2932
24149	223
24149	4441
24149	2507
24150	4700
24150	5744
24151	5599
24152	19989
24153	3012
24154	2979
24155	19958
24156	2955
24156	21552
24157	416
24157	393
24157	2426
24157	180
24157	22192
24158	5067
24158	8569
24159	2029
24159	779
24160	6842
24160	1383
24161	5586
24161	2954
24161	2893
24161	8923
24161	13595
24162	1852
24162	4200
24162	4203
24162	4211
24162	4218
24163	5123
24163	5124
24163	4909
24164	21176
24165	2802
24165	20327
24167	10545
24168	4610
24168	4385
24170	3310
24171	3252
24171	13927
24172	5424
24173	9591
24174	2846
24174	20545
24175	9878
24176	20552
24177	3331
24178	20016
24178	20140
24179	3434
24180	2028
24181	5365
24182	2566
24182	1318
24182	8375
24182	3574
24183	4319
24183	8281
24183	4350
24183	20199
24184	368
24184	613
24185	12389
24185	4785
24185	13090
24186	1997
24186	6671
24186	4420
24186	10669
24186	4614
24187	5921
24187	5923
24187	5934
24188	11635
24189	7718
24189	4773
24189	8319
24190	3072
24190	6061
24190	5572
24191	11712
24193	7378
24194	7279
24194	7725
24194	7726
24194	7728
24194	7729
24195	3893
24196	1575
24196	3514
24196	3540
24196	20197
24197	1801
24197	4168
24197	4178
24197	19925
24198	8333
24199	4181
24199	7339
24200	7874
24200	9519
24200	9520
24201	14444
24201	10161
24202	4027
24202	760
24203	10354
24203	4047
24203	7988
24203	10706
24203	12568
24204	396
24205	10333
24205	471
24205	19597
24206	8206
24206	22613
24207	14220
24207	14222
24208	4470
24209	3535
24209	16314
24209	20024
24209	21126
24209	23474
24210	4416
24211	7810
24211	4771
24211	5824
24212	3968
24212	1306
24213	10340
24214	6341
24214	4990
24214	6556
24215	4220
24215	19794
24216	2062
24216	2036
24216	7892
24217	4382
24217	4383
24217	4390
24217	4510
24217	4508
24218	4593
24219	13241
24219	12641
24219	13243
24220	4651
24220	8600
24221	11603
24221	1184
24222	21401
24223	360
24223	8938
24223	8574
24223	6698
24224	4745
24225	6249
24225	7431
24225	5372
24225	12657
24226	603
24226	3800
24226	14637
24227	10388
24228	22691
24229	6135
24230	164
24230	20753
24231	268
24232	5846
24232	22770
24233	4923
24233	12004
24233	2879
24233	6275
24234	6416
24234	6420
24234	6422
24235	15094
24236	1855
24237	13252
24237	5118
24237	11998
24237	11703
24237	5008
24239	12718
24239	7165
24240	3068
24240	11946
24241	12302
24243	102
24243	15255
24244	1081
24244	13675
24244	15773
24245	5568
24246	1543
24247	2304
24247	9603
24248	5798
24250	2664
24250	8226
24250	7306
24251	15397
24251	6873
24251	20244
24252	1074
24252	283
24252	3142
24254	20793
24255	2087
24255	7326
24255	5449
24255	15279
24255	15281
24255	12659
24255	15282
24256	6231
24256	15629
24256	21361
24257	8436
24257	16151
24258	13583
24258	13586
24259	262
24259	19201
24259	22762
24260	13064
24260	20650
24260	21883
24261	3657
24262	13716
24263	1218
24263	11607
24264	8844
24265	8985
24267	3088
24267	1311
24267	9587
24268	11897
24269	11173
24269	11170
24270	7372
24270	15607
24270	23593
24271	8845
24271	19809
24272	14035
24273	7734
24274	12266
24274	3660
24274	13365
24275	4025
24275	13318
24275	11680
24275	10704
24276	17236
24277	11533
24278	1486
24278	9856
24279	8436
24279	14788
24280	4125
24280	3381
24281	8545
24282	3699
24282	3701
24283	19357
24283	20799
24284	5081
24284	3062
24284	9821
24284	8528
24285	15235
24286	15011
24287	1544
24288	13188
24289	406
24289	1030
24289	23214
24290	23095
24291	1481
24292	11252
24293	14095
24293	19876
24294	971
24294	11707
24295	4999
24295	2491
24296	9441
24296	15470
24297	10743
24298	1403
24298	21098
24299	14307
24300	15597
24300	1915
24300	16297
24301	12950
24301	12915
24301	14630
24302	10354
24302	4046
24302	14287
24303	1323
24303	8628
24303	12134
24304	16421
24304	16423
24304	22365
24305	483
24305	6377
24305	21143
24306	4422
24306	14290
24306	14292
24306	21620
24307	10625
24308	16442
24309	4911
24309	18983
24310	12203
24311	21200
24312	7170
24312	11950
24312	19846
24313	258
24313	1685
24315	21635
24316	2761
24316	6710
24316	14409
24316	17711
24317	5215
24317	6515
24318	18967
24319	25
24319	1076
24319	424
24319	1244
24320	3266
24320	2949
24320	19100
24321	13994
24322	2015
24322	317
24323	2943
24323	9223
24323	10740
24323	16139
24323	20312
24324	16218
24324	15222
24325	8094
24325	13829
24325	15406
24325	15410
24326	8543
24326	16721
24327	12877
24327	16461
24327	17113
24328	14677
24328	17163
24328	17164
24328	17165
24329	22320
24330	199
24330	21009
24330	21681
24331	25
24331	132
24331	3205
24332	538
24332	1685
24333	105
24333	7138
24333	8492
24333	2132
24333	1573
24333	6407
24333	21553
24335	2050
24335	2105
24336	8407
24336	9089
24337	708
24338	151
24338	22719
24339	733
24340	19
24340	5564
24341	172
24341	181
24341	186
24342	12193
24343	1155
24343	19880
24343	23326
24344	2537
24345	8916
24345	20794
24346	370
24346	19147
24347	1641
24347	8612
24347	13899
24347	20840
24348	17
24348	707
24348	12241
24348	12242
24349	2832
24349	2842
24349	401
24350	592
24350	18944
24351	4558
24352	4865
24352	5259
24352	8928
24353	1705
24353	5386
24353	21461
24354	1288
24354	5006
24354	2033
24354	8147
24354	18799
24354	20912
24354	22824
24355	4689
24356	19149
24358	5238
24358	5589
24358	21284
24358	23617
24359	3088
24359	10850
24360	1687
24360	18832
24361	13013
24361	15381
24362	3058
24362	5181
24363	19865
24364	3299
24364	1601
24365	6625
24365	7309
24365	114
24365	777
24365	18986
24366	416
24367	1645
24367	1632
24367	23706
24368	18858
24368	20673
24369	135
24369	2936
24369	5630
24369	21518
24370	300
24370	6159
24371	161
24372	1492
24372	5652
24372	5838
24372	2500
24372	19092
24373	1700
24373	1724
24373	1717
24373	1716
24373	1622
24373	269
24373	22608
24374	3905
24374	7272
24374	7286
24376	869
24376	3418
24376	23002
24377	14491
24377	1715
24378	8467
24378	173
24378	11263
24378	14507
24378	22977
24379	2278
24379	22836
24380	6328
24380	19614
24381	20035
24382	2385
24382	4650
24383	1393
24384	1763
24385	2577
24385	1155
24386	5485
24386	12819
24387	1564
24387	1783
24388	2268
24388	22685
24389	741
24389	717
24390	420
24390	423
24390	645
24390	19190
24390	19588
24391	3347
24391	3223
24391	14730
24393	21545
24394	22676
24394	23508
24395	3357
24396	11129
24397	5084
24397	239
24397	5098
24398	48
24398	5960
24398	13343
24398	13344
24399	2454
24399	1879
24400	2784
24400	9741
24400	6073
24400	18866
24400	19505
24401	7418
24401	10020
24401	10026
24402	8145
24402	878
24402	6511
24403	6333
24403	5087
24403	2269
24404	983
24404	19069
24404	21181
24405	3800
24405	6642
24406	20384
24407	501
24407	3080
24408	2274
24408	3031
24408	2237
24408	19582
24408	19682
24409	1052
24409	6110
24409	9716
24410	955
24410	21086
24411	1431
24411	776
24412	1477
24413	2498
24413	20733
24415	7549
24415	2266
24415	7554
24416	38
24416	19890
24416	21075
24417	1940
24417	2417
24417	3725
24417	3728
24417	3730
24417	3731
24417	21438
24418	1980
24418	2119
24419	11601
24419	9248
24420	2745
24421	22394
24422	7691
24422	7654
24422	1422
24423	7829
24423	6430
24424	19928
24426	420
24426	1537
24426	2784
24426	5103
24426	21137
24427	2960
24427	20131
24428	997
24428	1428
24429	2270
24429	3656
24429	15750
24429	10107
24429	10027
24430	2998
24430	21268
24431	337
24431	19032
24432	13908
24432	9495
24433	6240
24434	10814
24434	15609
24435	983
24435	19390
24437	8813
24437	9098
24438	327
24438	268
24439	19991
24439	22600
24440	6438
24440	11334
24440	4796
24441	14176
24442	167
24442	552
24442	20580
24443	5237
24443	22636
24444	3362
24444	1372
24444	4197
24445	1903
24445	11594
24445	4015
24445	17502
24446	20364
24447	1492
24447	14588
24447	23213
24448	15331
24448	23515
24449	3254
24449	4897
24450	2562
24450	4125
24451	2689
24451	16268
24451	3912
24452	7459
24453	4306
24453	904
24454	2923
24454	9636
24454	10463
24455	14635
24456	6959
24458	3193
24458	1395
24458	332
24458	19487
24459	11144
24460	11204
24461	1007
24461	334
24462	2679
24462	1505
24463	23205
24464	631
24464	22821
24465	2075
24466	5525
24466	23493
24467	22951
24469	124
24469	129
24469	18877
24469	19309
24470	19525
24471	4165
24471	4314
24471	8100
24472	7328
24472	11897
24473	14989
24474	21503
24475	2320
24475	3273
24476	679
24476	897
24476	755
24476	19884
24477	3667
24478	5444
24480	2332
24481	759
24482	3751
24482	11261
24482	6036
24482	11107
24483	8241
24485	3563
24486	11813
24487	5359
24488	2353
24489	1261
24489	5846
24489	6316
24489	20937
24490	12100
24491	12014
24492	20951
24493	6138
24493	4965
24493	571
24493	6408
24493	12896
24493	12897
24496	4681
24496	7471
24496	15201
24497	3733
24497	6095
24498	4803
24498	20380
24499	8068
24500	13940
24501	1996
24502	13043
24503	4017
24503	4016
24503	2522
24504	3957
24504	5206
24504	5207
24505	5896
24505	15290
24506	9630
24508	14181
24509	6056
24509	9276
24510	20966
24511	23780
24512	12602
24514	364
24515	8922
24515	13543
24515	6355
24516	1261
24516	2231
24517	16899
24518	5377
24518	1461
24519	17368
24520	11319
24520	16013
24521	6466
24521	16775
24522	3553
24522	2798
24523	389
24523	370
24524	5089
24524	5081
24525	18921
24526	7489
24527	7139
24529	9606
24529	2062
24529	19219
24530	5867
24531	2888
24532	371
24532	8851
24533	2066
24534	889
24534	18779
24536	13498
24536	5910
24536	14007
24537	393
24538	741
24538	18781
24539	124
24539	615
24540	15150
24540	3878
24541	1254
24541	18912
24542	19720
24544	21591
24545	2886
24546	2401
24546	949
24546	2020
24546	2408
24547	48
24548	10588
24549	11828
24550	679
24550	5322
24551	11099
24551	23733
24552	10988
24552	21429
24553	7823
24554	3518
24554	7326
24554	5262
24554	22293
24555	2060
24555	2065
24555	6307
24555	19669
24556	7536
24557	700
24557	15612
24558	2054
24558	18840
24558	20615
24558	20783
24559	5991
24560	6229
24561	6789
24562	8064
24562	8335
24563	3441
24563	20064
24564	14217
24565	21134
24566	126
24566	2194
24567	6851
24568	9322
24570	14821
24571	9993
24572	11726
24572	21578
24573	6660
24573	15276
24575	12258
24576	23802
24577	6419
24578	7673
24578	5693
24579	6244
24580	278
24580	3157
24580	3175
24581	9657
24582	1474
24583	2062
24583	1637
24583	12144
24584	9157
24585	4389
24585	4230
24585	4100
24586	14788
24587	19871
24587	22590
24588	22302
24589	4480
24589	18933
24589	19447
24589	23830
24590	5616
24591	3585
24592	4781
24593	15030
24594	19495
24595	3429
24596	2275
24596	6152
24596	6246
24597	9353
24598	10841
24600	4511
24601	20965
24602	5408
24604	5575
24605	4713
24606	20652
24607	11008
24608	145
24608	19690
24609	20533
24611	14478
24612	8363
24613	11302
24614	20375
24615	19903
24616	16559
24617	20638
24618	3336
24618	3338
24618	19177
24619	860
24619	19988
24620	18672
24621	20771
24622	6744
24623	20737
24624	19818
24625	11475
24626	10393
24627	2997
24628	4462
24629	19201
24630	808
24631	10775
24632	21553
24634	3063
24634	14802
24635	5542
24635	841
24636	195
24636	20065
24637	10373
24638	10117
24639	5712
24639	9423
24640	2568
24641	5264
24642	5112
24646	5244
24647	1776
24647	22056
24650	6502
24650	8093
24650	13072
24650	6702
24651	2084
24651	6279
24651	19669
24651	20680
24652	16115
24653	1336
24654	3288
24655	19272
24655	22183
24656	10282
24656	10284
24657	6618
24657	6647
24658	2548
24659	8974
24661	3345
24661	5191
24661	5192
24662	13568
24663	9341
24664	21288
24665	5458
24666	14070
24666	14071
24667	8891
24668	398
24668	2716
24668	18778
24668	19419
24668	20499
24668	23178
24669	7572
24669	5425
24669	7547
24669	3558
24670	10455
24672	13515
24673	6527
24673	11117
24674	8256
24675	6274
24676	19636
24677	17322
24678	580
24678	18921
24679	1851
24679	7319
24680	11455
24681	4808
24682	4559
24683	8809
24684	12251
24685	270
24685	1414
24685	9281
24686	9099
24687	2119
24688	13390
24689	12729
24690	7791
24691	7814
24692	20765
24693	20885
24694	20525
24695	20688
24696	20772
24697	11801
24697	4991
24698	5749
24699	15005
24700	9508
24701	3698
24702	9267
24703	2154
24704	4767
24705	7966
24706	20743
24707	20116
24708	9975
24709	5859
24709	5860
24709	20284
24710	7601
24711	14542
24712	2058
24713	2024
24714	3311
24715	2014
24716	9274
24717	16545
24718	9884
24719	11994
24720	7101
24721	20655
24722	10317
24723	9753
24724	19178
24725	19903
24726	6201
24727	1802
24728	8048
24729	10233
24730	21267
24731	18376
24732	1436
24733	5010
24734	15298
24735	19352
24736	14058
24737	9783
24738	15764
24739	20985
24740	8720
24741	4923
24741	4882
24742	15196
24743	12613
24744	20421
24745	1835
24746	20646
24747	1048
24748	7254
24749	21622
24750	7427
24751	415
24751	649
24752	21045
24753	21150
24754	1387
24754	21519
24755	7494
24756	1075
24757	2328
24758	1392
24759	21012
24760	21186
24761	20778
24762	15888
24763	20883
24764	20756
24765	20736
24766	19902
24767	18980
24767	19785
24767	20128
24768	21120
24769	5812
24770	19988
24771	21551
24772	21049
24773	21384
24774	4288
24774	4304
24775	20805
24776	1132
24777	21136
24778	21201
24779	18975
24780	21560
24781	5778
24782	20444
24783	21409
24784	2498
24784	3879
24784	20194
24785	20541
24786	20941
24787	21632
24788	20854
24789	8027
24790	20891
24791	20571
24792	21648
24793	21302
24794	20973
24795	21657
24796	21546
24797	21398
24798	21207
24799	5950
24800	16752
24801	3257
24802	9963
24803	9981
24804	13423
24805	1793
24806	161
24807	2213
24808	4624
24809	21313
24810	9314
24811	10257
24811	10267
24812	18100
24813	20545
24814	21767
24815	852
24815	327
24816	10194
24817	6690
24819	16326
24820	14260
24821	15189
24822	445
24822	472
24823	11244
24824	10500
24825	14164
24826	7216
24827	21156
24828	105
24828	2285
24829	7138
24830	1585
24830	5697
24831	10519
24832	8776
24833	9125
24834	1541
24835	18875
24835	22732
24836	8393
24837	13953
24838	14082
24838	22678
24839	20503
24840	8422
24841	10860
24842	13285
24843	17197
24844	1451
24845	21495
24845	21577
24847	132
24847	21148
24848	6828
24849	14236
24850	5228
24851	1033
24852	7723
24853	22727
24854	3165
24854	19214
24855	13075
24855	16033
24855	11255
24855	15495
24856	3016
24857	3000
24858	285
24858	20186
24859	2313
24859	2541
24859	20750
24860	148
24860	23543
24861	3438
24862	20943
24863	16769
24863	22765
24864	1297
24865	3896
24866	21887
24867	20961
24868	10341
24869	4595
24870	4770
24871	1113
24871	10396
24872	4855
24873	2589
24873	15095
24874	8470
24875	12303
24876	4898
24877	21251
24878	5801
24879	9264
24880	11534
24881	13742
24882	12034
24882	9311
24883	8588
24883	4647
24883	3628
24884	13965
24885	3366
24886	16446
24887	12200
24887	15389
24888	15174
24888	3722
24890	13995
24891	21922
24891	23628
24892	1752
24892	1726
24893	3804
24893	2429
24893	23516
24894	716
24894	6221
24894	6236
24895	23454
24896	4583
24898	566
24898	19331
24899	8983
24899	21473
24900	2175
24901	5134
24901	1559
24901	12782
24902	2159
24902	18877
24903	5107
24903	2584
24904	1732
24904	19594
24905	6358
24905	1613
24906	6123
24907	511
24907	185
24908	5094
24909	7279
24909	2257
24910	2285
24911	506
24911	5436
24911	1554
24911	8521
24912	1695
24912	1536
24912	2654
24913	2596
24913	4830
24914	1706
24914	16943
24915	5487
24915	7338
24916	972
24916	19590
24917	11673
24917	1511
24918	58
24918	314
24919	12375
24920	1179
24921	502
24922	1808
24923	2462
24924	16923
24925	1830
24925	10554
24925	22598
24926	5165
24926	3944
24926	8757
24926	9247
24927	2127
24927	18806
24928	9439
24928	9448
24929	1919
24929	1935
24929	1936
24929	1937
24930	4850
24931	144
24931	6079
24931	6080
24933	2744
24934	1318
24934	3547
24935	2673
24935	10451
24935	5586
24935	10452
24937	8780
24937	9650
24938	19344
24938	22578
24938	23549
24939	14236
24940	20166
24942	18968
24942	22311
24943	15850
24944	8703
24945	1919
24945	14803
24946	3525
24946	21178
24947	18777
24947	23738
24948	3070
24949	2520
24950	21054
24951	7709
24951	7706
24951	4317
24951	7707
24952	839
24952	3302
24952	19220
24953	2702
24953	399
24953	9565
24953	22559
24954	24048
24956	418
24956	10628
24957	23946
24958	3346
24958	740
24958	423
24958	3360
24959	5587
24959	20002
24959	22717
24959	23532
24960	8327
24960	1038
24961	7333
24961	6866
24962	10742
24962	10913
24964	1992
24964	518
24965	191
24965	9682
24966	2167
24966	1074
24966	5551
24966	6044
24966	5469
24966	3913
24967	742
24967	14832
24968	60
24968	1030
24969	418
24969	2430
24970	12714
24970	9320
24970	7345
24971	1434
24971	6454
24971	1479
24971	19835
24972	61
24972	404
24972	422
24972	471
24973	21266
24974	302
24974	3490
24975	3266
24975	23546
24976	1426
24977	20438
24977	23099
24978	8942
24978	14737
24979	13333
24979	13336
24979	13339
24979	13341
24980	21350
24981	3408
24982	8377
24982	2349
24982	21019
24983	3271
24983	1307
24983	7626
24983	7395
24984	3668
24985	3819
24985	12811
24985	738
24986	6429
24987	579
24988	18869
24988	19685
24989	521
24989	11221
24990	3803
24991	2439
24992	997
24992	3288
24993	21727
24993	22220
24994	19426
24994	24050
24995	4205
24995	15165
24995	22293
24996	3963
24996	2339
24996	3973
24996	2576
24997	4030
24997	4266
24997	4267
24997	4268
24998	15132
24998	22273
24999	2427
24999	2430
24999	375
24999	18792
25000	11522
25001	3094
25001	8517
25001	14403
25001	9327
25002	226
25002	8159
25002	8160
25002	8162
25003	12888
25004	4884
25004	4610
25004	7704
25004	4045
25004	12411
25004	10973
25005	10904
25005	7919
25005	7241
25006	4335
25007	706
25007	20566
25008	40
25008	3367
25009	1245
25009	5643
25010	4527
25011	3210
25011	4562
25012	21162
25013	8985
25013	5825
25013	8537
25013	345
25013	13202
25013	21031
25014	14372
25014	14131
25015	2873
25015	4687
25016	3362
25016	13168
25017	1524
25018	2343
25018	1599
25018	2399
25019	12263
25020	14452
25021	3093
25021	7310
25021	7625
25022	13259
25022	2441
25023	3785
25023	5072
25024	9034
25024	9035
25024	9040
25025	4408
25026	2327
25026	19381
25026	21338
25027	5659
25027	5462
25027	5915
25027	18942
25028	4741
25028	1563
25028	8357
25028	15645
25028	5139
25028	13712
25029	5961
25029	10752
25030	1745
25030	1341
25030	6555
25030	6558
25031	13271
25032	6410
25032	6229
25033	974
25033	3800
25034	1253
25035	21993
25036	24169
25037	3273
25037	20289
25038	9395
25038	11150
25038	16186
25039	9462
25039	14700
25039	15100
25039	15702
25040	11738
25040	11734
25040	11735
25040	22675
25041	7325
25041	6668
25041	23101
25041	23551
25042	13999
25043	5925
25043	16977
25044	2647
25045	5605
25046	2927
25046	5472
25047	15245
25048	17058
25048	6771
25049	470
25049	1045
25049	12118
25050	6553
25050	3187
25050	12098
25050	9228
25051	23603
25053	0
25053	226
25053	145
25053	247
25054	12316
25055	5081
25056	236
25056	18937
25057	19421
25057	19732
25058	7633
25059	505
25059	4149
25060	2060
25060	1261
25060	19656
25061	5963
25061	22263
25062	2562
25062	6353
25063	6361
25063	14805
25063	14806
25064	8937
25065	10039
25065	13958
25065	1246
25065	4783
25066	8609
25066	9640
25066	9632
25066	15383
25067	17730
25067	16809
25068	12160
25068	15397
25069	6532
25069	12453
25070	2680
25070	15109
25070	5590
25072	16241
25073	10192
25073	16476
25073	16477
25073	21728
25074	15148
25075	11925
25076	7477
25077	19163
25078	5001
25078	13785
25079	2111
25079	15345
25080	2616
25080	5912
25080	6922
25081	1403
25082	7052
25082	7062
25082	7066
25083	12464
25084	2812
25084	21339
25085	1772
25085	17909
25085	17911
25086	1281
25086	4981
25086	14840
25087	21027
25088	5724
25088	1857
25088	7297
25088	15315
25088	19603
25088	22329
25089	23055
25090	10031
25090	12707
25090	12708
25090	12709
25091	7577
25091	23149
25092	1390
25092	21783
25093	1325
25093	7772
25093	14557
25094	1535
25094	1557
25094	93
25094	1560
25095	2572
25095	12481
25096	12312
25097	8121
25097	17076
25097	17079
25097	20760
25098	2479
25098	19944
25099	8453
25100	13350
25101	10617
25102	14049
25102	3823
25102	10074
25104	719
25105	3198
25105	310
25105	218
25105	10681
25105	1313
25105	20421
25106	20954
25107	842
25107	9606
25107	10380
25108	15427
25109	27
25109	254
25109	2283
25110	9168
25111	6620
25112	9299
25113	6736
25113	18993
25114	3329
25114	3071
25115	2566
25115	2955
25115	8494
25115	10895
25116	14221
25117	16919
25117	16920
25117	9649
25117	6650
25118	521
25118	873
25119	10667
25119	12919
25119	3870
25119	10698
25119	10942
25119	21393
25120	1362
25120	348
25120	18993
25120	21091
25121	10234
25122	3287
25122	2070
25122	615
25122	11188
25123	1983
25123	3598
25123	2902
25123	23007
25124	17282
25125	1943
25125	2354
25126	805
25127	10052
25128	1629
25129	6272
25129	10740
25130	13264
25130	3245
25130	1939
25131	1391
25131	9229
25131	5360
25132	13034
25132	10761
25132	13037
25133	312
25133	14514
25135	11180
25135	15790
25136	11208
25137	11280
25137	18868
25137	22058
25138	11442
25139	3346
25139	2846
25140	9410
25140	13691
25140	6955
25141	12061
25141	12070
25141	5972
25142	17252
25142	17257
25143	4911
25143	12703
25143	23670
25144	7316
25144	22500
25145	13227
25146	15916
25146	17056
25146	17057
25147	11811
25147	17082
25148	7918
25148	7665
25148	7446
25148	13398
25148	3758
25148	15821
25149	11052
25149	12785
25149	775
25149	24152
25150	6843
25150	3069
25151	13053
25152	13259
25152	1027
25152	19990
25152	21086
25154	17846
25154	13585
25155	13633
25156	622
25156	14508
25156	14787
25156	16970
25156	16971
25156	16972
25157	11593
25157	11594
25158	17507
25158	16662
25158	17508
25158	17509
25159	5571
25160	14012
25161	9951
25161	24285
25162	14065
25163	4931
25163	520
25163	22347
25164	18943
25165	12241
25165	1690
25166	9139
25166	17654
25167	7113
25167	7334
25167	16811
25167	16813
25168	16787
25169	19826
25170	17531
25171	3799
25171	18816
25171	22368
25171	23002
25172	1382
25172	3111
25172	825
25172	20989
25173	5541
25173	2635
25173	18932
25173	22688
25174	21394
25175	20244
25176	6707
25177	12052
25178	2
25178	3
25178	29
25178	31
25178	41
25178	64
25180	139
25180	1415
25181	434
25182	2588
25182	13387
25182	13880
25182	5561
25185	20023
25186	2579
25186	2147
25186	22037
25187	1371
25188	9253
25189	145
25189	371
25189	2804
25190	19012
25190	23820
25191	1786
25191	3366
25192	6211
25193	1724
25193	1312
25193	1309
25193	19298
25194	717
25195	199
25195	3020
25195	3789
25196	12314
25196	12316
25199	3539
25200	2061
25200	5965
25200	5891
25201	1780
25201	18924
25201	19931
25201	23123
25202	1660
25202	1682
25203	4882
25203	1057
25203	16707
25204	697
25206	368
25207	8909
25208	5045
25209	775
25209	806
25210	294
25210	22710
25211	5994
25212	858
25212	844
25212	872
25212	19190
25213	3961
25213	3626
25213	4886
25214	3905
25215	1892
25215	3574
25216	20311
25216	20704
25217	846
25217	4722
25217	3379
25217	22655
25218	20160
25219	1785
25219	8512
25219	1394
25219	2654
25219	8514
25219	20082
25220	5425
25220	4684
25221	154
25221	199
25221	792
25221	18805
25222	6182
25223	3835
25224	510
25226	2692
25227	7214
25227	7218
25227	7219
25227	7226
25228	9449
25228	1273
25229	158
25229	172
25229	209
25229	207
25230	17
25231	5469
25231	360
25232	10419
25232	10420
25232	9598
25233	5064
25233	21138
25234	897
25234	867
25236	741
25236	1000
25236	998
25237	11160
25239	8912
25240	6340
25240	2211
25240	7387
25240	19098
25241	4141
25241	20611
25242	20327
25242	21377
25243	3707
25243	18943
25243	21310
25244	3652
25244	3898
25245	6492
25245	5455
25247	1954
25247	13921
25249	4667
25249	19169
25249	19848
25249	20426
25250	13098
25251	2050
25252	261
25252	6738
25252	6061
25252	9308
25253	1900
25253	13790
25253	13791
25253	13792
25254	9745
25254	647
25254	12496
25254	6226
25255	9219
25255	23297
25256	3543
25256	19161
25257	5911
25258	22724
25259	16342
25259	16344
25259	13708
25260	2516
25260	23263
25261	4226
25262	9742
25262	13300
25263	2038
25263	792
25263	1680
25263	19263
25264	996
25264	1476
25264	6463
25265	1987
25265	10086
25265	10094
25266	2783
25266	258
25266	11910
25268	13640
25268	15316
25268	24414
25269	605
25269	427
25269	1766
25269	2837
25269	9716
25269	6092
25270	21559
25271	4911
25272	4235
25272	3596
25274	6490
25274	531
25274	9768
25275	1519
25275	15959
25276	532
25276	558
25276	18928
25277	9290
25277	12743
25277	21004
25278	12727
25278	12730
25278	24240
25279	6261
25279	2076
25279	11840
25279	15522
25280	14175
25280	14179
25281	23149
25282	170
25282	792
25282	474
25283	2714
25283	8460
25283	23006
25284	3181
25284	20478
25285	5963
25285	5067
25287	16193
25288	9674
25288	8608
25289	1861
25289	20240
25290	13976
25291	1652
25291	19027
25291	24329
25292	412
25293	12205
25294	11589
25295	11206
25296	5834
25296	20546
25297	1291
25298	1284
25298	1294
25298	1296
25299	6684
25300	15435
25300	5579
25300	15438
25301	1380
25301	1529
25301	20661
25302	6379
25303	10786
25304	2205
25304	3188
25304	23532
25306	7493
25307	2514
25307	3327
25307	3340
25307	20344
25307	20952
25309	23549
25309	24242
25312	14643
25312	1627
25313	7647
25314	396
25315	16869
25316	6016
25316	6025
25317	24468
25318	6892
25319	6407
25319	5965
25319	23000
25320	23239
25321	153
25321	6661
25321	18832
25322	3191
25323	6718
25325	12834
25326	1890
25326	2078
25326	20680
25327	12761
25328	5255
25329	10141
25329	13202
25330	2000
25330	3117
25330	829
25331	1613
25331	390
25332	691
25332	6118
25333	1067
25333	6964
25334	9861
25335	9862
25335	22772
25335	24112
25336	5575
25336	15731
25337	10944
25338	23502
25339	21281
25340	9022
25341	12835
25342	19041
25343	11183
25343	12345
25343	19076
25344	2702
25344	8314
25344	848
25345	5756
25346	3406
25346	8446
25347	1786
25348	5960
25349	2714
25349	1080
25349	9841
25349	8881
25349	21472
25350	12266
25351	12781
25353	10223
25354	14599
25354	17708
25355	15446
25355	15449
25355	12633
25356	7583
25357	14696
25357	15546
25359	5472
25359	10967
25360	207
25361	605
25361	6911
25361	3401
25361	8723
25361	19636
25362	1638
25362	216
25362	23796
25363	844
25363	1919
25363	271
25363	303
25363	19255
25365	20701
25365	21372
25366	6106
25367	17370
25368	1245
25369	66
25370	3735
25371	19190
25372	9314
25372	8514
25374	16044
25374	16056
25375	851
25376	19838
25377	7361
25378	23003
25379	11191
25380	2516
25380	2517
25381	2309
25382	6331
25382	6332
25382	2278
25383	13454
25384	4915
25384	21108
25385	3710
25386	3822
25386	8831
25386	3353
25386	8840
25386	24404
25387	4362
25388	4554
25389	6519
25390	360
25392	2537
25392	11671
25392	9385
25392	5601
25392	9898
25393	9863
25394	5602
25394	5631
25394	20889
25395	21356
25396	13038
25396	2830
25397	2607
25397	19421
25399	19348
25401	31
25401	33
25401	74
25401	82
25401	92
25402	1431
25402	3289
25402	583
25403	7507
25403	2846
25404	8311
25405	260
25405	1487
25405	3351
25406	2806
25407	6847
25408	2039
25408	15145
25409	6292
25409	18959
25410	297
25411	10000
25412	18917
25413	3772
25414	7458
25414	9541
25414	20601
25415	10116
25415	22574
25416	7291
25417	3554
25417	24485
25418	15048
25419	24528
25420	2784
25421	1980
25421	6838
25421	2867
25421	20388
25421	20747
25422	8991
25422	5665
25423	429
25423	24176
25424	20914
25425	3055
25426	20783
25427	19046
25428	681
25429	3518
25429	16188
25429	16189
25429	16190
25429	16192
25430	24371
25431	19041
25432	18673
25433	1617
25435	13873
25436	3535
25436	4407
25437	15093
25437	15962
25437	6721
25438	198
25438	211
25438	21773
25440	2086
25441	11880
25442	643
25442	21039
25443	12224
25443	12268
25444	460
25444	3345
25446	5444
25446	6435
25446	1169
25447	7616
25447	19276
25447	19464
25448	16416
25448	13817
25449	3861
25449	19309
25449	22591
25450	12717
25450	10524
25451	3295
25451	13157
25451	16251
25452	3183
25453	7246
25454	7407
25455	3166
25455	13200
25455	15603
25456	12798
25456	14701
25457	14595
25458	2883
25459	3501
25459	10878
25460	36
25461	927
25461	7632
25461	7634
25463	1248
25464	1540
25466	13942
25467	1424
25467	24588
25468	19937
25469	864
25469	10470
25470	2340
25471	2047
25472	10715
25472	6899
25473	1117
25473	4817
25474	1252
25474	4427
25474	1094
25474	1590
25474	18803
25475	5955
25476	10833
25477	2629
25477	157
25478	3416
25479	6440
25480	24603
25481	7515
25482	6260
25483	24599
25484	7266
25485	5965
25486	6611
25486	6600
25488	20193
25489	10802
25490	6023
25491	516
25492	20908
25494	14598
25495	20903
25496	3935
25497	9755
25499	18383
25500	20842
25501	7475
25502	20329
25503	5660
25503	5712
25503	5713
25504	43
25505	19306
25506	706
25506	727
25506	732
25507	11423
25508	1024
25508	3783
25509	6639
25510	9407
25511	19013
25511	19765
25512	201
25513	877
25513	20834
25514	9940
25515	3695
25516	8315
25516	20172
25517	20184
25518	8356
25518	6805
25519	2205
25519	19513
25520	2909
25520	3527
25521	881
25521	19942
25521	20073
25522	11347
25522	7846
25522	3319
25523	8114
25524	12126
25524	18954
25525	3209
25525	3211
25525	1724
25525	487
25525	2870
25526	1330
25527	14436
25527	14862
25528	12270
25529	6289
25530	4681
25530	15219
25530	11150
25531	148
25531	21282
25532	7384
25533	2562
25533	3145
25533	21348
25534	6067
25534	8848
25535	20553
25536	6619
25537	16722
25538	18869
25538	18961
25539	5514
25540	2108
25540	18810
25540	18833
25540	18884
25540	19397
25542	584
25542	20077
25543	3273
25543	1563
25543	5371
25544	20528
25544	22243
25545	6113
25545	21705
25545	22698
25546	835
25546	6366
25547	19920
25547	20248
25548	46
25548	679
25548	22235
25550	11676
25551	11090
25552	9857
25553	21836
25554	5086
25554	5105
25555	6042
25555	7331
25555	20293
25556	321
25556	326
25557	10378
25558	11147
25559	321
25559	3508
25560	373
25561	19644
25561	20432
25562	14990
25563	8844
25564	8751
25565	2588
25565	3476
25566	5369
25567	13942
25568	145
25569	12603
25572	7188
25573	5541
25573	2042
25573	22264
25574	5367
25574	21353
25575	10589
25576	11829
25576	11833
25577	250
25578	9043
25579	5975
25580	20238
25580	21426
25581	9326
25582	14822
25583	13539
25584	5317
25584	5321
25584	5331
25585	9658
25586	11675
25587	3003
25588	3556
25589	4782
25590	15025
25591	10830
25592	5417
25593	14479
25594	8367
25595	11306
25596	20486
25597	501
25598	16560
25599	20767
25600	20899
25601	6746
25602	21017
25603	4585
25603	20543
25604	11476
25605	10397
25606	3028
25607	586
25607	991
25608	287
25609	8520
25609	10286
25610	230
25610	22125
25611	10441
25612	12818
25613	9469
25613	6356
25614	12176
25614	12180
25614	383
25615	5247
25616	16116
25617	1358
25618	460
25619	20082
25620	13570
25621	3246
25622	19461
25623	997
25624	10380
25625	13518
25626	8259
25627	6324
25627	19509
25628	20338
25629	17325
25630	11456
25631	4810
25632	19003
25632	19447
25632	20275
25633	2657
25634	9149
25635	14735
25636	13391
25637	19525
25638	7793
25639	14395
25640	20897
25641	21044
25642	20839
25643	20901
25644	19400
25645	11270
25646	975
25647	3708
25648	12238
25649	19247
25649	20339
25650	705
25650	22394
25651	21642
25652	20935
25653	12140
25654	3980
25655	14660
25656	6848
25657	2025
25658	4246
25659	20769
25660	16550
25661	9891
25662	7104
25663	20942
25664	10318
25665	19465
25666	20586
25667	6203
25668	1803
25669	8049
25670	20054
25671	1602
25672	1467
25673	12470
25674	15301
25675	20430
25676	9788
25677	15765
25678	21147
25679	21406
25680	15197
25681	12614
25682	21438
25683	1838
25684	20776
25685	5809
25685	5728
25687	7421
25688	21218
25689	21511
25690	7483
25690	19110
25691	21082
25692	2330
25693	19288
25693	19836
25694	21231
25695	21453
25696	20907
25697	21066
25698	21041
25699	20879
25700	20859
25701	21365
25702	5815
25703	4070
25704	21358
25705	21598
25706	20988
25707	18830
25707	19687
25708	21340
25709	21566
25710	19498
25711	5491
25712	5763
25713	20786
25714	21626
25715	20877
25716	7048
25717	7083
25717	7085
25718	21116
25719	21211
25720	21046
25721	8662
25722	1554
25722	19164
25723	21609
25724	21171
25726	19688
25726	20128
25727	21614
25728	21419
25729	5952
25730	16744
25731	3262
25732	21033
25734	13424
25735	3524
25735	2968
25736	1196
25736	21491
25737	4817
25737	1426
25737	18807
25738	18101
25739	21251
25740	10196
25741	6691
25742	16327
25743	15182
25744	11245
25745	10501
25746	20308
25747	7222
25748	2003
25748	21505
25749	9603
25750	8775
25751	9127
25752	20918
25753	13956
25755	8425
25756	20725
25757	20681
25758	17198
25759	20788
25760	13519
25761	14237
25762	5237
25763	2916
25764	21293
25765	3002
25766	3027
25767	3445
25768	11713
25769	1943
25769	1333
25770	4279
25770	21487
25771	4408
25771	19553
25772	900
25772	924
25772	21360
25773	4383
25773	4492
25774	19544
25775	3596
25775	21735
25775	23195
25776	19704
25777	12304
25778	5803
25779	17234
25779	17233
25780	11538
25781	1716
25782	13964
25783	16444
25784	13996
25785	656
25785	19588
25786	2374
25786	23052
25787	2113
25787	2179
25787	18919
25787	19120
25787	22396
25788	4819
25788	18930
25788	23812
25789	3070
25790	20976
25791	12364
25792	12366
25793	10085
25794	2492
25795	3058
25795	7526
25796	14242
25797	15851
25798	8706
25799	3079
25800	3193
25801	22026
25802	1833
25802	1670
25802	1665
25803	5355
25804	5257
25804	21754
25804	23711
25805	22779
25805	24135
25806	11523
25807	12890
25808	6300
25808	20929
25809	4488
25809	19341
25810	1149
25811	14935
25811	14938
25812	14453
25813	13274
25814	1028
25814	20314
25815	298
25815	22302
25816	15273
25817	8581
25819	8950
25820	9174
25820	19105
25820	20517
25821	10191
25822	12465
25823	8461
25824	7657
25824	11972
25824	14784
25825	3029
25825	10620
25826	15426
25826	16312
25826	16313
25827	9194
25828	7022
25829	4657
25829	20710
25829	21602
25830	10055
25831	10090
25831	21735
25831	24228
25832	11214
25833	11443
25834	1298
25834	8108
25834	12657
25834	13224
25834	13226
25835	13054
25836	10968
25836	13631
25836	15681
25837	7737
25837	13697
25838	14013
25839	5785
25839	10422
25840	329
25841	16788
25842	17219
25842	15621
25843	9972
25843	17530
25843	17860
25843	17861
25843	17862
25844	10770
25844	3435
25845	3760
25846	3531
25846	18802
25847	3518
25847	5669
25848	18989
25848	23514
25849	1613
25851	24103
25852	2915
25853	691
25853	8645
25854	4835
25854	6027
25854	6037
25855	110
25855	521
25855	3420
25856	4179
25856	3400
25856	902
25857	509
25858	8744
25859	2500
25860	470
25860	6328
25861	2549
25862	5976
25863	1730
25864	1717
25866	716
25866	3066
25866	3791
25866	3801
25866	3804
25867	3767
25867	8985
25867	21176
25868	2628
25869	7308
25870	5527
25871	12296
25873	19276
25874	910
25875	8565
25875	6741
25876	8552
25876	5752
25876	8566
25877	5716
25878	5463
25878	11954
25878	19171
25879	69
25879	3209
25879	10383
25879	9334
25879	327
25880	7841
25881	2920
25881	4259
25881	20848
25882	4425
25882	3088
25882	4395
25882	4840
25882	24359
25883	4503
25883	20261
25883	24649
25884	8507
25885	4350
25885	4500
25886	1961
25887	4556
25887	19082
25887	23764
25888	2056
25888	20115
25889	460
25890	1469
25891	4659
25891	1956
25891	3878
25891	12368
25891	22852
25892	75
25892	215
25892	14019
25893	258
25893	2591
25894	7159
25894	18881
25894	20708
25895	227
25895	9401
25895	9399
25896	2583
25896	5617
25897	5377
25897	8537
25898	19055
25899	3703
25900	6891
25900	6892
25900	6898
25901	11
25901	1995
25902	679
25902	2674
25902	5138
25902	5915
25902	2769
25903	5255
25903	13845
25903	19749
25904	4345
25904	1868
25904	1018
25904	21009
25904	21819
25905	1943
25905	1974
25906	723
25906	6337
25906	19880
25907	20219
25908	23003
25910	460
25910	481
25910	23559
25911	4899
25911	4903
25911	5682
25911	9223
25911	6746
25912	12626
25912	11095
25913	579
25913	11673
25913	3455
25914	6520
25914	23035
25915	1978
25915	1980
25915	2005
25915	2013
25915	21292
25916	2579
25916	5095
25916	6805
25916	6806
25916	2885
25917	5826
25917	22664
25918	275
25918	744
25918	21416
25919	1982
25919	2002
25920	5646
25920	10222
25920	6483
25921	10991
25922	1067
25922	1064
25923	915
25923	19576
25923	23767
25924	713
25924	5473
25924	5469
25924	782
25924	19144
25925	1830
25925	7209
25925	16946
25926	666
25926	19554
25926	19801
25927	3524
25927	7439
25928	7966
25929	929
25929	922
25929	21360
25930	5481
25931	6740
25932	2967
25933	19594
25934	19345
25935	626
25936	2927
25936	8135
25936	10430
25937	9674
25937	6642
25937	8615
25938	842
25938	10471
25938	19682
25938	20073
25938	24408
25939	658
25939	23331
25940	3042
25941	7551
25941	20316
25942	11324
25943	6222
25944	162
25944	8850
25944	18786
25945	9310
25946	2045
25946	2073
25946	1665
25946	2094
25946	2059
25947	1983
25947	10444
25948	10773
25949	8765
25950	3149
25951	5866
25951	8119
25951	3180
25951	13213
25951	12458
25952	7521
25953	13625
25954	2940
25954	6736
25955	7709
25955	10356
25956	3818
25956	16585
25957	4227
25957	4231
25957	4245
25958	11646
25959	3309
25959	22762
25960	5250
25961	13499
25962	3338
25963	19650
25964	1773
25965	27
25965	631
25965	485
25966	1705
25966	19020
25967	2801
25967	8041
25968	6684
25968	14354
25968	14349
25969	8647
25969	9340
25969	3191
25970	166
25971	8947
25972	1382
25972	5716
25972	14339
25973	2937
25974	5986
25975	3532
25976	15036
25976	15037
25976	15038
25977	3568
25978	103
25978	120
25979	14042
25980	13338
25980	10683
25980	13340
25981	2344
25982	5891
25982	15792
25982	14171
25983	1495
25983	2909
25984	1998
25984	3627
25984	14483
25985	2923
25985	2015
25986	4005
25986	3658
25986	8000
25987	2003
25987	9823
25987	3744
25987	13774
25987	14764
25988	23891
25989	2590
25989	1307
25989	1745
25989	244
25989	1754
25990	1386
25990	19303
25990	21679
25991	4575
25991	9834
25991	2373
25991	9818
25991	15755
25992	10654
25992	9521
25992	4421
25993	7554
25993	20105
25993	24415
25994	8650
25994	12145
25995	15347
25996	1455
25996	9088
25996	19617
25997	4057
25998	8915
25999	22986
26000	1391
26000	5159
26000	6741
26001	3641
26001	3927
26001	3918
26002	3976
26002	3982
26002	23046
26003	1302
26004	4169
26004	7723
26004	3999
26004	8391
26004	22577
26005	1541
26005	4914
26005	13006
26006	1983
26006	403
26006	2854
26007	8534
26007	1224
26008	2576
26008	3905
26008	4355
26008	5166
26008	15736
26009	5429
26009	9307
26010	4764
26011	3209
26011	4274
26011	4196
26011	7844
26011	4189
26012	1940
26012	10062
26012	3588
26012	23599
26012	24263
26013	7208
26013	20428
26014	3106
26014	11557
26014	11558
26015	10746
26015	10749
26016	12
26016	5311
26017	5593
26018	4230
26018	7800
26018	7848
26019	1317
26019	9923
26019	9924
26020	21172
26021	4514
26021	19597
26022	55
26022	4243
26023	4546
26024	3682
26024	4169
26024	4325
26025	4065
26025	7897
26025	11381
26025	8292
26025	11387
26026	2898
26026	1629
26027	2723
26027	19188
26027	24421
26028	2232
26029	7500
26031	8569
26032	363
26033	22215
26034	1824
26035	4861
26036	13616
26037	4895
26038	20735
26039	1694
26039	6681
26039	8001
26039	6685
26039	9817
26040	2337
26040	2344
26040	2346
26040	624
26040	2381
26041	13670
26042	5004
26043	1962
26044	5155
26045	8877
26046	5108
26046	1179
26046	9251
26047	10752
26049	16351
26049	15816
26049	15733
26050	1615
26051	14653
26052	12
26052	23068
26053	1087
26053	1120
26053	1139
26053	18921
26053	22583
26054	3785
26054	16941
26054	22342
26055	4893
26055	587
26056	3352
26056	8328
26056	20401
26057	12058
26057	12308
26058	5227
26059	5660
26059	6813
26060	5165
26061	1174
26062	343
26062	13468
26062	21098
26063	1084
26064	209
26064	19554
26065	10182
26065	1326
26065	15254
26066	1218
26067	9823
26067	5680
26067	8824
26068	15142
26068	14018
26068	1514
26069	3106
26069	19022
26070	25
26070	15799
26071	201
26071	1806
26072	13646
26072	6549
26073	36
26073	6805
26073	1587
26073	11447
26073	3373
26074	6102
26075	6495
26075	7203
26075	19331
26076	566
26076	6515
26076	18920
26077	5484
26077	19749
26077	20028
26078	2207
26078	15923
26078	20218
26079	3123
26079	12819
26079	3666
26080	2118
26080	5275
26080	15346
26080	10515
26080	22630
26081	324
26081	15823
26081	13165
26081	3775
26081	15824
26082	144
26083	10969
26084	3780
26084	22824
26085	1563
26086	8509
26087	7691
26087	8116
26087	13378
26088	20966
26088	23084
26089	9728
26090	1054
26091	32
26092	8452
26092	6283
26092	20680
26093	9927
26094	14835
26094	6638
26094	21731
26095	6736
26096	4206
26097	13125
26097	10897
26097	23732
26098	370
26099	15149
26100	15153
26101	12400
26101	12401
26102	244
26103	9617
26104	6976
26104	4228
26104	10330
26104	10332
26104	4010
26105	7452
26106	21708
26107	5878
26107	7570
26108	13312
26108	23662
26109	21951
26110	16432
26111	16204
26112	5739
26112	12334
26113	2252
26113	4881
26113	1886
26113	2282
26113	2250
26114	2443
26114	12325
26114	16589
26115	1844
26116	6991
26116	7008
26116	7009
26117	21487
26117	21750
26117	23123
26118	400
26118	645
26119	4309
26119	20284
26120	500
26120	12667
26120	14172
26121	21258
26122	7206
26123	1769
26124	13205
26125	358
26125	6001
26125	12027
26125	23902
26125	24229
26126	13272
26126	10708
26126	24302
26127	5879
26127	16141
26127	16142
26128	1
26128	2783
26128	93
26128	8646
26128	13795
26129	7460
26130	2870
26130	3678
26131	5101
26133	10147
26134	327
26134	20827
26134	21009
26135	9526
26135	9529
26135	9532
26135	9533
26135	8284
26136	1147
26136	1120
26136	18830
26137	571
26138	1885
26138	7709
26138	2044
26138	7915
26138	11864
26139	13798
26140	8075
26140	11394
26140	8009
26141	1
26141	78
26141	13809
26141	13810
26141	13815
26142	495
26142	3371
26142	13363
26143	3977
26143	8644
26143	9742
26144	3626
26144	4876
26145	12021
26145	13814
26145	3206
26146	3336
26146	19485
26147	10733
26147	10768
26147	10769
26148	13738
26148	9626
26148	16320
26149	10447
26149	4953
26149	3553
26149	1030
26149	16381
26150	6061
26150	11021
26150	11024
26152	974
26152	2472
26152	5296
26152	21119
26152	22368
26153	4643
26153	4501
26153	3217
26154	6859
26154	8623
26154	21535
26155	2928
26156	11615
26156	4542
26156	14402
26157	3210
26157	4973
26157	19482
26158	10077
26158	8990
26158	5466
26159	4850
26159	1371
26160	13572
26161	8870
26161	19605
26161	23217
26162	24660
26163	12802
26163	12806
26163	23797
26164	6158
26164	19784
26165	901
26165	12653
26165	24178
26166	11819
26167	4814
26167	3857
26168	3372
26169	8452
26169	9229
26170	1494
26170	6208
26170	13528
26171	3459
26171	22411
26171	23171
26172	9638
26173	1165
26174	3890
26175	17247
26175	17248
26176	9989
26177	2104
26177	8315
26178	4723
26179	1651
26180	2377
26180	2342
26180	22370
26181	1793
26181	4306
26181	19817
26182	18775
26183	353
26184	643
26185	10598
26186	17328
26186	17329
26186	17330
26187	11201
26187	3920
26188	25116
26189	3349
26189	717
26189	2841
26189	2839
26189	20022
26190	16762
26191	11385
26192	4623
26192	3612
26192	11396
26192	11638
26192	16962
26193	6486
26193	1516
26193	13844
26194	8839
26194	23903
26195	11795
26196	4949
26196	11801
26196	19700
26196	20461
26196	24697
26197	1321
26198	21178
26199	1533
26199	2529
26199	2068
26199	17438
26199	17439
26200	2020
26200	1489
26200	5834
26201	766
26201	5587
26201	1974
26201	12276
26201	23822
26202	1940
26203	17308
26203	19317
26203	23638
26204	18937
26205	6137
26205	16069
26206	21938
26207	836
26207	13348
26207	16065
26208	6161
26208	6017
26208	5930
26209	5896
26209	13997
26209	15939
26210	21400
26211	14181
26211	16154
26211	16153
26211	21204
26211	24508
26213	3553
26213	14613
26213	14616
26214	19766
26215	5567
26215	6309
26216	15214
26217	19419
26218	16645
26219	15475
26220	15282
26220	18218
26220	17566
26221	15904
26222	16081
26223	17577
26224	17405
26225	16728
26226	4802
26226	7505
26226	7646
26227	17760
26228	17291
26228	18000
26229	17429
26229	17432
26229	17434
26230	17516
26230	17521
26230	17520
26231	17815
26232	17913
26232	17916
26232	17917
26233	18398
26233	18399
26234	18411
26235	18719
26236	25104
26237	8327
26237	19880
26238	2893
26238	19420
26238	24941
26239	2020
26240	21
26240	20183
26241	5845
26241	11798
26242	1393
26242	1453
26243	544
26243	1686
26243	22519
26244	46
26244	1568
26244	8524
26244	4475
26244	1612
26245	12382
26245	9665
26246	6138
26246	5773
26246	2775
26247	19947
26248	1824
26248	161
26248	18952
26248	19037
26248	20459
26249	9666
26249	9700
26250	18
26250	62
26250	55
26251	1788
26251	2800
26251	6385
26251	19809
26251	23159
26252	1581
26252	21469
26252	23816
26253	20008
26254	9827
26254	1783
26255	1106
26255	1703
26255	3299
26255	18797
26255	19535
26256	1460
26257	10976
26257	2082
26257	21075
26258	8528
26259	1803
26259	6068
26260	717
26261	20615
26261	23699
26262	1252
26262	1181
26263	1662
26265	4187
26265	9931
26265	9928
26265	9932
26265	22338
26266	20912
26267	673
26267	7949
26267	12386
26268	1807
26268	5642
26269	4700
26269	1926
26269	24150
26270	1850
26270	10969
26271	6332
26272	6891
26273	716
26273	775
26273	743
26273	3795
26273	22716
26274	679
26274	6339
26275	5052
26277	8524
26277	3423
26277	23701
26278	4792
26278	19759
26279	4195
26279	4553
26279	19369
26280	959
26280	3353
26281	2804
26282	2730
26282	8480
26282	18944
26283	9743
26284	709
26284	9926
26284	821
26285	654
26285	9334
26285	9340
26285	8849
26285	22206
26286	6739
26286	19834
26286	23163
26287	178
26287	764
26287	23752
26288	80
26288	19041
26288	23476
26290	850
26290	20321
26290	22585
26291	1775
26292	20845
26292	22700
26293	3146
26293	3150
26293	3159
26294	719
26294	19138
26295	716
26295	6661
26295	2716
26295	870
26295	24330
26296	844
26298	6851
26298	4478
26298	5723
26298	9818
26298	9826
26299	4195
26299	729
26299	4512
26300	578
26300	1711
26300	12629
26302	1277
26302	22032
26302	23882
26303	47
26303	1788
26305	371
26305	19801
26305	21737
26306	728
26306	2808
26306	5475
26307	10422
26307	2073
26308	8220
26310	12651
26310	11723
26311	24898
26312	2019
26312	22050
26313	716
26314	22664
26315	810
26315	5811
26315	263
26315	7481
26315	19154
26316	14908
26316	6445
26317	6767
26317	5176
26318	24594
26319	6610
26319	11183
26320	4550
26320	4949
26320	9855
26321	2130
26321	7138
26321	13032
26322	9602
26322	12812
26322	9682
26323	2336
26323	8217
26323	1777
26323	8218
26323	1917
26324	3331
26325	1840
26325	1788
26325	20329
26326	1671
26326	1687
26326	1641
26326	1020
26326	25204
26327	8921
26327	13595
26328	5972
26328	11950
26329	10207
26329	3316
26329	15537
26330	2644
26330	6572
26330	13379
26331	24644
26332	5485
26332	13928
26332	9609
26333	3115
26333	1564
26333	20848
26334	13929
26334	5596
26335	5588
26335	10979
26335	10981
26336	5671
26337	2434
26337	584
26337	21468
26338	25235
26339	1455
26339	23910
26339	25103
26340	4898
26340	1387
26341	18904
26342	4898
26342	105
26342	19675
26343	2059
26343	9224
26344	4479
26344	2815
26344	3596
26344	4529
26344	22607
26345	993
26345	23664
26347	5716
26347	1958
26348	3619
26348	3620
26348	3623
26348	3625
26348	3626
26349	23939
26349	24251
26351	286
26351	21521
26352	12915
26353	4816
26353	5054
26353	6261
26354	21009
26354	24330
26355	897
26355	5647
26356	3863
26357	10013
26357	901
26357	1019
26358	67
26358	4878
26358	19276
26359	6027
26359	14909
26360	5086
26360	3648
26361	1885
26361	11030
26361	11073
26361	12482
26361	7916
26362	1304
26362	2237
26363	6055
26363	2269
26363	6275
26364	8614
26365	8014
26365	8086
26365	8095
26366	7341
26366	14522
26366	23580
26367	4257
26368	15127
26368	23678
26369	858
26369	2603
26369	13551
26369	6241
26369	6894
26370	3183
26370	22698
26371	13167
26372	1289
26372	1295
26373	1303
26374	5675
26374	5684
26374	19802
26375	544
26375	12652
26375	11094
26377	2800
26377	6504
26377	6507
26377	6508
26377	21769
26378	20500
26379	429
26380	716
26380	178
26380	10463
26381	5234
26381	3900
26382	10031
26382	23856
26383	1794
26383	11184
26384	1488
26384	7336
26384	7346
26385	839
26385	9767
26386	454
26386	943
26386	18776
26387	550
26388	3883
26388	19387
26388	23248
26391	760
26391	9668
26392	25246
26393	3260
26394	11142
26394	1587
26395	6527
26395	8035
26395	15626
26396	1594
26396	19250
26396	20079
26396	21261
26396	21927
26397	4470
26397	4227
26397	6687
26398	2282
26398	20354
26398	21039
26399	4422
26399	10963
26399	6061
26399	14295
26399	8388
26400	7549
26400	24415
26401	764
26401	752
26402	13729
26405	10457
26406	1125
26407	13019
26409	12117
26410	21165
26411	17989
26412	178
26413	160
26413	110
26414	1776
26414	5970
26415	6712
26416	1379
26416	23191
26417	2048
26418	2888
26418	18924
26419	19764
26420	6097
26420	23728
26421	8344
26421	17855
26422	677
26423	2852
26423	5937
26424	8912
26424	25239
26425	16879
26426	417
26427	548
26427	23711
26428	5647
26429	1473
26430	15025
26430	12383
26431	9382
26432	6445
26433	512
26433	6930
26434	785
26434	18778
26435	24973
26436	10172
26437	6382
26438	4606
26438	4611
26439	2963
26440	8741
26441	13255
26441	8572
26442	12396
26443	11539
26444	6725
26444	229
26444	6726
26444	6728
26445	13932
26445	1963
26445	6909
26445	7090
26446	7705
26446	7237
26446	7240
26446	6528
26447	2511
26449	6799
26452	2803
26453	4427
26453	3145
26454	4166
26454	1073
26454	4170
26454	1884
26456	3099
26457	8604
26458	8945
26459	19272
26459	20235
26460	17026
26460	1271
26460	15727
26460	17028
26461	3135
26462	2413
26463	1220
26464	3538
26465	3404
26466	6417
26467	4119
26468	4816
26470	8574
26472	7018
26472	7039
26473	5132
26473	411
26473	796
26473	6778
26474	18775
26474	21519
26475	6719
26475	24937
26476	2845
26476	644
26477	16219
26478	14472
26479	9493
26480	7591
26481	5081
26481	25055
26482	4568
26483	4291
26483	183
26484	1320
26487	369
26488	11205
26489	25310
26490	1942
26490	25035
26491	13198
26491	24936
26492	12692
26494	3558
26494	2631
26494	9026
26494	25286
26496	2904
26496	5303
26497	452
26498	1983
26498	14860
26498	15260
26498	3128
26499	4119
26499	4004
26500	4680
26501	941
26503	836
26504	9527
26504	9525
26505	6948
26506	6363
26506	6373
26507	12
26508	15268
26509	12449
26509	12444
26510	12627
26511	1594
26511	21094
26512	285
26513	5385
26514	9455
26516	1392
26517	2427
26518	3553
26518	12800
26518	9036
26518	12804
26519	8336
26521	11697
26522	3059
26522	8732
26523	632
26523	430
26524	8970
26525	380
26525	19179
26526	17376
26527	5273
26527	8929
26528	204
26529	2216
26530	8748
26531	4005
26531	1315
26531	624
26531	4636
26532	1818
26532	8358
26533	11963
26535	5262
26535	2999
26536	2672
26537	3219
26538	14
26538	1366
26539	12
26539	972
26539	521
26539	24916
26540	20951
26542	7548
26543	12833
26544	2426
26544	433
26545	2638
26545	3336
26546	6536
26546	8170
26546	7305
26546	15990
26547	4966
26547	7436
26548	10946
26549	10139
26550	17171
26551	10642
26551	20653
26552	460
26552	20801
26553	1447
26554	5119
26554	14089
26555	8034
26555	24930
26556	792
26556	735
26559	7273
26559	7274
26559	7275
26559	7277
26560	25206
26561	1837
26561	19597
26562	24877
26563	20943
26564	12832
26565	1529
26565	1780
26567	3799
26567	25033
26568	8532
26569	378
26569	19179
26570	3867
26570	3874
26571	9324
26572	502
26572	10685
26573	738
26573	1788
26574	12781
26574	10500
26575	1384
26575	1452
26577	15652
26578	4625
26579	12072
26579	12091
26579	12093
26579	12094
26580	532
26581	7119
26581	7133
26582	881
26582	24331
26583	11155
26584	18828
26584	19212
26585	6629
26586	1972
26588	9210
26589	950
26589	20017
26590	21068
26591	22343
26592	19191
26592	20906
26593	10535
26594	8864
26594	10542
26594	10544
26594	10547
26595	157
26595	18775
26596	102
26596	20014
26597	10338
26597	10389
26598	79
26598	260
26599	6790
26600	5982
26600	13760
26601	16457
26603	10984
26603	24552
26604	10190
26604	9036
26605	19537
26606	6220
26607	6568
26607	6570
26608	7260
26609	11004
26610	6184
26611	10748
26611	25250
26612	1569
26612	13774
26613	15454
26614	6413
26614	10455
26616	3082
26616	10882
26616	14293
26616	16711
26617	10776
26618	2742
26619	13829
26619	17746
26619	17749
26619	17750
26620	1245
26621	3676
26621	6056
26621	6064
26621	24509
26622	679
26623	289
26623	6885
26624	19022
26624	19250
26625	22356
26625	25233
26626	680
26626	594
26626	19649
26626	25179
26627	9048
26628	2591
26628	6307
26629	20746
26630	7569
26631	883
26632	399
26632	717
26633	432
26633	25395
26634	873
26635	3765
26635	4656
26636	25400
26638	1373
26639	19154
26640	895
26640	21360
26641	6852
26642	8537
26643	15051
26644	11777
26645	14067
26646	2789
26646	3977
26646	11878
26646	12523
26649	19401
26650	7818
26652	5585
26653	5459
26654	4382
26654	22050
26655	4156
26655	22268
26657	9358
26658	9167
26658	25255
26659	20864
26660	19541
26662	4295
26663	20165
26663	20353
26664	13286
26665	230
26665	4722
26665	19644
26665	19951
26666	4196
26667	18940
26667	18984
26667	19186
26667	19969
26668	21503
26668	25223
26669	6096
26671	110
26671	4343
26673	25305
26674	10260
26675	15619
26676	7149
26676	7140
26677	850
26677	19413
26678	6595
26679	2938
26680	140
26680	25376
26681	824
26682	22769
26683	149
26683	19890
26684	788
26684	739
26684	867
26684	18916
26685	14403
26686	4102
26687	6651
26688	18775
26688	18916
26688	19244
26688	19890
26689	4882
26689	20440
26690	2100
26690	18816
26690	19055
26690	25183
26691	5356
26692	195
26692	10539
26692	16944
26692	16945
26693	1088
26694	3881
26694	5848
26694	6279
26694	22753
26695	8334
26696	5922
26697	8198
26698	679
26699	10450
26699	4641
26700	2308
26700	15915
26701	3134
26701	5235
26702	6866
26702	17116
26703	10155
26704	6663
26705	783
26705	25385
26706	20453
26708	1566
26709	4858
26709	9234
26710	8614
26710	1826
26711	5955
26711	1580
26712	8540
26712	17111
26713	18834
26713	21899
26714	2581
26715	1141
26716	4306
26716	9656
26717	387
26717	143
26718	7258
26719	19973
26719	21466
26720	3247
26720	13372
26721	20711
26722	1968
26722	7387
26722	2934
26722	21765
26723	25324
26724	2398
26725	1040
26725	10608
26726	21080
26726	25402
26727	4792
26729	7330
26730	4797
26731	484
26732	25352
26733	4243
26734	19588
26735	6264
26736	25462
26737	16898
26738	16776
26740	63
26741	837
26741	23748
26743	1171
26743	18800
26744	859
26744	21526
26745	15151
26746	810
26746	18787
26747	5886
26748	10265
26750	612
26752	2763
26754	6259
26756	7514
26757	5273
26758	25487
26759	160
26759	140
26759	148
26759	155
26760	18825
26761	211
26761	19690
26762	212
26763	10175
26764	5073
26765	460
26765	516
26766	6868
26768	6616
26769	8898
26770	1145
26770	19262
26771	13981
26771	9906
26772	9000
26772	9012
26773	20466
26774	20397
26775	4339
26775	4361
26776	21219
26777	21738
26778	1570
26779	594
26779	20704
26781	418
26781	21974
26782	1006
26782	6663
26784	10394
26784	10401
26785	12142
26786	15179
26787	9388
26788	1685
26788	1755
26789	8985
26790	10636
26791	1037
26791	22432
26793	7556
26794	2307
26795	7341
26796	9702
26796	12866
26797	2257
26798	1372
26799	19560
26800	15191
26800	9141
26801	521
26801	20364
26802	143
26802	19851
26803	2443
26803	5644
26804	3949
26805	1652
26805	11901
26805	19619
26805	23708
26806	431
26806	2783
26806	172
26806	717
26807	1385
26807	1452
26807	9226
26807	9227
26809	3654
26809	20729
26809	20807
26809	21464
26810	4058
26811	14147
26812	19258
26813	12323
26813	8312
26814	6535
26815	5933
26816	3004
26816	19854
26817	6265
26818	10063
26819	2337
26819	8285
26820	7153
26821	18824
26821	20153
26822	8767
26823	1841
26823	145
26824	4300
26824	1455
26825	1737
26825	12916
26827	6276
26827	6317
26828	1721
26828	3878
26828	14513
26828	17666
26829	6989
26829	17092
26830	5535
26830	18805
26830	19304
26830	23158
26831	17253
26832	17084
26833	12164
26834	10419
26834	13510
26835	6538
26835	12519
26835	15526
26835	13582
26836	8519
26837	13991
26838	16650
26839	2654
26839	594
26840	2898
26841	764
26841	22183
26842	684
26842	1679
26842	1648
26842	19389
26843	814
26843	19167
26844	10173
26845	21568
26846	971
26847	1878
26847	2517
26847	845
26847	1881
26848	13302
26849	2269
26849	23964
26850	1218
26850	4255
26850	4870
26850	23914
26851	1026
26851	801
26852	16196
26853	353
26853	20186
26854	11587
26855	3212
26855	4778
26856	16870
26857	10120
26858	5663
26858	6705
26858	6711
26858	6714
26859	7308
26859	7158
26860	11846
26861	10954
26862	12937
26862	684
26862	12265
26862	6571
26863	2270
26864	9007
26865	19885
26866	649
26866	6953
26867	5964
26868	3009
26868	1208
26868	18781
26868	21145
26869	2691
26870	3669
26870	13559
26870	13560
26870	6218
26871	2253
26871	18882
26872	8143
26872	8147
26873	9825
26874	2312
26875	4363
26876	19082
26877	7293
26877	22332
26878	8313
26879	271
26879	299
26880	10006
26881	10161
26882	2225
26883	427
26883	5077
26883	18778
26883	18858
26884	21077
26885	3174
26887	160
26887	20012
26888	24484
26889	13874
26890	8580
26891	3510
26892	7247
26893	7408
26894	19952
26894	24388
26895	871
26896	14361
26897	6911
26897	408
26897	10828
26897	10838
26898	18774
26898	19358
26899	4219
26899	19856
26900	20814
26901	6024
26902	20780
26903	14601
26904	21060
26905	3936
26906	9764
26907	18384
26908	20992
26909	7476
26910	19
26910	20474
26911	4340
26911	19590
26912	20581
26913	11426
26914	8778
26915	15363
26916	10603
26916	9685
26916	8742
26916	10607
26917	10907
26918	19126
26918	21555
26919	8111
26920	19199
26920	22749
26921	4574
26922	16723
26923	5493
26925	103
26925	22614
26926	20864
26927	11149
26928	63
26928	5562
26928	5563
26928	2067
26929	18895
26929	19843
26930	6162
26930	6169
26931	8746
26932	2215
26932	2218
26933	5395
26934	13943
26935	12604
26936	7187
26937	10590
26938	5096
26939	14620
26940	4803
26941	14823
26942	4721
26943	9659
26944	11676
26946	3557
26947	15024
26948	10831
26949	5419
26950	14480
26951	8373
26952	11309
26953	21007
26955	16558
26956	20894
26957	21055
26958	6757
26959	20585
26960	11477
26961	10399
26962	3033
26963	10442
26964	21531
26965	3654
26966	16117
26967	1368
26968	5272
26969	2577
26969	2531
26969	2561
26969	2568
26970	13571
26971	9331
26972	20163
26973	4306
26973	23240
26974	19431
26974	20565
26975	8261
26976	21155
26977	17326
26978	11458
26979	19004
26980	8814
26980	21652
26981	5912
26982	14738
26983	13393
26984	19872
26985	21311
26986	14396
26987	21053
26988	21213
26989	20452
26990	21058
26991	19619
26992	15006
26993	5438
26994	3716
26995	12239
26996	484
26996	9415
26997	6725
26997	705
26998	19871
26999	19399
26999	22616
27000	14661
27001	6850
27002	19909
27003	4222
27005	16548
27006	2926
27007	19306
27008	21100
27009	10320
27010	2599
27011	20936
27012	19445
27013	1805
27014	8050
27016	1468
27016	1423
27017	4861
27018	15302
27019	20887
27020	9778
27021	15766
27022	21342
27023	21649
27024	15198
27025	12615
27026	226
27027	20940
27028	20149
27029	21425
27030	7377
27031	18800
27031	19202
27032	20692
27033	21447
27034	690
27034	19930
27035	21062
27036	21243
27037	21210
27038	21036
27039	21079
27041	5821
27042	18864
27042	21173
27043	21596
27044	139
27044	19590
27045	21368
27046	21565
27047	569
27047	19498
27048	20822
27049	19040
27049	20679
27050	19015
27050	19583
27050	19778
27050	19836
27051	21029
27052	2367
27052	20347
27053	21102
27054	6490
27054	20056
27055	21337
27056	21420
27057	21222
27058	3458
27058	19991
27059	21439
27060	2557
27060	4149
27061	1887
27062	1554
27063	16743
27064	3264
27065	21371
27066	13426
27067	18095
27068	10201
27069	6693
27070	16321
27071	15187
27072	11246
27073	10502
27074	6492
27075	7223
27076	518
27077	19624
27077	22766
27078	9128
27079	13954
27080	8428
27081	21379
27082	1024
27082	1166
27083	17199
27084	21304
27085	10363
27086	14238
27087	2584
27088	19712
27089	3034
27089	22072
27090	727
27090	22072
27091	3449
27092	979
27092	991
27093	290
27093	2278
27093	19900
27093	22399
27094	4469
27095	12300
27096	5810
27097	5795
27097	8460
27099	13959
27100	16440
27101	327
27101	13482
27102	6539
27103	67
27104	12377
27105	12376
27106	10166
27107	2502
27108	769
27109	15854
27110	8690
27111	99
27111	1559
27112	9987
27113	12891
27114	8620
27115	14456
27116	13276
27117	10517
27118	8952
27119	7180
27120	12466
27121	8464
27122	1268
27122	11282
27123	4732
27123	4704
27124	11215
27125	19366
27126	9411
27126	13057
27126	13698
27126	23758
27127	14014
27128	1587
27128	9772
27129	12528
27129	11524
27130	21256
27130	23274
27131	4617
27131	12307
27132	597
27133	10807
27134	8742
27135	1489
27136	5974
27136	20650
27137	5423
27138	1718
27138	7842
27139	1117
27139	5202
27139	8508
27139	23037
27140	7159
27141	1581
27141	4328
27142	582
27142	2442
27143	2052
27143	6233
27143	422
27143	8865
27144	178
27144	1667
27144	20840
27144	24347
27145	10993
27146	9716
27147	11108
27148	2701
27148	5377
27149	2110
27149	19929
27150	1673
27150	1654
27150	18779
27150	22779
27151	7341
27151	7330
27152	2052
27152	22319
27153	5550
27154	8769
27155	278
27155	24580
27156	7526
27157	13623
27158	11641
27159	5251
27160	19943
27161	2514
27162	20838
27163	4465
27165	709
27165	23203
27167	3536
27168	19014
27168	19119
27168	19907
27168	22228
27169	14043
27170	17333
27170	17334
27171	104
27171	15912
27172	8637
27173	1556
27174	5604
27174	24345
27175	1197
27175	19205
27176	18839
27176	19094
27177	5597
27178	1380
27179	10072
27179	19082
27180	3212
27180	2249
27180	7746
27180	7816
27181	20612
27182	4499
27182	4856
27183	677
27184	279
27184	10191
27185	24932
27186	5037
27187	5148
27188	8880
27189	1503
27190	13126
27191	1190
27192	943
27192	20277
27193	394
27193	6116
27194	102
27194	14148
27195	5619
27195	5602
27196	9717
27196	24664
27197	1573
27197	6332
27198	3525
27198	18873
27199	13149
27199	21680
27200	4650
27200	6656
27200	3878
27200	19701
27201	9594
27201	9619
27202	7455
27203	6241
27203	20303
27204	9138
27204	20666
27205	12290
27206	16431
27207	5571
27207	4129
27208	1929
27208	13525
27208	23603
27208	25051
27209	4226
27209	7203
27209	19468
27209	24495
27210	293
27211	1849
27211	5557
27212	10151
27214	693
27214	23181
27215	11814
27215	11816
27215	2711
27215	11822
27216	3704
27216	24118
27217	9641
27218	10002
27219	21015
27219	23134
27220	12626
27220	127
27221	6317
27221	20764
27222	16763
27223	4618
27223	10800
27223	15390
27223	11390
27224	7476
27224	6882
27225	7502
27225	20603
27226	14116
27227	10132
27227	14163
27228	1671
27229	15216
27230	16647
27231	3323
27231	16407
27231	15476
27231	16408
27232	15906
27233	16079
27234	17576
27235	17406
27236	15374
27236	16725
27236	16733
27236	16734
27237	17758
27238	17816
27239	18412
27240	18717
27241	23816
27241	24383
27242	5261
27242	24336
27243	115
27243	24922
27244	3202
27244	10163
27245	664
27245	2441
27246	261
27246	2283
27247	1943
27247	19848
27248	19377
27248	21152
27249	3864
27250	11847
27250	14865
27251	24643
27253	501
27253	2479
27254	10810
27254	22384
27255	1380
27255	1564
27256	24846
27257	1850
27257	21010
27258	2642
27258	21076
27259	3456
27259	19222
27259	20370
27259	20906
27260	767
27260	127
27260	19171
27260	23135
27261	23580
27261	25123
27262	8182
27263	548
27263	18850
27264	2411
27264	16101
27265	1787
27266	75
27266	2062
27267	363
27267	470
27267	10130
27267	23517
27268	11678
27269	2300
27269	15241
27270	23265
27271	9339
27272	2320
27272	5390
27273	2127
27273	2104
27273	1369
27273	9038
27274	5909
27274	182
27274	470
27274	674
27275	2733
27275	2747
27275	2756
27275	2772
27276	6051
27277	6497
27277	6498
27277	6496
27277	6499
27278	6860
27278	2320
27279	226
27279	335
27280	11166
27280	94
27281	3648
27282	2334
27282	19167
27283	18
27283	1869
27283	1871
27283	22184
27285	1324
27285	1160
27285	3462
27285	21003
27286	24648
27287	737
27288	1685
27288	19499
27289	3966
27289	4262
27289	4264
27289	3973
27290	9741
27290	19147
27291	4848
27291	4835
27291	4842
27291	23066
27292	8281
27292	6100
27293	4456
27293	3596
27293	22724
27293	25258
27294	2000
27294	14146
27295	681
27295	3145
27295	322
27295	8504
27296	5716
27296	3500
27297	266
27298	2020
27298	268
27298	20924
27298	24546
27299	2005
27300	4002
27300	544
27301	9850
27302	9092
27302	1026
27302	21699
27302	24351
27303	7945
27304	75
27304	417
27304	142
27304	19192
27305	13457
27306	11097
27306	11255
27307	848
27307	709
27307	867
27307	19884
27308	150
27308	1900
27308	1911
27308	25253
27309	2576
27309	24996
27310	4177
27310	6827
27310	5354
27310	20663
27311	1206
27311	23047
27312	9848
27312	3720
27313	2551
27314	2579
27314	21290
27315	3161
27316	3008
27316	21333
27317	155
27317	755
27318	5166
27318	3145
27318	4128
27318	9362
27319	3341
27320	20732
27321	9229
27321	10029
27322	9038
27323	6875
27324	4769
27324	18922
27325	21685
27325	24936
27326	2803
27326	4127
27327	1633
27327	1665
27328	1818
27328	3611
27330	10140
27330	14261
27331	9480
27331	21775
27332	1296
27332	962
27332	1301
27332	14933
27333	9149
27333	20258
27334	1930
27334	21469
27336	35
27336	68
27336	21995
27336	23154
27337	786
27337	707
27338	1629
27338	293
27339	4177
27339	2588
27339	11032
27339	19481
27340	6518
27340	3275
27341	5364
27341	2744
27342	4910
27343	8766
27343	6249
27343	6293
27343	19708
27344	10104
27345	5536
27345	1673
27345	11106
27345	18791
27346	2807
27346	20156
27347	934
27348	2556
27348	6437
27349	665
27350	474
27351	13671
27353	16757
27354	2701
27354	2578
27355	4758
27356	7628
27356	4256
27357	3495
27357	22028
27358	12883
27358	2845
27358	2878
27358	3765
27359	3228
27360	1497
27360	7158
27361	5643
27361	6147
27362	1312
27363	678
27363	681
27363	1311
27363	25215
27364	691
27364	7105
27365	13052
27365	5589
27366	22014
27366	25291
27367	1395
27367	23055
27368	1536
27370	19611
27370	20466
27371	860
27371	13736
27371	22672
27371	24619
27372	9709
27372	2299
27373	746
27373	18957
27374	5576
27376	11320
27377	9662
27377	19651
27378	14518
27379	4852
27379	22575
27380	8060
27381	8963
27381	8964
27382	7495
27383	153
27383	2278
27384	5577
27385	2576
27386	7257
27386	4260
27387	15598
27388	3090
27388	8071
27389	1436
27390	4381
27390	14311
27390	14312
27390	4779
27391	10975
27392	1940
27393	2622
27393	7364
27394	34
27394	7499
27394	1396
27394	23075
27395	23282
27396	1984
27396	19522
27397	1404
27398	6594
27398	3612
27399	1019
27399	1822
27399	9709
27399	19804
27400	6474
27401	425
27401	3225
27402	751
27402	23770
27403	273
27404	11348
27404	20708
27405	5765
27405	6357
27406	20650
27406	24363
27407	3193
27407	5980
27408	146
27408	3347
27408	13442
27408	10612
27409	3235
27409	4619
27410	4218
27410	4624
27411	8236
27411	4117
27411	12850
27411	19234
27412	13524
27413	4616
27413	20184
27414	1991
27414	12388
27415	327
27417	7061
27417	4425
27417	10097
27417	10101
27418	1883
27418	12847
27419	1602
27419	20853
27420	2449
27420	6851
27420	1721
27420	7830
27421	9400
27422	0
27422	20829
27423	21076
27423	25868
27424	4587
27424	4319
27424	4262
27424	21256
27425	23184
27426	15827
27426	24288
27427	16602
27428	451
27428	12349
27429	9961
27430	6346
27431	2588
27431	8239
27431	11531
27431	5720
27432	5755
27433	594
27434	2729
27434	23476
27435	1515
27436	6138
27436	3487
27436	2479
27436	15147
27437	2653
27437	16136
27437	3823
27437	3373
27438	7433
27438	12768
27438	12773
27438	12774
27440	3501
27440	9439
27440	7781
27440	19651
27441	1497
27442	1092
27443	4701
27443	3370
27444	19403
27445	3217
27445	10032
27446	13330
27446	7674
27446	13335
27446	13337
27447	5779
27447	13328
27447	12246
27447	1489
27448	4848
27448	396
27448	5936
27448	5931
27449	2029
27449	1566
27450	3633
27451	3552
27451	237
27452	1009
27452	3768
27452	291
27452	20830
27453	12416
27453	8168
27453	12421
27453	22654
27454	12260
27454	1009
27455	953
27455	3669
27456	143
27456	877
27456	24474
27456	24953
27457	1437
27457	13222
27457	19512
27457	21577
27458	3167
27458	6891
27458	1974
27458	19895
27459	12191
27460	4207
27460	20763
27461	3763
27461	6504
27461	8589
27461	630
27462	10327
27462	12612
27463	6803
27464	3801
27464	20827
27465	6230
27467	1328
27467	250
27468	4792
27468	2901
27469	785
27469	13786
27470	7184
27471	3912
27471	24451
27472	1610
27472	6270
27473	4032
27473	4037
27473	4031
27473	4034
27474	858
27474	2672
27475	804
27476	3961
27476	7230
27477	6121
27477	12569
27478	2717
27478	6085
27479	20350
27480	8281
27481	7344
27482	6981
27482	8155
27482	1080
27482	8157
27483	489
27483	7228
27484	3621
27484	4200
27484	4870
27484	24162
27485	6034
27486	4281
27486	4027
27486	8306
27486	7904
27487	7714
27487	4188
27487	4274
27487	1718
27488	2351
27488	11314
27489	4821
27489	806
27490	4409
27490	13600
27491	2372
27491	9819
27492	3408
27492	1088
27492	783
27492	9681
27493	3092
27493	7603
27493	14214
27493	5177
27494	2507
27494	11668
27495	110
27495	22723
27496	4530
27497	12248
27498	4180
27498	20000
27499	5487
27500	316
27500	7271
27501	3974
27501	4936
27501	8411
27501	4755
27502	4501
27502	9966
27502	19300
27502	24498
27503	1306
27503	4042
27503	4043
27503	24212
27504	482
27504	4614
27504	7863
27504	24983
27505	3959
27505	4004
27505	4178
27505	22007
27506	4324
27506	4623
27506	14895
27506	14896
27507	4645
27508	4748
27509	310
27509	8444
27510	483
27510	1414
27510	6378
27510	19418
27511	13969
27512	93
27512	19217
27514	846
27514	6334
27514	5387
27514	25217
27515	3193
27515	1410
27515	3196
27515	673
27516	3549
27516	3293
27517	6142
27517	486
27518	9306
27518	10958
27518	10959
27518	7467
27519	16006
27520	7047
27520	8541
27521	9825
27522	10139
27523	9862
27523	12051
27524	4907
27525	5271
27526	1557
27526	2338
27526	2357
27526	1315
27527	7341
27527	22989
27528	1947
27529	1027
27529	24957
27530	679
27530	14594
27532	15053
27533	5082
27533	2129
27533	18823
27533	24524
27534	9655
27534	12814
27535	5099
27535	5110
27535	18866
27535	22705
27536	6373
27536	2771
27537	13762
27538	6778
27538	6780
27538	6781
27538	6782
27539	13115
27539	13117
27540	1272
27540	10787
27541	13771
27541	13772
27542	14319
27543	1919
27543	6438
27544	1850
27545	400
27545	511
27545	194
27545	411
27546	15941
27546	16126
27547	10435
27548	6185
27548	15274
27549	1549
27549	11732
27550	13322
27550	2895
27551	2807
27551	2806
27551	21259
27551	25406
27552	15161
27553	6511
27555	14794
27556	1633
27556	801
27556	6633
27556	23100
27557	12825
27558	2992
27558	25373
27559	12214
27560	2537
27560	24975
27561	3471
27561	16199
27562	5617
27562	5619
27563	13634
27564	191
27564	3719
27565	5724
27565	7963
27565	15637
27565	15639
27566	14792
27566	14368
27567	8738
27568	686
27568	25370
27569	5989
27569	19149
27569	19267
27569	20316
27570	14381
27570	14383
27571	12591
27571	12592
27572	6764
27573	9882
27574	3518
27574	15924
27575	6
27575	328
27575	338
27575	24494
27576	6017
27576	14074
27576	14723
27576	21166
27577	6503
27577	5504
27578	15031
27579	4696
27579	7667
27580	825
27580	636
27580	650
27580	657
27581	6101
27582	14186
27583	7136
27584	1122
27584	23658
27585	3273
27585	3196
27585	3188
27585	1601
27586	1382
27586	3500
27587	7122
27588	9666
27589	1856
27590	2239
27590	6340
27590	4879
27590	10906
27591	7852
27591	24323
27592	79
27592	80
27593	6393
27593	23617
27594	408
27594	3650
27594	11941
27594	9612
27595	695
27596	531
27596	20111
27597	24137
27597	25934
27598	4813
27598	2070
27598	2076
27598	2082
27599	5620
27599	4572
27599	9366
27599	19709
27600	766
27600	10114
27600	20089
27600	23256
27601	17007
27602	682
27603	734
27603	19163
27604	14581
27605	6660
27606	6790
27607	5582
27607	4130
27607	14246
27607	23845
27608	2771
27608	6719
27608	6707
27608	25176
27609	3866
27609	13620
27609	4414
27609	23075
27610	362
27610	19638
27611	11847
27611	13063
27612	6888
27612	16987
27612	16992
27612	16993
27613	179
27613	2763
27614	12699
27615	1481
27615	6907
27615	7177
27615	26036
27616	10096
27617	5088
27617	6308
27618	25754
27619	7171
27619	15708
27620	8118
27621	6505
27621	2220
27621	9089
27621	7186
27622	8128
27622	14124
27623	14122
27623	12455
27624	5990
27624	23561
27625	2798
27625	5394
27626	2283
27626	12017
27626	12018
27626	12024
27627	16088
27627	21401
27628	13751
27629	10484
27629	16217
27630	23547
27630	24274
27631	3414
27631	11270
27632	13309
27633	3578
27633	7157
27633	21091
27633	25120
27634	3558
27634	5557
27634	12212
27634	22767
27635	461
27635	427
27636	1887
27636	5724
27636	324
27636	21366
27637	12789
27637	18886
27639	4004
27639	1248
27640	7524
27641	6872
27641	7824
27642	16262
27643	8325
27643	20133
27644	2449
27644	4873
27644	7780
27644	7753
27645	16935
27645	16625
27646	7813
27647	406
27647	14859
27647	14860
27647	14861
27648	569
27648	7979
27648	18848
27648	19968
27649	6799
27649	13086
27650	8016
27651	2788
27651	10098
27651	12446
27651	12447
27652	1968
27652	24290
27653	1940
27653	1165
27653	14079
27653	14080
27654	16975
27654	16976
27654	11938
27654	22964
27655	8278
27656	1509
27656	23335
27657	478
27657	479
27657	438
27657	20978
27658	13802
27658	10431
27658	15482
27658	13807
27659	3669
27659	16249
27660	853
27660	8572
27660	24281
27660	25873
27661	4652
27661	23812
27662	370
27662	22624
27663	790
27663	1649
27664	11892
27665	493
27665	9247
27666	11914
27667	9485
27667	23017
27668	388
27668	11808
27669	12156
27669	12157
27670	3363
27670	11715
27670	17023
27670	6500
27671	9715
27671	2633
27671	10597
27671	9728
27672	8655
27672	19026
27673	378
27673	25181
27674	6728
27674	1313
27674	11463
27674	19625
27675	9137
27675	13479
27676	162
27676	19218
27676	19686
27676	23856
27677	3117
27677	9647
27678	863
27678	22617
27679	1636
27679	481
27680	15563
27680	15569
27681	327
27681	9264
27681	17544
27681	23679
27682	11846
27682	16374
27683	1968
27683	3275
27684	4981
27684	15035
27684	15430
27684	15431
27685	2647
27685	5606
27685	13476
27685	16315
27686	8939
27687	15137
27687	3571
27687	15138
27687	15139
27688	19373
27688	21320
27689	12136
27689	9246
27690	10693
27690	10695
27691	9936
27691	9365
27692	2891
27692	4792
27692	20986
27692	22258
27693	1267
27693	12132
27694	14688
27695	2555
27695	11562
27696	14618
27697	17122
27698	7170
27698	13926
27699	14706
27700	2568
27700	1729
27700	7838
27700	15372
27701	6828
27701	6339
27701	6316
27701	19407
27702	12861
27702	2899
27703	1359
27703	1328
27703	9735
27703	19426
27704	11053
27705	3058
27705	18922
27706	1414
27706	20741
27706	20953
27706	25491
27707	12037
27707	2021
27707	7292
27707	13368
27708	7385
27708	1858
27708	7406
27708	9867
27709	9906
27710	3209
27710	254
27711	6674
27711	12929
27712	250
27712	12379
27713	8317
27713	12578
27713	12579
27713	12580
27714	11015
27714	17712
27714	17713
27714	14060
27715	14446
27716	7197
27716	8614
27716	13972
27716	10275
27717	2377
27717	3464
27717	15926
27717	15927
27718	720
27718	20289
27719	3524
27719	15226
27719	15227
27719	15228
27720	819
27720	23723
27721	706
27721	10896
27721	18841
27721	18957
27723	8264
27723	7829
27724	7577
27724	7647
27724	7646
27724	24138
27725	14671
27725	16001
27725	13184
27725	15795
27726	1939
27726	5284
27726	13046
27726	13577
27727	20161
27727	21474
27728	15744
27728	15746
27729	17156
27729	17158
27729	17159
27729	17160
27731	11692
27732	848
27732	16947
27732	16948
27732	12648
27733	3581
27733	3598
27734	4573
27734	9918
27734	19534
27734	20350
27735	17030
27735	17025
27736	12761
27737	6412
27737	25452
27738	11927
27738	23640
27739	482
27739	487
27739	490
27739	484
27740	96
27741	7357
27741	13694
27741	13695
27741	7127
27742	633
27742	19805
27743	12397
27744	14561
27745	1419
27745	25800
27746	12644
27747	3502
27747	12012
27747	13128
27747	13129
27748	19148
27749	3068
27749	6668
27750	23225
27750	25301
27751	10810
27751	5620
27752	5357
27752	13345
27752	9539
27752	6930
27753	485
27753	25965
27754	8442
27754	12979
27755	12985
27756	6922
27756	23685
27757	19946
27757	24447
27758	13298
27759	17651
27759	25383
27760	13488
27761	13493
27762	15810
27762	15813
27763	20439
27764	12345
27764	17481
27765	6018
27765	11315
27766	6964
27766	10184
27766	16360
27766	14774
27767	2943
27767	16427
27767	16463
27767	14800
27768	13875
27768	6632
27768	16844
27768	16845
27769	8312
27769	19970
27770	15084
27771	15168
27771	15169
27771	15170
27771	15172
27772	11151
27772	10236
27772	17446
27772	26131
27773	297
27773	16717
27774	17537
27775	3750
27776	17752
27776	21188
27777	15992
27778	16055
27779	5545
27779	16729
27780	16450
27782	12181
27782	17356
27782	17357
27782	20640
27783	12022
27783	17337
27784	13182
27784	12248
27784	16610
27784	17674
27785	16671
27786	12109
27787	3432
27787	3421
27787	13157
27787	19741
27788	11574
27788	25097
27789	17280
27790	16565
27790	18079
27791	17609
27792	17602
27793	640
27794	17819
27794	17820
27794	17821
27794	17826
27796	772
27796	1020
27796	18791
27796	20705
27797	5366
27797	24108
27798	20984
27798	23220
27799	679
27799	1255
27799	1567
27799	2745
27800	8234
27800	19124
27801	327
27802	2129
27803	1251
27803	2643
27803	18792
27803	20015
27804	327
27804	26134
27805	5545
27805	24376
27806	264
27806	355
27806	2799
27806	347
27807	11956
27807	19552
27808	20788
27808	21054
27809	20283
27809	25764
27810	20913
27811	20074
27812	8985
27812	1479
27812	1020
27812	747
27814	3152
27814	3148
27815	3610
27815	2755
27815	2119
27815	785
27817	1745
27817	1615
27817	4924
27817	5042
27818	1597
27819	392
27819	1269
27819	3734
27819	20984
27820	872
27820	1255
27820	4994
27820	4995
27821	174
27821	6100
27821	9631
27821	21888
27822	115
27822	6074
27822	910
27822	25874
27823	1575
27823	4988
27823	1601
27823	21373
27824	21312
27825	233
27825	2654
27826	1429
27826	4465
27826	19594
27826	25933
27827	2590
27827	6841
27828	19785
27829	154
27829	3780
27829	7583
27829	19200
27830	1874
27830	1880
27830	861
27830	2712
27831	755
27831	2970
27832	6210
27832	23091
27833	25686
27834	5480
27834	14664
27834	14666
27834	24139
27835	5687
27835	2931
27835	2195
27835	5692
27836	1393
27836	1622
27836	1398
27836	1592
27837	5559
27837	2411
27838	4891
27838	21710
27838	24381
27838	25426
27839	12510
27839	12511
27840	4425
27840	264
27840	5704
27840	5720
27841	3286
27841	1444
27841	10414
27841	25052
27842	4216
27842	10868
27843	3424
27843	10117
27843	9301
27843	18927
27844	10421
27844	10609
27845	10976
27845	818
27846	1400
27846	3266
27846	2819
27846	24320
27847	22680
27848	3885
27848	25065
27849	4295
27849	1853
27850	1391
27850	2895
27850	8800
27850	12223
27851	998
27851	9622
27852	19113
27852	22762
27853	5591
27854	253
27854	3380
27855	5863
27855	6186
27857	2018
27857	4188
27857	7844
27857	4670
27858	2372
27858	14510
27859	22737
27859	24655
27860	2660
27860	12883
27860	5475
27860	5581
27861	5193
27861	4475
27862	2514
27862	894
27863	3471
27863	3512
27864	10645
27864	23132
27865	101
27865	10164
27866	837
27866	2455
27867	1769
27868	25725
27869	6663
27869	21478
27870	796
27870	9969
27870	9971
27870	18850
27871	3913
27871	3927
27872	8110
27872	6554
27872	5213
27872	18877
27873	7454
27873	2257
27873	4725
27873	6128
27874	19036
27874	20050
27875	21154
27876	18877
27877	2099
27877	594
27877	21137
27877	24426
27878	1920
27878	2712
27879	5971
27879	5972
27879	818
27879	5507
27880	605
27880	811
27881	5775
27881	113
27882	8149
27882	783
27882	9297
27882	10466
27883	1033
27883	2426
27883	22311
27883	24942
27884	4314
27884	1694
27885	10372
27885	10375
27885	21578
27885	21915
27886	11547
27886	11550
27887	8250
27887	19891
27888	768
27888	21279
27889	7354
27889	19715
27889	24436
27889	25526
27890	4620
27890	18879
27891	7390
27891	19376
27892	8966
27892	7431
27893	9102
27893	6879
27893	6667
27893	26174
27894	263
27894	2693
27895	162
27895	19154
27896	5467
27896	24494
27897	2245
27897	24061
27898	9605
27898	24942
27899	1035
27899	11909
27900	6891
27900	3702
27900	2926
27900	6271
27901	2059
27902	70
27902	249
27902	10883
27902	2402
27903	5797
27903	5816
27903	5817
27903	21407
27904	423
27904	12553
27904	12554
27904	12555
27905	6684
27905	10873
27905	20284
27905	21195
27906	5264
27907	3209
27907	8135
27907	7351
27907	23070
27908	366
27908	6767
27909	2601
27909	8223
27909	3387
27909	8358
27910	1113
27910	23555
27911	1920
27911	1561
27911	19409
27911	24126
27912	3068
27912	2648
27912	1224
27912	15593
27913	182
27913	645
27913	6884
27913	16640
27915	3252
27915	1332
27916	21421
27916	22698
27917	221
27917	6340
27917	6736
27917	6860
27918	3037
27918	9385
27918	9386
27918	9372
27919	5175
27919	1439
27920	8603
27920	9967
27920	9968
27920	9970
27921	4226
27921	24253
27922	9409
27923	1011
27923	5079
27924	301
27924	9613
27925	10509
27925	23149
27926	6011
27926	25211
27927	20629
27927	24889
27928	258
27928	2925
27928	1918
27928	24313
27929	4813
27929	24490
27931	5963
27931	14188
27931	7158
27931	25285
27932	3477
27932	19802
27933	74
27933	3860
27933	6453
27933	6452
27934	375
27935	2038
27935	802
27936	949
27936	20042
27937	4802
27937	760
27938	2909
27939	1932
27939	23197
27940	1084
27940	2845
27941	24375
27941	26090
27942	17
27942	178
27942	207
27942	163
27943	429
27943	22314
27944	21485
27944	25320
27945	2783
27945	643
27946	2651
27946	25541
27947	2301
27947	5882
27947	21781
27947	24098
27948	10535
27948	6189
27948	6933
27948	899
27949	3599
27949	6968
27950	24806
27951	143
27951	18830
27952	1413
27952	1579
27952	422
27952	1667
27953	3252
27953	5651
27954	5134
27954	5137
27954	1715
27954	21373
27955	3058
27955	5165
27955	18839
27955	26060
27956	12122
27956	11388
27957	3883
27957	3665
27958	1828
27958	1480
27959	2041
27959	18858
27960	881
27960	3227
27960	2240
27960	22950
27961	3247
27961	5982
27963	3213
27963	2876
27963	2886
27963	3245
27964	14052
27964	10228
27965	10366
27965	2086
27966	428
27966	23018
27967	18791
27967	19809
27968	1311
27969	2914
27969	9029
27970	6621
27970	9381
27970	10610
27970	22232
27971	12792
27971	12793
27971	8848
27971	12795
27972	7124
27972	9674
27973	368
27973	18881
27973	19890
27973	24416
27974	9709
27975	5646
27975	10380
27975	15839
27975	15840
27977	19334
27977	20176
27978	6077
27978	22744
27979	508
27979	19037
27980	2818
27981	309
27981	1928
27981	326
27981	1924
27982	20014
27982	25739
27983	5095
27983	2334
27984	25733
27985	14330
27985	14331
27985	4433
27985	14332
27986	1001
27986	13459
27986	22263
27986	25061
27987	5184
27987	26378
27988	460
27988	20116
27989	3497
27989	3499
27990	242
27990	628
27991	290
27992	7746
27992	14398
27992	14399
27993	36
27993	2029
27993	22554
27994	957
27995	21765
27996	13843
27997	14904
27998	19784
27999	24268
28000	8388
28001	8338
28002	19118
28002	20517
28002	23297
28003	24945
28004	98
28005	16829
28006	14504
28007	19683
28008	18365
28009	3307
28010	2557
28010	483
28010	25988
28011	21493
28012	25589
28013	11854
28014	3054
28014	4228
28014	4229
28015	984
28016	110
28016	8520
28016	7563
28017	107
28018	2889
28019	2582
28019	4823
28019	1356
28020	6375
28021	7315
28021	4210
28021	7322
28022	63
28023	13985
28024	20835
28025	632
28025	658
28025	470
28026	23757
28027	696
28028	15020
28029	19958
28030	26271
28031	47
28031	1840
28031	182
28032	651
28033	8627
28033	899
28033	8636
28034	4478
28034	20237
28034	23123
28035	4605
28036	5396
28036	15240
28036	15238
28037	6041
28037	6042
28037	6045
28038	10616
28039	756
28040	20006
28041	777
28041	1868
28041	18858
28042	11171
28043	3117
28043	3120
28043	3130
28044	20844
28045	5368
28046	126
28046	136
28046	22713
28047	12814
28048	174
28048	763
28048	778
28049	6891
28050	2188
28051	3101
28051	20584
28051	25801
28052	2892
28053	20416
28054	872
28055	2659
28055	8924
28055	24450
28056	25671
28057	5662
28058	179
28059	1517
28059	11479
28059	16814
28060	22338
28061	1791
28062	2244
28063	3273
28064	24929
28065	13842
28066	2724
28067	278
28067	20079
28067	25788
28068	5872
28069	1539
28070	703
28070	15631
28070	26389
28071	10176
28072	19276
28073	8895
28074	12263
28075	8863
28076	20405
28077	12345
28077	14407
28077	8748
28078	16184
28079	178
28079	21075
28079	21558
28080	8842
28080	4463
28080	19975
28081	24523
28082	5611
28083	2864
28083	12631
28083	6503
28084	15968
28084	15970
28084	15973
28085	11936
28086	11933
28087	721
28088	6828
28089	1690
28090	12359
28091	19192
28092	322
28093	1806
28093	7583
28093	3790
28094	25390
28095	1002
28095	4359
28095	23666
28096	6054
28096	5885
28096	6387
28097	9744
28098	3657
28098	6419
28098	19330
28099	27
28099	3054
28099	4207
28100	395
28100	9340
28100	21031
28101	5481
28102	7280
28102	9334
28102	5825
28103	1006
28103	5880
28103	20448
28104	3654
28104	8606
28104	5239
28105	23027
28106	973
28107	2048
28108	15380
28109	3404
28109	4235
28109	3554
28110	3679
28110	19695
28110	23343
28111	15157
28112	1909
28112	11831
28112	978
28113	2250
28113	9929
28113	9935
28114	5031
28115	25071
28116	3756
28117	24924
28118	17999
28119	15103
28120	17306
28121	20676
28122	2579
28123	25308
28124	25849
28125	4882
28126	12872
28127	4402
28128	9633
28128	19846
28128	21002
28129	3169
28130	1673
28130	1685
28130	23700
28131	8935
28132	20141
28133	19344
28133	24242
28133	26346
28134	24818
28135	723
28135	20654
28135	21471
28136	8740
28137	2344
28137	1923
28137	9847
28138	10178
28139	2060
28140	3183
28140	13193
28140	13196
28141	10249
28142	25900
28143	14636
28144	3502
28144	9701
28144	13191
28145	2233
28146	6981
28146	8096
28146	3913
28147	2427
28147	1071
28147	18898
28148	16996
28149	261
28149	2649
28149	3150
28150	23719
28151	812
28152	1391
28152	13013
28152	24361
28153	3003
28154	4904
28155	26204
28156	24981
28157	230
28157	299
28157	3193
28158	10200
28159	2669
28160	1850
28160	6616
28160	3565
28161	26471
28162	1035
28163	198
28163	6907
28163	21426
28164	19864
28165	170
28165	209
28165	21468
28166	13447
28167	5425
28168	19781
28169	7887
28169	4820
28169	14569
28170	24974
28171	985
28172	15803
28173	669
28173	643
28173	676
28174	415
28175	5216
28176	11729
28177	25074
28178	1596
28178	8920
28178	8930
28179	25816
28180	2646
28181	13133
28182	6062
28183	20958
28184	6611
28184	6598
28184	6614
28185	26086
28186	2265
28187	26455
28188	6261
28189	11583
28190	19622
28191	4689
28191	8981
28191	11906
28192	9796
28193	25311
28194	3089
28195	8490
28196	8573
28197	1321
28197	1349
28197	1334
28198	21505
28199	1564
28199	25150
28199	26333
28200	19957
28201	26486
28202	6403
28203	6218
28204	26182
28205	11045
28206	409
28206	9164
28206	25820
28207	5912
28208	10956
28209	5227
28210	39
28210	13800
28210	13801
28211	17176
28212	12859
28212	6745
28212	21661
28213	20840
28214	12961
28215	10236
28216	13706
28216	13686
28216	21280
28217	1621
28218	1517
28218	7856
28218	13900
28219	60
28219	735
28219	821
28220	270
28221	8224
28222	17177
28223	12053
28224	1294
28225	9618
28226	7505
28226	18832
28226	21850
28227	3750
28228	2839
28228	3357
28228	24395
28229	18994
28230	4830
28231	7537
28232	25568
28233	5783
28234	810
28235	4577
28235	20275
28235	25632
28236	14206
28237	11154
28238	10888
28239	25208
28240	18809
28241	9255
28242	25196
28243	2341
28244	15205
28245	7022
28245	9302
28245	25828
28246	1066
28246	1261
28246	1168
28247	20498
28248	2438
28249	3923
28250	202
28250	698
28250	1828
28251	5198
28252	15683
28253	4035
28254	1992
28255	2981
28255	19500
28255	22585
28256	8569
28256	10212
28256	26031
28257	1727
28258	12357
28259	2530
28259	5990
28259	6002
28260	9317
28261	2536
28261	13006
28261	26005
28262	2710
28263	18879
28264	7393
28265	3989
28266	3990
28267	3781
28268	2789
28268	7910
28268	7918
28269	2291
28269	2928
28269	21421
28270	5141
28271	10537
28272	25877
28273	2130
28274	3009
28275	15059
28276	26173
28277	213
28278	16417
28279	24456
28280	25078
28281	7061
28281	2055
28281	13719
28282	26502
28283	2899
28284	4748
28285	6389
28285	16067
28285	20782
28286	307
28286	854
28286	25936
28287	12759
28287	15690
28287	16238
28288	16800
28289	16541
28290	2796
28290	13552
28290	12020
28291	12013
28292	2735
28292	2882
28292	15127
28293	16603
28294	8629
28295	12285
28296	17187
28297	10406
28298	10760
28299	12689
28300	3571
28301	2008
28301	3211
28301	3214
28302	1456
28302	1470
28302	1458
28303	26485
28304	13749
28305	3500
28305	6353
28305	25062
28306	19855
28307	1735
28307	7313
28307	853
28308	1643
28308	1042
28308	20620
28309	25399
28310	8956
28311	135
28311	4648
28311	4653
28312	2344
28312	15367
28312	25981
28313	17374
28314	24542
28315	25398
28316	3275
28316	3260
28316	9894
28317	372
28318	19285
28319	23230
28320	7822
28321	13862
28322	1652
28322	18791
28322	19304
28323	1547
28324	12279
28325	4667
28325	21089
28325	22021
28326	11345
28327	13707
28328	2715
28328	571
28328	19965
28329	26469
28330	5848
28330	3700
28330	19823
28331	3652
28331	2633
28331	25244
28332	6076
28333	5231
28334	26534
28335	5363
28335	1625
28335	5692
28336	17148
28337	212
28337	213
28337	20432
28338	17987
28339	8961
28340	1074
28340	1248
28340	19703
28341	15630
28342	35
28342	20785
28342	26302
28343	401
28344	2622
28345	8794
28346	20928
28347	21377
28347	25242
28347	26576
28348	9876
28349	3720
28350	7108
28351	2643
28352	11634
28353	8316
28353	11625
28353	11623
28354	3959
28354	4179
28354	4180
28355	3542
28355	3543
28355	3545
28356	3961
28356	7904
28356	8291
28357	14086
28358	19126
28358	19599
28358	21105
28359	5824
28360	10138
28360	6438
28360	22721
28361	3767
28362	515
28363	681
28364	1744
28365	1389
28365	6256
28365	19719
28366	327
28366	8981
28366	6798
28367	8149
28367	11948
28367	14728
28368	174
28369	13169
28370	699
28371	3402
28372	16395
28372	16396
28372	2529
28373	13581
28374	19781
28375	13023
28376	13059
28377	6800
28378	12563
28379	6926
28380	7357
28380	7733
28380	12574
28381	26451
28382	26324
28383	9568
28384	26188
28385	11185
28386	14289
28386	14291
28386	23088
28387	11182
28388	2995
28389	6988
28389	16169
28389	6816
28390	1452
28390	25271
28390	26575
28391	21099
28392	618
28392	22559
28392	23220
28393	3940
28393	3946
28393	21878
28394	14786
28394	15404
28394	15411
28395	16694
28395	16695
28395	16697
28396	32
28396	14588
28396	14595
28397	10160
28397	14589
28397	12248
28398	9622
28399	105
28399	108
28399	25918
28400	5582
28400	5583
28400	5590
28401	9426
28402	38
28403	25449
28404	11049
28406	14490
28407	22395
28408	1019
28409	154
28410	706
28411	1866
28412	26450
28413	26602
28414	1380
28414	135
28414	26565
28415	2285
28415	12994
28415	12999
28416	2583
28416	13907
28416	13911
28417	10812
28418	53
28419	3003
28420	9433
28420	5126
28420	20480
28421	10462
28422	14636
28423	667
28424	1372
28425	609
28426	4671
28427	26566
28428	6138
28429	12101
28430	12040
28431	7171
28432	21375
28433	1876
28434	5212
28435	6980
28436	10169
28437	5135
28437	5359
28437	3403
28438	5895
28439	9611
28440	20528
28441	8882
28442	13129
28443	1877
28443	1206
28443	26648
28444	9115
28445	20465
28446	2077
28447	7540
28448	26063
28449	400
28449	3278
28449	26390
28450	11834
28451	5988
28452	515
28452	12143
28452	15061
28453	4003
28454	21283
28455	3534
28455	1822
28455	6353
28456	7667
28456	6415
28456	21026
28457	701
28457	2573
28457	25251
28458	15613
28459	19838
28460	5640
28461	9321
28462	7583
28463	9707
28464	5362
28465	706
28466	6431
28467	571
28467	895
28467	384
28468	20248
28469	17069
28470	1177
28471	7087
28472	19554
28473	8345
28473	8349
28473	19185
28474	437
28475	14263
28476	26398
28477	6490
28477	6488
28477	18947
28478	6649
28479	26541
28480	2590
28481	21476
28482	14308
28483	1673
28483	18841
28483	20313
28484	3441
28484	20906
28484	26592
28485	656
28485	19343
28485	23164
28486	6254
28487	4709
28488	8520
28489	20683
28490	283
28491	2021
28492	1639
28492	19575
28492	26448
28493	94
28493	10348
28493	8134
28494	4817
28494	4149
28494	2883
28495	6548
28496	310
28497	3412
28498	19561
28499	1895
28499	159
28499	21155
28500	1124
28501	18913
28501	19426
28501	26388
28502	12026
28502	7513
28502	16296
28503	18999
28504	3697
28505	1986
28506	6513
28506	23520
28506	24137
28507	9036
28508	842
28508	22342
28508	26054
28509	10443
28509	11171
28509	5620
28510	410
28510	2244
28510	13998
28511	2060
28511	19050
28511	20572
28512	4769
28513	5451
28514	18775
28514	23104
28514	26182
28515	20680
28516	15112
28517	16242
28518	18832
28519	5013
28520	1899
28520	6505
28520	7057
28521	7192
28522	14838
28523	1889
28523	7542
28523	20437
28524	283
28524	3168
28524	19789
28525	8203
28526	12313
28527	8847
28527	12519
28527	2895
28528	10405
28529	2775
28530	3657
28531	248
28531	3082
28531	14343
28532	12217
28533	428
28534	6947
28535	1323
28536	716
28536	2631
28536	12515
28537	12494
28538	7952
28539	6709
28540	4899
28541	160
28542	911
28543	7547
28544	6951
28545	5737
28545	13843
28545	14336
28546	1574
28546	4300
28546	6167
28547	20082
28548	741
28548	739
28548	22706
28549	3764
28550	16705
28551	26661
28552	3573
28552	20096
28552	23930
28553	42
28554	4884
28554	4740
28554	4888
28555	4281
28556	22343
28557	4506
28558	8915
28559	5204
28559	1386
28559	23266
28560	13099
28561	701
28561	2566
28561	20082
28562	11614
28562	11615
28562	11617
28563	12868
28564	2394
28565	12370
28566	398
28566	2742
28566	8467
28567	3137
28568	26408
28569	10946
28570	756
28571	10937
28572	4715
28573	11209
28574	26520
28575	1575
28575	245
28575	3545
28576	806
28576	5318
28576	929
28577	844
28578	13687
28579	26707
28580	26672
28581	6019
28581	6014
28581	5932
28582	26637
28583	2796
28584	12831
28585	10200
28586	21088
28587	14801
28588	12830
28589	8451
28590	2914
28590	2631
28590	20100
28591	2402
28592	12265
28593	15547
28594	5476
28595	1574
28596	972
28597	6727
28598	16054
28599	51
28599	1878
28599	20659
28600	4917
28601	6277
28602	19455
28603	8450
28603	13041
28603	13042
28604	3646
28605	4823
28606	15146
28607	20987
28608	8115
28609	3589
28609	3599
28609	19325
28610	15041
28611	403
28612	1155
28612	21466
28612	26719
28613	26647
28614	19390
28614	20529
28614	26728
28615	4398
28616	22021
28617	19335
28618	9220
28619	19254
28620	21220
28621	14699
28622	16896
28623	2664
28624	4649
28625	861
28625	881
28625	2231
28626	26751
28627	10471
28628	19048
28628	19720
28628	20135
28629	2643
28629	20729
28629	21509
28630	26753
28631	8505
28632	5971
28633	6241
28634	26755
28635	21195
28636	1186
28637	21063
28638	21525
28639	6358
28640	681
28641	8359
28642	1817
28642	839
28642	20984
28643	1107
28644	10940
28645	6070
28646	15362
28647	8486
28647	19152
28647	20079
28648	1218
28649	1082
28649	18996
28649	19801
28650	10497
28651	19292
28652	22766
28653	303
28653	352
28653	19201
28654	20844
28655	6836
28655	5787
28655	21716
28656	365
28656	366
28656	367
28657	4313
28657	19786
28657	23774
28658	9230
28659	15027
28660	16561
28661	4790
28662	4455
28662	20017
28662	22053
28663	10288
28664	21659
28665	18843
28665	19696
28665	19951
28666	1788
28667	5230
28667	5240
28667	19518
28668	18929
28668	21474
28668	22749
28669	21059
28670	2131
28670	19332
28670	22396
28671	2898
28671	2723
28671	19790
28672	9511
28673	9432
28674	20814
28675	11719
28676	1889
28676	7480
28676	19643
28677	508
28678	21061
28679	18785
28679	19445
28679	20966
28680	1548
28681	341
28681	19466
28681	20311
28682	16329
28683	5534
28683	4972
28683	10422
28684	19779
28684	21143
28684	21299
28685	18102
28686	20094
28687	2012
28687	3707
28687	22727
28688	1572
28688	22330
28688	23343
28689	1111
28689	447
28689	19913
28690	4501
28690	4523
28690	21105
28691	3535
28691	19031
28691	21761
28692	19776
28692	21464
28692	23248
28693	17231
28694	12301
28695	4063
28696	13963
28697	21356
28698	139
28698	20392
28698	23552
28699	14243
28700	14934
28701	1221
28702	1424
28702	1746
28702	18779
28703	2296
28704	14455
28705	13692
28706	17221
28707	3295
28708	818
28708	20045
28708	23842
28709	8778
28710	11157
28711	11445
28712	3096
28712	3193
28712	21069
28713	888
28713	2716
28713	24133
28714	108
28715	4512
28716	21306
28717	1567
28718	496
28719	1957
28720	2556
28720	631
28720	2694
28721	4834
28721	1602
28721	462
28722	223
28722	1989
28722	1985
28723	2718
28723	3531
28723	23752
28724	8621
28725	651
28725	20861
28725	24360
28726	2266
28726	7550
28726	19033
28727	9102
28727	15233
28727	23626
28728	4610
28728	7915
28728	10358
28729	1072
28729	18883
28729	22262
28730	711
28731	605
28732	109
28733	9799
28734	2557
28735	8623
28736	2021
28737	9701
28738	1082
28738	18830
28738	22700
28739	4543
28740	1067
28741	4184
28741	4286
28741	24183
28742	2656
28742	19201
28742	21278
28743	5443
28745	5519
28746	3801
28747	5661
28748	601
28748	19284
28748	20114
28749	24144
28750	4817
28750	1564
28750	1590
28751	1257
28752	9431
28753	24510
28754	6607
28754	12402
28754	12085
28755	13314
28755	8747
28755	13315
28756	12339
28757	5859
28757	20989
28757	24709
28758	7459
28758	20677
28758	24452
28759	10649
28759	1690
28759	10658
28760	2803
28760	8223
28760	21858
28761	6844
28761	2327
28761	24930
28762	21162
28762	23856
28762	25012
28763	9031
28764	1968
28764	9235
28764	19558
28765	14409
28765	17246
28765	24316
28766	2557
28766	6762
28766	3322
28767	882
28768	18918
28768	19087
28768	19627
28769	9282
28769	14195
28769	16068
28770	14693
28770	14694
28770	14695
28771	16083
28772	18395
28773	653
28774	8135
28774	6307
28774	19925
28775	17762
28776	6862
28776	9113
28776	5714
28777	2514
28777	5193
28777	2550
28778	24940
28779	5054
28779	2021
28779	7208
28780	319
28781	635
28781	3060
28781	22232
28782	7608
28782	21160
28782	24443
28783	8834
28784	12976
28785	1184
28785	3017
28785	20039
28786	1731
28787	3510
28788	182
28788	985
28788	24396
28789	6291
28790	2333
28790	1860
28790	8613
28791	4309
28792	4371
28793	13597
28794	10039
28795	5103
28796	885
28796	11129
28796	24396
28797	5434
28798	4709
28798	4734
28798	21992
28799	687
28799	7582
28799	19090
28800	18832
28801	5648
28801	5642
28801	5656
28802	1645
28803	12828
28804	486
28805	20160
28805	23526
28805	25218
28806	1268
28806	1281
28806	1288
28807	9139
28807	9890
28807	9898
28808	20799
28809	18720
28810	2205
28811	6118
28812	2646
28813	1068
28814	13726
28815	10459
28816	93
28816	877
28816	11335
28817	1478
28817	1479
28817	19799
28818	1602
28818	181
28818	5192
28819	18773
28820	263
28821	16881
28822	15057
28823	1570
28823	1401
28823	10982
28824	9391
28825	9384
28826	3309
28826	635
28826	3270
28827	6386
28828	1113
28828	842
28828	23890
28829	11536
28830	2732
28831	1727
28831	6410
28831	2812
28832	1942
28833	2414
28834	4116
28835	11140
28836	1948
28837	8809
28838	544
28838	11096
28838	14473
28839	8552
28840	21555
28841	19374
28842	8143
28842	8642
28842	8643
28843	15269
28844	104
28844	6620
28844	25111
28845	5380
28846	9408
28847	7476
28848	11684
28849	10361
28850	16064
28851	6012
28852	1987
28852	11607
28852	24263
28853	5260
28854	11195
28855	2281
28856	11666
28857	13337
28858	3721
28859	5782
28860	24862
28861	8533
28862	6960
28863	15651
28864	11136
28865	19847
28866	19787
28867	18675
28868	21645
28869	6454
28870	7818
28871	25198
28872	5031
28872	20603
28872	25236
28873	5623
28873	5605
28873	12424
28874	7804
28875	15456
28876	1482
28877	16
28878	2184
28879	3694
28879	5501
28879	21023
28880	14727
28881	2809
28881	3107
28881	22575
28882	1453
28883	705
28884	14072
28885	3269
28886	955
28886	514
28886	20529
28887	11729
28888	6001
28888	11360
28888	20392
28889	2715
28889	980
28889	20336
28890	10265
28891	14073
28892	21221
28893	4300
28893	915
28893	1606
28894	13007
28895	5902
28896	3972
28897	2222
28897	5791
28897	13494
28898	2584
28898	310
28898	23047
28899	11489
28900	2591
28900	5054
28900	20252
28901	10156
28902	20579
28903	21282
28903	22000
28903	25434
28904	8679
28905	2119
28905	5350
28905	25198
28906	5309
28907	3051
28907	4877
28907	20948
28908	707
28909	4142
28909	5615
28909	5628
28910	7696
28911	4384
28912	837
28912	695
28912	3229
28913	19945
28914	19259
28914	21293
28914	23193
28915	10220
28916	6658
28917	20530
28918	1942
28918	5596
28918	5187
28919	4439
28919	20237
28919	21094
28920	10168
28921	818
28922	9698
28923	8896
28924	635
28925	21112
28926	20932
28928	6539
28929	15177
28930	6332
28930	9392
28930	21621
28931	5094
28932	7567
28933	2301
28933	2310
28933	20692
28934	21382
28935	2926
28935	9445
28935	23607
28936	1753
28937	413
28937	1049
28937	22730
28938	21658
28939	4064
28940	11372
28940	14138
28940	14901
28941	4378
28941	1324
28941	4688
28942	7120
28943	5922
28943	5921
28943	24187
28944	2673
28945	12162
28946	7046
28946	428
28946	2771
28947	17251
28948	16160
28949	12166
28950	17128
28950	17129
28950	16909
28951	5900
28951	10029
28951	22775
28952	16649
28953	1070
28954	10182
28955	9435
28956	2008
28957	6413
28958	11586
28959	16872
28960	21531
28961	7382
28962	750
28962	3102
28962	23909
28963	8995
28964	156
28965	19317
28966	8376
28967	2326
28968	1073
28969	4558
28969	4580
28969	24351
28970	2571
28970	436
28970	8308
28971	9994
28972	19798
28973	12016
28974	20665
28975	3173
28976	516
28976	5174
28976	21483
28977	21429
28978	5911
28979	7066
28980	6270
28980	6278
28980	7409
28981	24569
28982	3325
28983	6126
28984	6030
28985	15070
28986	20774
28987	3937
28988	18381
28989	21167
28990	7474
28991	517
28991	19966
28991	20041
28992	11420
28993	1907
28994	21172
28995	7156
28995	11732
28995	23081
28996	16724
28997	5517
28998	146
28998	9695
28998	8609
28999	3518
29000	8739
29001	18962
29002	8924
29003	9912
29004	7056
29005	21540
29006	9037
29006	19421
29006	20726
29007	6081
29008	21203
29009	14818
29010	9660
29011	553
29012	3606
29013	10834
29014	5420
29015	14481
29016	8374
29017	11286
29018	20276
29019	21212
29020	20641
29021	6759
29022	11473
29023	10403
29024	861
29024	3035
29024	19987
29025	21197
29026	172
29027	16112
29028	1356
29029	2783
29029	123
29029	20013
29030	13573
29031	6952
29032	343
29032	5451
29032	5457
29033	2453
29034	5487
29034	6627
29034	20790
29035	17321
29036	11460
29037	4422
29038	9695
29039	501
29040	13388
29041	2728
29042	2116
29043	13466
29044	21442
29045	20634
29046	21486
29047	5747
29048	21604
29049	21104
29050	12237
29051	6692
29052	14663
29053	1478
29053	20700
29053	21608
29054	58
29055	4078
29055	19305
29055	21860
29056	16547
29057	7100
29058	21567
29059	9128
29060	6396
29061	21640
29062	21549
29063	8055
29064	21448
29065	19581
29066	2058
29067	15767
29068	21556
29069	193
29069	19108
29069	20462
29070	7468
29070	9702
29070	7338
29071	20438
29072	20809
29072	20862
29072	21133
29073	47
29073	19063
29073	20460
29074	18899
29074	19949
29074	20425
29075	8827
29075	18937
29075	19693
29076	2331
29077	11569
29078	13420
29079	21455
29080	21462
29081	19984
29082	21488
29083	20272
29084	1294
29084	4139
29084	20334
29085	21615
29086	5278
29087	560
29088	21623
29089	21410
29090	21624
29091	21643
29092	610
29093	21655
29094	20101
29094	20797
29094	21740
29095	5945
29095	3469
29095	21309
29096	16742
29097	3245
29098	9949
29099	13434
29100	4303
29100	20320
29100	21497
29101	6688
29102	15178
29103	11247
29104	10503
29106	7210
29107	6538
29108	19698
29109	21131
29110	342
29110	20590
29110	22903
29111	17194
29112	1388
29112	153
29112	21730
29113	20676
29114	14240
29115	3435
29115	3439
29115	20016
29116	4279
29116	974
29116	21512
29117	5820
29118	16439
29119	6537
29120	2270
29120	250
29120	20323
29121	12379
29122	5701
29123	4782
29124	955
29124	19338
29124	23312
29125	15855
29126	18998
29126	19543
29126	20462
29127	11521
29128	12734
29129	8621
29130	13278
29131	10525
29132	8886
29132	14054
29132	22128
29133	21258
29134	7918
29135	1869
29136	3630
29136	11210
29136	21665
29137	14015
29138	2903
29138	878
29138	19449
29139	6742
29140	20043
29140	20122
29140	20693
29141	2499
29142	21579
29143	10994
29144	9714
29145	1049
29146	2535
29146	5999
29146	7568
29147	1261
29147	1379
29147	6325
29148	20223
29149	13622
29150	11642
29151	5253
29152	4793
29152	360
29152	21473
29153	20952
29154	431
29154	19859
29154	24395
29155	321
29156	5187
29156	3705
29156	20887
29157	10258
29158	21505
29159	4430
29159	4431
29159	18910
29160	4184
29160	219
29160	4258
29161	3235
29161	4909
29161	24163
29162	6910
29162	4994
29162	6911
29163	679
29164	5140
29165	2499
29165	6095
29165	20383
29166	10782
29166	10783
29166	10753
29167	6426
29167	19757
29167	23649
29168	1243
29168	1128
29168	23558
29169	5031
29169	22356
29169	22723
29170	10611
29171	16434
29172	4782
29172	356
29172	22721
29173	10154
29174	9642
29175	2944
29175	20793
29175	24254
29176	12625
29177	14117
29178	5607
29178	14917
29178	8802
29179	15213
29180	16648
29181	1412
29182	17572
29183	17407
29184	17808
29184	17818
29184	17822
29185	18413
29186	288
29186	3679
29186	23744
29187	154
29187	1547
29187	21383
29188	2291
29188	19750
29188	21584
29189	4174
29190	1823
29191	529
29192	1003
29193	424
29193	5673
29193	9345
29194	3569
29195	9993
29196	19130
29196	22337
29196	25872
29197	508
29197	1411
29197	20741
29198	130
29199	3643
29199	18942
29199	23925
29200	13020
29201	7970
29202	10841
29203	20084
29204	4850
29204	20945
29204	25055
29205	3360
29206	6363
29207	11063
29208	5616
29209	25498
29210	3362
29210	5989
29210	21266
29211	923
29211	20819
29211	22348
29212	20569
29213	11218
29214	4769
29214	6417
29214	13670
29215	16754
29216	3506
29217	13656
29218	6590
29219	860
29219	1341
29219	24102
29220	1022
29220	13290
29220	23840
29221	1776
29222	3495
29222	694
29222	11321
29223	4134
29223	6653
29223	22588
29224	7326
29224	8436
29224	24279
29225	7497
29226	2557
29226	19761
29226	20042
29227	261
29227	20162
29227	22052
29228	12911
29229	261
29230	5485
29231	6891
29232	8991
29233	1982
29233	2276
29233	24912
29234	6458
29235	8584
29236	5439
29237	5605
29238	14317
29239	10068
29240	16605
29241	8511
29242	7342
29243	2820
29243	3526
29243	19636
29244	1746
29245	18898
29245	20322
29245	25922
29246	5134
29246	13130
29246	1552
29247	785
29247	21003
29247	23925
29248	11491
29249	3558
29249	101
29249	24362
29250	21192
29251	2813
29251	6326
29251	6288
29252	151
29252	18983
29252	24338
29253	9918
29253	19898
29253	24143
29254	4136
29254	8282
29254	8283
29255	3905
29255	3925
29255	24266
29256	2119
29256	10635
29256	6039
29257	4372
29257	22242
29257	23239
29258	12249
29259	9590
29260	4651
29260	2930
29260	21013
29261	6378
29262	1721
29263	647
29264	10110
29265	1919
29266	18862
29266	19040
29266	21899
29267	373
29267	18903
29267	19113
29268	1851
29269	15052
29270	13761
29271	3056
29271	3064
29271	19810
29272	1886
29272	1855
29272	24452
29273	10436
29274	15159
29275	14797
29276	6891
29277	12215
29278	13856
29279	168
29279	20790
29279	21254
29280	6765
29281	20954
29281	24455
29281	25106
29282	5024
29282	20351
29282	21969
29283	6079
29283	10240
29283	24931
29284	14200
29285	7044
29285	19811
29285	21206
29286	20502
29287	358
29287	279
29287	301
29288	1310
29289	5645
29289	6373
29289	20732
29290	17009
29291	12298
29292	14582
29293	19010
29293	19290
29293	20968
29294	11843
29294	13594
29294	21608
29295	16820
29296	483
29296	4097
29296	10101
29297	2168
29297	4251
29297	21323
29298	19270
29298	23098
29298	23400
29299	6054
29299	8358
29299	20925
29300	3289
29300	24414
29300	25268
29301	7523
29301	20739
29301	23637
29302	10809
29303	21304
29304	4165
29304	8043
29304	24471
29305	11891
29306	11915
29307	5615
29307	22574
29307	25415
29308	14687
29308	14689
29308	14690
29309	6081
29309	3494
29309	15471
29310	13817
29311	14707
29312	385
29312	10630
29312	10626
29313	4949
29313	19492
29313	20175
29314	14315
29314	14449
29314	14450
29315	11686
29316	9666
29316	13216
29316	25917
29317	1107
29317	10709
29317	13829
29318	20831
29319	14557
29319	14558
29319	25093
29320	5333
29320	18057
29320	12645
29321	12732
29322	12981
29322	12982
29322	12983
29323	13289
29323	13293
29323	13299
29324	13485
29325	10195
29326	327
29326	5235
29326	6639
29327	2084
29328	16170
29328	17745
29328	17538
29329	16056
29329	19775
29329	22874
29330	16447
29331	20152
29332	17611
29333	17769
29333	17770
29333	17771
29334	4850
29334	22691
29334	24228
29335	288
29336	3769
29337	19532
29338	2992
29338	18957
29338	25358
29339	18796
29339	19692
29339	21986
29340	534
29340	18980
29340	24767
29341	18789
29341	19060
29341	19845
29342	2660
29342	1596
29342	26274
29343	7391
29343	7397
29343	19832
29344	174
29344	796
29344	734
29345	47
29345	895
29345	902
29346	26304
29347	25230
29348	7416
29348	3329
29348	9412
29349	878
29349	3302
29349	24952
29350	1733
29350	4703
29350	523
29351	6627
29351	20065
29351	20963
29352	264
29352	3423
29352	8528
29353	1320
29353	13290
29353	10983
29354	3885
29354	2065
29354	2798
29355	3004
29355	19832
29355	20793
29356	8524
29356	350
29356	19648
29357	2563
29357	3676
29357	3680
29358	6019
29358	3289
29358	25828
29359	2782
29359	6291
29359	19077
29360	8343
29360	19342
29360	20058
29361	6031
29362	7000
29363	26558
29364	3558
29365	23731
29366	3267
29367	9740
29368	9678
29368	19231
29368	26032
29369	12790
29369	7543
29369	14425
29370	810
29370	12388
29370	14460
29371	1791
29371	19477
29371	19632
29372	1832
29373	9742
29373	9745
29373	6402
29374	9184
29374	19068
29374	19207
29375	1862
29376	16566
29377	1323
29378	20266
29379	36
29379	13184
29379	11941
29380	1883
29381	26
29381	380
29381	17227
29382	6668
29382	24955
29382	26272
29383	343
29384	34
29384	36
29384	24341
29385	1569
29385	1582
29385	20311
29386	12783
29387	6426
29387	6428
29387	1254
29388	6430
29388	1079
29388	24423
29389	5941
29389	5943
29389	5944
29390	145
29390	11124
29390	26243
29391	555
29391	1834
29391	20113
29392	649
29392	11120
29392	23570
29393	2384
29393	322
29393	7330
29394	2557
29394	2583
29394	8971
29395	8149
29395	15945
29395	15943
29396	862
29396	872
29396	23017
29397	1853
29397	1867
29397	18881
29398	4170
29398	5488
29398	9035
29399	2906
29399	4226
29399	4251
29400	4965
29400	1478
29400	6858
29401	13782
29402	1575
29402	1594
29402	18807
29403	12299
29403	1264
29403	20122
29404	4345
29404	429
29404	1679
29405	66
29405	4388
29405	15966
29406	3058
29406	19644
29406	24574
29407	20354
29408	5180
29408	2708
29408	1004
29409	2906
29410	1709
29410	2277
29410	19033
29411	9487
29412	772
29412	1828
29412	18858
29413	3056
29413	5128
29413	25445
29414	19
29414	47
29414	26792
29415	164
29415	18875
29415	19197
29416	0
29416	13
29416	43
29417	1167
29417	21621
29417	23224
29418	4876
29418	4878
29418	3075
29419	698
29420	862
29420	2797
29420	11098
29421	2090
29421	23560
29421	23620
29422	677
29422	5462
29422	25027
29423	671
29424	4170
29424	4469
29424	4642
29425	621
29425	3547
29425	4261
29426	5200
29427	1700
29427	4041
29427	4262
29428	278
29428	4427
29428	5202
29429	15573
29430	4522
29430	4494
29430	4515
29431	10291
29432	1311
29432	1088
29432	9821
29433	3708
29433	8942
29433	22644
29434	337
29434	325
29434	3535
29435	4350
29435	2275
29435	6050
29436	6050
29436	20206
29436	20543
29437	2693
29438	1575
29438	407
29438	393
29439	135
29439	6911
29439	18861
29440	19611
29441	1633
29442	5008
29442	12369
29442	24237
29443	12373
29444	5794
29444	940
29444	18830
29445	7742
29445	5919
29445	4005
29446	6503
29446	7173
29446	23566
29447	7756
29447	7765
29447	7766
29448	1873
29448	2452
29448	14389
29449	100
29449	102
29449	24272
29450	7047
29450	3223
29450	14036
29451	2054
29452	14541
29453	6969
29454	5363
29455	15551
29456	1887
29457	3999
29457	1300
29457	3338
29458	1876
29459	997
29459	1481
29459	12660
29460	5181
29460	5205
29460	5213
29461	3324
29462	7684
29463	18830
29463	18870
29463	20322
29464	478
29464	4125
29464	9406
29465	1918
29465	8626
29465	9417
29466	6393
29466	9416
29466	9418
29467	7283
29468	9443
29469	26945
29470	3925
29470	1822
29470	25062
29471	428
29471	19190
29471	24523
29472	1880
29472	6760
29472	2661
29473	860
29473	846
29473	2796
29474	21557
29474	24941
29474	26238
29475	9498
29476	3418
29476	8577
29476	19324
29477	2141
29477	8088
29477	5561
29478	2563
29478	2552
29478	21095
29479	1812
29479	6112
29479	6119
29480	13657
29480	13658
29480	13660
29481	6861
29482	6379
29482	12759
29482	24109
29483	6651
29483	5945
29483	6185
29484	9605
29485	2086
29485	1954
29485	25247
29486	1033
29486	1024
29486	1035
29487	6725
29488	3083
29489	6983
29490	1658
29490	20081
29490	20132
29491	8847
29491	10044
29491	10046
29492	869
29492	18929
29492	25173
29493	1652
29493	6626
29493	23752
29494	26567
29495	814
29495	19092
29495	21165
29497	1565
29498	19554
29499	1580
29499	5587
29499	5585
29500	5852
29500	19749
29500	20391
29501	6226
29502	5826
29503	1244
29504	5450
29504	132
29504	19163
29505	12421
29505	16275
29505	16276
29506	742
29506	19714
29506	24967
29507	12936
29508	4707
29508	2948
29508	22672
29509	691
29509	4387
29509	4388
29510	12702
29511	135
29511	150
29511	1085
29512	1480
29512	3361
29512	3790
29513	9341
29514	2334
29514	6391
29514	13215
29515	21466
29515	21953
29515	23229
29516	10136
29517	8871
29518	903
29518	926
29518	19755
29519	3675
29519	1242
29519	18807
29520	15192
29521	7665
29522	12583
29523	1807
29524	7517
29525	8919
29526	14046
29527	6055
29528	153
29528	999
29528	20730
29529	5479
29530	2934
29530	21694
29530	24272
29531	605
29531	3494
29531	6557
29532	11263
29533	4530
29534	925
29534	20091
29534	26640
29535	14932
29536	1884
29536	4293
29536	4279
29537	1996
29538	2693
29539	12722
29540	3479
29540	20662
29540	21976
29541	1984
29541	6553
29541	9326
29542	1637
29542	1688
29542	23218
29543	21397
29544	101
29544	744
29544	19149
29545	6704
29545	11562
29545	13380
29546	8
29546	476
29546	22187
29547	783
29547	742
29547	751
29548	14410
29549	38
29549	5906
29549	22709
29550	3132
29550	19290
29550	19701
29551	304
29552	10327
29553	10606
29554	19942
29555	5507
29555	5973
29555	20815
29556	1262
29556	18781
29556	19942
29557	1638
29557	363
29557	2037
29558	20867
29559	20039
29560	6892
29560	3552
29560	25318
29561	2126
29561	3161
29561	21331
29562	544
29562	5527
29562	24897
29563	22030
29564	4834
29565	5200
29565	953
29565	23565
29566	3235
29566	2053
29566	26375
29567	5438
29567	5297
29567	24109
29568	2931
29568	10642
29568	26551
29569	1807
29569	3863
29569	20113
29570	3164
29571	4846
29571	12421
29571	5878
29572	3084
29572	19606
29572	25856
29573	5895
29574	20480
29575	3146
29576	1088
29576	3092
29576	3106
29577	3549
29577	22315
29577	23728
29578	10683
29578	10686
29578	25980
29579	3954
29579	4175
29579	1885
29580	2042
29580	4078
29580	3976
29581	4424
29581	4422
29581	4501
29582	1380
29582	4078
29582	4188
29583	4966
29583	7502
29583	5534
29584	1579
29584	2093
29584	2096
29585	5653
29585	5650
29585	5657
29586	6463
29587	27513
29588	2078
29588	18871
29588	19131
29589	7107
29590	2228
29590	6488
29590	5982
29591	418
29591	170
29591	3305
29592	1717
29592	3459
29592	9295
29593	2296
29593	7290
29593	19420
29594	55
29594	19190
29594	19499
29595	25
29595	32
29595	59
29596	7281
29597	1088
29598	2642
29598	1437
29598	323
29599	5294
29599	13253
29599	8329
29600	1377
29600	4245
29600	25957
29601	7097
29601	4696
29601	6044
29602	1705
29602	707
29602	19462
29603	4802
29603	9931
29603	19496
29604	3387
29605	5173
29605	1415
29605	11971
29606	20996
29607	19361
29607	23946
29607	24957
29608	2479
29608	15429
29608	16308
29609	5663
29609	21898
29609	23616
29610	16826
29611	5213
29611	3439
29611	13162
29612	5487
29613	4000
29614	4367
29614	11371
29614	11370
29615	3214
29615	3271
29615	3392
29616	1052
29616	19590
29616	24916
29617	7170
29618	1996
29618	1741
29618	3471
29619	7324
29619	6445
29619	3748
29620	9834
29620	13639
29620	13641
29621	3009
29621	992
29621	21355
29622	1996
29623	375
29624	8947
29625	5226
29625	7605
29625	7606
29626	12856
29627	407
29627	2020
29627	20984
29628	12753
29629	25871
29630	1562
29630	1571
29630	21373
29631	1367
29632	4852
29632	10632
29632	9283
29633	5094
29634	13674
29635	1613
29635	6027
29635	19910
29636	1774
29636	3657
29636	7643
29637	13083
29637	11712
29637	13085
29638	27004
29639	7740
29639	5873
29639	11168
29640	11367
29640	11628
29640	11638
29641	1999
29641	2013
29641	20477
29642	11225
29643	46
29643	1590
29643	1776
29644	10910
29644	5262
29644	25899
29645	4366
29645	4367
29645	4369
29646	7701
29646	8127
29646	8128
29647	5663
29647	21529
29647	26656
29648	12479
29649	5243
29650	102
29651	26954
29652	16181
29653	896
29653	15856
29653	16319
29654	13759
29654	12095
29654	23283
29655	1733
29655	5440
29655	6408
29656	252
29657	6866
29657	6448
29657	6870
29658	6881
29659	11607
29659	12106
29659	11648
29661	1460
29661	3699
29661	18920
29662	12193
29662	12194
29662	12198
29663	3990
29664	12380
29664	3464
29664	5404
29665	1777
29665	3105
29665	26014
29666	1306
29666	4854
29666	1721
29667	8160
29667	13912
29667	25002
29668	5870
29668	9781
29668	11052
29669	7123
29669	17038
29669	17041
29670	349
29670	341
29670	836
29671	11257
29671	16156
29671	25532
29672	2056
29672	4269
29672	4683
29673	202
29673	21075
29673	26290
29674	256
29674	510
29674	19197
29675	398
29675	308
29675	405
29676	17
29676	20014
29676	21138
29677	11721
29677	12553
29677	15695
29678	12842
29678	5752
29678	25876
29679	498
29679	4390
29679	2840
29680	19384
29681	60
29681	22554
29681	22993
29682	4831
29683	2009
29684	6737
29685	14640
29686	105
29686	19276
29686	25873
29688	3638
29688	19601
29688	19703
29689	7004
29690	9921
29690	6959
29690	24456
29691	3979
29691	3984
29691	3985
29692	3977
29692	3978
29692	3983
29693	40
29693	46
29693	69
29694	6184
29694	10742
29694	6346
29695	7711
29695	7713
29695	4678
29697	7898
29697	7905
29697	7906
29698	12329
29698	12330
29698	12331
29699	1854
29699	9842
29699	695
29700	15633
29701	253
29701	3608
29702	3349
29702	2836
29702	11033
29703	5554
29703	5077
29703	3020
29704	8156
29704	1127
29704	5927
29705	3961
29705	3966
29705	3967
29706	11486
29706	11487
29706	11488
29707	12145
29708	679
29708	19234
29708	20870
29709	2545
29709	2911
29709	15356
29710	16185
29711	3211
29711	4213
29711	21860
29712	3209
29713	9687
29714	5
29714	21347
29714	27279
29715	2351
29715	490
29715	4870
29716	4194
29716	10061
29716	23793
29717	19863
29718	4174
29718	8442
29718	20890
29719	20809
29719	23590
29719	26264
29720	10345
29721	26018
29722	7464
29722	4691
29722	24211
29723	1306
29723	4608
29723	3609
29724	4291
29724	4356
29724	26483
29725	934
29726	3807
29727	9554
29727	9813
29727	9814
29728	8581
29728	8582
29728	8584
29729	4627
29729	4628
29729	4638
29730	4636
29730	4629
29730	4631
29731	768
29731	795
29731	24312
29732	4519
29732	6594
29732	7112
29733	6942
29733	3198
29733	10354
29734	363
29735	12
29736	1953
29737	20234
29738	7383
29738	4570
29738	20513
29739	1581
29739	3288
29739	783
29740	69
29741	2936
29741	5272
29741	25548
29742	897
29742	723
29742	279
29743	13593
29743	14999
29743	14657
29744	2701
29744	2347
29744	10082
29745	10269
29746	10305
29746	4827
29746	832
29747	2366
29747	22215
29747	26033
29748	14300
29749	10124
29750	9950
29750	316
29750	19959
29751	2018
29751	4078
29751	18973
29752	5770
29752	9542
29752	4241
29753	14608
29754	10817
29754	10819
29754	10823
29755	3273
29755	102
29755	9699
29756	7361
29756	9535
29756	21101
29757	2555
29757	994
29757	9441
29758	27166
29759	8569
29759	19497
29759	24158
29760	3288
29760	1480
29760	20702
29761	7279
29761	12023
29761	21936
29762	23303
29763	4910
29764	3062
29764	4772
29764	20601
29765	5169
29766	7170
29766	23527
29766	24441
29767	8365
29767	1613
29767	4838
29768	7781
29768	10058
29768	24200
29769	405
29769	799
29769	24216
29770	1954
29771	16525
29771	12809
29771	16526
29772	5120
29773	19854
29773	25552
29773	26281
29774	983
29774	6061
29774	12399
29775	2587
29776	10022
29777	19686
29778	10915
29779	8851
29780	12952
29780	1336
29780	17046
29781	1458
29781	8980
29781	19732
29782	337
29782	291
29782	19201
29783	27490
29784	22342
29785	20197
29786	16849
29787	783
29787	717
29787	24338
29788	19516
29789	1423
29789	13547
29789	13548
29790	7215
29790	7218
29790	20941
29791	703
29792	20483
29793	2057
29793	5032
29793	23181
29794	1727
29794	1762
29794	19802
29795	11171
29796	17190
29796	17191
29796	17193
29797	725
29797	747
29797	21080
29798	504
29799	177
29799	11095
29799	19171
29800	14777
29800	13805
29800	11189
29801	6471
29802	6800
29802	13185
29802	13153
29803	6980
29804	8070
29805	1381
29805	2206
29805	331
29806	2065
29806	2085
29806	18943
29807	201
29807	734
29807	13319
29808	8014
29808	7001
29808	8054
29809	4506
29809	7094
29809	24587
29810	20473
29811	853
29811	25868
29811	27423
29812	49
29813	14553
29814	5412
29814	5420
29814	5421
29815	7622
29816	13939
29817	6902
29818	5963
29818	6340
29818	25061
29819	5739
29819	20089
29819	20400
29820	6300
29820	6261
29820	22623
29821	10738
29821	3120
29821	10805
29822	5651
29823	5271
29823	3183
29823	20530
29824	11239
29825	5015
29825	5677
29825	21898
29826	24185
29827	6003
29828	24975
29828	25861
29828	27560
29829	662
29829	1435
29829	24339
29830	5844
29831	7154
29832	2427
29833	11034
29833	8904
29833	1843
29834	6608
29834	6672
29834	6685
29835	1796
29835	8970
29835	15340
29836	6191
29837	7197
29838	5171
29838	13974
29838	10786
29839	3610
29839	12651
29839	19566
29840	6137
29841	3610
29841	14721
29841	13887
29842	9549
29842	15891
29842	24189
29843	7485
29843	7418
29843	26096
29844	2205
29844	5978
29844	15925
29845	1410
29846	12248
29847	5914
29848	2422
29848	13750
29848	13752
29849	21184
29850	10802
29850	25468
29850	25489
29851	268
29851	21257
29851	22247
29852	423
29852	19095
29852	21335
29853	15914
29854	13094
29855	15116
29856	3558
29856	7105
29856	3593
29857	8427
29858	27466
29859	15344
29860	13783
29860	15543
29860	15539
29861	15542
29861	15544
29861	15545
29862	698
29862	23715
29862	26247
29863	6736
29863	9664
29863	20317
29864	8916
29864	9392
29864	26236
29865	1729
29866	1806
29866	402
29866	164
29867	344
29867	6373
29867	19121
29868	4923
29868	1954
29868	9868
29869	9899
29869	21104
29869	22363
29870	7279
29871	327
29872	2739
29872	7119
29872	22361
29873	1
29874	7167
29874	21400
29874	23081
29875	2248
29875	3176
29875	1388
29876	1252
29876	6608
29876	20137
29877	6687
29878	511
29878	15466
29878	1632
29879	2534
29879	4357
29879	27367
29880	15585
29881	10441
29881	6646
29881	23164
29882	420
29882	19611
29882	27370
29883	3212
29884	13178
29884	13179
29884	13182
29885	1508
29886	8110
29886	9407
29886	13313
29887	5862
29887	322
29887	20758
29888	3664
29889	1587
29890	2735
29890	14418
29890	17593
29891	3115
29891	1777
29891	26277
29892	14467
29893	12912
29894	2823
29894	14683
29894	9462
29895	11491
29895	17087
29895	19602
29896	20755
29897	15981
29898	1218
29898	6708
29898	7132
29899	153
29900	13556
29901	14002
29902	7061
29902	88
29902	11166
29903	1610
29903	7405
29903	27472
29904	7254
29904	1894
29904	19641
29905	13711
29905	16216
29905	20640
29906	8876
29906	19605
29906	25910
29907	1564
29907	9829
29907	9870
29908	872
29908	15067
29908	5575
29909	1387
29909	2107
29909	5429
29910	1099
29910	1129
29910	23506
29911	7251
29911	16365
29911	15002
29912	5267
29912	7413
29912	20292
29913	7253
29913	1074
29913	6744
29914	8771
29914	24555
29914	26920
29915	12726
29916	10864
29917	11561
29918	1824
29918	2932
29918	11899
29919	1758
29919	13789
29919	13794
29920	10784
29921	12900
29921	21753
29921	25335
29922	3871
29922	3869
29923	3874
29923	3869
29923	12663
29924	7912
29924	8075
29924	8079
29925	7741
29925	7886
29925	14875
29926	11783
29927	10181
29928	5919
29928	4317
29928	9560
29929	4652
29929	7810
29929	24211
29930	11038
29931	5072
29931	16778
29931	17379
29932	7759
29932	7868
29932	15501
29933	4035
29933	12434
29933	12438
29934	7691
29934	10354
29934	8272
29935	10337
29935	14228
29935	16989
29936	19510
29936	19729
29936	24766
29937	26
29937	13113
29937	21929
29938	6158
29938	1858
29938	9851
29939	2112
29939	2113
29939	18874
29940	2362
29940	23150
29941	544
29941	11085
29941	20219
29942	8432
29943	13703
29943	11345
29943	22654
29944	2723
29945	6158
29945	162
29945	555
29946	2911
29947	6225
29947	593
29947	20212
29948	15917
29949	6425
29949	6826
29949	439
29950	13816
29950	13817
29950	13819
29951	10388
29951	13885
29951	12033
29952	7691
29952	26087
29952	27477
29953	1660
29953	8349
29953	24814
29954	1552
29954	8963
29954	9446
29955	10324
29955	10325
29955	10327
29956	14684
29956	9047
29956	15802
29957	5436
29957	21749
29957	24911
29958	122
29958	19193
29958	22562
29959	8985
29959	2845
29959	1433
29960	7384
29960	1311
29960	22992
29961	997
29962	4652
29962	18825
29962	20457
29963	11183
29963	25153
29963	26160
29964	3132
29964	11904
29964	20747
29965	1565
29965	310
29965	2358
29966	9041
29966	9981
29966	8827
29967	18845
29967	19937
29967	25468
29968	6355
29968	8929
29968	26527
29969	4716
29969	11172
29969	15262
29970	7379
29971	14456
29971	1684
29971	16840
29972	14041
29972	6737
29972	12911
29973	2104
29973	5259
29973	8926
29974	1333
29974	2085
29974	18929
29975	11740
29976	2479
29977	11813
29978	2336
29978	4697
29978	4698
29979	10371
29980	2151
29980	16151
29980	24257
29981	1333
29981	7775
29981	19625
29982	363
29982	6724
29982	27290
29983	8476
29983	19789
29983	25089
29984	3878
29984	8704
29984	19290
29985	15211
29986	2411
29986	14142
29986	26131
29987	8646
29987	4813
29987	107
29988	2165
29988	9064
29988	23880
29989	19217
29990	16379
29991	15305
29991	20420
29991	21352
29992	2927
29992	251
29992	20742
29993	842
29993	2878
29993	21179
29994	12028
29994	6981
29994	20145
29995	2552
29995	9425
29995	15705
29996	9350
29996	13092
29996	13093
29997	21435
29998	2517
29998	9473
29999	2583
29999	20657
29999	21638
30000	9528
30000	22640
30001	10350
30003	1718
30003	27138
30004	198
30005	21383
30006	12862
30006	12863
30006	5174
30007	5369
30007	9715
30007	1860
30008	5409
30008	19952
30008	22358
30009	12947
30010	42
30010	4852
30010	1754
30011	10995
30011	8103
30011	21164
30012	15783
30013	19546
30014	4850
30014	164
30015	8966
30015	10200
30015	13541
30016	7252
30016	24320
30016	27375
30017	12804
30017	19822
30017	21336
30018	17954
30019	17832
30019	17836
30019	17837
30020	14973
30021	14363
30022	14129
30022	14134
30022	14137
30023	842
30023	5599
30023	16250
30024	21200
30026	19209
30026	19355
30026	19762
30027	10650
30027	10652
30027	10653
30028	1810
30028	14843
30028	14844
30029	15816
30029	15817
30029	26049
30030	1289
30030	6426
30030	10754
30031	312
30031	10765
30031	12095
30032	25932
30033	4711
30033	2740
30033	6785
30034	10817
30034	388
30034	10821
30035	10624
30035	11844
30035	19606
30036	1580
30036	1892
30036	10979
30037	26150
30038	1773
30038	1371
30038	8536
30039	3884
30039	16133
30039	23832
30040	11197
30040	16274
30040	22373
30041	13066
30041	11972
30041	15387
30042	2483
30042	15335
30042	16860
30043	4433
30044	26364
30045	18045
30046	3007
30046	1954
30046	14157
30047	1163
30047	881
30047	3030
30048	3944
30048	10052
30048	24926
30049	14180
30050	5635
30050	14439
30050	19408
30051	6779
30051	13905
30051	2526
30052	1205
30053	506
30053	6458
30053	15322
30054	16490
30054	16493
30054	26554
30055	17354
30055	17333
30055	27170
30056	17053
30057	14186
30058	12404
30058	12408
30058	12409
30059	7897
30059	14547
30059	12441
30060	98
30061	13682
30062	3139
30062	12752
30062	27375
30063	16385
30064	16386
30064	16389
30064	16392
30065	2869
30065	12748
30066	151
30066	7649
30067	16890
30068	1634
30068	3203
30069	3183
30069	16914
30069	13462
30070	1327
30070	5275
30070	22795
30071	16817
30072	12918
30072	12923
30073	12953
30073	16698
30073	16257
30074	7829
30074	12991
30074	6446
30075	4045
30075	1695
30076	13071
30076	11401
30076	23138
30077	18905
30077	19437
30077	23544
30078	13130
30078	3453
30078	23252
30079	13253
30079	4953
30080	7229
30080	6925
30080	14882
30081	1391
30081	13475
30082	20889
30082	25394
30082	27340
30083	10419
30083	13564
30083	26834
30084	5640
30084	13507
30084	13572
30085	4846
30085	6498
30085	20747
30086	3322
30087	6054
30087	17334
30087	24286
30088	18158
30089	15540
30090	7227
30090	13835
30090	14101
30091	5397
30091	19526
30091	20672
30092	4723
30092	13479
30092	21770
30093	18348
30094	3523
30094	3485
30094	3490
30095	9570
30095	5932
30095	5931
30096	7240
30096	12263
30096	17399
30097	11372
30097	14134
30097	12041
30098	1499
30098	4988
30099	5067
30099	19163
30099	25285
30100	9320
30100	23237
30101	236
30101	7616
30101	7533
30102	22293
30102	23051
30103	6608
30103	6681
30103	13179
30104	1559
30105	14436
30105	14441
30106	1711
30106	173
30107	14569
30107	14570
30107	21654
30108	13635
30108	16735
30108	16712
30109	13760
30109	26600
30110	7880
30110	14851
30111	24144
30112	14757
30112	12877
30112	27722
30113	15221
30113	15222
30113	24324
30114	8124
30114	17696
30114	12617
30115	11720
30115	16950
30115	16952
30116	17504
30117	11671
30117	14471
30117	15152
30118	4704
30118	7737
30118	11594
30119	3623
30119	17488
30119	17339
30120	20960
30121	8886
30121	8887
30121	8895
30122	10225
30122	20373
30122	22678
30123	14702
30123	14674
30124	18023
30125	8098
30125	8881
30125	13753
30126	16175
30127	10181
30127	10405
30128	16268
30128	11200
30128	21351
30129	6799
30129	17887
30129	27649
30130	8310
30130	2441
30130	13859
30131	17766
30132	15329
30132	6413
30132	16209
30133	6784
30133	16835
30134	16955
30134	16956
30134	16958
30135	18223
30136	17625
30137	21050
30138	17415
30139	11168
30139	13165
30140	8887
30140	17475
30141	17599
30142	17081
30142	17734
30142	17850
30143	17737
30143	17741
30143	17742
30144	17809
30144	17817
30145	8344
30145	17851
30145	20974
30146	17948
30147	17970
30148	18059
30149	18086
30150	21245
30151	18123
30152	18075
30152	18126
30153	18166
30154	17831
30154	18362
30154	18458
30155	1380
30155	1563
30155	25543
30156	18530
30157	18570
30158	18640
30159	18725
30160	498
30160	416
30160	26386
30161	1505
30161	5513
30161	5485
30162	2730
30162	10207
30162	19106
30163	5081
30163	5510
30163	5555
30164	5255
30164	3381
30164	19476
30165	1634
30165	2635
30165	173
30166	8477
30166	3292
30166	5232
30167	19673
30168	310
30168	260
30168	13828
30169	21
30169	876
30169	19240
30170	307
30170	1775
30170	2931
30171	18842
30171	19125
30171	27192
30172	454
30172	18784
30172	20277
30173	618
30174	24863
30175	3916
30175	3860
30175	5433
30176	10200
30176	22717
30176	26163
30177	516
30177	12759
30177	6798
30178	5467
30178	294
30178	19201
30179	23878
30180	2783
30180	11954
30180	19846
30181	25051
30182	5787
30182	1532
30182	5783
30183	40
30183	828
30183	483
30184	2082
30184	2291
30184	18796
30185	3040
30185	24108
30185	26595
30186	3165
30186	19857
30186	23205
30187	3993
30187	10716
30187	2447
30188	341
30188	304
30188	270
30189	2217
30189	21317
30189	24334
30190	4792
30190	105
30190	26060
30191	19407
30192	185
30192	605
30192	19256
30193	5725
30193	5732
30193	5733
30194	5043
30194	19717
30194	22019
30195	4937
30195	5000
30195	2294
30196	4908
30196	5862
30196	6422
30197	4945
30197	5020
30197	19279
30198	516
30198	1036
30198	20846
30199	80
30199	13821
30199	27592
30200	32
30200	15781
30200	15782
30201	1228
30201	1437
30201	18836
30202	5534
30202	10513
30202	22734
30203	1490
30203	19092
30203	19310
30204	1419
30204	5211
30204	19985
30205	8967
30205	5364
30205	27341
30206	25
30206	1173
30206	3827
30207	5991
30207	100
30207	26701
30208	3651
30208	5866
30208	22313
30209	25326
30210	12956
30210	17291
30210	22675
30211	1641
30211	16182
30211	22621
30212	18805
30212	19809
30212	22219
30213	144
30213	8805
30213	20540
30214	1009
30214	25999
30214	27406
30215	4042
30215	8904
30215	8902
30216	5425
30216	2882
30216	4260
30217	1124
30217	20845
30217	27730
30218	9666
30218	1925
30218	20234
30219	3318
30219	3319
30219	25522
30220	8833
30220	8843
30220	18847
30221	5181
30221	23540
30221	24362
30222	20553
30222	21067
30222	25535
30223	511
30223	670
30223	432
30224	840
30224	10643
30224	2480
30225	979
30225	20832
30225	27316
30226	2799
30226	338
30226	3486
30227	3600
30227	3605
30227	24543
30228	233
30228	105
30228	27825
30229	327
30229	3037
30229	21637
30230	8981
30230	18791
30230	18892
30231	55
30231	852
30231	292
30232	7583
30232	9621
30232	25506
30233	2320
30233	25304
30233	27272
30234	6339
30234	19012
30234	19250
30235	3207
30235	1671
30235	19780
30236	27164
30237	3703
30237	5213
30237	13145
30238	6320
30238	19328
30238	19509
30239	1150
30239	1661
30239	20836
30240	407
30240	5079
30240	22250
30241	343
30241	7167
30241	23603
30242	8
30242	505
30242	645
30243	4652
30243	22357
30243	27661
30244	3780
30244	8147
30244	26872
30245	4452
30246	2103
30246	21971
30246	26677
30247	2457
30247	19230
30247	23312
30248	1234
30248	3693
30248	26296
30249	2215
30249	19413
30249	27214
30250	633
30250	371
30250	27198
30251	183
30251	4340
30251	26911
30252	3542
30252	24898
30252	26311
30253	15
30253	6116
30253	27193
30254	8164
30254	15101
30254	19647
30255	679
30255	7309
30255	18839
30256	8104
30256	10368
30256	23743
30257	1777
30257	9833
30257	19022
30258	738
30258	814
30258	26573
30259	272
30259	713
30259	20156
30260	447
30260	18777
30260	21718
30261	9644
30261	20153
30261	25321
30262	1315
30262	329
30262	19070
30263	8847
30263	12384
30263	14646
30264	7047
30264	1497
30264	27520
30265	151
30265	3010
30265	18773
30266	1255
30266	20243
30266	25865
30267	2052
30267	8935
30267	27152
30268	18951
30268	20867
30268	21134
30269	4313
30270	543
30270	417
30270	20182
30271	6158
30271	161
30271	2077
30272	4219
30272	20396
30272	20797
30273	511
30273	1031
30273	26924
30274	1601
30274	18876
30274	26258
30275	12515
30275	3273
30275	5225
30276	2759
30276	21391
30276	22994
30277	4
30277	836
30277	26792
30278	10406
30278	19167
30278	26843
30279	877
30279	20953
30279	25513
30280	692
30280	6454
30280	26247
30281	3329
30281	3343
30281	20009
30282	2511
30282	2513
30282	2512
30283	2677
30283	4920
30283	6372
30284	2900
30284	18780
30284	20111
30285	9279
30285	4651
30285	21818
30286	378
30286	3405
30286	27673
30287	2797
30287	2609
30287	24458
30288	3091
30288	20030
30288	21091
30289	1619
30289	1453
30289	20093
30290	363
30291	2060
30291	18789
30291	18943
30292	497
30292	2232
30292	2650
30293	8629
30293	11731
30293	12662
30294	3363
30294	6197
30294	25964
30295	1488
30295	9488
30295	3128
30296	5862
30296	8467
30296	2764
30297	4376
30297	387
30297	4480
30298	1165
30298	6966
30298	6957
30299	3346
30299	19638
30299	21559
30300	275
30300	21975
30300	25205
30301	2578
30301	20989
30301	27354
30302	426
30302	18925
30302	19437
30303	2381
30303	19305
30303	20488
30304	955
30304	19011
30304	19069
30305	9940
30305	19597
30305	26561
30306	533
30306	19071
30306	26427
30307	12671
30307	9229
30307	21371
30308	4918
30308	8634
30308	23546
30309	3408
30309	207
30309	476
30310	17
30310	155
30310	3598
30311	1498
30311	3323
30311	21528
30312	2657
30312	5088
30312	5110
30313	18924
30313	20237
30313	20871
30314	7536
30314	7546
30314	24556
30315	211
30315	195
30315	26761
30316	5264
30316	24045
30316	25044
30317	3284
30317	3299
30317	2817
30318	2384
30318	2232
30318	21899
30319	6663
30319	10015
30319	25041
30320	8075
30320	11371
30320	9791
30321	53
30321	3198
30321	7913
30322	1850
30322	1855
30322	21362
30323	1888
30323	5557
30323	10024
30324	9219
30324	20179
30324	25255
30325	10574
30325	19269
30325	21540
30326	9343
30326	10526
30326	19678
30327	62
30327	121
30327	27880
30328	349
30328	23707
30328	24305
30329	7259
30330	4260
30330	7538
30330	27386
30331	805
30331	4301
30331	783
30332	6463
30332	910
30332	25111
30333	838
30333	5895
30333	6706
30334	21105
30334	22380
30334	26663
30335	10343
30335	8254
30335	10344
30336	144
30336	20471
30336	27199
30337	1401
30337	5394
30337	26886
30338	4911
30338	7170
30338	27698
30339	1037
30339	15944
30339	26791
30340	16419
30340	16424
30340	21316
30341	1325
30341	9934
30341	7770
30342	19069
30342	19894
30342	24404
30343	27015
30344	417
30344	2430
30344	2445
30345	4478
30345	8487
30345	21149
30346	309
30346	2431
30346	9710
30347	747
30347	23761
30347	27337
30348	3905
30348	870
30348	25214
30349	1294
30349	13604
30349	25298
30350	1963
30351	287
30351	303
30351	20639
30352	2959
30352	7507
30352	23839
30353	10181
30353	1296
30353	22017
30354	1387
30354	1405
30354	19089
30355	2848
30355	2849
30355	2866
30356	500
30356	2853
30356	2863
30357	145
30357	735
30357	3785
30358	3115
30358	3108
30358	21475
30359	8608
30359	3703
30359	22664
30360	5487
30360	19753
30360	20656
30361	20801
30361	24159
30361	26552
30362	6671
30362	6676
30362	6678
30363	7326
30363	6002
30363	6353
30364	110
30364	4238
30364	2261
30365	19603
30365	25376
30365	26680
30366	19358
30366	19594
30366	19779
30367	8283
30367	10861
30367	14469
30368	2512
30368	6068
30368	9648
30369	153
30369	5237
30369	26823
30370	1996
30370	24501
30370	25406
30371	13325
30371	25073
30371	27625
30372	2929
30372	13323
30372	13324
30373	19463
30373	20237
30373	26418
30374	1529
30374	1530
30374	298
30375	4306
30375	2077
30375	26973
30376	1389
30376	5973
30376	18794
30377	1402
30377	5532
30377	27571
30378	1567
30378	1041
30378	27455
30379	3207
30379	23476
30379	27434
30380	178
30380	711
30380	1475
30381	3474
30381	4514
30381	19550
30382	810
30382	8906
30382	12259
30383	2654
30383	365
30383	26839
30384	8729
30384	15946
30384	22225
30385	13829
30385	8463
30385	15443
30386	747
30386	16608
30386	19714
30387	2618
30387	4260
30387	23665
30388	145
30388	1000
30388	23242
30389	3500
30389	25608
30389	27586
30390	5067
30390	20320
30390	27549
30391	1577
30391	3290
30391	21483
30392	3229
30392	3259
30392	20428
30393	3228
30393	3233
30393	3242
30394	27040
30395	1428
30395	18824
30395	25491
30396	679
30396	11801
30396	11802
30397	848
30397	1184
30397	19942
30398	21134
30398	25197
30398	26401
30399	8847
30400	3725
30400	6085
30400	12700
30401	2701
30401	1466
30401	6249
30402	27
30402	1313
30402	14691
30403	10497
30403	19999
30403	25549
30404	12431
30404	12428
30404	24190
30405	2443
30405	22311
30405	27529
30406	1423
30406	18913
30406	24129
30407	6597
30407	20601
30407	25414
30408	6617
30408	6620
30408	6631
30409	9743
30409	9360
30409	26283
30410	1445
30410	4690
30410	2710
30411	2320
30411	3073
30411	25801
30412	10843
30412	15727
30412	15728
30413	330
30413	1925
30413	19961
30414	6269
30414	3940
30414	21434
30415	11710
30415	4793
30415	12012
30416	18931
30416	19226
30416	22810
30417	16127
30417	16128
30417	20890
30418	2268
30418	2278
30418	2889
30419	20289
30419	24239
30419	25037
30420	588
30420	8546
30420	26451
30421	21094
30421	23089
30421	26511
30422	19737
30422	20116
30422	24707
30423	5422
30423	5255
30423	9426
30424	13482
30424	9897
30424	22336
30425	2362
30425	1856
30425	8955
30426	1479
30426	639
30426	13895
30427	19822
30427	26604
30428	3367
30428	27854
30429	3414
30429	6044
30430	3147
30430	5079
30431	14522
30431	26366
30432	403
30432	1090
30433	5403
30433	3879
30434	4741
30434	5144
30435	15250
30435	16235
30436	3263
30436	11732
30437	1409
30437	5204
30438	13122
30438	23196
30439	4903
30439	6074
30440	19664
30440	24143
30441	4271
30441	23530
30442	19494
30442	21421
30443	4230
30443	4274
30444	1744
30444	11839
30445	3138
30445	4123
30446	10681
30446	23024
30447	12132
30447	27693
30448	11897
30448	24268
30449	1087
30449	2472
30450	5784
30450	19629
30451	2128
30451	2186
30452	2078
30452	11796
30453	2038
30453	2041
30454	19033
30454	20354
30455	1166
30455	12810
30456	696
30456	22219
30457	3245
30457	20843
30458	7396
30458	10063
30459	70
30459	2403
30460	1725
30460	27314
30461	8116
30461	6121
30462	1751
30462	13019
30463	3133
30463	27246
30464	1399
30464	3286
30465	6525
30465	25895
30466	12561
30466	12564
30467	956
30467	27936
30468	2814
30468	27914
30469	3520
30469	13655
30470	25370
30470	27568
30471	11132
30471	21704
30472	11348
30472	27404
30473	10043
30473	410
30474	6638
30474	26094
30475	1732
30475	22359
30476	1991
30476	27414
30477	1519
30477	19953
30478	5238
30478	5604
30479	1996
30479	3487
30480	12764
30480	12264
30481	6608
30481	22039
30482	6594
30482	27398
30483	1399
30483	2873
30484	1445
30484	3766
30485	2583
30485	22317
30486	18906
30486	19057
30487	4035
30487	4036
30488	4284
30488	4277
30489	2520
30489	622
30490	2398
30490	5628
30491	3352
30491	26056
30492	7925
30492	11711
30493	2618
30493	24149
30494	3209
30494	4249
30495	7927
30495	8787
30496	4060
30496	5223
30497	4772
30497	4778
30498	1573
30498	26358
30499	5272
30499	27252
30500	2702
30500	4333
30501	17028
30501	22184
30502	4848
30502	6037
30503	4092
30503	11551
30504	3611
30504	8380
30505	806
30505	910
30506	1169
30506	13675
30507	2334
30507	5050
30508	7607
30508	21994
30509	2097
30509	24524
30510	5904
30510	6824
30511	2416
30511	699
30512	25174
30512	25869
30513	5604
30513	5618
30514	2852
30514	6831
30515	6679
30515	21893
30516	7610
30516	10596
30517	4848
30517	3611
30518	9276
30518	24509
30519	5645
30519	15818
30520	13768
30520	21027
30521	3588
30521	4387
30522	327
30522	26808
30523	24125
30523	24190
30524	5534
30524	18873
30525	8631
30525	20753
30526	10529
30526	22318
30527	8325
30527	27643
30528	9411
30528	3649
30529	267
30529	27878
30530	6991
30530	4506
30531	6041
30531	4224
30532	11270
30532	27631
30533	4172
30533	1884
30534	493
30534	27665
30535	3108
30535	27330
30536	15322
30536	12125
30537	11832
30537	15200
30538	9447
30538	5583
30539	4877
30539	7592
30540	25
30540	20122
30541	2423
30541	12975
30542	7708
30542	11660
30543	7279
30543	24194
30544	6851
30544	484
30545	4280
30545	7833
30546	3082
30546	14340
30547	8119
30547	227
30548	7239
30548	10358
30549	7350
30549	3385
30550	14550
30550	14552
30551	9622
30551	27851
30552	4679
30552	8444
30553	4279
30553	621
30554	2310
30554	15271
30555	5259
30555	23007
30556	1317
30556	19625
30557	2761
30557	12787
30558	2541
30558	27691
30559	11846
30559	27682
30560	7695
30560	22284
30561	393
30561	24157
30562	11047
30562	11071
30563	17094
30563	14724
30564	3548
30564	3565
30565	10026
30565	24401
30566	11606
30566	10066
30567	400
30567	3751
30568	10708
30568	26126
30569	13687
30569	14613
30570	0
30570	23589
30571	5359
30571	13805
30572	6121
30572	13378
30573	12528
30573	27129
30574	8296
30574	2788
30575	7707
30575	11381
30576	10984
30576	26603
30577	8625
30577	11024
30578	11174
30578	21826
30579	11236
30579	14775
30580	12565
30580	7895
30581	16345
30581	17358
30582	2130
30582	8924
30583	8118
30583	11998
30584	12060
30584	12069
30585	5119
30585	23146
30586	12459
30586	12460
30587	7341
30587	6827
30588	16782
30588	16784
30589	13255
30589	26441
30590	10776
30590	15253
30591	7829
30591	6424
30592	2830
30592	13075
30593	512
30593	26433
30594	11878
30594	23803
30595	2411
30595	27837
30596	13653
30596	21993
30597	5641
30597	5869
30598	2062
30598	5185
30599	4847
30599	14527
30600	16082
30600	16086
30601	8076
30601	14568
30602	14616
30602	26213
30603	899
30603	14664
30604	345
30604	15957
30605	11972
30605	25824
30606	1825
30606	13924
30607	6178
30607	19144
30608	8094
30608	13075
30609	253
30609	483
30610	11151
30610	16192
30611	13189
30611	16357
30612	10337
30612	16986
30613	17361
30613	17364
30614	16159
30614	17980
30615	9227
30615	19050
30616	21735
30616	25831
30617	723
30617	132
30618	1315
30618	2347
30619	3999
30619	6185
30620	5892
30620	15593
30621	792
30621	20705
30622	808
30622	27610
30623	40
30623	1714
30624	6441
30624	5274
30625	1726
30625	1735
30626	2013
30626	19601
30627	8234
30627	5413
30628	51
30628	840
30629	7424
30629	22731
30630	13738
30630	26148
30631	10366
30631	20890
30632	152
30632	26284
30633	2119
30633	4395
30634	9841
30634	15684
30635	11997
30635	9371
30636	1392
30636	26516
30637	3903
30637	20682
30638	6632
30638	6636
30639	5995
30639	6255
30640	7059
30640	7194
30641	1786
30641	2130
30642	2019
30642	21391
30643	12067
30643	12077
30644	1629
30644	19613
30645	11109
30645	19807
30646	19764
30646	26419
30647	389
30647	587
30648	148
30648	145
30649	2743
30649	3905
30650	11138
30650	11163
30651	1772
30651	14205
30652	3509
30652	26297
30653	6432
30653	15081
30654	1446
30654	7370
30655	8897
30655	23577
30656	7083
30656	12625
30657	17175
30657	17180
30658	11098
30658	12963
30659	3646
30659	9693
30660	20893
30660	26079
30661	17179
30661	17178
30662	2048
30662	26417
30663	10895
30663	10952
30664	155
30664	4356
30665	1679
30665	26710
30666	6216
30666	2682
30667	6
30667	1433
30668	2380
30668	3479
30669	13548
30669	8574
30670	2741
30670	14746
30671	4216
30671	836
30672	5708
30672	5710
30673	11132
30673	452
30674	2491
30674	24295
30675	126
30675	779
30676	1773
30676	5347
30677	8618
30677	19190
30678	3099
30678	26456
30679	2206
30679	1084
30680	6868
30680	22056
30681	2333
30681	13234
30682	6787
30682	23591
30683	1441
30683	23542
30684	19031
30684	19255
30685	12009
30685	14622
30686	12677
30686	23768
30687	5192
30687	24661
30688	4823
30688	8750
30689	7158
30689	27360
30690	9001
30690	11730
30691	14694
30691	15805
30692	12899
30692	24112
30693	12172
30693	12174
30694	10129
30694	13448
30695	584
30695	25542
30696	89
30696	20198
30697	21178
30697	24946
30698	20712
30698	25056
30699	1836
30699	23652
30700	9827
30700	26254
30701	10248
30701	10250
30702	2072
30702	4897
30703	4898
30703	19386
30704	1585
30704	20196
30705	9248
30705	24419
30706	113
30706	4408
30707	6363
30707	19333
30708	12871
30708	12875
30709	15018
30709	15019
30710	11345
30710	11346
30711	7170
30711	24166
30712	20922
30712	23692
30713	10037
30713	10038
30714	13504
30714	13513
30715	18916
30715	20472
30716	17305
30716	17307
30717	1581
30717	4300
30718	1636
30718	1018
30719	8777
30719	8906
30720	3020
30720	25221
30721	2400
30721	13445
30722	12398
30722	21037
30723	19375
30723	20079
30724	8155
30724	8161
30725	13240
30725	13245
30726	705
30726	2723
30727	1379
30727	3585
30728	1564
30728	27255
30729	534
30729	20339
30730	2908
30730	192
30731	19588
30731	25785
30732	872
30732	19256
30733	706
30733	3050
30734	10852
30734	11672
30735	15023
30735	15022
30736	727
30736	27090
30737	1329
30737	19477
30738	18986
30738	20856
30739	48
30739	104
30740	10171
30740	10186
30741	222
30741	10632
30742	4898
30742	24876
30743	4346
30743	9674
30744	720
30744	20847
30745	4681
30745	25530
30746	38
30746	23517
30747	3735
30747	6869
30748	400
30748	26118
30749	19880
30749	26886
30750	9700
30750	26249
30751	8243
30751	20651
30752	829
30752	25330
30753	5098
30753	24397
30754	6833
30754	6839
30755	1903
30755	21275
30756	1474
30756	20660
30757	132
30757	23473
30758	5651
30758	27953
30759	4376
30759	4543
30760	19104
30760	25825
30761	2552
30761	20102
30762	390
30762	25331
30763	631
30763	11173
30764	198
30764	814
30765	8628
30765	9442
30766	11116
30766	10165
30767	13893
30767	9669
30768	3197
30768	4366
30769	4003
30769	7709
30770	11848
30770	11860
30771	5550
30771	18886
30772	4565
30772	4566
30773	18364
30773	18366
30774	16827
30774	16828
30775	2233
30775	21473
30776	8460
30776	27097
30777	4205
30777	20278
30778	10086
30778	789
30779	3499
30779	4826
30780	7698
30780	8340
30781	7459
30781	5719
30782	12768
30782	14373
30783	1179
30783	26046
30784	3368
30784	12680
30785	394
30785	5678
30786	14902
30786	14903
30787	798
30787	20364
30788	3254
30788	16303
30789	679
30789	5069
30790	3495
30790	3503
30791	1383
30791	25459
30792	4709
30792	6356
30793	957
30793	3169
30794	6393
30794	20397
30795	2536
30795	23573
30796	104
30796	901
30797	870
30797	19511
30798	649
30798	6090
30799	7266
30799	22570
30800	606
30800	25212
30801	12979
30801	13935
30802	4202
30802	8222
30803	13934
30803	13936
30804	511
30804	18873
30805	501
30805	19928
30806	385
30806	19638
30807	7134
30807	19109
30808	16094
30808	23279
30809	8116
30809	7231
30810	5961
30810	25029
30811	1277
30811	8454
30812	6536
30812	23638
30813	395
30813	19189
30814	5781
30814	9369
30815	6349
30815	9368
30816	5973
30816	23005
30817	245
30817	3574
30818	4222
30818	20961
30819	403
30819	21355
30820	5040
30820	14988
30821	1686
30821	20122
30822	13482
30822	23189
30823	3467
30823	3478
30824	19890
30824	26263
30825	429
30825	2716
30826	8745
30826	27613
30827	337
30827	2240
30828	5672
30828	20387
30829	1699
30829	13807
30830	13026
30830	20668
30831	2253
30831	26871
30832	8761
30832	6336
30833	1109
30833	10880
30834	53
30834	1908
30835	22614
30835	26925
30836	20156
30836	21259
30837	9429
30837	22685
30838	7549
30838	7565
30839	20105
30839	25993
30840	2038
30840	26287
30841	1815
30841	23896
30842	7392
30842	20000
30843	716
30843	10640
30844	1324
30844	238
30845	1453
30845	20753
30846	1923
30846	1936
30847	101
30847	27865
30848	15959
30848	25275
30849	6158
30849	27995
30850	153
30850	25531
30851	190
30851	25229
30852	3641
30852	24418
30853	4181
30853	23598
30854	4427
30854	7478
30855	2268
30855	1437
30856	24986
30856	26316
30857	14181
30857	24587
30858	3515
30858	3516
30859	153
30859	10512
30860	275
30860	23473
30861	10850
30861	24359
30862	8384
30862	7326
30863	19148
30863	21382
30864	451
30864	6081
30865	18989
30865	19824
30866	6358
30866	3286
30867	1880
30867	24399
30868	994
30868	6664
30869	3112
30869	3113
30870	4912
30870	2643
30871	1381
30871	1920
30872	162
30872	27937
30873	15658
30873	12910
30874	2723
30874	5516
30875	1423
30875	27016
30876	9608
30876	12808
30877	9305
30877	20429
30878	1333
30878	23825
30879	13572
30879	15621
30880	13605
30880	13608
30881	1381
30881	19303
30882	1955
30882	19098
30883	1807
30883	11114
30884	5982
30884	27961
30885	4838
30885	3459
30886	12286
30886	6562
30887	898
30887	1244
30888	67
30888	2245
30889	7615
30889	7617
30890	24922
30890	27243
30891	585
30891	25188
30892	17336
30892	17610
30893	1641
30893	26282
30894	18077
30894	18078
30895	5307
30895	26346
30896	4753
30896	24397
30897	5607
30897	5635
30898	757
30898	21080
30899	772
30899	725
30900	10210
30900	16771
30901	11061
30901	11253
30902	12597
30902	16673
30903	6939
30903	17338
30904	2614
30904	6840
30905	1233
30905	10596
30906	8170
30906	15991
30907	16719
30907	15023
30908	8255
30908	9492
30909	5755
30909	20198
30910	3068
30910	19254
30911	794
30911	3288
30912	5363
30912	1939
30913	21520
30913	27077
30914	17751
30914	17753
30915	2628
30915	510
30916	2797
30916	8800
30917	8139
30917	21220
30918	655
30918	23746
30919	5355
30919	25803
30920	4842
30920	14723
30921	17341
30921	17342
30922	15499
30922	17482
30923	1112
30923	24641
30924	15905
30924	17011
30925	3209
30925	3976
30926	5609
30926	5638
30927	5200
30927	19048
30928	19145
30928	27813
30929	22624
30929	27662
30930	748
30930	6407
30931	2584
30931	7337
30932	3182
30932	23665
30933	520
30933	21257
30934	11798
30934	9264
30935	5313
30935	5328
30936	3921
30936	6046
30937	5920
30937	5552
30938	10737
30938	10768
30939	7091
30939	12980
30940	7013
30940	27856
30941	5619
30941	27195
30942	747
30942	2846
30943	7009
30943	26116
30944	25126
30944	25853
30945	7092
30945	7094
30946	2745
30946	26217
30947	11085
30947	3302
30948	12358
30948	12360
30949	9848
30949	27312
30950	509
30950	18814
30951	2920
30951	24267
30952	1064
30952	10673
30953	16811
30953	25167
30954	1539
30954	14138
30955	601
30955	26765
30956	6405
30956	346
30957	2281
30957	2269
30958	6577
30958	26132
30959	10773
30959	25948
30960	3835
30960	25223
30961	2899
30961	1497
30962	6930
30962	11932
30963	14858
30963	13462
30964	8806
30964	15702
30965	202
30965	23168
30966	9243
30966	1464
30967	15037
30967	25976
30968	503
30968	10524
30969	673
30969	6108
30970	4174
30970	2528
30971	428
30971	1919
30972	19371
30972	20180
30973	4226
30973	19661
30974	4701
30974	4725
30975	4916
30975	8069
30976	2061
30976	4854
30977	2631
30977	21006
30978	10348
30978	26281
30979	702
30979	2060
30980	19740
30980	20527
30981	1561
30981	8801
30982	1671
30982	26683
30983	19371
30983	25248
30984	2070
30984	6293
30985	6300
30985	6324
30986	2084
30986	23717
30987	1127
30987	1243
30988	11955
30988	23721
30989	1006
30989	26782
30990	5441
30990	25535
30991	2285
30991	6446
30992	2846
30992	2836
30993	1758
30993	12142
30994	10942
30994	10949
30995	12944
30995	12945
30996	10696
30996	10694
30997	705
30997	26997
30998	2801
30998	25967
30999	1387
30999	9240
31000	2429
31000	11931
31001	20565
31001	26974
31002	1474
31002	24582
31003	10195
31003	22775
31004	5864
31004	5782
31005	19188
31005	26027
31006	8766
31006	23662
31007	1196
31007	19001
31008	13766
31008	13946
31009	135
31009	23225
31010	19797
31010	20534
31011	12913
31011	12910
31012	20100
31012	20930
31013	18828
31013	19262
31014	3333
31014	2326
31015	1561
31015	21074
31016	1371
31016	6149
31017	2833
31017	8588
31018	4018
31018	4023
31019	1963
31019	14004
31020	6138
31020	26246
31021	2232
31021	26028
31022	363
31022	26032
31023	24345
31023	27174
31024	25385
31024	26705
31025	249
31025	20205
31026	151
31026	18892
31027	10733
31027	26147
31028	8394
31028	8395
31029	788
31029	24155
31030	1068
31030	7341
31031	2723
31031	3944
31032	2906
31032	2950
31033	3669
31033	27659
31034	4966
31034	20381
31035	9819
31035	27491
31036	388
31036	21257
31037	6467
31037	2365
31038	11950
31038	24312
31039	9544
31039	23222
31040	6596
31040	14346
31041	1071
31041	1233
31042	7259
31042	5127
31043	697
31043	4852
31044	14119
31044	14121
31045	1324
31045	2381
31046	9296
31046	15709
31047	4378
31047	1940
31048	2280
31048	12605
31049	1404
31049	8041
31050	741
31050	1187
31051	5485
31051	10975
31052	12051
31052	27523
31053	3135
31053	26461
31054	10943
31054	10953
31055	7209
31055	10385
31056	1836
31056	8632
31057	7615
31057	9149
31058	636
31058	7200
31059	12860
31059	27702
31060	10936
31060	10940
31061	15768
31061	15769
31062	7195
31062	13554
31063	846
31063	102
31064	386
31064	27797
31065	13884
31065	13889
31066	135
31066	19846
31067	5135
31067	19313
31068	945
31068	26311
31069	6052
31069	19642
31070	1729
31070	15371
31071	10687
31071	6827
31072	25452
31072	27737
31073	13268
31073	23797
31074	15810
31074	27762
31075	18030
31075	18032
31076	19952
31076	26894
31077	8741
31077	26440
31078	13195
31078	13197
31079	20558
31079	23199
31080	3774
31080	6330
31081	3784
31081	23170
31082	3362
31082	26291
31083	1382
31083	24353
31084	866
31084	19219
31085	2455
31085	6483
31086	19780
31086	27327
31087	15286
31087	23650
31088	9857
31088	25552
31089	2807
31089	19149
31090	2631
31090	5677
31091	7163
31091	7166
31092	24447
31092	27757
31093	9622
31093	864
31094	24664
31094	27196
31095	1155
31095	19262
31096	23716
31096	25861
31097	3748
31097	5847
31098	3977
31098	21034
31099	5707
31099	5715
31100	2000
31100	1552
31101	12657
31101	1475
31102	158
31102	11227
31103	19890
31103	20705
31104	7188
31104	12841
31105	7203
31105	26075
31106	2795
31106	8863
31107	18776
31107	19780
31108	2787
31108	1861
31109	3541
31109	20045
31110	2779
31110	13844
31111	6120
31111	10968
31112	363
31112	1631
31113	4150
31113	4161
31114	695
31114	19163
31115	924
31115	23767
31116	10388
31116	23757
31117	25772
31117	25923
31118	572
31118	21110
31119	1063
31119	12801
31120	19759
31120	20045
31121	5233
31121	19426
31122	1700
31122	4478
31123	141
31123	2585
31124	14633
31124	14626
31125	3667
31125	666
31126	4327
31126	18774
31127	3209
31127	8117
31128	3890
31128	26174
31129	15233
31129	15299
31130	9535
31130	9538
31131	12553
31131	15804
31132	4083
31132	24655
31133	686
31133	5829
31134	963
31134	978
31135	981
31135	988
31136	9485
31136	27667
31137	15274
31137	27548
31138	6443
31138	24222
31139	1380
31139	20639
31140	1156
31140	25201
31141	18779
31141	18793
31142	4893
31142	20365
31143	100
31143	20015
31144	2656
31144	342
31145	19785
31145	20339
31146	10781
31146	10785
31147	6488
31147	7199
31148	12714
31148	8519
31149	19256
31149	20465
31150	5738
31150	2763
31151	5621
31151	3692
31152	362
31152	20243
31153	738
31153	1794
31154	4496
31154	3233
31155	204
31155	762
31156	5371
31156	24357
31157	13218
31157	13219
31158	9603
31158	9388
31159	4007
31159	7875
31160	2579
31160	28122
31161	2043
31161	13455
31162	5112
31162	9286
31163	362
31163	848
31164	40
31164	26250
31165	23580
31165	27261
31166	8590
31166	11097
31167	2296
31167	20120
31168	1769
31168	27867
31169	953
31169	956
31170	894
31170	27862
31171	543
31171	180
31172	420
31172	428
31173	20751
31173	23728
31174	6610
31174	26319
31175	11831
31175	21024
31176	1382
31176	25172
31177	10678
31177	27630
31178	3337
31178	19774
31179	3533
31179	20984
31180	12060
31180	12075
31181	5977
31181	12120
31182	2436
31182	2441
31183	2
31183	19149
31184	6904
31184	24120
31185	2520
31185	24949
31186	10748
31186	26611
31187	6128
31187	20677
31188	2937
31188	5595
31189	785
31189	24348
31190	6335
31190	6160
31191	3345
31191	20438
31192	5873
31192	5288
31193	20019
31193	27082
31194	679
31194	4544
31195	8923
31195	24161
31196	18993
31196	21188
31197	270
31197	5892
31198	1849
31198	27211
31199	25988
31199	27813
31200	1166
31200	2443
31201	6668
31201	20195
31202	25071
31202	27462
31203	9867
31203	21619
31204	4617
31204	7861
31205	13804
31205	23789
31206	11962
31206	11964
31207	4169
31207	8060
31208	1506
31208	1496
31209	1094
31209	1106
31210	4170
31210	8151
31211	8504
31211	14813
31212	7817
31212	11044
31213	9228
31213	21633
31214	3686
31214	3711
31215	5969
31215	15994
31216	7281
31216	13195
31217	12145
31217	12703
31218	13704
31218	1179
31219	1401
31219	23707
31220	128
31220	18877
31221	1464
31221	3361
31222	0
31222	39
31223	1088
31223	831
31224	26313
31224	26821
31225	6740
31225	6742
31226	679
31226	2429
31227	7272
31227	7276
31228	43
31228	254
31229	1840
31229	19804
31230	256
31230	9622
31231	1088
31231	1871
31232	3132
31232	19377
31233	7616
31233	20437
31234	18775
31234	20955
31235	3273
31235	673
31236	21298
31236	24322
31237	4704
31237	27123
31238	632
31238	24159
31239	20277
31239	20593
31240	2576
31240	4151
31241	2384
31241	4123
31242	8938
31242	6914
31243	3345
31243	23770
31244	1567
31244	18778
31245	3804
31245	25195
31246	4156
31246	25079
31247	15389
31247	14181
31248	605
31248	26305
31249	3550
31249	3572
31250	5425
31250	7604
31251	2254
31251	20856
31252	4882
31252	9862
31253	6611
31253	397
31254	13261
31254	26802
31255	327
31255	1125
31256	125
31256	811
31257	5173
31257	3290
31258	10172
31258	26436
31259	4390
31259	8300
31260	3800
31260	19705
31261	99
31261	1532
31262	28
31262	9409
31263	3058
31263	5205
31264	3270
31264	27994
31265	1755
31265	26788
31266	2012
31266	25242
31267	2633
31267	3865
31268	7624
31268	6254
31269	12151
31269	15393
31270	504
31270	3361
31271	17
31271	205
31272	9195
31272	26658
31273	1002
31273	21160
31274	886
31274	2643
31275	249
31275	4827
31276	9306
31276	12881
31277	24526
31277	25076
31278	331
31278	26151
31279	18895
31279	26929
31280	11805
31280	20817
31281	12480
31281	12485
31282	5545
31282	19665
31283	19067
31283	19202
31284	1065
31284	18930
31285	1155
31285	19623
31286	529
31286	18819
31287	12482
31287	25096
31288	2116
31288	21616
31289	102
31289	20806
31290	5178
31290	9254
31291	19262
31291	21082
31292	11881
31292	11884
31293	5369
31293	9712
31294	1255
31294	18855
31295	6375
31295	10892
31296	11048
31296	11052
31297	3178
31297	27155
31298	611
31298	5362
31299	278
31299	2649
31300	1388
31300	7577
31301	3406
31301	3411
31302	5567
31302	26215
31303	10182
31303	26065
31304	6771
31304	25048
31305	2737
31305	26342
31306	6736
31306	26095
31307	1599
31307	24238
31308	7306
31308	24250
31309	854
31309	3882
31310	2032
31310	816
31311	3054
31311	3091
31312	7572
31312	7401
31313	2880
31313	2886
31314	4197
31314	26183
31315	429
31315	3862
31316	9310
31316	9315
31317	10630
31317	24897
31318	10625
31318	10627
31319	983
31319	25276
31320	6404
31320	15284
31321	2641
31321	27248
31322	1182
31322	15799
31323	16458
31323	16460
31324	5237
31324	3555
31325	2384
31325	3657
31326	0
31326	843
31327	991
31327	27092
31328	1344
31328	249
31329	3993
31329	5482
31330	7346
31330	26384
31331	2013
31331	19528
31332	2813
31332	2816
31333	11058
31333	11060
31334	839
31334	915
31335	1887
31335	7394
31336	20392
31336	26155
31337	10040
31337	10043
31338	5
31338	19385
31339	3908
31339	5146
31340	3862
31340	10512
31341	728
31341	302
31342	5724
31342	12657
31343	3574
31343	113
31344	13669
31344	13668
31345	3268
31345	2664
31346	886
31346	20178
31347	7628
31347	27356
31348	5589
31348	27365
31349	8385
31349	8386
31350	5216
31350	13667
31351	10541
31351	10543
31352	9632
31352	10610
31353	1511
31353	3193
31354	11052
31354	11059
31355	113
31355	19051
31356	4877
31356	7553
31357	7499
31357	3084
31358	7883
31358	21209
31359	13109
31359	13114
31360	5640
31360	14654
31361	12177
31361	12178
31362	17147
31362	17151
31363	825
31363	530
31364	13619
31364	6359
31365	6317
31365	27221
31366	12380
31366	21537
31367	2110
31367	27149
31368	8630
31368	25039
31369	7037
31369	16499
31370	16801
31370	16803
31371	20186
31371	26853
31372	13543
31372	24515
31373	4238
31373	14320
31374	8959
31374	20882
31375	15220
31375	15221
31376	13775
31376	13776
31377	16126
31377	27546
31378	1244
31378	12102
31379	9678
31379	11094
31380	16537
31380	16538
31381	9868
31381	9700
31382	2605
31382	6908
31383	6791
31383	6793
31384	12335
31384	12426
31385	853
31385	6357
31386	1118
31386	19401
31387	16606
31387	20003
31388	4295
31388	21412
31389	3209
31389	20848
31390	504
31390	262
31391	169
31391	11106
31392	57
31392	1991
31393	2310
31393	24429
31394	1717
31394	10819
31395	2579
31395	2538
31396	1675
31396	26924
31397	6787
31397	6325
31398	367
31398	1440
31399	11954
31399	11956
31400	110
31400	25855
31401	346
31401	13558
31402	5716
31402	27296
31403	1559
31403	27111
31404	2454
31404	1360
31405	354
31405	2305
31406	1379
31406	18993
31407	13123
31407	13124
31408	17376
31408	26526
31409	839
31409	26385
31410	11673
31410	3302
31411	6407
31411	3040
31412	15916
31412	25146
31413	19098
31413	21268
31414	21434
31414	27554
31415	974
31415	20536
31416	6527
31416	8040
31417	10236
31417	28215
31418	3114
31418	994
31419	1619
31419	8980
31420	7636
31420	19895
31421	1181
31421	19720
31422	2845
31422	11083
31423	6901
31423	11839
31424	2070
31424	25122
31425	14624
31425	20143
31426	321
31426	2814
31427	4257
31427	26367
31428	8942
31428	8943
31429	1689
31429	19780
31430	12716
31430	12714
31431	9088
31431	19050
31432	1393
31432	1578
31433	7282
31433	7285
31434	4819
31434	21261
31435	3751
31435	3757
31436	12341
31436	12344
31437	5014
31437	2430
31438	4488
31438	25809
31439	19807
31439	26262
31440	362
31440	943
31441	1181
31441	19584
31442	1268
31442	27122
31443	25125
31443	25249
31444	2052
31444	1840
31445	18933
31445	18973
31446	728
31446	26306
31447	5009
31447	5046
31448	3171
31448	8069
31449	1455
31449	26824
31450	35
31450	93
31451	7571
31451	21459
31452	4235
31452	7719
31453	25206
31453	26560
31454	2820
31454	19559
31455	1889
31455	26363
31456	25
31456	398
31457	1849
31457	117
31458	578
31458	2447
31459	18917
31459	25412
31460	6511
31460	18947
31461	65
31461	18779
31462	16098
31462	16103
31463	1111
31463	261
31464	20156
31464	20977
31465	3138
31465	8540
31466	4817
31466	24976
31467	6106
31467	25366
31468	19711
31468	21509
31469	5755
31469	18869
31470	5963
31470	12905
31471	12281
31471	20223
31472	1046
31472	27245
31473	2771
31473	26376
31474	19404
31474	25126
31475	9663
31475	27816
31476	3055
31476	19758
31477	19130
31477	20120
31478	3309
31478	5360
31479	144
31479	2723
31480	407
31480	19233
31481	17142
31481	17144
31482	6859
31482	13865
31483	13976
31483	25290
31484	1675
31484	18773
31485	11102
31485	27165
31486	1032
31486	1047
31487	7139
31487	19103
31488	9662
31488	27377
31489	2898
31489	1070
31490	1808
31490	3505
31491	5128
31491	7794
31492	1613
31492	25849
31493	4035
31493	4615
31494	6054
31494	5790
31495	3252
31495	27476
31496	1045
31496	10546
31497	1705
31497	3384
31498	720
31498	692
31499	14018
31499	26068
31500	6231
31500	15628
31501	8913
31501	8914
31502	5735
31502	7005
31503	3610
31503	3612
31504	853
31504	854
31505	4244
31505	4228
31506	6332
31506	27197
31507	4425
31507	4586
31508	9926
31508	769
31509	12052
31509	25177
31510	3957
31510	2576
31511	4005
31511	7877
31512	4856
31512	27182
31513	8288
31513	8290
31514	3963
31514	6327
31515	253
31515	2345
31516	4134
31516	14523
31517	14228
31517	14223
31518	9140
31518	12782
31519	2427
31519	26517
31520	4792
31520	19634
31521	4258
31521	4250
31522	290
31522	7527
31523	52
31523	1882
31524	4504
31524	4090
31525	3972
31525	26002
31526	4643
31526	4650
31527	1351
31527	2653
31528	12977
31528	26289
31529	11329
31529	11333
31530	8966
31530	27892
31531	25074
31531	28177
31532	1321
31532	26197
31533	2052
31533	1599
31534	14230
31534	14232
31535	6914
31535	8954
31536	4242
31536	6465
31537	6398
31537	6393
31538	5941
31538	12161
31539	5592
31539	10842
31540	3692
31540	15247
31541	10004
31541	20595
31542	5582
31542	14245
31543	1220
31543	26463
31544	6417
31544	26466
31545	5377
31545	27148
31546	12798
31546	15579
31547	1916
31547	6973
31548	5825
31548	10106
31549	6138
31549	8150
31550	5019
31550	12086
31551	7359
31551	4392
31552	3009
31552	19582
31553	102
31553	328
31554	13989
31554	9229
31555	254
31555	282
31556	613
31556	19095
31557	3371
31557	15419
31558	5165
31558	20506
31559	15492
31559	16227
31560	18786
31560	27445
31561	6519
31561	12164
31562	1429
31562	20834
31563	417
31563	18932
31564	9308
31564	25252
31565	12901
31565	12902
31566	679
31566	1779
31567	1887
31567	10023
31568	13205
31568	26124
31569	5545
31569	3417
31570	6619
31570	14286
31571	228
31571	3502
31572	16417
31572	28278
31573	16167
31573	27972
31574	20721
31574	25218
31575	12349
31575	27428
31576	2816
31576	9886
31577	12362
31577	21653
31578	13317
31578	8438
31579	16217
31579	27629
31580	154
31580	696
31581	2744
31581	27710
31582	1251
31582	1121
31583	5261
31583	19193
31584	141
31584	188
31585	1389
31585	5379
31586	26173
31586	28276
31587	4305
31587	4328
31588	3287
31588	6138
31589	15332
31589	15333
31590	144
31590	300
31591	418
31591	3030
31592	6712
31592	26415
31593	18776
31593	18944
31594	15382
31594	13679
31595	5539
31595	25403
31596	3667
31596	21521
31597	7888
31597	9567
31598	5834
31598	5840
31599	2654
31599	19212
31600	1684
31600	20656
31601	724
31601	27679
31602	40
31602	1724
31603	2631
31603	1472
31604	4891
31604	19616
31605	5138
31605	5154
31606	5882
31606	12821
31607	10298
31607	19309
31608	1984
31608	3593
31609	19740
31609	19835
31610	454
31610	20798
31611	18938
31611	27558
31612	610
31612	15834
31613	21559
31613	25270
31614	2129
31614	2193
31615	6537
31615	7420
31616	5447
31616	5449
31617	4243
31617	6402
31618	348
31618	5586
31619	3767
31619	1446
31620	834
31620	157
31621	9678
31621	12627
31622	6438
31622	4795
31623	19571
31623	19732
31624	7342
31624	21156
31625	2054
31625	3860
31626	19094
31626	27176
31627	8824
31627	26067
31628	5087
31628	4712
31629	14495
31629	14492
31630	510
31630	1416
31631	20666
31631	26475
31632	8149
31632	26084
31633	8220
31633	26308
31634	14757
31634	21311
31635	7170
31635	7171
31636	11945
31636	14173
31637	17
31637	766
31638	3882
31638	3122
31639	7001
31639	16027
31640	777
31640	755
31641	20112
31641	25373
31642	271
31642	26879
31643	34
31643	605
31644	840
31644	2665
31645	6379
31645	25302
31646	18850
31646	21138
31647	5998
31647	27976
31648	36
31648	1780
31649	7502
31649	27225
31650	1084
31650	27940
31651	19880
31651	26237
31652	1905
31652	1915
31653	1042
31653	1686
31654	2602
31654	11256
31655	25310
31655	26489
31656	6075
31656	1022
31657	10625
31657	26139
31658	19028
31658	21070
31659	99
31659	5130
31660	7292
31660	16641
31661	344
31661	5467
31662	12877
31662	12878
31663	20111
31663	27596
31664	12079
31664	12087
31665	619
31665	620
31666	3518
31666	27574
31667	25934
31667	27597
31668	7046
31668	7155
31669	6721
31669	9943
31670	2931
31670	2927
31671	943
31671	19687
31672	521
31672	8500
31673	29
31673	1466
31674	3766
31674	628
31675	3059
31675	11323
31676	8809
31676	20910
31677	6725
31677	19684
31678	1389
31678	19298
31679	25400
31679	26636
31680	26271
31680	28030
31681	18827
31681	18852
31682	1824
31682	19433
31683	2524
31683	2527
31684	659
31684	657
31685	362
31685	21335
31686	13316
31686	3361
31687	1262
31687	10174
31688	636
31688	3765
31689	418
31689	834
31690	3078
31690	14231
31691	7822
31691	28320
31692	1006
31692	2582
31693	5487
31693	2426
31694	9619
31694	27201
31695	1943
31695	1961
31696	15275
31696	15277
31697	5363
31697	12173
31698	7652
31698	21373
31699	1562
31699	4589
31700	10776
31700	26617
31701	19784
31701	27998
31702	4382
31702	20377
31703	207
31703	25360
31704	1688
31704	27941
31705	3883
31705	27957
31706	1333
31706	3889
31707	849
31707	20135
31708	1377
31708	9999
31709	10167
31709	4524
31710	696
31710	3202
31711	18869
31711	19619
31712	4908
31712	5550
31713	8089
31713	20610
31714	1261
31714	1610
31715	3211
31715	4607
31716	10072
31716	27179
31717	12056
31717	927
31718	9287
31718	9288
31719	11832
31719	11830
31720	22011
31720	26389
31721	9358
31721	26657
31722	20817
31722	21252
31723	871
31723	20460
31724	15614
31724	8532
31725	18788
31725	20073
31726	17070
31726	17071
31727	2726
31727	26340
31728	8243
31728	9708
31729	2723
31729	20109
31730	1532
31730	7170
31731	7076
31731	7077
31732	1429
31732	18876
31733	6495
31733	18956
31734	19212
31734	20313
31735	1139
31735	18860
31736	12396
31736	26442
31737	5879
31737	6630
31738	7293
31738	26877
31739	3160
31739	21499
31740	2111
31740	1751
31741	1735
31741	12036
31742	16674
31742	16675
31743	8772
31743	12202
31744	1393
31744	18798
31745	15386
31745	13731
31746	1428
31746	11085
31747	5666
31747	3518
31748	10391
31748	10404
31749	5081
31749	2384
31750	6145
31750	6153
31751	65
31751	18785
31752	861
31752	741
31753	9925
31753	21087
31754	23264
31754	26512
31755	11118
31755	20829
31756	3238
31756	12624
31757	1725
31757	2547
31758	7291
31758	9397
31759	10446
31759	10449
31760	11840
31760	6770
31761	8820
31761	8824
31762	1733
31762	5712
31763	14504
31763	28006
31764	3200
31764	7704
31765	7505
31765	6668
31766	2438
31766	2446
31767	3905
31767	7355
31768	6209
31768	6197
31769	3129
31769	21309
31770	6346
31770	5449
31771	12259
31771	9703
31772	5944
31772	14831
31773	442
31773	456
31774	691
31774	1206
31775	6729
31775	5679
31776	4723
31776	6181
31777	6871
31777	19850
31778	853
31778	8552
31779	895
31779	930
31780	454
31780	389
31781	6336
31781	9329
31782	7228
31782	27483
31783	1794
31783	26383
31784	4188
31784	4235
31785	144
31785	20821
31786	19638
31786	21151
31787	6549
31787	26072
31788	11847
31788	27250
31789	5459
31789	26653
31790	1703
31790	26493
31791	4717
31791	15421
31792	6559
31792	627
31793	2943
31793	27527
31794	3286
31794	19822
31795	3404
31795	26465
31796	1871
31796	10780
31797	270
31797	28220
31798	1356
31798	636
31799	20864
31799	26659
31800	3704
31800	27216
31801	11636
31801	17059
31802	2380
31802	2396
31803	327
31803	13648
31804	15134
31804	15135
31805	712
31805	775
31806	3373
31806	8310
31807	6373
31807	26506
31808	934
31808	8825
31809	10522
31809	16810
31810	17729
31810	17731
31811	403
31811	6533
31812	3243
31812	9042
31813	1821
31813	12452
31814	5529
31814	6565
31815	14837
31815	14839
31816	10643
31816	15111
31817	3400
31817	12356
31818	7542
31818	8640
31819	10512
31819	5725
31820	3879
31820	6311
31821	5184
31821	4437
31822	14729
31822	21354
31823	7254
31823	1735
31824	477
31824	20383
31825	7370
31825	15607
31826	746
31826	2429
31827	7257
31827	21353
31828	3553
31828	11808
31829	13529
31829	15822
31830	1635
31830	9648
31831	4571
31831	1956
31832	8198
31832	26697
31833	10760
31833	28298
31834	730
31834	3785
31835	1970
31835	26615
31836	10188
31836	10189
31837	3923
31837	11181
31838	11913
31838	15793
31839	8609
31839	8617
31840	3525
31840	1633
31841	12327
31841	27769
31842	9761
31842	13164
31843	12316
31843	18968
31844	2000
31844	405
31845	327
31845	20314
31846	2735
31846	5433
31847	7817
31847	11046
31848	874
31848	16664
31849	21469
31849	26252
31850	2771
31850	9229
31851	17653
31851	17655
31852	2780
31852	20560
31853	7309
31853	26557
31854	10129
31854	10131
31855	1587
31855	4994
31856	640
31856	660
31857	17283
31857	17285
31858	2975
31858	13879
31859	415
31859	1082
31860	3564
31860	8606
31861	6209
31861	5081
31862	1601
31862	13538
31863	6338
31863	21069
31864	650
31864	19515
31865	6948
31865	26505
31866	339
31866	346
31867	20009
31867	21278
31868	20673
31868	28465
31869	8281
31869	3565
31870	4811
31870	21221
31871	22041
31871	26634
31872	2572
31872	21470
31873	172
31873	26716
31874	100
31874	1762
31875	7211
31875	7220
31876	26502
31876	28282
31877	10421
31877	27844
31878	99
31878	20957
31879	837
31879	19884
31880	13096
31880	13097
31881	239
31881	21137
31882	8547
31882	8571
31883	5666
31883	10185
31884	5262
31884	26535
31885	2638
31885	21152
31886	12398
31886	12393
31887	4243
31887	13922
31888	544
31888	725
31889	767
31889	20269
31890	6595
31890	12499
31891	1033
31891	456
31892	9321
31892	14726
31893	1607
31893	3269
31894	13707
31894	28327
31895	5368
31895	28045
31896	6011
31896	27926
31897	1750
31897	1762
31898	1035
31898	27899
31899	2267
31899	20105
31900	3068
31900	27749
31901	739
31901	3785
31902	582
31902	26523
31903	34
31903	1274
31904	19947
31904	27925
31905	13737
31905	6556
31906	766
31906	206
31907	24121
31907	26515
31908	7330
31908	26729
31909	10969
31909	8607
31910	11142
31910	1452
31911	19093
31911	26670
31912	3329
31912	19768
31913	1435
31913	5898
31914	6585
31914	14433
31915	1869
31915	7091
31916	8455
31916	8466
31917	9762
31917	19144
31918	11205
31918	26488
31919	12833
31919	26543
31920	2539
31920	19064
31921	1376
31921	21366
31922	842
31922	3417
31923	1069
31923	19367
31924	13307
31924	20059
31925	5813
31925	19192
31926	6651
31926	26687
31927	26566
31927	28427
31928	15447
31928	15450
31929	735
31929	20219
31930	12832
31930	26564
31931	202
31931	19027
31932	1576
31932	27958
31933	1054
31933	1060
31934	2674
31934	7433
31935	370
31935	13453
31936	184
31936	432
31937	4302
31937	7289
31938	16041
31938	16046
31939	504
31939	2783
31940	1832
31940	2654
31941	20161
31941	27727
31942	10359
31942	15160
31943	21225
31943	21441
31944	21004
31944	21656
31945	15051
31945	26643
31946	19060
31946	26656
31947	4891
31947	19313
31948	1228
31948	18787
31949	18966
31949	21282
31950	3783
31950	20054
31951	15239
31951	13520
31952	156
31952	19036
31953	2353
31953	21602
31954	19996
31954	27888
31955	20116
31955	27988
31956	992
31956	993
31957	8112
31957	8113
31958	733
31958	5452
31959	18925
31959	19741
31960	2341
31960	2352
31961	15601
31961	15602
31962	4415
31962	20024
31963	3865
31963	9221
31964	310
31964	28496
31965	2077
31965	28446
31966	1634
31966	20239
31967	4656
31967	4655
31968	14702
31968	14709
31969	19838
31969	28459
31970	2763
31970	26752
31971	101
31971	10468
31972	4970
31972	10797
31973	1709
31973	840
31974	21095
31974	21290
31975	8361
31975	19330
31976	1727
31976	28092
31977	7514
31977	26756
31978	21242
31978	21482
31979	5352
31979	20784
31980	19715
31980	21011
31981	6259
31981	26754
31982	1418
31982	6922
31983	11798
31983	12269
31984	83
31984	1693
31985	1314
31985	4227
31986	2545
31986	2566
31987	2766
31987	28180
31988	18791
31988	27967
31989	6086
31989	3379
31990	5349
31990	18886
31991	1652
31991	19329
31992	173
31992	20081
31993	6992
31993	20610
31994	20103
31994	27895
31995	4008
31995	3084
31996	1121
31996	19598
31997	373
31997	20922
31998	2901
31998	27468
31999	4903
31999	3405
32000	5319
32000	5329
32001	15360
32001	15361
32002	278
32002	288
32003	9260
32003	9261
32004	5101
32004	19271
32005	5371
32005	8611
32006	894
32006	18821
32007	4504
32007	4398
32008	15028
32008	10506
32009	13537
32009	13146
32010	4792
32010	4791
32011	16562
32011	16563
32012	7937
32012	7965
32013	4755
32013	18969
32014	3195
32014	9472
32015	3550
32015	19174
32016	20693
32016	21109
32017	21233
32017	21449
32018	4413
32018	19128
32019	20422
32019	21269
32020	6461
32020	6462
32021	9892
32021	9895
32022	18852
32022	19065
32023	9513
32023	21308
32024	20905
32024	21451
32025	852
32025	5554
32026	18772
32026	19807
32027	1294
32027	28198
32028	5850
32028	18943
32029	3018
32029	20341
32030	1393
32030	2358
32031	1067
32031	1837
32032	20008
32032	20074
32033	16328
32033	16330
32034	144
32034	27705
32035	8343
32035	1649
32036	2000
32036	3664
32037	12
32037	2207
32038	20663
32038	21564
32039	10515
32039	10528
32040	18104
32040	21245
32041	6561
32041	6808
32042	19005
32042	20345
32043	883
32043	20617
32044	17235
32044	17237
32045	994
32045	19420
32046	4729
32046	15428
32047	1944
32047	19169
32048	14939
32048	14940
32049	21096
32049	21558
32050	1343
32050	2775
32051	1947
32051	4507
32052	12305
32052	12306
32053	12869
32053	14244
32054	13960
32054	13961
32055	21259
32055	28075
32056	3700
32056	21152
32057	2283
32057	6380
32058	6387
32058	6384
32059	1376
32059	1473
32060	3093
32060	7311
32061	12
32061	432
32062	5524
32062	19095
32063	12286
32063	12292
32064	9929
32064	12679
32065	117
32065	19163
32066	1750
32066	8326
32067	3211
32067	20184
32068	14037
32068	1892
32069	7859
32069	7864
32070	13939
32070	14020
32071	7824
32071	27641
32072	132
32072	1975
32073	18823
32073	18867
32074	19829
32074	21217
32075	5082
32075	18866
32076	2591
32076	3582
32077	1579
32077	7404
32078	2129
32078	1472
32079	539
32079	6742
32080	362
32080	11085
32081	5362
32081	28464
32082	5271
32082	20853
32083	5619
32083	27562
32084	4496
32084	4528
32085	794
32085	20707
32086	5087
32086	8821
32087	19286
32087	19839
32088	14333
32088	14335
32089	1429
32089	510
32090	75
32090	143
32091	63
32091	1665
32092	3589
32092	3592
32093	497
32093	498
32094	4712
32094	4616
32095	4721
32095	1346
32096	9876
32096	28348
32097	19781
32097	28374
32098	8794
32098	20611
32099	2557
32099	6197
32100	19004
32100	27443
32101	11738
32101	14355
32102	5573
32102	6453
32103	3078
32103	19810
32104	7138
32104	6488
32105	9539
32105	8129
32106	10669
32106	11636
32107	8755
32107	20741
32108	1997
32108	6976
32109	5271
32109	599
32110	2013
32110	18942
32111	10214
32111	10217
32112	1980
32112	2858
32113	9922
32113	9925
32114	493
32114	4310
32115	971
32115	5755
32116	1393
32116	20072
32117	1568
32117	2797
32118	2370
32118	20261
32119	13084
32119	13615
32120	19723
32120	20980
32121	8399
32121	20619
32122	9039
32122	1349
32123	429
32123	20834
32124	2643
32124	18801
32125	858
32125	5218
32126	6495
32126	19103
32127	6213
32127	6212
32128	6727
32128	19476
32129	9806
32129	9809
32130	2194
32130	21473
32131	10633
32131	10634
32132	3665
32132	5855
32133	784
32133	822
32134	8452
32134	9890
32135	2578
32135	18899
32136	3209
32136	140
32137	1914
32137	5649
32138	4581
32138	10251
32139	770
32139	9879
32140	389
32140	20798
32141	5612
32141	12337
32142	12232
32142	12235
32143	897
32143	5839
32144	783
32144	19050
32145	2052
32145	6910
32146	2722
32146	3403
32147	5088
32147	8879
32148	10873
32148	12740
32149	220
32149	241
32150	2581
32150	1416
32151	1330
32151	19323
32152	5223
32152	12522
32153	14041
32153	19420
32154	13816
32154	16658
32155	656
32155	536
32156	1335
32156	13797
32157	4284
32157	8011
32158	7341
32158	9892
32159	11997
32159	12003
32160	1107
32160	717
32161	862
32161	1540
32162	1307
32162	4422
32163	1106
32163	1242
32164	14400
32164	14401
32165	1013
32165	21584
32166	234
32166	3459
32167	5107
32167	10076
32168	8868
32168	8869
32169	934
32169	1501
32170	943
32170	18898
32171	10732
32171	13263
32172	145
32172	2923
32173	13482
32173	13484
32174	2759
32174	5430
32175	146
32175	764
32176	1944
32176	21343
32177	17327
32177	17331
32178	487
32178	9419
32179	12019
32179	7037
32180	19946
32180	20222
32181	3866
32181	20013
32182	12378
32182	16066
32183	6692
32183	12031
32184	7091
32184	15938
32185	12627
32185	817
32186	2902
32186	10134
32187	11833
32187	17563
32188	2078
32188	18789
32189	6492
32189	5048
32190	7647
32190	18843
32191	11146
32191	11158
32192	6466
32192	11070
32193	17999
32193	28118
32194	17433
32194	17436
32195	17514
32195	17518
32196	16887
32196	17914
32197	1311
32197	8535
32198	9032
32198	18810
32199	3293
32199	19712
32200	425
32200	19310
32201	21054
32201	27808
32202	2130
32202	28273
32203	1727
32203	6556
32204	1601
32204	8508
32205	672
32205	438
32206	3634
32206	20719
32207	2479
32207	20171
32208	54
32208	19255
32209	18393
32209	18396
32210	16084
32210	19683
32211	9696
32211	9697
32212	4190
32212	20804
32213	327
32213	2764
32214	266
32214	1416
32215	72
32215	646
32216	1074
32216	21585
32217	19706
32217	20526
32218	1307
32218	4187
32219	681
32219	28363
32220	13265
32220	20668
32221	4720
32221	4737
32222	2118
32222	9093
32223	17761
32223	17763
32224	1824
32224	115
32225	516
32225	684
32226	4802
32226	4731
32227	777
32227	9593
32228	5175
32228	27919
32229	4802
32229	18786
32230	687
32230	19784
32231	64
32231	2159
32232	902
32232	19240
32233	6456
32233	10040
32234	695
32234	8747
32235	5357
32235	13380
32236	10462
32236	28421
32237	1356
32237	1744
32238	1959
32238	20469
32239	9887
32239	9879
32240	325
32240	340
32241	4
32241	215
32242	3508
32242	3507
32243	9637
32243	19124
32244	8151
32244	12978
32245	8837
32245	8843
32246	42
32246	1761
32247	153
32247	9621
32248	22244
32248	28557
32249	2556
32249	5440
32250	6380
32250	1625
32251	6897
32251	2076
32252	4696
32252	6227
32253	10406
32253	28297
32254	3075
32254	19234
32255	4484
32255	4485
32256	6692
32256	3300
32257	5541
32257	6634
32258	6272
32258	5858
32259	8089
32259	6048
32260	4208
32260	4247
32261	1416
32261	21467
32262	1293
32262	1276
32263	1299
32263	1304
32264	698
32264	19167
32265	5231
32265	28333
32266	202
32266	18858
32267	6011
32267	13544
32268	13542
32268	5982
32269	12285
32269	15627
32270	6675
32270	6677
32271	3077
32271	20045
32272	10106
32272	10109
32273	9142
32273	9144
32274	18722
32274	18721
32275	9115
32275	28444
32276	7505
32276	4731
32277	17987
32277	28338
32278	140
32278	205
32279	9589
32279	8916
32280	4803
32280	275
32281	17852
32281	17854
32282	5924
32282	5927
32283	2992
32283	19890
32284	13728
32284	13727
32285	11938
32285	12213
32286	437
32286	28474
32287	806
32287	10460
32288	4324
32288	4608
32289	5704
32289	20390
32290	5188
32290	5190
32291	867
32291	20620
32292	9376
32292	9377
32293	9373
32293	9375
32294	7034
32294	7035
32295	4134
32295	7330
32296	1749
32296	13199
32297	12689
32297	28299
32298	3863
32298	3861
32299	697
32299	20573
32300	4281
32300	28555
32301	22
32301	269
32302	4165
32302	4177
32303	7709
32303	4610
32304	4555
32304	4501
32305	7513
32305	12606
32306	5599
32306	20334
32307	182
32307	979
32308	1363
32308	999
32309	3652
32309	2647
32310	10818
32310	10877
32311	500
32311	19719
32312	6734
32312	7309
32313	14921
32313	14924
32314	16062
32314	16063
32315	1333
32315	1031
32316	3719
32316	21661
32317	8057
32317	10454
32318	8627
32318	20497
32319	2003
32319	3692
32320	16077
32320	16078
32321	7130
32321	7128
32322	368
32322	1155
32323	741
32323	1254
32324	3702
32324	3714
32325	6961
32325	21203
32326	2839
32326	19438
32327	11141
32327	11159
32328	4483
32328	10339
32329	2349
32329	7788
32330	6564
32330	6571
32331	5264
32331	5354
32332	56
32332	1932
32333	3283
32333	11189
32334	5185
32334	15785
32335	21246
32335	21456
32336	6284
32336	6288
32337	7370
32337	19606
32338	4823
32338	28605
32339	2783
32339	3730
32340	1115
32340	5362
32341	1877
32341	24980
32342	29
32342	20086
32343	4291
32343	28541
32344	683
32344	685
32345	2439
32345	2840
32346	764
32346	20240
32347	1128
32347	10376
32348	773
32348	18858
32349	9282
32349	20458
32350	10937
32350	28571
32351	501
32351	13871
32352	844
32352	28577
32353	144
32353	18993
32354	13287
32354	13288
32355	13240
32355	13244
32356	17114
32356	17115
32357	2375
32357	10213
32358	10261
32358	10264
32359	8442
32359	8188
32360	4822
32360	14405
32361	15220
32361	17112
32362	13823
32362	13824
32363	2627
32363	13373
32364	253
32364	3976
32365	398
32365	28596
32366	3288
32366	8649
32367	11484
32367	11485
32368	6815
32368	10478
32369	29
32369	1458
32370	18835
32370	18845
32371	5275
32371	19596
32372	4851
32372	10090
32373	12265
32373	28592
32374	16896
32374	28622
32375	275
32375	6545
32376	1403
32376	6550
32377	1268
32377	5011
32378	18809
32378	20499
32379	19427
32379	20363
32380	2664
32380	28623
32381	5042
32381	13212
32382	4599
32382	2243
32383	19377
32383	20020
32384	2220
32384	4537
32385	16774
32385	16777
32386	1954
32386	15235
32387	8989
32387	19655
32388	4321
32388	4330
32389	12321
32389	21318
32390	2211
32390	8953
32391	8135
32391	6388
32392	3881
32392	6291
32393	1191
32393	21491
32394	15100
32394	14085
32395	580
32395	459
32396	9702
32396	10422
32397	15935
32397	15936
32398	9195
32398	12858
32399	3652
32399	3767
32400	2963
32400	21407
32401	110
32401	19243
32402	5097
32402	7355
32403	8792
32403	8793
32404	3646
32404	19020
32405	150
32405	1641
32406	755
32406	1670
32407	1218
32407	5610
32408	298
32408	18976
32409	6266
32409	6268
32410	6625
32410	815
32411	16704
32411	16706
32412	1889
32412	19979
32413	5541
32413	3010
32414	10871
32414	10875
32415	3347
32415	1391
32416	1812
32416	12763
32417	838
32417	4754
32418	4152
32418	10184
32419	1629
32419	6963
32420	4850
32420	9411
32421	11845
32421	11847
32422	3098
32422	2868
32423	537
32423	19338
32424	9016
32424	19655
32425	1920
32425	2616
32426	5724
32426	5744
32427	3548
32427	19369
32428	2325
32428	19691
32429	1233
32429	20566
32430	10008
32430	10009
32431	2706
32431	3170
32432	1727
32432	20977
32433	3123
32433	20882
32434	21326
32434	21554
32435	19171
32435	20269
32436	8560
32436	20001
32437	7248
32437	7249
32438	9282
32438	15073
32439	21
32439	19737
32440	4371
32440	4379
32441	11427
32441	20851
32442	11735
32442	16000
32443	634
32443	6164
32444	740
32444	21299
32445	2744
32445	5506
32446	8634
32446	20769
32447	8748
32447	19850
32448	5236
32448	10960
32449	7185
32449	21323
32450	4585
32450	1853
32451	3581
32451	19974
32452	12243
32452	12240
32453	3579
32453	19930
32454	16118
32454	16119
32455	20929
32455	21484
32456	9374
32456	20565
32457	7330
32457	8815
32458	8262
32458	19194
32459	8973
32459	9336
32460	14739
32460	14740
32461	20910
32461	21433
32462	19680
32462	20185
32463	14397
32463	20960
32464	21423
32464	21644
32465	20928
32465	21490
32466	9092
32466	19797
32467	21083
32467	21607
32468	854
32468	21397
32469	6155
32469	21521
32470	7918
32470	6938
32471	8052
32471	19874
32472	18792
32472	20315
32473	15760
32473	20755
32474	12609
32474	12616
32475	15296
32475	20893
32476	20094
32476	21338
32477	11570
32477	20760
32478	18915
32478	20485
32479	10295
32479	19008
32480	21240
32480	21454
32481	18975
32481	20088
32482	21202
32482	21415
32483	19993
32483	21270
32484	7050
32484	21206
32485	550
32485	21403
32486	19133
32486	20483
32487	1921
32487	5520
32488	1992
32488	3407
32489	3333
32489	21295
32490	2672
32490	20582
32491	7952
32491	20171
32492	8020
32492	19874
32493	4489
32493	20350
32494	19791
32494	20097
32495	9955
32495	19775
32496	16753
32496	21050
32497	18777
32497	21148
32498	1088
32498	12378
32499	13738
32499	10643
32500	5896
32500	9730
32501	8421
32501	8429
32502	5418
32502	14239
32503	17200
32503	19902
32504	9751
32504	9385
32505	3269
32505	1894
32506	16441
32506	16443
32507	850
32507	19966
32508	4892
32508	5252
32509	9720
32509	15848
32510	11525
32510	11526
32511	850
32511	1850
32512	7308
32512	323
32513	1505
32513	10521
32514	3652
32514	2798
32515	451
32515	3151
32516	2212
32516	20835
32517	1066
32517	2257
32518	15911
32518	15913
32519	1076
32519	3270
32520	1769
32520	14150
32521	15348
32521	15349
32522	5101
32522	21633
32523	12295
32523	21179
32524	13621
32524	13626
32525	5598
32525	5601
32526	5024
32526	21329
32527	5163
32527	19313
32528	14426
32528	21539
32529	16100
32529	16433
32530	4851
32530	20618
32531	145
32531	21335
32532	14114
32532	14115
32533	16764
32533	16765
32534	15215
32534	21064
32535	155
32535	20018
32536	8522
32536	539
32537	1967
32537	20469
32538	15907
32538	15908
32539	257
32539	3733
32540	10811
32540	19251
32541	5485
32541	19479
32542	370
32542	21110
32543	17574
32543	17575
32544	16755
32544	16756
32545	655
32545	8621
32546	716
32546	7466
32547	17403
32547	17408
32548	1218
32548	2824
32549	8185
32549	642
32550	1984
32550	3071
32551	11372
32551	20640
32552	74
32552	2423
32553	1804
32553	1847
32554	10896
32554	10897
32555	4306
32555	9674
32556	4965
32556	6847
32557	6175
32557	2812
32558	8858
32558	11269
32559	9499
32559	21459
32560	5438
32560	4743
32561	1567
32561	6553
32562	1950
32562	1952
32563	1713
32563	9484
32564	3884
32564	20273
32565	38
32565	1672
32566	2802
32566	3486
32567	5789
32567	20624
32568	1725
32568	2578
32569	484
32569	7964
32570	1982
32570	3078
32571	3593
32571	19014
32572	2254
32572	2246
32573	642
32573	6483
32574	18907
32574	19952
32575	11066
32575	11067
32576	611
32576	6154
32577	3357
32577	20022
32578	432
32578	6876
32579	5463
32579	19516
32580	5087
32580	1968
32581	7387
32581	6158
32582	1019
32582	5730
32583	3773
32583	20023
32584	278
32584	393
32585	1828
32585	3806
32586	226
32586	234
32587	5724
32587	8974
32588	1753
32588	3189
32589	2943
32589	4768
32590	7337
32590	20368
32591	8912
32591	7413
32592	1919
32592	4722
32593	837
32593	3261
32594	7256
32594	7261
32595	1401
32595	9036
32596	1939
32596	5646
32597	15599
32597	15600
32598	6892
32598	13440
32599	1850
32599	19551
32600	5125
32600	5128
32601	12845
32601	12848
32602	3430
32602	9259
32603	1705
32603	2395
32604	5592
32604	5663
32605	6476
32605	6480
32606	737
32606	14056
32607	8969
32607	8975
32608	1004
32608	19933
32609	10070
32609	10069
32610	3066
32610	719
32611	1310
32611	2282
32612	1306
32612	1324
32613	495
32613	6744
32614	1256
32614	2721
32615	9962
32615	9964
32616	6412
32616	1600
32617	12190
32617	12195
32618	15015
32618	15974
32619	1380
32619	3062
32620	7388
32620	7398
32621	7327
32621	21382
32622	10157
32622	10159
32623	3408
32623	19963
32624	5383
32624	20594
32625	2052
32625	2094
32626	12246
32626	7305
32627	14295
32627	20003
32628	1592
32628	21274
32629	8144
32629	6933
32630	6189
32630	11920
32631	13967
32631	13970
32632	16007
32632	16010
32633	12519
32633	13116
32634	999
32634	5635
32635	10118
32635	10125
32636	15054
32636	15055
32637	1259
32637	1176
32638	4932
32638	21252
32639	394
32639	2426
32640	6446
32640	14382
32641	9743
32641	9870
32642	4908
32642	6409
32643	766
32643	6169
32644	4617
32644	7862
32645	2042
32645	6766
32646	5914
32646	21030
32647	14197
32647	14199
32648	7377
32648	7332
32649	7114
32649	7126
32650	8973
32650	6914
32651	5097
32651	5912
32652	7465
32652	7467
32653	17005
32653	17008
32654	12824
32654	12038
32655	12
32655	20041
32656	7434
32656	7435
32657	1831
32657	19592
32658	8519
32658	10485
32659	14579
32659	20439
32660	8611
32660	20238
32661	12877
32661	16462
32662	17123
32662	17124
32663	14769
32663	14768
32664	12155
32664	12158
32665	16263
32665	16264
32666	10810
32666	15158
32667	1674
32667	19179
32668	10209
32668	16686
32669	11893
32669	11894
32670	2783
32670	2518
32671	10514
32671	9608
32672	11916
32672	11917
32673	2320
32673	19856
32674	19689
32674	20422
32675	20666
32675	21571
32676	14705
32676	14708
32677	11479
32677	16534
32678	210
32678	1377
32679	11695
32679	20994
32680	4434
32680	19645
32681	9861
32681	20036
32682	2027
32682	2028
32683	2031
32683	2035
32684	13487
32684	20889
32685	12734
32685	20090
32686	103
32686	1580
32687	1570
32687	21284
32688	1615
32688	21471
32689	18907
32689	18962
32690	16451
32690	16452
32691	8555
32691	6404
32692	7576
32692	7578
32693	18871
32693	20391
32694	6019
32694	14512
32695	1324
32695	1319
32696	17605
32696	17612
32697	9958
32697	19216
32698	7507
32698	19809
32699	101
32699	10821
32700	7342
32700	13203
32701	5391
32701	12865
32702	277
32702	6089
32703	13989
32703	5380
32704	426
32704	20906
32705	2963
32705	19873
32706	3367
32706	4701
32707	4343
32707	1866
32708	12098
32708	12099
32709	1956
32709	1967
32710	1712
32710	3118
32711	10336
32711	14295
32712	3751
32712	11257
32713	6619
32713	15582
32714	2039
32714	13992
32715	4466
32715	5042
32716	4101
32716	20626
32717	11966
32717	11969
32718	934
32718	4858
32719	5294
32719	8141
32720	4271
32720	4272
32721	5612
32721	12361
32722	10896
32722	3203
32723	5164
32723	5157
32724	869
32724	18872
32725	15060
32725	9049
32726	10440
32726	10623
32727	5436
32727	8496
32728	12291
32728	12297
32729	17186
32729	17189
32730	3555
32730	3569
32731	1449
32731	1007
32732	13706
32732	19934
32733	940
32733	926
32734	4882
32734	6974
32735	11707
32735	11708
32736	1387
32736	1453
32737	8033
32737	8036
32738	13587
32738	13588
32739	1593
32739	6217
32740	2788
32740	12575
32741	12009
32741	10140
32742	1263
32742	19549
32743	501
32743	2745
32744	4665
32744	2825
32745	6443
32745	12039
32746	12380
32746	13861
32747	144
32747	3436
32748	6881
32748	8884
32749	20
32749	71
32750	5956
32750	5041
32751	7003
32751	7328
32752	12050
32752	3884
32753	11952
32753	11953
32754	11957
32754	10194
32755	2846
32755	6805
32756	14259
32756	21037
32757	19198
32757	20361
32758	3272
32758	1750
32759	2336
32759	4626
32760	14748
32760	14749
32761	12491
32761	12495
32762	3040
32762	1517
32763	6708
32763	6713
32764	2133
32764	818
32765	1320
32765	2691
32766	14061
32766	14064
32767	820
32767	10409
32768	11706
32768	10196
32769	1292
32769	1282
32770	2926
32770	11479
32771	406
32771	21510
32772	5816
32772	6115
32773	15730
32773	21645
32774	7963
32774	8449
32775	7070
32775	14600
32776	6233
32776	15549
32777	6527
32777	21506
32778	2807
32778	20935
32779	4913
32779	4916
32780	10224
32780	10227
32781	9976
32781	2944
32782	15144
32782	20118
32783	21163
32783	21627
32784	8537
32784	12230
32785	11885
32785	11889
32786	19264
32786	19504
32787	2930
32787	19865
32788	2344
32788	2636
32789	20064
32789	21277
32790	6355
32790	20721
32791	983
32791	591
32792	14457
32792	19460
32793	13689
32793	13690
32794	5963
32794	21027
32795	17220
32795	17223
32796	1735
32796	8773
32797	1499
32797	11446
32798	2592
32798	18886
32799	580
32799	18793
32800	6460
32800	3949
32801	6112
32801	9667
32802	5826
32802	20656
32803	3145
32803	2285
32804	16880
32804	2792
32805	21
32805	431
32806	11531
32806	11532
32807	7515
32807	18947
32808	8949
32808	8936
32809	72
32809	2415
32810	4117
32810	4121
32811	2261
32811	11150
32812	8575
32812	1517
32813	38
32813	426
32814	12269
32814	12271
32815	19781
32815	20806
32816	9452
32816	9454
32817	11796
32817	6310
32818	11687
32818	11693
32819	2380
32819	10362
32820	4805
32820	11967
32821	4523
32821	2648
32822	4511
32822	11664
32823	8530
32823	8531
32824	11765
32824	15650
32825	9205
32825	19296
32826	8490
32826	406
32827	720
32827	6799
32828	6187
32828	15455
32829	19617
32829	20679
32830	6538
32830	9582
32831	4882
32831	2879
32832	809
32832	19633
32833	7689
32833	7697
32834	4798
32834	4799
32835	6231
32835	209
32836	10177
32836	10180
32837	9432
32837	21179
32838	4344
32838	6133
32839	8899
32839	8900
32840	19684
32840	21463
32841	1435
32841	1524
32842	21427
32842	21651
32843	15185
32843	20695
32844	4912
32844	7566
32845	9268
32845	8132
32846	17254
32846	17256
32847	17085
32847	17086
32848	12163
32848	12167
32849	16646
32849	16651
32850	9436
32850	9438
32851	57
32851	691
32852	16195
32852	8872
32853	11591
32853	11592
32854	16867
32854	16875
32855	1672
32855	10162
32856	2528
32856	13148
32857	13872
32857	13875
32858	6133
32858	6136
32859	6021
32859	6040
32860	21235
32860	21450
32861	3934
32861	3938
32862	20510
32862	21399
32863	2128
32863	21563
32864	17051
32864	17054
32865	10906
32865	10908
32866	8551
32866	20282
32867	1800
32867	5396
32868	12946
32868	12948
32869	10584
32869	20335
32870	12839
32870	12809
32871	14824
32871	14825
32872	1690
32872	9661
32873	11308
32873	21002
32874	3594
32874	3602
32875	10837
32875	10839
32876	5407
32876	19373
32877	19732
32877	21268
32878	14476
32878	14482
32879	4184
32879	4483
32880	11312
32880	18889
32881	21263
32881	21479
32882	20512
32882	21430
32883	21228
32883	21446
32884	6755
32884	20556
32885	21132
32885	21597
32886	5661
32886	21660
32887	4298
32887	9637
32888	11457
32888	11459
32889	1112
32889	12253
32890	13394
32890	13395
32891	3925
32891	20247
32892	10451
32892	12650
32893	20209
32893	21229
32894	20520
32894	21260
32895	89
32895	3717
32896	12380
32896	10960
32897	1260
32897	1265
32898	10012
32898	19530
32899	19566
32899	21583
32900	19733
32900	21317
32901	10321
32901	20860
32902	21153
32902	21357
32903	6183
32903	20980
32904	1800
32904	1818
32905	2388
32905	20176
32906	12169
32906	14796
32907	710
32907	21628
32908	13410
32908	13427
32909	6694
32909	6696
32910	6286
32910	21402
32911	699
32911	21418
32912	20695
32912	21064
32913	7224
32913	7225
32914	18382
32914	18386
32915	9130
32915	19398
32916	6462
32916	13955
32917	2862
32917	20388
32918	10165
32918	19092
32919	12892
32919	20556
32920	20386
32920	20749
32921	7026
32921	13280
32922	198
32922	21139
32923	1947
32923	4681
32924	14010
32924	14016
32925	1329
32925	3861
32926	9726
32926	9729
32927	11640
32927	11644
32928	12467
32928	12469
32929	18409
32929	18414
32930	8642
32930	11679
32931	6052
32931	20969
32932	2454
32932	21031
32933	6587
32933	6591
32934	5573
32934	20851
32935	10343
32935	14316
32936	13763
32936	13764
32937	10434
32937	20204
32938	3476
32938	20662
32939	5202
32939	19106
32940	6139
32940	6074
32941	8785
32941	8786
32942	15118
32942	15119
32943	11051
32943	1522
32944	747
32944	8500
32945	6017
32945	6033
32946	12
32946	177
32947	4908
32947	5125
32948	218
32948	12354
32949	957
32949	19952
32950	353
32950	4439
32951	7079
32951	7063
32952	4471
32952	4843
32953	64
32953	679
32954	5014
32954	20708
32955	10779
32955	15012
32956	143
32956	850
32957	1495
32957	5856
32958	99
32958	6444
32959	1806
32959	19063
32960	1713
32960	4589
32961	18932
32961	19192
32962	848
32962	8467
32963	762
32963	20331
32964	6994
32964	7010
32965	4898
32965	2914
32966	5885
32966	3083
32967	5833
32967	5841
32968	5773
32968	1434
32969	2961
32969	5125
32970	2548
32970	1527
32971	1725
32971	1785
32972	430
32972	474
32973	698
32973	735
32974	160
32974	19154
32975	468
32975	890
32976	960
32976	19011
32977	161
32977	5391
32978	1636
32978	19999
32979	16570
32979	16572
32980	9773
32980	9774
32981	2483
32981	2491
32982	679
32982	1572
32983	310
32983	2479
32984	3535
32984	404
32985	3283
32985	10486
32986	2580
32986	6244
32987	2660
32987	102
32988	1088
32988	260
32989	1798
32989	1797
32990	122
32990	629
32991	16568
32991	16569
32992	704
32992	1651
32993	5267
32993	688
32994	3508
32994	3490
32995	2928
32995	20194
32996	2968
32996	1675
32997	3288
32997	870
32998	13259
32998	13721
32999	2618
32999	19631
33000	5709
33000	5693
33001	5712
33001	5700
33002	2740
33002	12781
33003	266
33003	15486
33004	2643
33004	341
33005	502
33005	13088
33006	483
33006	2040
33007	10193
33007	9670
33008	6185
33008	9015
33009	3238
33009	3247
33010	344
33010	647
33011	2058
33011	3236
33012	3231
33012	3244
33013	6956
33013	19770
33014	9223
33014	2059
33015	2340
33015	5059
33016	11051
33016	11164
33017	5724
33017	9444
33018	1719
33018	2702
33019	5846
33019	1418
33020	4465
33020	18825
33021	14631
33021	12386
33022	1880
33022	21128
33023	165
33023	21481
33024	3163
33024	13845
33025	3209
33025	6343
33026	2276
33026	2295
33027	3105
33027	19276
33028	226
33028	237
33029	2599
33029	6872
33030	1394
33030	21331
33031	1074
33031	994
33032	282
33032	461
33033	6437
33033	5519
33034	10447
33034	8327
33035	66
33035	67
33036	850
33036	2237
33037	1327
33037	9371
33038	1019
33038	1615
33039	7550
33039	20652
33040	311
33040	3948
33041	1073
33041	3951
33042	1319
33042	3952
33043	410
33043	548
33044	1341
33044	2293
33045	7810
33045	8759
33046	157
33046	457
33047	3552
33047	14458
33048	3217
33048	6251
33049	1536
33049	2278
33050	2906
33050	8520
33051	4657
33051	9489
33052	3704
33052	20092
33053	1244
33053	21145
33054	8223
33054	6561
33055	5350
33055	5833
33056	3854
33056	21069
33057	6610
33057	3801
33058	3097
33058	19810
33059	42
33059	1719
33060	370
33060	645
33061	1068
33061	2332
33062	11565
33062	20368
33063	20478
33063	27869
33064	11719
33064	18851
33065	839
33065	18777
33066	3058
33066	3571
33067	4602
33067	13233
33068	256
33068	870
33069	5429
33069	13206
33070	9502
33070	9503
33071	3959
33071	3971
33072	4225
33072	4239
33073	9655
33073	20673
33074	5197
33074	9846
33075	1117
33075	18797
33076	1594
33076	1572
33077	146
33077	642
33078	1266
33078	2045
33079	3588
33079	19100
33080	1673
33080	19500
33081	643
33081	2180
33082	18746
33082	18747
33083	6988
33083	10289
33084	15571
33084	15574
33085	5995
33085	1328
33086	2013
33086	3645
33087	3105
33087	274
33088	3198
33088	8118
33089	703
33089	5256
33090	4863
33090	10047
33091	3415
33091	3460
33092	2027
33092	5794
33093	14047
33093	14048
33094	1699
33094	14494
33095	12367
33095	12371
33096	321
33096	3492
33097	2608
33097	6185
33098	3507
33098	3523
33099	11055
33099	8590
33100	2020
33100	18793
33101	8
33101	450
33102	1373
33102	1343
33103	13913
33103	13914
33104	2054
33104	9921
33105	1323
33105	1769
33106	4487
33106	19597
33107	4988
33107	8446
33108	74
33108	2425
33109	4230
33109	7745
33110	75
33110	20711
33111	9410
33111	13147
33112	706
33112	3785
33113	878
33113	1037
33114	5541
33114	18881
33115	72
33115	659
33116	3993
33116	27311
33117	2022
33117	7755
33118	7741
33118	4424
33119	4123
33119	5585
33120	7506
33120	7763
33121	222
33121	11545
33122	254
33122	1885
33123	14415
33123	15919
33124	2557
33124	1572
33125	1557
33125	1709
33126	1298
33126	19857
33127	8631
33127	5655
33128	2052
33128	5054
33129	3822
33129	583
33130	7284
33130	20357
33131	1894
33131	1914
33132	3098
33132	5783
33133	15554
33133	15555
33134	19723
33134	20463
33135	6041
33135	6503
33136	15552
33136	15556
33137	8890
33137	8892
33138	1759
33138	2518
33139	9475
33139	9476
33140	13046
33140	13050
33141	5835
33141	5839
33142	6970
33142	6972
33143	10636
33143	10117
33144	4147
33144	4150
33145	2538
33145	3594
33146	1545
33146	2894
33147	5179
33147	18962
33148	3999
33148	3998
33149	1876
33149	29458
33150	6331
33150	9381
33151	6075
33151	5217
33152	1916
33152	1903
33153	1596
33153	5997
33154	1373
33154	3552
33155	2931
33155	2950
33156	8516
33156	27827
33157	2677
33157	6393
33158	1774
33158	1372
33159	6401
33159	6402
33160	7334
33160	21433
33161	11051
33161	11055
33162	1452
33162	5700
33163	1725
33163	19918
33164	3495
33164	5634
33165	1818
33165	2037
33166	572
33166	3407
33167	249
33167	250
33168	195
33168	21151
33169	8762
33169	8763
33170	1445
33170	3195
33171	8731
33171	8733
33172	6770
33172	3666
33173	9322
33173	3952
33174	9496
33174	9497
33175	3969
33175	139
33176	14736
33176	9395
33177	3957
33177	3666
33178	5476
33178	6894
33179	5688
33179	5690
33180	4813
33180	3887
33181	5475
33181	8492
33182	5485
33182	2800
33183	381
33183	371
33184	1748
33184	2624
33185	3007
33185	301
33186	2921
33186	6233
33187	635
33187	1341
33188	6939
33188	6941
33189	6536
33189	7302
33190	372
33190	14142
33191	3053
33191	6860
33192	2657
33192	8813
33193	6355
33193	931
33194	9343
33194	21339
33195	1111
33195	2963
33196	150
33196	363
33197	1635
33197	1688
33198	6675
33198	15535
33199	5200
33199	3163
33200	427
33200	21333
33201	2943
33201	6339
33202	5980
33202	6338
33203	486
33203	1328
33204	14755
33204	885
33205	741
33205	869
33206	1709
33206	18877
33207	157
33207	9678
33208	18970
33208	19081
33209	679
33209	2632
33210	1593
33210	5377
33211	430
33211	19011
33212	1818
33212	5556
33213	1880
33213	19596
33214	14406
33214	15144
33215	6001
33215	5557
33216	1880
33216	2697
33217	15859
33217	15865
33218	16270
33218	16279
33219	6229
33219	11722
33220	6871
33220	2763
33221	424
33221	848
33222	5413
33222	2786
33223	159
33223	26296
33224	119
33224	20269
33225	9686
33225	20312
33226	15453
33226	13584
33227	15129
33227	15131
33228	6615
33228	18791
33229	1112
33229	19017
33230	4908
33230	4769
33231	5674
33231	12646
33232	710
33232	12698
33233	1775
33233	4756
33234	979
33234	642
33235	20405
33235	20855
33236	18873
33236	27962
33237	6785
33237	20934
33238	184
33238	149
33239	1632
33239	19859
33240	1678
33240	6645
33241	16283
33241	9397
33242	424
33242	142
33243	1986
33243	2009
33244	9666
33244	7310
33245	476
33245	2090
33246	3730
33246	4813
33247	645
33247	639
33248	7618
33248	7617
33249	4813
33249	19121
33250	7510
33250	12701
33251	3547
33251	5586
33252	418
33252	151
33253	501
33253	5602
33254	8491
33254	21333
33255	14471
33255	20430
33256	6717
33256	6720
33257	1032
33257	2026
33258	8592
33258	932
33259	5224
33259	3649
33260	2014
33260	2006
33261	2898
33261	2908
33262	9953
33262	1517
33263	1537
33263	8903
33264	5725
33264	1678
33265	1806
33265	2968
33266	12586
33266	12587
33267	13554
33267	14753
33268	7713
33268	7896
33269	4422
33269	9922
33270	7804
33270	12560
33271	10132
33271	21400
33272	1977
33272	2794
33273	1377
33273	1443
33274	913
33274	19286
33275	11137
33275	15193
33276	371
33276	370
33277	19241
33277	19501
33278	3188
33278	19074
33279	7671
33279	7672
33280	2820
33280	6362
33281	12721
33281	12672
33282	1076
33282	501
33283	5108
33283	7960
33284	11009
33284	14045
33285	12618
33285	12619
33286	11260
33286	11265
33287	6980
33287	6982
33288	3935
33288	965
33289	34
33289	806
33290	8537
33290	8699
33291	1979
33292	2842
33292	1038
33293	6138
33293	10604
33294	5581
33294	12042
33295	5471
33295	501
33296	6892
33296	1433
33297	10977
33297	20913
33298	665
33298	21236
33299	14930
33299	14931
33300	10228
33300	27964
33301	10736
33301	20510
33302	10732
33302	7810
33303	3165
33303	10740
33304	1980
33305	1980
33305	2861
33306	13077
33306	13076
33307	11262
33307	11264
33308	144
33308	2716
33309	1882
33309	13666
33310	1356
33310	19952
33311	1399
33311	27357
33312	8609
33312	10610
33313	1399
33313	1065
33314	3887
33314	6658
33315	61
33315	173
33316	2870
33316	20647
33317	10953
33317	10443
33318	262
33318	3679
33319	12014
33319	14052
33320	13730
33320	10066
33321	6084
33321	6085
33322	19611
33322	20660
33323	1326
33323	3475
33324	5592
33324	8990
33325	7324
33325	6528
33326	219
33326	18887
33327	155
33327	1455
33328	6406
33328	5470
33329	4803
33329	3603
33330	4108
33330	5188
33331	1333
33331	21278
33332	1731
33332	14867
33333	8407
33333	11663
33334	10777
33334	10778
33335	18993
33335	20418
33336	10846
33336	21359
33337	997
33337	6560
33338	5368
33338	14886
33339	16258
33339	16259
33340	4439
33340	9247
33341	15317
33341	15318
33342	8861
33342	9857
33343	18841
33343	20081
33344	1025
33344	2428
33345	3159
33345	26293
33346	6577
33346	14408
33347	1113
33347	27910
33348	4356
33348	1634
33349	737
33349	854
33350	5806
33350	27753
33351	207
33351	19106
33352	10211
33352	1527
33353	13614
33353	15801
33354	38
33354	2825
33355	3346
33355	19780
33356	18858
33356	18938
33357	142
33357	582
33358	157
33358	12869
33359	19942
33359	29554
33360	1076
33360	314
33361	3077
33361	20027
33362	3648
33362	5602
33363	327
33363	10078
33364	299
33364	14261
33365	1094
33365	8583
33366	3108
33366	7360
33367	323
33367	1472
33368	4642
33368	9837
33369	11715
33369	3099
33370	594
33370	19134
33371	549
33371	19237
33372	14362
33372	10756
33373	261
33373	274
33374	14268
33374	5590
33375	172
33375	11769
33376	1983
33376	3127
33377	3111
33377	19971
33378	2062
33378	2070
33379	145
33379	19554
33380	1363
33380	14674
33381	6859
33381	15163
33382	850
33382	362
33383	4399
33383	9140
33384	8
33384	473
33385	1946
33385	15657
33386	10200
33386	20002
33387	893
33387	20474
33388	261
33388	289
33389	11128
33389	11129
33390	5267
33390	7572
33391	9718
33391	2046
33392	15423
33392	15424
33393	1984
33393	299
33394	14368
33394	27566
33395	1372
33395	3272
33396	5450
33396	1511
33397	11673
33397	3355
33398	4468
33398	27884
33399	14273
33399	1962
33400	4040
33400	3776
33401	13131
33401	13134
33402	1067
33402	1386
33403	18965
33403	20967
33404	1494
33404	1527
33405	2633
33405	1495
33406	11643
33406	7851
33407	11645
33407	21200
33408	1067
33408	4868
33409	6457
33409	6464
33410	6591
33410	4643
33411	2042
33411	6761
33412	4324
33412	4676
33413	3942
33413	5658
33414	14351
33414	14352
33415	1218
33415	7107
33416	10191
33416	13557
33417	13443
33417	9728
33418	6482
33418	1409
33419	3252
33419	3263
33420	1812
33420	10240
33421	1807
33421	3519
33422	354
33422	789
33423	309
33423	4602
33424	1446
33424	20086
33425	4003
33425	4180
33426	770
33426	6892
33427	786
33427	260
33428	267
33428	16858
33429	402
33429	20369
33430	3420
33430	11094
33431	3450
33431	3458
33432	6668
33432	20251
33433	3450
33433	18905
33434	5740
33434	25999
33435	14606
33435	14609
33436	1318
33436	1343
33437	6477
33437	6481
33438	3287
33438	2058
33439	2561
33439	250
33440	354
33440	2704
33441	1281
33441	13187
33442	679
33442	1437
33443	718
33443	818
33444	4612
33444	19293
33445	1331
33445	19625
33446	1380
33446	4380
33447	4722
33447	21527
33448	4196
33448	4622
33449	261
33449	288
33450	783
33450	500
33451	1021
33451	1030
33452	1705
33452	7350
33453	3383
33453	132
33454	256
33454	6264
33455	5240
33455	14464
33456	250
33456	21517
33457	3414
33457	13893
33458	1339
33458	14669
33459	100
33459	19781
33460	7461
33460	10274
33461	268
33461	1600
33462	221
33462	20605
33463	4252
33463	1685
33464	1162
33464	1281
33465	504
33465	3360
33466	343
33466	10906
33467	3537
33467	16208
33468	3406
33468	7288
33469	27
33469	28
33470	496
33471	12348
33471	12355
33472	1091
33472	2734
33473	559
33473	15249
33474	503
33474	9679
33475	4854
33475	12449
33476	9979
33476	8827
33477	1705
33477	3385
33478	5552
33478	7001
33479	15796
33479	14686
33480	8012
33480	8014
33481	1995
33481	9834
33482	539
33482	3454
33483	19761
33483	21093
33484	4190
33484	20605
33485	12399
33485	13155
33486	322
33486	372
33487	1028
33487	1128
33488	6911
33488	1636
33489	1995
33489	13640
33490	218
33490	21164
33491	1996
33491	19857
33492	1996
33492	3479
33493	3957
33493	3997
33494	721
33494	825
33495	1300
33495	26374
33496	14210
33496	12323
33497	1241
33497	5640
33498	15060
33498	20625
33499	3860
33499	6681
33500	1389
33500	10107
33501	5562
33501	16061
33502	7804
33502	12567
33503	8063
33503	1266
33504	1076
33504	16187
33505	4712
33505	8040
33506	3679
33506	5177
33507	14030
33507	14033
33508	1705
33508	253
33509	12765
33509	12771
33510	9310
33510	6653
33511	1579
33511	2078
33512	2537
33512	20398
33513	295
33513	5177
33514	233
33514	7441
33515	3819
33515	10601
33516	4675
33516	11328
33517	5945
33517	6224
33518	9945
33518	9948
33519	11902
33519	11674
33520	1163
33520	12309
33521	12081
33521	12085
33522	5068
33522	12764
33523	4238
33523	6146
33524	758
33524	20333
33525	14379
33525	10430
33526	2052
33526	20796
33527	135
33527	4295
33528	691
33528	3588
33529	4277
33529	9517
33530	12119
33530	12124
33531	14733
33531	14741
33532	10822
33532	4737
33533	5723
33533	19885
33534	1387
33534	1371
33535	9843
33535	7174
33536	6460
33536	21224
33537	12884
33537	12885
33538	19434
33538	19622
33539	9690
33539	10379
33540	8982
33540	7214
33541	4675
33541	11622
33542	1997
33542	3616
33543	1997
33544	4820
33544	7778
33545	4617
33545	25011
33546	1890
33546	7860
33547	3644
33547	3926
33548	6528
33548	3643
33549	5438
33549	1410
33550	5877
33550	14392
33551	12824
33551	19515
33552	3905
33552	7337
33553	11083
33553	11084
33554	8158
33554	8165
33555	6438
33555	27848
33556	5080
33556	8772
33557	1477
33557	19020
33558	4225
33558	5724
33559	4643
33559	6674
33560	4793
33560	21401
33561	12815
33561	15354
33562	249
33562	233
33563	6023
33563	11224
33564	833
33564	18772
33565	4005
33565	21590
33566	16804
33566	16805
33567	7412
33567	10156
33568	5487
33568	7794
33569	4179
33569	6888
33570	13197
33570	15952
33571	1159
33571	1167
33572	5
33572	21101
33573	89
33573	3713
33574	5865
33574	1528
33575	1218
33575	5235
33576	12262
33576	12261
33577	5677
33577	19478
33578	1486
33578	1671
33579	6273
33579	6655
33580	2062
33580	345
33581	6402
33581	12839
33582	390
33582	20116
33583	95
33583	1487
33584	10870
33584	10328
33585	2002
33585	3726
33586	21421
33586	27916
33587	15753
33587	15754
33588	12196
33588	12197
33589	9655
33589	15326
33590	1299
33590	6883
33591	171
33591	6370
33592	718
33592	19522
33593	12189
33593	18784
33594	3957
33594	3996
33595	5451
33595	12842
33596	755
33596	9644
33597	8745
33597	21151
33598	25053
33599	151
33599	7507
33600	3992
33600	1378
33601	12
33601	539
33602	1127
33602	21086
33603	5480
33603	4654
33604	719
33604	18858
33605	6233
33605	5325
33606	9842
33606	19614
33607	1853
33607	21101
33608	11493
33608	6076
33609	4442
33609	11701
33610	10505
33610	10504
33611	26570
33612	5394
33612	5173
33613	15670
33613	15674
33614	8146
33614	1696
33615	26709
33615	27652
33616	2009
33616	29683
33617	4833
33617	20592
33618	13866
33618	13867
33619	5145
33619	5158
33620	19434
33620	21003
33621	1456
33621	19732
33622	2013
33622	3929
33623	5920
33623	5281
33624	7610
33624	8108
33625	1612
33625	1776
33626	290
33626	100
33627	843
33628	5364
33628	8148
33629	4011
33629	4014
33630	11314
33630	11316
33631	4118
33631	4122
33632	2013
33632	3640
33633	1469
33633	19007
33634	14638
33634	14639
33635	4283
33635	4368
33636	8117
33636	8130
33637	1832
33637	2573
33638	8448
33638	1973
33639	3957
33640	7716
33640	7717
33641	7715
33641	7720
33642	7717
33642	9549
33643	7876
33643	4009
33644	4740
33644	4761
33645	7706
33645	20592
33646	7900
33646	7901
33647	4420
33647	4317
33648	13004
33648	12991
33649	4073
33649	5795
33650	7705
33650	7804
33651	9823
33651	21198
33652	19942
33652	20577
33653	253
33653	4050
33654	1358
33654	15634
33655	1350
33655	1359
33656	220
33656	20201
33657	19126
33657	19657
33658	11553
33658	11556
33659	4269
33659	4270
33660	4177
33660	8099
33661	1884
33661	8075
33662	1884
33662	7817
33663	1556
33663	1918
33664	11652
33664	13248
33665	2050
33665	2584
33666	2576
33667	9198
33667	19021
33668	923
33668	19179
33669	20714
33669	21568
33670	5903
33670	8189
33671	2381
33671	317
33672	5793
33672	6121
33673	679
33673	4220
33674	8365
33674	1180
33675	4277
33675	4196
33676	4203
33676	19082
33677	4003
33677	19925
33678	4213
33678	27923
33679	4199
33679	26183
33680	18906
33680	19410
33681	4509
33681	4531
33682	5611
33682	5620
33683	4449
33683	4453
33684	7047
33684	7162
33685	11844
33685	12141
33686	8644
33686	12145
33687	4561
33687	4255
33688	10299
33688	10300
33689	3209
33689	317
33690	10733
33690	13922
33691	5369
33691	1825
33692	4263
33692	20355
33693	7799
33693	7803
33694	1841
33694	7889
33695	7771
33695	9553
33696	4760
33696	8318
33697	679
33697	4465
33698	12868
33698	20722
33699	1306
33699	3362
33700	9690
33700	18861
33701	696
33701	10467
33702	4272
33702	4284
33703	719
33703	1679
33704	4548
33704	19997
33705	4405
33705	21550
33706	1218
33706	1768
33707	1678
33707	18881
33708	8736
33708	20923
33709	1498
33709	4887
33710	1002
33710	19939
33711	8608
33711	1660
33712	357
33712	600
33713	4077
33713	19078
33714	16105
33714	16107
33715	20384
33715	20530
33716	10080
33716	5164
33717	6
33717	4100
33718	7996
33718	1860
33719	5928
33719	9820
33720	259
33720	3501
33721	10252
33721	10254
33722	310
33722	276
33723	4489
33723	272
33724	10270
33724	10272
33725	5514
33725	7022
33726	317
33726	18802
33727	20110
33727	21412
33728	2056
33728	3608
33729	7935
33729	16306
33730	18776
33730	18777
33731	2920
33731	1319
33732	18808
33732	19079
33733	7948
33733	20088
33734	7746
33734	7814
33735	4850
33735	10115
33736	7231
33736	27622
33737	10368
33737	6405
33738	18887
33738	19098
33739	7094
33739	14605
33740	14301
33740	14302
33741	7454
33741	7457
33742	707
33742	1892
33743	7841
33743	7842
33744	11333
33744	14900
33745	1218
33745	7135
33746	40
33746	1374
33747	4281
33747	27509
33748	7447
33748	11169
33749	7691
33749	8271
33750	3285
33750	20256
33751	8442
33751	12952
33752	3362
33753	13023
33753	20668
33754	23095
33754	26096
33755	5305
33755	13155
33756	1582
33756	2324
33757	1987
33757	3504
33758	748
33758	19614
33759	11728
33759	11727
33760	783
33760	752
33761	278
33761	19022
33762	8317
33762	8318
33763	1376
33763	6892
33764	14365
33764	14367
33765	1564
33765	9831
33766	14021
33766	6439
33767	5474
33767	13495
33768	2609
33768	263
33769	1974
33769	3487
33770	0
33770	32
33771	11594
33771	14271
33772	14340
33772	21019
33773	19974
33773	20427
33774	2064
33774	2063
33775	6728
33775	7826
33776	9590
33776	5741
33777	8371
33777	21101
33778	1564
33778	4216
33779	9682
33779	26322
33780	1503
33780	5171
33781	15530
33781	15531
33782	11019
33782	16104
33783	7586
33783	7592
33784	677
33784	18903
33785	837
33785	18870
33786	5118
33786	5119
33787	20703
33787	21330
33788	1955
33788	1959
33789	679
33789	5672
33790	679
33791	7577
33791	18966
33792	679
33792	1093
33793	679
33794	679
33795	679
33796	679
33796	644
33797	19324
33797	20102
33798	4972
33798	7433
33799	665
33799	636
33800	10714
33800	15039
33801	13586
33801	24258
33802	6246
33802	5882
33803	1941
33803	18936
33804	873
33804	602
33805	15009
33805	9421
33806	3167
33806	21001
33807	1564
33807	2369
33808	1324
33808	2393
33809	679
33809	1586
33810	6047
33810	15092
33811	7496
33811	6517
33812	6352
33812	13207
33813	7266
33813	12449
33814	7266
33814	6738
33815	2055
33815	2053
33816	19808
33816	21095
33817	12524
33817	12525
33818	8987
33818	8988
33819	2334
33819	1299
33820	9132
33820	9133
33821	306
33821	19100
33822	9285
33822	9291
33823	5131
33823	2043
33824	855
33824	99
33825	5075
33825	19313
33826	10765
33826	16850
33827	1286
33827	1290
33828	11847
33828	712
33829	17584
33829	17586
33830	1373
33830	1333
33831	358
33831	19613
33832	6556
33832	6562
33833	22566
33834	7185
33834	7941
33835	16487
33835	16489
33836	6043
33836	9305
33837	881
33837	18841
33838	7257
33838	19090
33839	2060
33839	19670
33840	10121
33840	19719
33841	15304
33841	9262
33842	10737
33842	7630
33843	13593
33843	6418
33844	4893
33844	642
33845	5276
33845	5287
33846	12606
33846	12607
33847	395
33847	20711
33848	605
33848	8719
33849	599
33849	1974
33850	1871
33850	6406
33851	1918
33851	7520
33852	8504
33852	11042
33853	209
33853	21249
33854	19813
33854	20727
33855	9772
33855	15434
33856	10829
33856	20743
33857	6127
33857	10840
33858	7452
33858	13320
33859	6661
33859	20599
33860	6056
33860	13205
33861	2057
33861	3900
33862	8065
33862	6387
33863	782
33863	20828
33864	9683
33864	12883
33865	2207
33865	26078
33866	9609
33866	19999
33867	1618
33867	19291
33868	7292
33868	7304
33869	14926
33869	9225
33870	9750
33870	9751
33871	11677
33871	21510
33872	1586
33872	6648
33873	15963
33873	15965
33874	16582
33874	16584
33875	7656
33875	7657
33876	1798
33876	6359
33877	13703
33877	13702
33878	1713
33878	5831
33879	4129
33879	19476
33880	10275
33880	10277
33881	4723
33881	20833
33882	7623
33882	21023
33883	8431
33883	16231
33884	4679
33884	1869
33885	2934
33885	19684
33886	8407
33886	6082
33887	5734
33887	19146
33888	1869
33888	310
33889	1241
33889	12338
33890	5860
33890	6613
33891	9640
33891	10610
33892	7181
33892	7188
33893	5894
33893	13935
33894	1818
33894	6903
33895	3267
33896	10960
33896	15263
33897	1327
33897	2562
33898	5758
33898	19885
33899	14815
33899	20244
33900	13305
33900	13306
33901	1731
33901	1397
33902	8831
33902	27672
33903	6897
33903	19592
33904	9713
33904	15909
33905	6676
33905	6687
33906	7737
33906	16592
33907	9101
33907	19491
33908	6703
33908	1504
33909	4803
33909	102
33910	7046
33910	5912
33911	12365
33911	9436
33912	12558
33912	12576
33913	766
33913	12826
33914	13486
33914	21294
33915	2048
33915	5905
33916	7197
33916	29837
33917	5932
33917	5936
33918	6025
33918	16282
33919	11678
33919	11988
33920	9242
33920	15825
33921	355
33921	12361
33922	1920
33922	1552
33923	7250
33923	7277
33924	1920
33924	1645
33925	12136
33925	9153
33926	10143
33926	661
33927	10031
33927	25090
33928	11846
33928	13649
33929	6624
33929	20066
33930	2057
33930	5862
33931	8149
33931	6982
33932	11364
33932	6033
33933	13503
33933	13098
33934	1918
33934	1206
33935	783
33935	6111
33936	1573
33936	6721
33937	14193
33937	14194
33938	12258
33938	19074
33939	14280
33939	14284
33940	15117
33940	21200
33941	4793
33941	1932
33942	2344
33942	21025
33943	742
33943	27807
33944	27517
33945	2207
33945	19666
33946	16245
33946	16247
33947	696
33947	20239
33948	1084
33949	7385
33949	8310
33950	944
33950	642
33951	16587
33951	16588
33952	628
33952	20989
33953	8864
33953	17037
33954	8419
33954	21131
33955	20293
33955	21478
33956	283
33956	9309
33957	12849
33957	27637
33958	1300
33958	13109
33959	8633
33959	9942
33960	20889
33960	21099
33961	6994
33961	7012
33962	6292
33962	18893
33963	344
33963	4918
33964	11348
33964	16660
33965	14858
33965	21033
33966	701
33966	20714
33967	6683
33967	6597
33968	16636
33968	16637
33969	94
33969	1054
33970	363
33970	432
33971	2725
33971	20626
33972	260
33972	27677
33973	14251
33973	14262
33974	12886
33974	20062
33975	1745
33975	9818
33976	8235
33976	21595
33977	13104
33977	13105
33978	7518
33978	9310
33979	13316
33979	20083
33980	8922
33980	14656
33981	12007
33981	12010
33982	14423
33982	13508
33983	10258
33983	12169
33984	6600
33984	10187
33985	777
33985	19690
33986	96
33986	97
33987	1495
33987	1507
33988	8608
33988	6642
33989	6620
33989	21197
33990	6682
33990	6686
33991	11611
33991	11613
33992	7725
33992	12666
33993	10562
33993	20678
33994	14604
33994	16145
33995	11680
33995	20752
33996	5862
33996	19419
33997	343
33997	293
33998	7300
33998	19641
33999	10106
33999	10147
34000	7305
34000	15848
34001	1803
34001	6865
34002	7917
34002	12482
34003	344
34003	5826
34004	1734
34004	13616
34005	368
34005	9628
34006	11085
34006	20270
34007	18724
34007	18727
34008	10910
34008	8124
34009	14681
34009	14682
34010	2823
34011	12136
34011	1339
34012	3214
34013	19857
34013	20844
34014	7055
34014	7058
34015	1631
34015	8563
34016	13270
34016	13277
34017	317
34017	1497
34018	768
34018	16483
34019	7142
34019	7148
34020	2046
34020	12914
34021	27577
34021	27856
34022	14468
34022	19050
34023	16220
34023	16221
34024	15495
34024	16415
34025	20755
34025	29896
34026	4903
34026	718
34027	14207
34027	14208
34028	16575
34028	16576
34029	12456
34029	7233
34030	14107
34030	14112
34031	7433
34031	7516
34032	9626
34032	20057
34033	7616
34033	7637
34034	19182
34034	21324
34035	3905
34035	19148
34036	1510
34036	1513
34037	15978
34037	15980
34038	10870
34038	1337
34039	1308
34039	7362
34040	8150
34040	8436
34041	14000
34041	14001
34042	5
34042	1528
34043	7944
34043	7987
34044	14370
34044	14372
34045	3428
34045	19949
34046	8336
34046	8770
34047	9365
34047	19709
34048	5001
34048	20437
34049	4846
34049	1479
34050	1712
34050	7287
34051	16364
34051	16366
34052	2656
34052	20725
34053	23888
34054	10073
34054	10323
34055	8443
34055	13396
34056	7686
34056	21594
34057	8264
34057	8273
34058	8302
34058	8303
34059	10770
34059	10776
34060	9792
34060	9794
34061	2000
34061	3655
34062	8292
34062	8293
34063	1173
34063	19361
34064	12667
34064	12668
34065	13699
34065	16590
34066	6465
34066	20164
34067	11040
34067	11043
34068	7922
34068	7924
34069	14560
34069	14564
34070	1718
34070	9572
34071	8002
34071	8004
34072	13050
34072	16212
34073	14529
34073	14531
34074	8281
34074	1709
34075	4230
34076	11769
34076	11770
34077	1885
34077	7910
34078	9005
34078	19940
34079	11765
34079	11779
34080	2038
34080	27935
34081	1
34081	31
34082	16309
34082	16311
34083	4367
34084	8054
34084	19874
34085	8489
34085	11039
34086	13037
34086	13073
34087	8790
34087	16410
34088	13034
34088	13070
34089	493
34090	14846
34090	14848
34091	13817
34091	17074
34092	12793
34092	17239
34093	12286
34093	14210
34094	15210
34094	21635
34095	1309
34095	1775
34096	19016
34096	19118
34097	4172
34098	13878
34098	13881
34099	8434
34099	8437
34100	13001
34100	13003
34101	315
34101	13180
34102	4030
34102	760
34103	7715
34104	19856
34104	21506
34105	16714
34105	16715
34106	1751
34106	15378
34107	16713
34107	16716
34108	3142
34108	20368
34109	346
34109	15246
34110	4041
34111	13379
34111	19875
34112	16228
34112	16234
34113	11232
34113	14658
34114	18899
34114	19408
34115	8961
34115	12657
34116	16886
34116	16887
34117	20139
34117	20234
34118	16717
34118	27773
34119	16730
34119	16732
34120	10818
34120	15536
34121	288
34121	19423
34122	656
34122	20861
34123	2137
34123	360
34124	9495
34124	14811
34125	17494
34125	17496
34126	19337
34126	20571
34127	2898
34127	173
34128	13566
34128	13569
34129	1726
34129	5086
34130	15564
34130	15566
34131	2066
34131	10813
34132	2346
34132	21391
34133	19975
34133	20441
34134	4452
34134	20242
34135	14234
34135	14235
34136	168
34136	210
34137	8675
34137	8678
34138	6572
34138	21336
34139	3942
34139	642
34140	17476
34140	17477
34141	14195
34141	16069
34142	5075
34142	20477
34143	11810
34143	11812
34144	10966
34144	12803
34145	786
34145	164
34146	5081
34147	11747
34147	11741
34148	19056
34148	19457
34149	1631
34149	3780
34150	5972
34150	20890
34151	6560
34151	19377
34152	16159
34152	16161
34153	11815
34153	11824
34154	5617
34154	20494
34155	409
34155	18985
34156	16862
34156	16863
34157	10644
34157	20670
34158	10117
34158	15515
34159	5113
34159	20053
34160	3295
34160	18905
34161	13962
34161	12053
34162	395
34163	17953
34163	17955
34164	6211
34164	1580
34165	2530
34166	17276
34166	17279
34167	9393
34167	19710
34168	7416
34168	19774
34169	17667
34169	17668
34170	2566
34171	11256
34171	15460
34172	13687
34172	16971
34173	7874
34174	15879
34174	15884
34175	15871
34175	15890
34176	13975
34176	15486
34177	15479
34177	15481
34178	20702
34178	21483
34179	14571
34179	14575
34180	1312
34181	8043
34182	9277
34182	20653
34183	292
34183	8135
34184	2936
34184	1434
34185	10641
34185	16656
34186	1705
34186	2759
34187	1718
34187	2357
34188	838
34189	164
34189	21346
34190	10353
34190	10351
34191	363
34191	1640
34192	4465
34193	4465
34194	4642
34195	872
34195	649
34196	1363
34196	3381
34197	3705
34197	355
34198	159
34198	21009
34199	14297
34199	14298
34200	169
34200	19197
34201	15245
34201	16853
34202	1830
34202	10550
34203	8497
34203	20131
34204	10700
34204	10702
34205	7394
34206	10903
34206	12599
34207	250
34208	13479
34208	14154
34209	1954
34209	16851
34210	15647
34210	15649
34211	10098
34211	10100
34212	1935
34212	21366
34213	17271
34213	17273
34214	16685
34214	16687
34215	10247
34215	19997
34216	293
34216	14167
34217	11879
34217	21220
34218	15516
34218	15518
34219	5182
34219	19719
34220	1113
34220	21660
34221	349
34221	27914
34222	4317
34223	16120
34223	16121
34224	27849
34225	4322
34225	20846
34226	14958
34226	19586
34227	10699
34227	10701
34228	10647
34229	10660
34229	10662
34230	3198
34231	12920
34231	12921
34232	310
34233	266
34233	103
34234	6001
34234	21006
34235	12765
34235	16999
34236	15445
34236	15451
34237	4778
34237	21123
34238	11564
34238	20392
34239	10844
34239	19522
34240	4625
34241	1470
34241	18983
34242	22643
34243	6671
34244	15678
34244	15679
34245	16523
34245	16524
34246	5269
34246	19663
34247	21164
34248	10077
34248	21164
34249	621
34250	184
34251	11051
34252	13217
34252	16205
34253	1717
34253	1548
34254	17214
34254	17217
34255	2653
34256	16338
34256	16343
34257	2008
34257	3710
34258	15326
34258	15328
34259	2467
34259	2039
34260	21590
34261	1829
34261	19063
34262	11372
34262	13396
34263	12001
34263	16918
34264	4196
34265	1527
34265	14337
34266	29961
34267	14127
34267	14141
34268	14139
34268	14145
34269	490
34270	4616
34271	16963
34271	16965
34272	4065
34273	21003
34274	14385
34274	14387
34275	17869
34275	17871
34276	17350
34276	17352
34277	16823
34277	16824
34278	6674
34279	3612
34280	7700
34281	15110
34281	15114
34282	196
34282	19185
34283	12938
34283	13314
34284	7574
34284	20153
34285	18044
34285	18047
34286	697
34286	6622
34287	6492
34287	27866
34288	1735
34288	9366
34289	13766
34289	14094
34290	9906
34290	21099
34291	946
34291	21295
34292	13231
34292	16630
34293	12060
34294	506
34294	345
34295	27965
34296	17480
34296	16071
34297	1856
34298	14183
34298	14187
34299	6843
34299	19631
34300	681
34300	21458
34301	1637
34301	16796
34302	5480
34303	1026
34303	21113
34304	7910
34305	7897
34306	3882
34306	18943
34307	489
34308	23362
34309	27839
34310	12570
34310	12571
34311	17702
34311	17704
34312	12736
34312	12737
34313	12698
34313	27845
34314	7730
34315	16236
34315	16891
34316	13780
34316	19330
34317	1828
34317	3798
34318	13680
34318	13683
34319	19943
34319	21271
34320	22198
34321	5702
34321	20390
34322	16382
34322	16383
34323	17034
34323	17035
34324	867
34324	27831
34325	17829
34325	17830
34326	12918
34327	9712
34328	27723
34329	13066
34329	13068
34330	9411
34331	13121
34331	21478
34332	4820
34333	9738
34334	20150
34335	24979
34336	16816
34336	16821
34337	1391
34338	13482
34338	21619
34339	5204
34340	17847
34340	17848
34341	4396
34342	19956
34342	20856
34343	2038
34343	16174
34344	27098
34345	19330
34346	15497
34346	15498
34347	7227
34348	15132
34348	16931
34349	1954
34349	13773
34350	8315
34350	21656
34351	2043
34352	7239
34353	18153
34353	18157
34354	11372
34355	7138
34356	692
34356	14267
34357	17843
34357	17844
34358	1559
34358	14415
34359	1559
34359	14432
34360	24378
34361	1720
34362	18346
34362	18349
34363	486
34364	11359
34365	3209
34365	2051
34366	980
34367	15400
34367	15403
34368	14870
34368	14872
34369	11019
34370	17679
34370	17681
34371	10643
34372	1416
34372	5292
34373	164
34373	19291
34374	10422
34375	3949
34376	43
34376	1765
34377	1378
34378	29859
34379	4722
34380	1912
34380	1909
34381	15467
34382	8466
34383	17485
34383	17489
34384	7871
34385	10636
34386	23111
34387	17567
34387	17570
34388	2398
34389	24913
34390	9428
34391	2069
34391	15714
34392	5119
34393	27728
34394	11178
34395	631
34396	3381
34397	20960
34397	30120
34398	8445
34399	25318
34400	809
34401	24855
34402	3570
34403	6155
34404	17534
34404	17539
34405	8431
34406	15463
34407	16271
34407	21351
34408	29888
34409	9035
34410	2482
34410	18859
34411	18020
34411	18022
34412	13407
34413	12745
34414	1566
34415	2422
34416	1420
34416	16481
34417	12112
34418	3878
34419	10561
34419	20095
34420	29846
34421	12097
34421	27929
34422	16593
34423	16593
34424	14671
34425	2238
34426	12472
34426	27956
34427	315
34427	16612
34428	13298
34429	13298
34430	13298
34431	6534
34432	8542
34433	12877
34434	1692
34434	21192
34435	27645
34436	5882
34436	20624
34437	7784
34438	22675
34439	10346
34440	6500
34441	3852
34442	17693
34442	17694
34443	12432
34443	27788
34444	14278
34445	6984
34446	9454
34447	6141
34448	15745
34449	17698
34449	17700
34450	17764
34450	17767
34451	3463
34452	16044
34452	19216
34453	4130
34454	17607
34454	17601
34455	14146
34456	17383
34456	17385
34457	11164
34458	1483
34459	1483
34460	18225
34460	18226
34461	21050
34461	30137
34462	17626
34462	17628
34463	17428
34464	12080
34465	15592
34466	17455
34466	17456
34467	14772
34468	14772
34469	17469
34469	17471
34470	17559
34470	17561
34471	17863
34471	17864
34472	17415
34472	30138
34473	11494
34474	4871
34475	17618
34475	17620
34476	27759
34477	17638
34477	17639
34478	17656
34479	17720
34479	17722
34480	17807
34480	17811
34481	30089
34482	17806
34483	17858
34484	11554
34485	17894
34486	30141
34487	17926
34488	17918
34489	17948
34489	30146
34490	17957
34491	14389
34492	18041
34492	18043
34493	18014
34493	18015
34494	18024
34494	18026
34495	17970
34495	30147
34496	18066
34496	18068
34497	18081
34497	18083
34498	18059
34498	30148
34499	18092
34499	18094
34500	21245
34500	30150
34501	18086
34501	30149
34502	18136
34502	18138
34503	18153
34503	18155
34504	18530
34504	30156
34505	18123
34505	30151
34506	18161
34507	18291
34507	18293
34508	18173
34509	18190
34510	18196
34510	18201
34511	18198
34511	18202
34512	18220
34513	18235
34514	15489
34515	18305
34515	18307
34516	18313
34516	18315
34517	18114
34518	18139
34519	18350
34520	18368
34520	18370
34521	18420
34522	18460
34522	18462
34523	18490
34523	18492
34524	18506
34524	18508
34525	18512
34525	18514
34526	18518
34526	18520
34527	18522
34527	18524
34528	18165
34528	18167
34529	18547
34529	18549
34530	18560
34531	18567
34531	18569
34532	18642
34532	18643
34533	17659
34534	18600
34534	18602
34535	18570
34535	30157
34536	18647
34536	18649
34537	18655
34537	18657
34538	536
34538	20718
34539	18695
34539	18697
34540	18703
34540	18705
34541	18741
34541	18743
34542	380
34542	21377
34543	2970
34543	19061
34544	41
34544	59
34545	1356
34545	19345
34546	4922
34546	18862
34547	2232
34547	18878
34548	698
34548	727
34549	18951
34549	21151
34550	360
34550	6089
34551	766
34551	13673
34552	1529
34552	9028
34553	19158
34553	19368
34554	719
34554	6740
34555	7401
34555	21236
34556	2000
34556	3670
34557	5604
34557	20590
34558	2109
34558	18949
34559	11724
34559	20788
34560	1576
34560	1606
34561	362
34561	1658
34562	21039
34562	21569
34563	3417
34563	20015
34564	3106
34564	18838
34565	308
34565	3739
34566	851
34566	18883
34567	2061
34567	19616
34568	2179
34568	19840
34569	681
34569	1425
34570	14842
34570	19617
34571	363
34571	5114
34572	1495
34572	6981
34573	1542
34573	5003
34574	723
34574	19167
34575	18870
34575	19807
34576	1068
34576	19073
34577	3183
34577	20035
34578	100
34578	19166
34579	1627
34579	1628
34580	9644
34580	19163
34581	835
34581	21352
34582	75
34582	19638
34583	3202
34583	20912
34584	2936
34584	19535
34585	10143
34585	21471
34586	5007
34586	19562
34587	7409
34587	20680
34588	170
34588	6457
34589	1746
34589	3775
34590	6706
34590	20758
34591	19018
34591	20912
34592	1568
34592	18924
34593	5603
34593	21331
34594	4708
34594	1815
34595	3565
34595	19369
34596	6616
34596	20534
34597	1853
34597	19587
34598	1496
34598	19248
34599	6627
34599	167
34600	2343
34600	1709
34601	19070
34601	20156
34602	3212
34602	19420
34603	1713
34603	5663
34604	20039
34604	21177
34605	210
34605	18993
34606	1553
34606	26378
34607	3652
34607	19050
34608	13855
34608	19946
34609	19528
34609	25193
34610	1824
34610	1853
34611	505
34611	19190
34612	3525
34612	1683
34613	766
34613	20333
34614	1855
34614	3189
34615	1732
34615	20998
34616	18860
34616	19081
34617	1940
34617	20239
34618	2278
34618	19408
34619	103
34619	1434
34620	2028
34620	172
34621	8209
34621	20138
34622	9394
34622	19710
34623	1411
34623	20161
34624	8528
34624	21431
34625	1431
34625	348
34626	619
34626	21002
34627	12879
34627	20058
34628	766
34628	739
34629	19346
34629	20947
34630	13759
34630	21591
34631	2800
34631	360
34632	3767
34632	19951
34633	4802
34633	19947
34634	741
34634	881
34635	19434
34635	20033
34636	521
34636	21039
34637	2454
34637	20750
34638	1766
34638	12517
34639	784
34639	893
34640	461
34640	19673
34641	11547
34641	27886
34642	9029
34642	27969
34643	1254
34643	20425
34644	8685
34644	19636
34645	8858
34645	19686
34646	1259
34646	20711
34647	42
34647	1702
34648	40
34649	9606
34649	20290
34650	1300
34650	20347
34651	40
34652	378
34652	19756
34653	2044
34653	11857
34654	2125
34654	21312
34655	108
34655	19804
34656	6293
34656	20680
34657	3111
34657	1823
34658	19240
34658	21301
34659	7134
34659	19947
34660	4425
34660	1777
34661	8555
34661	20936
34662	3993
34662	27915
34663	139
34663	20180
34664	4818
34664	21512
34665	218
34665	20848
34666	4466
34666	21487
34667	9167
34667	20097
34668	44
34668	427
34669	2000
34669	3672
34670	1649
34670	755
34671	868
34671	27983
34672	6726
34672	359
34673	1877
34673	2596
34674	2710
34674	20354
34675	196
34675	19999
34676	2545
34676	20082
34677	4650
34677	19865
34678	751
34678	1602
34679	3420
34679	21583
34680	149
34680	20534
34681	21221
34681	23743
34682	3863
34682	20654
34683	104
34683	5784
34684	1894
34684	2710
34685	20098
34685	27908
34686	1864
34686	10723
34687	20119
34687	20446
34688	4665
34688	21313
34689	1475
34689	19910
34690	4482
34690	21296
34691	785
34691	8057
34692	1317
34692	21484
34693	19690
34693	20065
34694	4665
34694	20723
34695	19711
34695	21375
34696	1945
34696	21099
34697	765
34697	3447
34698	3693
34698	761
34699	102
34699	20934
34700	1577
34700	20707
34701	9928
34701	21515
34702	1970
34702	1964
34703	57
34704	2052
34704	5274
34705	57
34706	7180
34706	21258
34707	163
34707	21355
34708	785
34708	5920
34709	602
34709	21177
34710	1029
34710	20870
