18772	850	1087
18773	202	741
18774	656	861
18775	788	841
18776	362	363
18777	837	1076
18778	18775	881
18779	18774	18773
18780	18777	1111
18781	368	869
18782	2165	2169
18783	1387	2110
18784	18776	1142
18785	18780	261
18786	4730	4732
18787	842	1255
18788	847	886
18789	2777	2778
18790	534	594
18791	1631	3202
18792	18772	25
18793	848	873
18794	635	1440
18795	1094	1261
18796	2049	2050
18797	18795	287
18798	2098	2124
18799	529	538
18800	18787	18778
18801	1065	1572
18802	282	696
18803	1117	1156
18804	18788	875
18805	1044	1051
18806	2104	2107
18807	18803	18797
18808	569	586
18809	398	810
18810	2100	2117
18811	527	528
18812	524	525
18813	18806	2102
18814	151	152
18815	18812	18811
18816	2103	2105
18817	18813	2106
18818	18779	1675
18819	18815	526
18820	18817	1800
18821	373	686
18822	537	574
18823	18820	18783
18824	508	516
18825	285	1850
18826	18822	553
18827	18807	1066
18828	18781	1155
18829	18816	18810
18830	578	605
18831	18826	18819
18832	429	698
18833	18798	2120
18834	1435	2676
18835	18831	18799
18836	1171	1241
18837	18823	2101
18838	1562	1564
18839	290	3558
18840	678	680
18841	739	1677
18842	1070	1258
18843	18786	4734
18844	18833	18829
18845	513	514
18846	99	365
18847	18791	841
18848	7967	7978
18849	18785	447
18850	17	120
18851	5726	5728
18852	1571	1594
18853	2097	2129
18854	9059	9070
18855	18784	872
18856	2152	2179
18857	18848	98
18858	178	706
18859	973	1017
18860	1104	1120
18861	145	814
18862	677	681
18863	18796	1920
18864	2374	4077
18865	18789	6270
18866	18844	2133
18867	18853	2193
18868	3611	9074
18869	18805	5734
18870	18842	18792
18871	2060	2084
18872	18804	865
18873	149	1633
18874	2114	2115
18875	1387	1429
18876	18838	18801
18877	115	122
18878	18794	662
18879	1373	3548
18880	2146	2188
18881	194	199
18882	1019	2274
18883	498	1082
18884	18867	18837
18885	18835	598
18886	688	689
18887	220	687
18888	8642	8652
18889	18868	2199
18890	8670	8714
18891	18800	1112
18892	18802	5534
18893	2065	2949
18894	2200	2201
18895	3846	3849
18896	1170	1203
18897	8661	8669
18898	362	1072
18899	847	1542
18900	64	2128
18901	5081	7594
18902	18890	18888
18903	18840	2664
18904	2641	3889
18905	3435	3458
18906	4372	4383
18907	1468	2649
18908	18894	18874
18909	18902	18897
18910	1921	1922
18911	18790	535
18912	18828	1121
18913	1567	2633
18914	18908	18900
18915	272	1947
18916	18818	18793
18917	5743	5746
18918	18909	5307
18919	18914	18782
18920	419	6490
18921	1147	1191
18922	144	1918
18923	9174	9187
18924	18827	1106
18925	3432	3453
18926	2119	2183
18927	18839	690
18928	18911	18885
18929	3879	3881
18930	974	4427
18931	4936	7597
18932	75	180
18933	18864	4507
18934	18918	605
18935	2185	2196
18936	3212	4966
18937	4570	5087
18938	18847	746
18939	18845	512
18940	18934	8666
18941	1726	7363
18942	785	2743
18943	2393	2782
18944	184	389
18945	3406	9218
18946	505	1073
18947	531	566
18948	18875	1405
18949	18884	18866
18950	754	765
18951	196	755
18952	124	895
18953	6044	9216
18954	275	1089
18955	18935	18926
18956	5438	5439
18957	18873	3524
18958	18895	3828
18959	18893	5846
18960	692	714
18961	2044	5011
18962	846	2051
18963	878	898
18964	9189	9207
18965	18825	353
18966	18843	4709
18967	18905	3446
18968	633	1077
18969	18931	6705
18970	942	974
18971	3018	3029
18972	1068	1239
18973	4184	4220
18974	9518	14945
18975	18808	556
18976	1529	2930
18977	1556	2052
18978	18950	781
18979	18953	18945
18980	18955	18919
18981	3425	5754
18982	1103	1227
18983	29	635
18984	8643	8709
18985	18979	18964
18986	2248	2249
18987	1114	1199
18988	4069	4091
18989	4712	4723
18990	18903	18821
18991	18849	65
18992	2070	6292
18993	860	863
18994	1069	1144
18995	9805	14972
18996	18809	142
18997	1462	1463
18998	18940	8718
18999	155	764
19000	18982	18972
19001	856	1223
19002	2206	2591
19003	2354	2355
19004	3370	3372
19005	3423	3424
19006	18923	6511
19007	720	4303
19008	18995	18974
19009	19000	18987
19010	2550	2607
19011	21	182
19012	18852	1773
19013	18863	2592
19014	18879	3581
19015	18997	1454
19016	18985	9172
19017	18954	1086
19018	1652	5535
19019	1211	1225
19020	3652	3768
19021	9056	9072
19022	3675	4425
19023	1115	1158
19024	4490	4516
19025	9185	9217
19026	18928	614
19027	18832	704
19028	18871	6279
19029	18896	1178
19030	18917	5737
19031	333	337
19032	1932	2211
19033	2282	4877
19034	1095	1189
19035	4941	8403
19036	144	148
19037	561	615
19038	9159	9197
19039	6927	6928
19040	18834	635
19041	18872	882
19042	18915	4489
19043	18984	8695
19044	2726	3579
19045	894	1381
19046	955	991
19047	1101	1188
19048	1123	1168
19049	9054	9086
19050	1414	1432
19051	100	105
19052	18992	18959
19053	19025	19006
19054	19030	18869
19055	2108	2109
19056	2622	5091
19057	4078	4366
19058	1143	1157
19059	6925	6934
19060	1268	5663
19061	8143	8665
19062	9067	9087
19063	684	877
19064	18878	1402
19065	18876	1605
19066	18967	3450
19067	19017	1228
19068	19053	19038
19069	948	950
19070	6	264
19071	545	597
19072	9063	9085
19073	1388	5398
19074	323	3193
19075	19009	18946
19076	18981	18851
19077	1610	6273
19078	19042	19024
19079	19059	19039
19080	1737	1740
19081	2472	2487
19082	2351	2352
19083	3165	8485
19084	3780	5509
19085	4987	6157
19086	1195	8312
19087	8688	8707
19088	9062	9078
19089	1453	1474
19090	18960	18814
19091	19023	19019
19092	2020	2021
19093	176	1858
19094	2278	2723
19095	415	428
19096	4505	4518
19097	3560	3604
19098	6158	6163
19099	8397	8400
19100	1314	1315
19101	9076	9084
19102	18883	497
19103	18920	6488
19104	18971	10620
19105	19016	9202
19106	1575	2754
19107	19034	1136
19108	19043	18998
19109	766	770
19110	5064	7261
19111	4949	9918
19112	8401	8404
19113	18862	2674
19114	18933	4494
19115	19021	9073
19116	19056	5113
19117	19075	19047
19118	19068	18782
19119	19097	19044
19120	2134	2176
19121	2796	2820
19122	980	990
19123	8396	8402
19124	146	201
19125	18994	715
19126	18906	4382
19127	19072	19062
19128	19079	6923
19129	19107	19091
19130	1982	2251
19131	2085	2092
19132	846	854
19133	2640	5269
19134	967	8841
19135	4457	8691
19136	1113	2903
19137	8398	8399
19138	1397	1478
19139	18925	1994
19140	19117	19058
19141	19101	19049
19142	19114	19096
19143	2113	2151
19144	809	5468
19145	849	1242
19146	3011	5725
19147	501	2651
19148	7113	7325
19149	286	713
19150	18861	4299
19151	18912	18836
19152	18965	1599
19153	19115	19088
19154	156	161
19155	19085	19035
19156	18948	1390
19157	19135	7600
19158	19140	19129
19159	852	888
19160	4502	4525
19161	1025	1028
19162	557	576
19163	8496	8497
19164	8567	8568
19165	9157	9158
19166	288	349
19167	18850	510
19168	18886	5350
19169	19003	1943
19170	19028	2078
19171	1613	1614
19172	19123	19112
19173	19066	3295
19174	19119	3145
19175	19141	19127
19176	19143	2149
19177	2514	2680
19178	2590	2605
19179	900	915
19180	4498	4524
19181	1099	1195
19182	4452	4463
19183	10571	10572
19184	19137	19099
19185	1660	8343
19186	19157	19087
19187	19175	19153
19188	750	2898
19189	2563	2575
19190	427	460
19191	3441	3447
19192	143	943
19193	539	555
19194	1294	1651
19195	12526	12527
19196	1412	1465
19197	153	154
19198	19037	18824
19199	19052	2074
19200	19054	5547
19201	19070	283
19202	19151	19125
19203	19013	18977
19204	19142	19078
19205	19158	1084
19206	19172	19155
19207	19165	19105
19208	19176	2202
19209	19183	10592
19210	1968	3123
19211	110	135
19212	853	1542
19213	4940	14963
19214	5998	6665
19215	6001	6012
19216	9955	9997
19217	1569	1617
19218	18937	7391
19219	18957	3525
19220	18963	5341
19221	18996	2627
19222	18978	3448
19223	19131	6316
19224	19160	4497
19225	19196	1407
19226	19206	19184
19227	1793	1813
19228	2235	2243
19229	2252	2296
19230	2485	2507
19231	119	643
19232	430	431
19233	1027	1042
19234	1024	1031
19235	4950	5055
19236	5080	5096
19237	558	585
19238	8177	11767
19239	13437	14974
19240	18952	571
19241	18989	4736
19242	19113	18990
19243	160	1854
19244	709	1678
19245	19146	5733
19246	19187	18880
19247	19208	18980
19248	844	1341
19249	2755	2761
19250	2888	4817
19251	4152	4157
19252	1126	1206
19253	4961	5035
19254	6661	6662
19255	277	356
19256	19	44
19257	8832	8839
19258	1329	1351
19259	1333	3700
19260	11786	11791
19261	14956	14981
19262	18772	1251
19263	157	1634
19264	19005	3442
19265	19089	19015
19266	19170	6296
19267	102	109
19268	19204	19180
19269	19209	7699
19270	19207	19118
19271	19236	19116
19272	168	198
19273	772	5336
19274	2171	2203
19275	3974	7602
19276	66	2265
19277	4963	5039
19278	1140	1200
19279	5026	5038
19280	8713	8722
19281	11766	11780
19282	14952	14985
19283	18969	8415
19284	18947	611
19285	19147	2650
19286	20	910
19287	1732	1746
19288	19265	19156
19289	2148	2181
19290	2803	6656
19291	3553	3580
19292	3883	4136
19293	225	4625
19294	1133	1231
19295	4962	5034
19296	6358	8145
19297	5748	5750
19298	1330	4279
19299	11784	11785
19300	8651	8711
19301	11783	11873
19302	14951	14971
19303	1394	1396
19304	18892	8522
19305	18973	4192
19306	19273	19220
19307	19283	19226
19308	1889	7268
19309	112	125
19310	949	1489
19311	3981	4762
19312	4059	4107
19313	4741	4899
19314	4985	5021
19315	1146	1240
19316	5099	9115
19317	5324	5963
19318	6617	8560
19319	7596	7598
19320	11757	11773
19321	14969	14970
19322	18841	2968
19323	19012	1389
19324	19010	2111
19325	19014	3603
19326	19026	577
19327	19076	18882
19328	19077	1261
19329	19084	18938
19330	707	8360
19331	19103	6494
19332	19120	2170
19333	19121	3488
19334	19169	2377
19335	19181	1129
19336	19138	1479
19337	19186	8726
19338	19230	2497
19339	19278	19252
19340	19301	11871
19341	19268	19224
19342	1826	1833
19343	402	1828
19344	940	5307
19345	2906	2914
19346	947	966
19347	3103	11313
19348	996	1592
19349	4128	4751
19350	4979	4997
19351	5104	5107
19352	1300	6460
19353	9103	9116
19354	14948	14968
19355	10566	10570
19356	313	342
19357	18966	760
19358	18991	418
19359	19031	325
19360	19104	11760
19361	19161	1026
19362	19223	6276
19363	19246	9080
19364	19275	7595
19365	19297	19200
19366	19312	4049
19367	19315	1192
19368	19339	19294
19369	759	3576
19370	2460	2504
19371	786	1581
19372	2336	4469
19373	409	560
19374	420	421
19375	2257	3679
19376	4293	4501
19377	3336	3887
19378	3796	3812
19379	4769	5912
19380	4964	4978
19381	1162	1404
19382	6620	11311
19383	5971	8675
19384	7948	7962
19385	1370	3362
19386	18784	1255
19387	18913	2647
19388	18936	3051
19389	18951	1649
19390	19162	568
19391	19191	2180
19392	19257	19134
19393	19239	19213
19394	19260	19238
19395	19289	19274
19396	19349	19311
19397	19351	5090
19398	19353	19316
19399	19364	19319
19400	19365	19327
19401	1894	3573
19402	2459	2461
19403	2740	2776
19404	210	211
19405	6293	6309
19406	9217	11304
19407	1410	1411
19408	1536	1544
19409	1541	1553
19410	19057	4188
19411	19216	6880
19412	19110	3176
19413	19228	19001
19414	19253	19235
19415	19270	9184
19416	19282	19261
19417	19320	19299
19418	835	870
19419	2739	2745
19420	2871	2872
19421	3014	7590
19422	3134	3153
19423	998	1003
19424	139	4300
19425	3794	3813
19426	3324	3649
19427	3417	3418
19428	4445	7977
19429	4925	5672
19430	8648	8659
19431	9374	13267
19432	11293	11299
19433	18877	1830
19434	18942	2770
19435	19048	18924
19436	19045	2536
19437	19222	3433
19438	19232	2835
19439	19199	2095
19440	19269	10561
19441	19295	19277
19442	19321	19302
19443	19394	19360
19444	19370	2458
19445	19368	19205
19446	19396	4755
19447	2018	4184
19448	2556	2672
19449	2702	2897
19450	917	933
19451	477	478
19452	483	4068
19453	27	1343
19454	4809	7385
19455	4866	5674
19456	5002	5062
19457	7368	7373
19458	7973	7984
19459	11292	11301
19460	11856	11866
19461	18956	823
19462	19004	3362
19463	19152	1700
19464	19130	2288
19465	19203	2600
19466	19247	2116
19467	19280	19061
19468	19331	6493
19469	19354	19008
19470	19350	19314
19471	19362	19266
19472	19417	19281
19473	19412	19388
19474	19440	19355
19475	19444	19402
19476	2111	2562
19477	390	468
19478	2632	2644
19479	2715	5272
19480	889	1175
19481	4051	4073
19482	4519	4522
19483	4863	4865
19484	1153	1238
19485	5255	6561
19486	6714	8417
19487	280	359
19488	7947	7972
19489	1194	1207
19490	89	2012
19491	9104	9129
19492	9853	9910
19493	11290	11295
19494	292	307
19495	18786	144
19496	18887	7577
19497	18910	5755
19498	18939	616
19499	18944	476
19500	1651	1654
19501	19032	723
19502	19188	2811
19503	19383	19300
19504	19391	19173
19505	19397	5093
19506	19416	19393
19507	19441	19380
19508	1942	3705
19509	19471	19439
19510	19472	19443
19511	864	893
19512	2642	3040
19513	2797	2799
19514	455	479
19515	2845	5054
19516	3300	3307
19517	1046	5542
19518	3702	5226
19519	4336	4356
19520	1105	1219
19521	5304	5343
19522	5375	5383
19523	5496	5499
19524	1186	1202
19525	6497	8219
19526	7955	7981
19527	8414	8416
19528	1309	1330
19529	11283	11288
19530	10562	10564
19531	1384	2204
19532	18846	367
19533	18927	1371
19534	19093	9854
19535	18976	2126
19536	19064	29
19537	19168	715
19538	19292	19251
19539	19341	4515
19540	19363	2165
19541	19326	583
19542	19428	7946
19543	19337	8701
19544	19446	18922
19545	19470	19414
19546	19452	4056
19547	19469	19442
19548	19475	2456
19549	19480	1134
19550	19483	4853
19551	1849	1855
19552	742	768
19553	1953	4222
19554	378	380
19555	2498	6557
19556	2439	2731
19557	2716	3077
19558	2771	6704
19559	2807	2819
19560	944	979
19561	4041	4319
19562	4965	5070
19563	5097	5523
19564	5490	5516
19565	1208	5003
19566	6695	6699
19567	7391	7611
19568	8411	8412
19569	11273	11279
19570	150	159
19571	1574	1609
19572	18961	591
19573	19071	5302
19574	19122	2715
19575	1673	2959
19576	19286	806
19577	19334	2342
19578	19467	19430
19579	19474	10575
19580	19488	19458
19581	19514	440
19582	19520	1148
19583	19523	5494
19584	19524	19484
19585	19545	19507
19586	19547	19506
19587	755	1824
19588	368	670
19589	828	2495
19590	183	208
19591	2185	4467
19592	842	9630
19593	2388	6461
19594	860	1424
19595	2557	2576
19596	2683	2684
19597	1067	4473
19598	1062	1212
19599	4235	4510
19600	238	250
19601	3634	3642
19602	4067	4114
19603	140	1851
19604	6093	6113
19605	559	564
19606	5834	6521
19607	5996	6000
19608	8407	8409
19609	1290	4721
19610	17072	17073
19611	668	1636
19612	18783	691
19613	1549	1919
19614	695	789
19615	697	746
19616	702	703
19617	19050	3288
19618	19214	6002
19619	19245	5732
19620	19347	19279
19621	19404	19036
19622	19249	2119
19623	19425	1181
19624	19457	19271
19625	19453	1311
19626	19573	19521
19627	19578	19503
19628	19580	19542
19629	104	795
19630	2508	2509
19631	2917	3493
19632	460	876
19633	3667	3673
19634	3862	4912
19635	4862	4866
19636	4994	6360
19637	4984	5051
19638	544	1644
19639	1159	1210
19640	549	562
19641	6536	6537
19642	6131	14537
19643	7256	7262
19644	145	162
19645	11408	11421
19646	290	705
19647	11439	11440
19648	679	1774
19649	331	840
19650	19092	407
19651	19254	3053
19652	19293	4691
19653	19356	296
19654	19361	1029
19655	19399	18901
19656	19405	6285
19657	19410	4390
19658	19432	19406
19659	19429	19307
19660	1849	3564
19661	19468	6495
19662	19485	409
19663	19491	9105
19664	19534	7387
19665	19565	1262
19666	19604	6098
19667	19610	19510
19668	19621	189
19669	1890	6298
19670	2048	2089
19671	2163	2187
19672	2465	2474
19673	400	793
19674	2679	5489
19675	2724	2737
19676	995	1823
19677	498	3037
19678	3664	6747
19679	484	7941
19680	4515	4582
19681	4976	5030
19682	1151	1235
19683	6079	13281
19684	6160	7424
19685	8242	8248
19686	8845	8862
19687	18898	851
19688	19055	18949
19689	1578	5174
19690	161	196
19691	19381	67
19692	19242	2673
19693	19454	7383
19694	19459	19382
19695	19463	3106
19696	19462	4616
19697	19527	19486
19698	19593	19526
19699	19626	3850
19700	19637	19585
19701	19662	19555
19702	1896	2933
19703	2013	3630
19704	790	4449
19705	813	8592
19706	2303	7618
19707	2464	2501
19708	2093	6317
19709	2535	2541
19710	2537	5640
19711	2638	2641
19712	418	1416
19713	2940	2953
19714	3289	6620
19715	3925	6347
19716	253	3632
19717	4929	4947
19718	4752	4761
19719	4850	5181
19720	1155	1252
19721	5630	7942
19722	6004	6008
19723	6183	6187
19724	7364	7380
19725	6849	6858
19726	582	613
19727	8020	8052
19728	607	9102
19729	11756	11781
19730	9902	9905
19731	1453	6185
19732	1576	1577
19733	19040	2668
19734	19073	3541
19735	19124	4306
19736	19144	6161
19737	19240	384
19738	19255	301
19739	19385	19291
19740	730	812
19741	19437	3452
19742	19529	19493
19743	19556	18891
19744	19640	546
19745	19659	19608
19746	19668	19272
19747	2117	3857
19748	2132	2168
19749	2224	3890
19750	2310	2320
19751	2466	2505
19752	2766	5027
19753	2722	9655
19754	2802	2821
19755	914	918
19756	2962	3084
19757	3079	3732
19758	3101	3109
19759	3167	5587
19760	1022	1039
19761	4124	4135
19762	4340	10574
19763	5086	8777
19764	5257	5261
19765	5348	5352
19766	5503	5522
19767	267	304
19768	7582	9936
19769	7956	7979
19770	7935	7954
19771	8237	8249
19772	8678	8682
19773	9002	9011
19774	8958	8959
19775	9958	9960
19776	288	3183
19777	14980	14987
19778	99	508
19779	677	2103
19780	38	511
19781	18962	3266
19782	1615	3333
19783	18988	2686
19784	19218	4803
19785	19332	2178
19786	19389	19342
19787	19415	9176
19788	19344	193
19789	1785	2534
19790	19544	849
19791	19540	9064
19792	19612	19533
19793	19658	19569
19794	19657	4392
19795	19666	415
19796	19697	19568
19797	165	199
19798	19722	19607
19799	19725	19562
19800	19730	19492
19801	370	501
19802	2118	3476
19803	2094	6278
19804	47	509
19805	2426	9330
19806	2470	2481
19807	413	1104
19808	2543	2552
19809	2959	5536
19810	3082	3111
19811	3255	7064
19812	1061	9113
19813	3783	8756
19814	3855	3858
19815	3306	9298
19816	4050	4099
19817	4294	4295
19818	4487	4789
19819	4506	7022
19820	4548	4564
19821	1141	10679
19822	5215	6572
19823	5852	6272
19824	6157	8849
19825	7927	7940
19826	8195	8202
19827	1300	2209
19828	8655	8657
19829	9090	9092
19830	14944	14953
19831	1360	2407
19832	9976	9983
19833	1586	3402
19834	341	1065
19835	19090	769
19836	19225	1415
19837	19418	859
19838	19473	18986
19839	19450	19179
19840	19671	2172
19841	19694	19620
19842	19699	19136
19843	19700	5029
19844	19739	19660
19845	19796	19745
19846	752	773
19847	1946	1973
19848	1944	1956
19849	2104	5044
19850	2301	6868
19851	23	406
19852	2469	2494
19853	855	2659
19854	2965	2966
19855	209	424
19856	3071	3196
19857	3479	3736
19858	3466	5896
19859	504	2841
19860	3493	4692
19861	3815	3843
19862	4061	4111
19863	4213	4258
19864	520	523
19865	4651	4654
19866	5403	6335
19867	5401	5415
19868	5573	14543
19869	5609	10810
19870	275	343
19871	6159	12139
19872	6751	6753
19873	279	2646
19874	8014	8028
19875	1297	1301
19876	8492	12887
19877	9008	9017
19878	10682	10690
19879	36	89
19880	635	662
19881	10558	10559
19882	11519	11520
19883	11570	12445
19884	19	555
19885	1476	4900
19886	18907	2892
19887	19083	19029
19888	19217	5518
19889	1731	1764
19890	19322	1687
19891	19304	19018
19892	19395	18856
19893	1750	2384
19894	19392	8830
19895	19518	7606
19896	19549	19335
19897	19584	1201
19898	19664	4570
19899	19721	7959
19900	19718	4747
19901	19736	9293
19902	19729	19667
19903	19752	19379
19904	19772	19627
19905	19793	19742
19906	19830	19777
19907	19844	19792
19908	2000	2645
19909	2018	2019
19910	767	2783
19911	798	7988
19912	820	2973
19913	2215	2230
19914	190	7043
19915	2322	2329
19916	2468	2490
19917	195	213
19918	2530	2553
19919	2581	2585
19920	2640	2748
19921	8	385
19922	3297	5511
19923	3824	3851
19924	4054	4074
19925	4167	4183
19926	5412	5414
19927	69	1871
19928	996	1615
19929	5081	5592
19930	5165	7526
19931	5200	5202
19932	5297	5327
19933	5437	5446
19934	5603	9091
19935	5882	5887
19936	1204	1213
19937	6921	6935
19938	8261	14542
19939	286	348
19940	8996	9003
19941	11495	11496
19942	18774	741
19943	661	12030
19944	310	2566
19945	1467	3713
19946	1490	7866
19947	19027	7505
19948	1645	2735
19949	19164	8544
19950	19227	4338
19951	19241	4731
19952	19166	2891
19953	19324	3341
19954	19133	8625
19955	19376	4443
19956	19487	6726
19957	19531	5357
19958	19575	19500
19959	19635	4851
19960	19681	19572
19961	19738	319
19962	19815	19591
19963	1895	1910
19964	19803	19708
19965	19837	883
19966	19842	19788
19967	19881	10560
19968	19899	19825
19969	19904	19828
19970	19905	19841
19971	1982	3091
19972	782	6174
19973	2105	2780
19974	2110	4822
19975	2108	2485
19976	807	9200
19977	2156	5641
19978	2247	3115
19979	2281	2292
19980	19911	4624
19981	2341	4486
19982	406	14982
19983	2478	2488
19984	19914	958
19985	858	2663
19986	2612	6505
19987	888	3017
19988	2774	2990
19989	3021	3024
19990	1018	1259
19991	3429	7002
19992	228	2920
19993	3817	3834
19994	4057	4084
19995	4232	4249
19996	521	676
19997	4547	4567
19998	1108	1222
19999	6627	6642
20000	1307	4555
20001	8826	8828
20002	1321	10190
20003	10336	12654
20004	10918	12552
20005	11494	11507
20006	622	5571
20007	14539	14540
20008	18846	1439
20009	321	347
20010	18889	18854
20011	18968	1250
20012	18999	822
20013	1610	6787
20014	101	113
20015	19041	853
20016	19139	3419
20017	19182	4442
20018	19193	510
20019	19234	1166
20020	19290	8223
20021	19309	108
20022	19438	3356
20023	19494	257
20024	19553	4406
20025	1645	9101
20026	19599	19482
20027	19651	3068
20028	19670	2064
20029	19744	19237
20030	19758	19464
20031	19869	10816
20032	19926	19867
20033	19948	19675
20034	2051	2082
20035	2057	3651
20036	381	6171
20037	2475	2484
20038	2498	11434
20039	416	618
20040	2647	5686
20041	423	578
20042	956	957
20043	205	1679
20044	3218	7042
20045	3272	3273
20046	3816	3839
20047	4041	4464
20048	4062	4094
20049	4325	4862
20050	5134	7646
20051	4911	6855
20052	4956	5056
20053	5092	5112
20054	5391	6785
20055	1208	7348
20056	7045	7046
20057	7308	9625
20058	8609	8614
20059	8917	11930
20060	9155	9196
20061	14536	14538
20062	9356	9360
20063	9751	10736
20064	9754	9763
20065	602	3800
20066	10958	11192
20067	11679	11772
20068	11497	11516
20069	12529	12551
20070	630	673
20071	14719	14983
20072	635	1402
20073	18781	788
20074	1450	1471
20075	18870	18860
20076	99	3323
20077	18932	142
20078	1585	1593
20079	19022	18930
20080	19063	871
20081	1650	1681
20082	1725	2573
20083	19431	8738
20084	19476	1327
20085	19551	1792
20086	103	1376
20087	19614	3230
20088	19628	538
20089	19639	1167
20090	19678	6745
20091	19755	906
20092	19767	19407
20093	19888	19689
20094	19915	2301
20095	19967	10557
20096	19977	19345
20097	20010	19892
20098	366	1502
20099	1970	4716
20100	2052	5557
20101	1968	3066
20102	2058	4921
20103	174	204
20104	2114	9108
20105	2262	2266
20106	2473	2506
20107	2499	3895
20108	2521	6205
20109	2767	2769
20110	2711	5784
20111	897	2241
20112	2992	3806
20113	985	987
20114	214	500
20115	221	222
20116	3765	10298
20117	1063	1256
20118	3742	3743
20119	3786	3787
20120	1011	3096
20121	3820	3848
20122	135	719
20123	3882	5367
20124	4075	4098
20125	4138	4158
20126	4251	5249
20127	4707	7040
20128	534	2152
20129	4987	5016
20130	5106	5680
20131	5072	10188
20132	5071	5554
20133	5230	7293
20134	5372	9178
20135	5630	5719
20136	5879	5892
20137	5860	6601
20138	6313	6319
20139	279	291
20140	7088	7090
20141	1280	1286
20142	8303	11432
20143	8631	13941
20144	8653	8680
20145	1316	1340
20146	9019	9021
20147	11501	11502
20148	11853	11855
20149	12528	12535
20150	13253	13259
20151	14943	14975
20152	16048	16058
20153	151	7134
20154	1497	6857
20155	18929	3886
20156	328	1727
20157	332	2911
20158	19002	2602
20159	19174	3578
20160	19259	3707
20161	19348	1579
20162	19408	2283
20163	733	804
20164	19508	3144
20165	19539	4531
20166	19652	19600
20167	19679	7980
20168	19703	3640
20169	19702	2935
20170	19771	8250
20171	19770	484
20172	19774	3322
20173	19839	19576
20174	19868	19642
20175	19898	4550
20176	19927	2367
20177	19970	19086
20178	368	850
20179	20060	19976
20180	794	4340
20181	374	2678
20182	395	1124
20183	15	645
20184	387	1306
20185	387	4806
20186	825	1380
20187	391	436
20188	2299	2300
20189	20104	8648
20190	2441	4460
20191	2394	10213
20192	2489	2498
20193	2610	2615
20194	2925	6273
20195	3143	3147
20196	999	1009
20197	3518	3537
20198	1019	1033
20199	1067	3217
20200	3821	3838
20201	236	248
20202	1074	4585
20203	4072	4109
20204	4297	4342
20205	250	3062
20206	4370	4397
20207	1109	1249
20208	4702	4714
20209	4957	4958
20210	4974	5025
20211	4998	5028
20212	550	612
20213	5630	8244
20214	5676	5679
20215	1199	10804
20216	6129	6131
20217	6186	6202
20218	6272	6327
20219	6223	6228
20220	7082	9215
20221	7021	7023
20222	7305	9720
20223	7522	7530
20224	8668	8698
20225	8710	11678
20226	9069	9083
20227	10585	10587
20228	11031	11424
20229	11500	11513
20230	11753	11782
20231	12536	12550
20232	1383	1386
20233	14957	14986
20234	6	303
20235	19154	777
20236	19178	1562
20237	19323	19298
20238	19185	8618
20239	19219	1941
20240	19243	1852
20241	19284	6511
20242	19346	19069
20243	19419	2764
20244	1776	6238
20245	19479	19329
20246	19605	603
20247	19618	5999
20248	19743	18855
20249	19741	3456
20250	19821	11862
20251	19808	2582
20252	19849	4946
20253	19877	9014
20254	19769	19128
20255	20007	19938
20256	19950	19817
20257	19955	4504
20258	20055	7614
20259	20159	19907
20260	2182	9070
20261	2348	2383
20262	192	11923
20263	409	438
20264	20189	9099
20265	2658	2669
20266	116	131
20267	2813	3275
20268	446	447
20269	123	127
20270	480	3420
20271	3464	3465
20272	3544	5802
20273	3654	3900
20274	3822	3845
20275	1075	4581
20276	4071	4103
20277	1085	1113
20278	4202	7399
20279	4441	4450
20280	1130	1163
20281	5020	11298
20282	5540	5544
20283	5847	5857
20284	5861	5864
20285	5941	10306
20286	6055	10207
20287	6125	6127
20288	6204	6206
20289	6509	7156
20290	6625	6650
20291	7014	7017
20292	7252	7263
20293	7332	7335
20294	7591	9214
20295	7672	11339
20296	8395	10795
20297	8342	8353
20298	8556	8563
20299	8702	8705
20300	9053	9079
20301	9049	9278
20302	9229	13481
20303	9372	9378
20304	10922	11431
20305	11499	11518
20306	11750	11789
20307	12532	12544
20308	12879	12882
20309	13502	13520
20310	14947	14964
20311	1393	1429
20312	1406	1430
20313	18818	873
20314	18859	2030
20315	18921	1251
20316	19051	290
20317	19074	723
20318	19081	18859
20319	19424	1574
20320	19163	7167
20321	19159	18916
20322	19192	1083
20323	19276	2247
20324	19435	19145
20325	19433	1819
20326	19449	1066
20327	19490	2003
20328	19455	5667
20329	19511	19198
20330	1816	1845
20331	164	1848
20332	19940	19773
20333	19740	727
20334	19761	2583
20335	19762	19579
20336	19813	3703
20337	19829	9095
20338	19833	2059
20339	19840	18856
20340	19889	19799
20341	19912	19263
20342	19918	19709
20343	19960	11790
20344	19953	3331
20345	19962	8528
20346	20129	20052
20347	1967	3708
20348	20144	8660
20349	20174	20061
20350	1969	9916
20351	20210	19456
20352	20225	11989
20353	20257	20026
20354	105	7549
20355	2051	3266
20356	2054	2056
20357	2104	5273
20358	109	1949
20359	2159	5397
20360	396	2584
20361	402	601
20362	415	2232
20363	2654	3428
20364	422	641
20365	957	4908
20366	961	4993
20367	20264	9118
20368	3133	3185
20369	1012	7648
20370	3443	3444
20371	3582	3587
20372	3826	3847
20373	3886	10226
20374	3942	3944
20375	4066	4093
20376	4174	8205
20377	4379	4479
20378	4447	4459
20379	4472	4477
20380	4571	4804
20381	4972	5031
20382	1137	1162
20383	5088	5095
20384	5271	5624
20385	5418	5421
20386	5668	6836
20387	5669	5671
20388	5711	6830
20389	6198	6200
20390	6155	6156
20391	5849	5851
20392	1224	6388
20393	6515	7169
20394	7015	7024
20395	7185	7983
20396	7366	7379
20397	7378	7422
20398	1266	3485
20399	7920	8156
20400	8039	8040
20401	8141	8142
20402	8346	8355
20403	9052	9058
20404	9156	9212
20405	9715	9723
20406	9793	13439
20407	9871	12840
20408	10790	10794
20409	11289	11296
20410	11404	11422
20411	11498	11517
20412	11752	11787
20413	12531	12548
20414	14946	14978
20415	1388	1390
20416	650	665
20417	18794	410
20418	1466	2942
20419	1418	1524
20420	1635	1668
20421	19258	19100
20422	19378	5173
20423	19411	1282
20424	19413	1142
20425	19427	5173
20426	19447	4571
20427	19495	19325
20428	1807	3235
20429	19516	3291
20430	737	9410
20431	19594	19287
20432	19570	179
20433	19630	19589
20434	19691	2327
20435	1877	2550
20436	19735	19150
20437	1886	2245
20438	1882	5869
20439	19756	10014
20440	1904	1906
20441	19894	8842
20442	19908	386
20443	19959	4850
20444	19964	19509
20445	19969	8673
20446	19973	19623
20447	19998	497
20448	20033	19622
20449	20053	5094
20450	20130	20040
20451	20154	20051
20452	20148	11852
20453	20208	2969
20454	20227	10577
20455	171	1619
20456	20285	10307
20457	20287	20216
20458	20301	9280
20459	20325	1792
20460	20330	1829
20461	20346	20211
20462	20348	20224
20463	20349	20255
20464	378	2795
20465	0	16
20466	185	420
20467	2378	2391
20468	414	457
20469	56	1949
20470	2589	15181
20471	2595	2606
20472	199	852
20473	2693	2696
20474	885	890
20475	2660	2677
20476	903	928
20477	2858	3631
20478	2958	3148
20479	2843	2847
20480	3145	4744
20481	1000	5765
20482	3481	3491
20483	3650	4893
20484	3830	3841
20485	3833	4090
20486	4085	4097
20487	4206	7260
20488	4391	4393
20489	4446	4458
20490	4480	4482
20491	1164	1237
20492	4876	9459
20493	261	3146
20494	5101	5602
20495	5216	6005
20496	5426	9289
20497	5450	9666
20498	5541	6639
20499	1228	1567
20500	35	1001
20501	7020	7038
20502	7044	7060
20503	7050	7176
20504	7334	7351
20505	7985	7986
20506	7826	9409
20507	7917	7921
20508	7932	7961
20509	1274	6459
20510	1289	6165
20511	8177	8204
20512	8810	9123
20513	8818	8819
20514	9005	9020
20515	9051	9065
20516	9161	9188
20517	9160	9170
20518	11274	11297
20519	11406	11414
20520	11504	11510
20521	11755	11771
20522	12530	12549
20523	11972	11975
20524	13409	13422
20525	14950	14966
20526	18772	3009
20527	1422	1469
20528	1585	4439
20529	19011	18808
20530	1602	2052
20531	19109	1974
20532	19195	13384
20533	19303	2587
20534	4	184
20535	19426	3652
20536	1785	4819
20537	19478	2631
20538	19496	8850
20539	19519	9637
20540	19535	298
20541	19537	5507
20542	19541	570
20543	19561	4443
20544	1830	8608
20545	19634	5766
20546	19650	3520
20547	19674	5501
20548	19701	6213
20549	19751	19707
20550	19757	3749
20551	19900	19790
20552	19921	393
20553	19933	5441
20554	20002	770
20555	20047	19978
20556	20090	6756
20557	20108	6196
20558	20139	19961
20559	20215	10789
20560	20119	3792
20561	20158	2051
20562	20258	19706
20563	20250	19878
20564	20297	8350
20565	20309	13519
20566	20319	730
20567	20328	20214
20568	20340	20236
20569	20371	20259
20570	20385	20032
20571	20445	20299
20572	2048	5264
20573	172	1020
20574	838	2398
20575	375	599
20576	816	1597
20577	788	881
20578	2227	4417
20579	2252	2261
20580	15	209
20581	403	3030
20582	2384	5377
20583	2369	4434
20584	2250	2295
20585	2409	10219
20586	2530	2567
20587	2556	5623
20588	2559	2569
20589	2588	8247
20590	2655	2656
20591	902	913
20592	2789	4003
20593	943	1072
20594	2929	3049
20595	2944	2948
20596	2981	2996
20597	449	469
20598	3032	3047
20599	3053	7505
20600	3151	11011
20601	994	4542
20602	3360	10930
20603	3525	5534
20604	3755	16059
20605	231	246
20606	3825	3833
20607	3480	3492
20608	3999	5946
20609	4079	4101
20610	4119	7001
20611	4134	4142
20612	4187	4190
20613	1098	1116
20614	139	4348
20615	4742	5146
20616	4774	4775
20617	1127	1205
20618	4922	5825
20619	5012	6711
20620	1150	1639
20621	5104	8042
20622	1154	1262
20623	5663	9482
20624	5605	8633
20625	5703	5720
20626	6424	6425
20627	7000	7075
20628	7019	7036
20629	7105	9295
20630	7116	7117
20631	7367	7378
20632	7950	7951
20633	1270	8561
20634	8173	8183
20635	9050	9066
20636	8997	8999
20637	9154	9203
20638	9106	9110
20639	285	353
20640	11232	13701
20641	11407	11425
20642	11272	11285
20643	11509	11512
20644	11754	11763
20645	1380	4240
20646	12534	12545
20647	1382	1399
20648	13408	13431
20649	14949	14965
20650	1437	3040
20651	1540	5738
20652	19033	7265
20653	341	1361
20654	1618	3861
20655	19177	2662
20656	1663	1667
20657	19194	2769
20658	19197	206
20659	1739	1742
20660	19374	724
20661	19065	1568
20662	728	5787
20663	1784	2614
20664	19505	18949
20665	19409	844
20666	19558	6719
20667	19661	7168
20668	19748	6134
20669	19794	19305
20670	19831	10640
20671	19852	19672
20672	19847	3885
20673	19963	1902
20674	19965	868
20675	20096	19401
20676	20083	11183
20677	20085	1850
20678	20095	10563
20679	20093	516
20680	20138	6320
20681	20150	19683
20682	20168	3639
20683	20173	929
20684	20175	9855
20685	20260	20179
20686	20279	20190
20687	20288	20217
20688	20343	20067
20689	20407	6402
20690	20408	20296
20691	20427	4825
20692	20434	2317
20693	20436	20256
20694	20456	10308
20695	20470	15175
20696	20504	19148
20697	20555	20379
20698	20564	20402
20699	20567	20450
20700	20568	20451
20701	777	1233
20702	783	784
20703	2109	3267
20704	2099	2189
20705	801	3207
20706	2111	2125
20707	819	822
20708	837	1391
20709	2268	2289
20710	2350	2353
20711	850	851
20712	2367	7387
20713	2385	2796
20714	2479	2566
20715	2585	3061
20716	2637	2639
20717	2623	3327
20718	423	427
20719	2695	3630
20720	896	2063
20721	2925	2928
20722	2932	5897
20723	2943	5019
20724	2968	3785
20725	2751	10530
20726	2998	3004
20727	971	8246
20728	975	5345
20729	3077	3665
20730	994	1014
20731	20609	2040
20732	3263	4909
20733	483	3213
20734	26	1275
20735	3710	3866
20736	3836	3837
20737	3889	10220
20738	1084	4749
20739	246	7492
20740	4400	4412
20741	256	2334
20742	4807	5632
20743	258	3879
20744	5002	5281
20745	5022	5036
20746	5135	5161
20747	5358	5359
20748	1177	1236
20749	1187	1254
20750	1206	1381
20751	6087	6094
20752	6077	12471
20753	6219	6651
20754	6465	6467
20755	6945	7141
20756	7016	7033
20757	7084	7086
20758	7326	9132
20759	7936	7968
20760	8120	11574
20761	8172	8191
20762	8564	8570
20763	1308	2298
20764	8766	8767
20765	20399	10915
20766	9057	9082
20767	9109	9112
20768	9165	9177
20769	9269	9271
20770	9457	9460
20771	11405	11419
20772	11506	11514
20773	11759	11778
20774	11977	11982
20775	12273	12274
20776	12533	12546
20777	12956	16418
20778	13419	13436
20779	14745	14747
20780	14954	14984
20781	16047	16057
20782	637	7365
20783	18796	635
20784	18863	5349
20785	1546	1561
20786	18904	6312
20787	1743	1757
20788	18983	341
20789	19080	1741
20790	159	1234
20791	19422	3138
20792	19577	2371
20793	19567	1609
20794	1836	5604
20795	19649	19532
20796	1849	5775
20797	19624	18941
20798	19673	740
20799	19686	9871
20800	19765	4910
20801	19910	19171
20802	19935	5881
20803	19983	19916
20804	19995	4204
20805	20072	1299
20806	20099	19501
20807	20107	19776
20808	20080	862
20809	20166	218
20810	20177	11275
20811	20187	444
20812	20241	19986
20813	20373	1651
20814	20435	2616
20815	20448	2664
20816	20449	5108
20817	20461	19843
20818	20489	20378
20819	20476	20091
20820	20532	13383
20821	20538	323
20822	20542	20029
20823	20557	20389
20824	20598	3006
20825	20636	20253
20826	20690	20559
20827	178	199
20828	809	5469
20829	392	425
20830	2231	2237
20831	2245	7591
20832	401	416
20833	2320	6181
20834	402	516
20835	2455	2486
20836	867	1685
20837	2634	2652
20838	878	2180
20839	2735	11872
20840	201	5247
20841	2736	2768
20842	2800	8494
20843	2873	2877
20844	2852	3165
20845	2957	3045
20846	208	1052
20847	63	2070
20848	3076	3114
20849	3083	5267
20850	3107	3328
20851	124	5575
20852	20731	1374
20853	216	580
20854	3319	7938
20855	3555	9046
20856	994	2246
20857	230	6786
20858	3814	5339
20859	3832	3854
20860	3880	4523
20861	511	698
20862	245	1373
20863	4129	6859
20864	4343	4346
20865	4496	10218
20866	4575	6674
20867	17	783
20868	4739	4769
20869	4850	6918
20870	4953	8236
20871	264	350
20872	5453	5455
20873	5702	9296
20874	5992	6003
20875	6177	6178
20876	575	778
20877	6577	6582
20878	6850	8059
20879	7027	7031
20880	7181	13209
20881	280	2609
20882	7279	7431
20883	7934	7976
20884	8136	8137
20885	8176	8186
20886	8537	8729
20887	8357	12898
20888	8551	8557
20889	8942	10195
20890	1323	3239
20891	9061	9077
20892	9171	9213
20893	9102	10533
20894	9107	9122
20895	9166	9211
20896	9191	9208
20897	10914	10925
20898	1379	1409
20899	11410	11428
20900	9456	9458
20901	11511	11515
20902	11768	11777
20903	11976	11995
20904	12272	12275
20905	12537	12547
20906	13156	13158
20907	13411	13429
20908	14962	14967
20909	16042	16050
20910	16011	16012
20911	99	691
20912	1460	3780
20913	1475	3764
20914	18899	1725
20915	155	5697
20916	155	8645
20917	18963	839
20918	693	4914
20919	1586	1592
20920	1590	1612
20921	19007	5504
20922	19256	7
20923	1717	2358
20924	19310	2408
20925	1744	8362
20926	19330	9350
20927	19372	4468
20928	19497	1033
20929	19528	1345
20930	19564	4728
20931	19489	1220
20932	19543	19108
20933	19598	358
20934	19609	4711
20935	19653	3094
20936	19665	6404
20937	19669	6300
20938	19696	19267
20939	1886	7251
20940	19786	1670
20941	19811	7065
20942	19853	475
20943	19859	717
20944	19876	318
20945	19893	6653
20946	19971	3097
20947	19975	8836
20948	1888	3052
20949	20018	108
20950	20021	10297
20951	20066	9306
20952	20076	19080
20953	20092	870
20954	1955	8452
20955	20081	1680
20956	20106	20037
20957	20110	1854
20958	20137	6612
20959	20145	1348
20960	1972	14393
20961	20206	4404
20962	20303	9379
20963	20337	10487
20964	20409	20281
20965	2012	3885
20966	20447	20075
20967	20457	3217
20968	20548	6655
20969	20550	5832
20970	20562	9149
20971	20667	20393
20972	20614	4355
20973	20684	19111
20974	20698	8347
20975	20699	5673
20976	20709	2284
20977	20789	20431
20978	20811	20597
20979	20818	20686
20980	20823	20687
20981	2112	2167
20982	838	884
20983	22	1008
20984	404	1076
20985	2363	2386
20986	2454	4800
20987	2602	9775
20988	2696	5521
20989	2701	3766
20990	2749	2757
20991	943	972
20992	2937	8886
20993	2963	3037
20994	958	11694
20995	963	5959
20996	3004	7397
20997	3067	3074
20998	3166	3176
20999	212	214
21000	475	6479
21001	1031	2937
21002	1037	11674
21003	3632	3643
21004	3649	6062
21005	3668	5306
21006	3772	6144
21007	20852	4080
21008	3820	13144
21009	510	1456
21010	135	1776
21011	3905	7328
21012	4098	11581
21013	4377	4647
21014	1107	1355
21015	4578	4579
21016	4743	4766
21017	20865	10202
21018	533	5393
21019	4869	4873
21020	4930	4977
21021	5267	9018
21022	5323	5333
21023	5489	6429
21024	5724	9006
21025	5759	7839
21026	5916	6412
21027	5960	7485
21028	6010	6013
21029	6287	6321
21030	6288	6299
21031	6393	13456
21032	6465	8647
21033	6598	9965
21034	6738	8119
21035	6954	6958
21036	7030	7032
21037	7034	14264
21038	7070	7080
21039	7170	11085
21040	7190	10112
21041	7933	7958
21042	7522	13211
21043	1269	1298
21044	8175	8184
21045	8550	8554
21046	9068	9081
21047	9126	9131
21048	9198	9206
21049	1363	4137
21050	9954	16748
21051	10319	10322
21052	10578	10580
21053	10917	10920
21054	1377	1459
21055	11418	11429
21056	11706	12693
21057	11775	11776
21058	11503	11505
21059	11861	11870
21060	11973	11985
21061	12542	12543
21062	13414	13430
21063	14977	14979
21064	15183	15186
21065	16052	16053
21066	15878	15881
21067	633	11705
21068	18658	18660
21069	1410	5394
21070	18789	6271
21071	18801	1841
21072	18854	9163
21073	1482	8957
21074	1531	1539
21075	18881	3020
21076	1565	2643
21077	1588	2533
21078	1631	6615
21079	18958	3859
21080	19167	796
21081	1764	2608
21082	19367	810
21083	19390	591
21084	19530	10569
21085	19596	4125
21086	19654	3840
21087	1853	3364
21088	19795	6100
21089	19848	4673
21090	19879	1573
21091	750	1762
21092	19896	19682
21093	19934	3550
21094	19931	19250
21095	19957	2206
21096	19958	3046
21097	20035	1567
21098	20057	7156
21099	1954	1960
21100	20098	1503
21101	20115	10073
21102	20132	6575
21103	20136	5844
21104	20164	3706
21105	20165	4509
21106	20188	19760
21107	20192	19806
21108	20232	1400
21109	764	3285
21110	20246	518
21111	171	200
21112	20278	7430
21113	20290	755
21114	20463	6183
21115	20492	18865
21116	20508	7953
21117	20531	19759
21118	20558	19359
21119	20560	20446
21120	20589	19685
21121	20630	7129
21122	20642	20518
21123	20616	14364
21124	20669	20488
21125	20697	20199
21126	20740	20578
21127	20745	20351
21128	20787	1756
21129	20850	1737
21130	20873	9301
21131	20878	8062
21132	20884	20401
21133	2195	4293
21134	790	800
21135	2127	2177
21136	2131	5289
21137	2141	2150
21138	2	111
21139	825	7205
21140	2205	2617
21141	2197	2198
21142	2204	5705
21143	2217	2232
21144	849	880
21145	842	886
21146	2313	6744
21147	2360	2376
21148	856	2212
21149	2536	4212
21150	2631	5105
21151	873	9676
21152	2648	3882
21153	2677	6398
21154	424	459
21155	2722	9602
21156	2930	3734
21157	434	458
21158	958	971
21159	3007	9877
21160	210	1000
21161	3168	5515
21162	990	8853
21163	3215	9777
21164	3216	4643
21165	3287	3303
21166	3414	3415
21167	3469	6224
21168	3752	3756
21169	3905	7003
21170	4292	4353
21171	4327	9920
21172	4436	4437
21173	253	4063
21174	4603	4604
21175	4689	6478
21176	4793	4794
21177	536	580
21178	4975	5048
21179	5074	9424
21180	5087	6160
21181	5094	5539
21182	5322	5338
21183	5376	5392
21184	5375	6334
21185	5403	9373
21186	5716	13143
21187	5670	5685
21188	5729	6609
21189	6129	11153
21190	6135	7178
21191	6224	9991
21192	6250	6253
21193	6282	6297
21194	6006	6009
21195	6602	6608
21196	6577	12324
21197	6634	6646
21198	6623	6624
21199	9169	9173
21200	6815	10477
21201	6926	6938
21202	7028	7029
21203	6946	6965
21204	7037	13893
21205	7073	7082
21206	7047	7056
21207	7316	7369
21208	7413	12204
21209	7761	7820
21210	7957	7963
21211	8012	8032
21212	21047	9121
21213	8174	8201
21214	8153	8154
21215	8308	10796
21216	8352	8354
21217	8501	10491
21218	8548	8559
21219	8658	8694
21220	8651	11882
21221	1341	1355
21222	9060	9071
21223	9010	9023
21224	9430	12898
21225	10205	10208
21226	10313	10316
21227	10809	10811
21228	11415	11433
21229	10916	10922
21230	1380	1389
21231	11568	11580
21232	11758	11761
21233	11859	11877
21234	12540	12541
21235	11974	11996
21236	12220	12221
21237	12684	12691
21238	13028	13029
21239	630	639
21240	13418	13438
21241	13565	13575
21242	14959	14960
21243	15869	15880
21244	16049	16051
21245	18103	18105
21246	18659	18663
21247	18776	543
21248	1409	1939
21249	12	75
21250	1413	1476
21251	99	135
21252	679	4949
21253	1501	1514
21254	18861	761
21255	702	3019
21256	1638	2630
21257	19095	470
21258	343	4431
21259	344	2800
21260	18988	6022
21261	19211	4652
21262	720	3286
21263	19366	1916
21264	725	3899
21265	19403	2762
21266	1786	4707
21267	1821	1825
21268	19571	19421
21269	19583	19288
21270	19677	19574
21271	19714	12031
21272	19734	7257
21273	19779	2205
21274	19782	10303
21275	1901	1912
21276	19897	1065
21277	19901	19504
21278	19939	300
21279	19996	19231
21280	20006	7737
21281	20030	3055
21282	20050	4802
21283	20062	9346
21284	20078	1596
21285	20117	20011
21286	20089	1119
21287	20182	8829
21288	20222	9717
21289	20220	20134
21290	20251	19189
21291	20262	11921
21292	1999	2007
21293	20283	18904
21294	20302	13478
21295	20344	1519
21296	20377	4481
21297	20433	20318
21298	2015	2719
21299	20424	19358
21300	20454	10576
21301	20459	19587
21302	20458	15073
21303	20496	2762
21304	20527	1420
21305	20537	19248
21306	20569	3552
21307	20570	5416
21308	20583	19680
21309	20608	19827
21310	20621	2638
21311	20657	7783
21312	20703	3268
21313	20723	5045
21314	20738	4765
21315	20775	19895
21316	20777	12958
21317	20795	19692
21318	20813	10225
21319	20841	2752
21320	20896	20685
21321	20900	20770
21322	20964	20810
21323	20971	20812
21324	20979	4457
21325	20999	20658
21326	2061	2539
21327	21042	20880
21328	21114	20779
21329	21127	20931
21330	2125	2215
21331	2129	5627
21332	2147	2157
21333	182	474
21334	2207	6450
21335	184	511
21336	2268	3274
21337	401	7969
21338	2308	2332
21339	191	9608
21340	2318	5293
21341	2320	4219
21342	2375	2394
21343	2355	4657
21344	2392	13509
21345	410	9151
21346	412	5128
21347	54	335
21348	2554	5167
21349	866	892
21350	2588	2598
21351	2695	3914
21352	2715	5485
21353	882	6120
21354	2728	7329
21355	25	413
21356	429	3802
21357	2721	6391
21358	2852	4162
21359	2929	5383
21360	926	939
21361	2926	12055
21362	944	3189
21363	945	9386
21364	2962	3026
21365	207	5809
21366	470	1931
21367	3157	6326
21368	21161	4149
21369	1002	2923
21370	3275	6395
21371	3404	5987
21372	3574	4295
21373	501	5015
21374	3693	3696
21375	3700	5853
21376	230	6736
21377	507	3692
21378	3682	3687
21379	3755	10866
21380	3793	3809
21381	4054	11474
21382	3905	7347
21383	3862	7507
21384	4289	4322
21385	1093	1230
21386	4307	4316
21387	4500	8418
21388	4664	4674
21389	532	604
21390	4823	13947
21391	69	253
21392	4872	4874
21393	5200	10948
21394	5215	7307
21395	5249	6075
21396	5312	5332
21397	5368	5563
21398	5388	5389
21399	5381	6375
21400	5457	10135
21401	5450	6443
21402	21193	6277
21403	555	850
21404	1183	1224
21405	5702	5704
21406	560	2182
21407	5818	5822
21408	6029	9787
21409	6473	6475
21410	6573	6581
21411	6637	6645
21412	6732	6734
21413	6871	8753
21414	7068	7089
21415	7025	7026
21416	145	761
21417	7533	7535
21418	1267	1285
21419	7365	7371
21420	8017	8030
21421	1277	6920
21422	20515	1613
21423	8180	8196
21424	8258	8260
21425	8562	8569
21426	8608	8615
21427	8654	8724
21428	8908	12207
21429	1320	10984
21430	9114	9117
21431	9294	9303
21432	1346	4807
21433	9421	9422
21434	9445	14642
21435	1356	1918
21436	9718	9731
21437	9986	10010
21438	1354	3105
21439	9904	9911
21440	10311	10312
21441	10209	10215
21442	10918	10923
21443	1377	1548
21444	11148	11152
21445	11210	11213
21446	11409	11413
21447	11566	11582
21448	11680	11681
21449	11858	11867
21450	11981	11983
21451	21234	12538
21452	13019	16874
21453	13130	13136
21454	13417	13435
21455	15874	15875
21456	18661	18674
21457	1395	6731
21458	313	678
21459	1467	7355
21460	18850	119
21461	318	1565
21462	18857	1533
21463	1536	3946
21464	18913	3007
21465	18927	4744
21466	18970	2472
21467	1586	3060
21468	157	173
21469	1606	1619
21470	701	2549
21471	19020	3767
21472	1697	1869
21473	723	1932
21474	19328	18943
21475	19420	3098
21476	19423	3189
21477	19515	19002
21478	19525	10970
21479	19546	19481
21480	19536	1398
21481	164	187
21482	19586	14961
21483	19617	1480
21484	19625	624
21485	19704	4453
21486	19727	11508
21487	19695	1564
21488	19814	19747
21489	19875	1283
21490	19885	502
21491	19913	18772
21492	19992	2618
21493	19997	19820
21494	20009	289
21495	20114	1843
21496	20113	945
21497	20131	10189
21498	20193	5349
21499	20162	2278
21500	20198	19296
21501	20230	11762
21502	20280	20207
21503	20322	2838
21504	20332	20146
21505	20355	1269
21506	20400	5615
21507	20404	20294
21508	20423	20152
21509	20442	19387
21510	20468	20263
21511	20513	8825
21512	20536	4587
21513	20546	19606
21514	20600	20213
21515	20605	219
21516	20671	20549
21517	20691	19974
21518	20742	20587
21519	20815	19434
21520	20816	19210
21521	20828	5514
21522	20837	20716
21523	20849	20357
21524	20857	7509
21525	20875	19972
21526	20950	20591
21527	20938	19357
21528	20946	19810
21529	20975	9009
21530	20983	20196
21531	21040	20506
21532	21048	20895
21533	21056	12690
21534	21084	20678
21535	21085	20084
21536	21097	20868
21537	21159	9872
21538	21215	10791
21539	21241	13563
21540	21300	21052
21541	21315	20904
21542	21319	20990
21543	21321	21115
21544	21322	21122
21545	791	797
21546	2135	2160
21547	2136	2192
21548	2145	2166
21549	47	1795
21550	395	2122
21551	2227	4105
21552	2274	2774
21553	2282	4717
21554	2317	2532
21555	2351	2374
21556	2387	2392
21557	2370	2552
21558	2429	3781
21559	411	965
21560	2538	5519
21561	2544	3343
21562	2559	3335
21563	2589	7468
21564	2593	2621
21565	2616	5291
21566	2616	6937
21567	2666	2675
21568	2554	2576
21569	2710	7560
21570	2687	2688
21571	2813	9886
21572	2936	8803
21573	2945	2951
21574	954	982
21575	2964	2995
21576	2999	13010
21577	460	509
21578	987	3863
21579	3123	5422
21580	992	1674
21581	3489	5721
21582	1012	5538
21583	3302	7106
21584	1019	2268
21585	3375	3384
21586	3427	3430
21587	3493	3498
21588	3548	3560
21589	3608	9512
21590	3611	3939
21591	3674	5888
21592	3712	3719
21593	3744	6442
21594	3868	3871
21595	4004	7817
21596	4129	4133
21597	21381	11465
21598	4308	4358
21599	4323	4337
21600	1097	1229
21601	4523	4526
21602	4660	4663
21603	4776	4777
21604	4959	11561
21605	4986	5063
21606	5043	6192
21607	542	608
21608	5271	5723
21609	5280	15025
21610	5300	5308
21611	71	923
21612	5406	5410
21613	5436	11732
21614	5368	5384
21615	5498	5508
21616	5602	5603
21617	5768	5785
21618	5867	6758
21619	5896	9869
21620	6142	10335
21621	1210	6914
21622	6209	8413
21623	6280	6315
21624	6359	7989
21625	6333	10867
21626	6469	6472
21627	21408	8377
21628	6584	6586
21629	6692	7181
21630	6746	13521
21631	6889	6893
21632	7078	7081
21633	7151	9139
21634	7313	7316
21635	7338	10422
21636	7482	7487
21637	7550	7586
21638	7785	7790
21639	7791	10813
21640	593	6185
21641	7911	12492
21642	7974	7987
21643	8018	8029
21644	8192	8193
21645	8227	14923
21646	21422	9055
21647	8549	8553
21648	8555	9152
21649	8656	8712
21650	1310	4881
21651	8684	8721
21652	8807	8808
21653	9229	9893
21654	9563	9564
21655	9901	9907
21656	1349	6762
21657	9995	10005
21658	10028	14742
21659	10210	10216
21660	10390	10402
21661	10514	11190
21662	10921	10929
21663	11139	11161
21664	11567	11577
21665	11199	11216
21666	11588	11590
21667	11659	16551
21668	11868	11869
21669	11803	11807
21670	11979	11991
21671	13133	13141
21672	13433	13437
21673	15581	15583
21674	15872	15885
21675	90	4241
21676	16871	16873
21677	18664	18670
21678	636	7561
21679	1404	1438
21680	299	626
21681	18814	202
21682	1445	2001
21683	18830	2050
21684	679	1268
21685	322	1706
21686	1524	11143
21687	1587	6709
21688	1587	6667
21689	330	340
21690	19007	719
21691	1602	3241
21692	1648	8611
21693	19074	9234
21694	344	360
21695	1667	2096
21696	19132	18993
21697	19195	12539
21698	1709	4693
21699	19233	1243
21700	19384	7928
21701	19398	9111
21702	1775	5400
21703	19451	1526
21704	19477	410
21705	19522	2929
21706	1822	2050
21707	19582	1208
21708	19592	1263
21709	19603	1865
21710	19616	2057
21711	19716	19602
21712	19750	18882
21713	19819	1948
21714	19816	19645
21715	19923	19861
21716	19857	3471
21717	19858	13986
21718	19884	833
21719	19906	19647
21720	19941	19882
21721	19946	3347
21722	19987	18774
21723	20043	1794
21724	20157	2609
21725	20169	2934
21726	20183	672
21727	20273	317
21728	20289	6516
21729	20312	19336
21730	20333	19835
21731	20331	1831
21732	20380	20000
21733	20381	5068
21734	20412	20306
21735	20443	9950
21736	20491	20382
21737	20580	655
21738	20596	3030
21739	20613	20324
21740	20631	20396
21741	2046	2086
21742	20637	20516
21743	20694	10310
21744	20781	20604
21745	774	3785
21746	20794	5618
21747	20825	20514
21748	20874	20495
21749	20872	20553
21750	20871	3061
21751	20911	1381
21752	20930	2052
21753	20944	12903
21754	20949	20212
21755	20956	20803
21756	21016	2206
21757	2053	2091
21758	21032	20143
21759	21090	20919
21760	21142	5717
21761	21126	4419
21762	21129	1383
21763	21141	2186
21764	21174	4547
21765	21184	4711
21766	21157	19451
21767	21216	20974
21768	21238	13031
21769	2061	2218
21770	21294	5896
21771	785	2770
21772	21305	21014
21773	21325	4
21774	21327	13208
21775	21363	20962
21776	21364	20341
21777	21404	19489
21778	21428	21208
21779	21513	20924
21780	21532	21199
21781	21533	21237
21782	21536	21314
21783	786	1583
21784	21662	10924
21785	21664	11571
21786	21666	1916
21787	21667	16552
21788	21668	11865
21789	21670	11984
21790	21671	13132
21791	21672	13425
21792	21674	15873
21793	21676	20820
21794	21677	18668
21795	21682	1984
21796	21683	21265
21797	21686	20995
21798	21696	879
21799	21697	20004
21800	21700	19968
21801	21701	19728
21802	21711	19862
21803	21713	20044
21804	21714	20038
21805	21715	20046
21806	21719	20071
21807	21720	20068
21808	21734	20521
21809	21736	20622
21810	21742	20768
21811	21743	21051
21812	21744	20909
21813	21747	21021
21814	21748	21028
21815	21755	21107
21816	21758	21390
21817	21772	21522
21818	108	555
21819	805	1866
21820	2123	13499
21821	387	395
21822	2140	2158
21823	818	6891
21824	2172	9758
21825	2253	8245
21826	399	11169
21827	2260	2280
21828	2291	3694
21829	405	1798
21830	2511	5111
21831	2536	2545
21832	2537	6837
21833	2356	2385
21834	2560	2586
21835	863	2927
21836	415	2207
21837	2690	2698
21838	114	121
21839	2589	14736
21840	2597	2620
21841	2674	2961
21842	2670	2681
21843	2744	5823
21844	2738	2763
21845	2740	6391
21846	17	510
21847	2779	5645
21848	2862	10744
21849	430	1052
21850	206	3273
21851	961	984
21852	2980	2982
21853	2986	3015
21854	968	5357
21855	3059	3085
21856	3093	3110
21857	3126	5364
21858	3132	4179
21859	996	997
21860	3209	4250
21861	3256	3519
21862	3425	3426
21863	1002	2210
21864	3278	10240
21865	482	4277
21866	3289	3302
21867	3368	5362
21868	1017	2428
21869	488	1091
21870	3421	3440
21871	495	7723
21872	1023	1064
21873	505	874
21874	132	2194
21875	3819	7583
21876	4053	4104
21877	3892	3894
21878	3943	3945
21879	26	962
21880	4085	11530
21881	4155	4164
21882	4232	5543
21883	4260	5166
21884	4318	4349
21885	4334	4351
21886	250	4821
21887	4466	4474
21888	519	1081
21889	4706	4729
21890	5487	5500
21891	1131	1152
21892	4712	8951
21893	4772	6680
21894	258	5165
21895	530	5013
21896	4728	7508
21897	4816	8479
21898	4899	5135
21899	4900	4905
21900	5023	5040
21901	4965	5280
21902	5000	6936
21903	5050	5058
21904	5073	11720
21905	5204	6892
21906	5295	5326
21907	21389	12
21908	5365	10825
21909	264	2648
21910	5495	5505
21911	5559	6400
21912	5570	5572
21913	5574	5831
21914	5699	5718
21915	5654	6234
21916	5752	5753
21917	5762	5780
21918	5894	5895
21919	6164	12911
21920	6303	6322
21921	6277	8410
21922	6331	6444
21923	6456	6468
21924	6431	6434
21925	6554	10858
21926	6537	7428
21927	278	1575
21928	6574	6579
21929	6622	10182
21930	6624	12876
21931	6732	15303
21932	6752	6754
21933	6788	6795
21934	7318	7323
21935	34	1512
21936	6909	14006
21937	6998	7059
21938	7236	7241
21939	7069	7074
21940	7605	12282
21941	7931	7943
21942	8019	8031
21943	8197	8200
21944	1304	5171
21945	8613	15007
21946	21647	8558
21947	21646	9075
21948	8664	8671
21949	8667	8725
21950	8730	9284
21951	8886	8894
21952	8821	8822
21953	605	2785
21954	1327	6274
21955	9148	9150
21956	9153	9201
21957	9245	16026
21958	9786	9789
21959	9509	9510
21960	9909	9915
21961	9929	12715
21962	10203	10206
21963	9998	10007
21964	1370	1373
21965	10573	10593
21966	11464	11466
21967	12045	12046
21968	13008	13009
21969	15026	15029
21970	14992	14993
21971	18773	861
21972	150	4306
21973	18778	834
21974	18780	65
21975	1410	1601
21976	302	1555
21977	304	14055
21978	1431	3629
21979	1473	7195
21980	1529	2126
21981	18899	3428
21982	18910	1929
21983	690	1371
21984	1570	2596
21985	18916	2746
21986	18977	894
21987	705	8757
21988	19033	2285
21989	1634	6626
21990	19102	2842
21991	1646	1655
21992	708	4726
21993	19215	3880
21994	1698	1940
21995	42	51
21996	1735	9483
21997	19375	1590
21998	1777	1778
21999	19436	1400
22000	162	9594
22001	19465	19132
22002	361	382
22003	736	4893
22004	19560	941
22005	21	166
22006	19643	19308
22007	1885	3969
22008	19805	394
22009	1889	7424
22010	19886	19513
22011	751	1814
22012	19943	7094
22013	19945	3688
22014	19947	9601
22015	20024	4414
22016	20027	6669
22017	20049	7343
22018	20125	5958
22019	20366	5005
22020	20356	2083
22021	20426	4657
22022	368	5301
22023	20464	6175
22024	20471	2604
22025	20576	6799
22026	20584	2276
22027	20607	20271
22028	20647	1395
22029	20670	1313
22030	20715	3056
22031	20728	5337
22032	20785	1552
22033	20804	3209
22034	20821	4712
22035	20826	10801
22036	20833	6180
22037	20855	9047
22038	20916	805
22039	20958	6595
22040	20968	4650
22041	20993	3014
22042	173	432
22043	21026	6411
22044	21111	192
22045	21130	19264
22046	21196	3686
22047	21227	20031
22048	21273	18991
22049	21291	11922
22050	21296	20490
22051	21307	288
22052	2066	4130
22053	21324	4445
22054	21344	13506
22055	21367	21035
22056	21413	8754
22057	21542	724
22058	21544	997
22059	21561	5997
22060	21562	20561
22061	21573	20595
22062	21629	7083
22063	21631	6895
22064	21636	20739
22065	21784	10919
22066	21679	20898
22067	21693	19870
22068	21794	18662
22069	21707	1138
22070	21712	2319
22071	21804	19980
22072	21722	20824
22073	21729	1421
22074	21732	21341
22075	21752	2723
22076	21760	20625
22077	21766	433
22078	21779	2023
22079	21780	9167
22080	21785	11572
22081	21787	16553
22082	21788	11863
22083	21789	11986
22084	21790	13135
22085	21791	13428
22086	21792	15876
22087	21793	21452
22088	21797	21189
22089	21798	20674
22090	21799	20069
22091	21800	20167
22092	21801	19812
22093	21802	19924
22094	21803	20127
22095	21805	20121
22096	21806	20151
22097	21807	20147
22098	21808	20644
22099	21809	20748
22100	21810	20892
22101	21811	21226
22102	21812	21065
22103	21813	21223
22104	21814	21194
22105	21815	21297
22106	21822	2139
22107	21824	9762
22108	21825	5017
22109	21833	1333
22110	21834	2580
22111	21837	21570
22112	21840	2619
22113	21842	19448
22114	21843	5796
22115	21848	10742
22116	21851	976
22117	21853	2967
22118	21862	607
22119	21870	20370
22120	21876	4081
22121	21881	631
22122	21882	5548
22123	21884	4315
22124	21885	4332
22125	21889	1304
22126	21890	561
22127	21891	1161
22128	21892	8944
22129	21897	8477
22130	21900	5018
22131	21901	5290
22132	21902	6924
22133	21906	5324
22134	21907	567
22135	21908	21185
22136	21910	5492
22137	21911	6389
22138	21914	5694
22139	21916	5730
22140	21917	5788
22141	21920	6294
22142	21921	8408
22143	21923	6471
22144	21924	6433
22145	21925	7152
22146	21926	7419
22147	21928	6576
22148	21931	15292
22149	21932	6748
22150	21934	7314
22151	21937	7061
22152	21939	20140
22153	21940	12277
22154	21941	1964
22155	21942	8021
22156	21943	8199
22157	21945	15002
22158	21946	19318
22159	21947	18857
22160	21948	8663
22161	21949	8710
22162	21955	9145
22163	21957	16020
22164	21958	9790
22165	21959	1472
22166	21960	9908
22167	21962	19461
22168	21963	9990
22169	21965	10567
22170	21966	11468
22171	21968	13007
22172	21980	2118
22173	21991	1653
22174	21996	21543
22175	22001	762
22176	22004	21158
22177	22013	1955
22178	22031	20858
22179	22051	21612
22180	2119	4835
22181	385	3930
22182	2138	2184
22183	813	8613
22184	830	832
22185	838	2766
22186	2244	2727
22187	400	461
22188	844	2293
22189	2252	3067
22190	2293	5991
22191	2342	4657
22192	406	8327
22193	407	1807
22194	2391	11009
22195	2435	9937
22196	2537	2556
22197	2617	6207
22198	149	3524
22199	2666	5954
22200	2686	11449
22201	2715	2750
22202	119	747
22203	886	10398
22204	2781	12620
22205	2787	7632
22206	2795	4882
22207	2822	11241
22208	2851	16749
22209	2854	10447
22210	2859	2862
22211	2870	4952
22212	2880	8081
22213	427	536
22214	451	8238
22215	25	1118
22216	3072	8780
22217	3136	3171
22218	997	3887
22219	3202	3780
22220	998	3901
22221	3237	3265
22222	1006	1011
22223	3309	3697
22224	3405	3407
22225	3502	4851
22226	1066	1106
22227	3553	5488
22228	3561	3591
22229	3656	6423
22230	3723	5301
22231	3746	3747
22232	1069	3518
22233	1071	1216
22234	3827	3840
22235	1094	1571
22236	3992	8484
22237	4139	8257
22238	4147	4148
22239	4248	4253
22240	4287	4291
22241	4301	4345
22242	4440	4451
22243	4467	8487
22244	4506	6176
22245	4543	4562
22246	4571	6264
22247	4735	6108
22248	260	632
22249	261	331
22250	5071	5077
22251	5235	6635
22252	5247	7264
22253	5262	13807
22254	5294	5334
22255	5354	5551
22256	5374	5381
22257	5403	7559
22258	265	349
22259	5525	5638
22260	5583	9364
22261	5617	9034
22262	143	1083
22263	5744	6340
22264	5862	5868
22265	5945	9015
22266	5980	9770
22267	6041	7007
22268	6059	8068
22269	6166	6168
22270	6229	12829
22271	6269	6275
22272	6311	6325
22273	6618	14253
22274	6668	6738
22275	579	12102
22276	6808	10895
22277	6833	10359
22278	582	2445
22279	7175	12088
22280	7313	8989
22281	1255	9013
22282	7612	9984
22283	7649	12757
22284	7690	7692
22285	7672	8193
22286	7789	7792
22287	1307	1308
22288	8961	8966
22289	1334	8757
22290	10380	10423
22291	10490	10494
22292	1376	3198
22293	11162	14229
22294	11735	12874
22295	12041	12043
22296	12062	12068
22297	12424	14807
22298	93	864
22299	16542	16546
22300	636	674
22301	637	669
22302	18785	418
22303	1414	5484
22304	1433	8537
22305	309	4373
22306	1500	2588
22307	1495	3121
22308	18865	6291
22309	155	3680
22310	1579	4435
22311	157	2436
22312	1617	3288
22313	1619	5529
22314	158	465
22315	101	759
22316	711	3420
22317	19194	3735
22318	19219	191
22319	1688	6245
22320	717	826
22321	1733	2159
22322	355	3486
22323	19369	3596
22324	1769	6489
22325	19497	5520
22326	1784	1844
22327	1786	3367
22328	19633	3653
22329	19641	6540
22330	19648	1168
22331	1856	1857
22332	19824	6275
22333	1907	11343
22334	19871	15154
22335	20100	3564
22336	1955	2998
22337	20120	1750
22338	20201	7518
22339	20180	786
22340	20327	1996
22341	20383	5103
22342	20472	741
22343	20473	2699
22344	20477	3641
22345	20540	1411
22346	2043	2044
22347	772	1434
22348	20683	940
22349	2048	5904
22350	20764	6249
22351	20801	8149
22352	20881	1277
22353	20876	11089
22354	20947	20441
22355	20945	3185
22356	20957	19629
22357	20967	6124
22358	20986	20185
22359	20998	3139
22360	21067	10327
22361	21121	5953
22362	21168	3759
22363	21224	3341
22364	21298	2751
22365	21316	12957
22366	21320	2162
22367	21328	10843
22368	21380	3797
22369	21393	10955
22370	21388	4662
22371	21411	735
22372	21436	12939
22373	21445	20719
22374	21457	19956
22375	21524	20599
22376	21535	20863
22377	21523	1706
22378	21538	10793
22379	21582	3798
22380	21601	20353
22381	21603	21123
22382	21630	13503
22383	21617	1436
22384	21639	10184
22385	21641	12490
22386	21650	19229
22387	2455	11015
22388	21695	5962
22389	21685	20925
22390	21687	5856
22391	21698	4216
22392	22065	10926
22393	21723	1827
22394	21756	21465
22395	21759	1414
22396	21763	534
22397	21777	1139
22398	21781	19850
22399	21782	19502
22400	22081	16536
22401	22083	11980
22402	21796	109
22403	22090	19883
22404	22092	19663
22405	22096	19982
22406	21816	13944
22407	21817	1565
22408	21827	2263
22409	21856	19229
22410	21864	3574
22411	21866	20429
22412	21872	11716
22413	22115	10741
22414	21895	7469
22415	22142	8406
22416	22146	7416
22417	21935	1500
22418	22148	9496
22419	22156	8187
22420	22158	18851
22421	21952	8823
22422	22164	9776
22423	21978	21572
22424	21985	2720
22425	21998	1781
22426	22015	4403
22427	22020	20028
22428	22025	5504
22429	22027	3479
22430	22040	12374
22431	22044	21481
22432	22049	19552
22433	22055	15759
22434	22060	3342
22435	22061	2932
22436	22063	6897
22437	22064	1652
22438	22068	18666
22439	22069	1145
22440	22070	2315
22441	22071	20228
22442	22073	1427
22443	788	1675
22444	22076	21405
22445	22080	11573
22446	22082	19340
22447	22084	13137
22448	22085	13432
22449	22086	15877
22450	22088	21444
22451	22089	20808
22452	22091	20254
22453	22093	19994
22454	22094	20221
22455	22095	20200
22456	22097	20229
22457	22098	20773
22458	22099	20933
22459	22100	21072
22460	22101	21440
22461	22102	21244
22462	22103	21504
22463	22104	21477
22464	22105	21516
22465	22106	2142
22466	22107	9757
22467	22108	8253
22468	22109	20358
22469	22110	1767
22470	22112	2613
22471	22113	19985
22472	22114	5800
22473	22116	19122
22474	22117	588
22475	22118	19139
22476	22120	4095
22477	22121	4146
22478	22122	20282
22479	22123	4320
22480	22124	20204
22481	22126	19563
22482	22127	1197
22483	22129	21498
22484	22130	18958
22485	22131	5283
22486	22132	6930
22487	22133	21005
22488	22134	573
22489	22136	5497
22490	22137	6394
22491	22138	5695
22492	22139	5739
22493	22140	5764
22494	22141	6295
22495	22143	19352
22496	22144	6436
22497	22145	10862
22498	22147	6578
22499	22149	6749
22500	22150	7321
22501	22151	7063
22502	22152	20627
22503	22153	21541
22504	22154	7971
22505	22155	8022
22506	22157	15000
22507	22159	20226
22508	22160	8674
22509	22161	8697
22510	22162	9146
22511	22163	16021
22512	22165	19818
22513	22166	9912
22514	22167	20087
22515	22168	9999
22516	22170	11469
22517	22171	21576
22518	22172	20706
22519	22173	21580
22520	22175	20123
22521	22176	21496
22522	22177	21374
22523	22178	21022
22524	22182	2156
22525	22186	2758
22526	22189	5671
22527	22190	19641
22528	22191	4786
22529	22195	9933
22530	22197	6188
22531	22199	5951
22532	22200	11451
22533	22201	2728
22534	22203	10389
22535	22205	8501
22536	22208	16745
22537	22211	5793
22538	22221	3248
22539	22233	1185
22540	22236	8481
22541	22237	21424
22542	22241	1455
22543	22246	9952
22544	22251	21198
22545	22266	12233
22546	22277	10360
22547	22282	9972
22548	22285	13412
22549	22290	10424
22550	22291	10488
22551	22301	661
22552	22326	1786
22553	22328	2000
22554	177	521
22555	2126	6001
22556	2159	5363
22557	2204	2224
22558	396	2520
22559	839	898
22560	2228	2239
22561	2231	10852
22562	844	1004
22563	191	197
22564	2316	5305
22565	2334	2335
22566	858	983
22567	113	1547
22568	2571	5792
22569	2585	4732
22570	2622	2624
22571	201	9637
22572	2730	2754
22573	2771	5525
22574	2798	4712
22575	2920	3069
22576	2836	8986
22577	2848	3777
22578	911	5298
22579	2905	2908
22580	2914	3579
22581	443	463
22582	2943	12836
22583	2971	5314
22584	2977	3039
22585	3034	3050
22586	210	4465
22587	3139	7555
22588	3099	7330
22589	3183	6075
22590	3300	9669
22591	124	5480
22592	3265	11430
22593	3414	9244
22594	3459	9834
22595	1005	1013
22596	3584	4549
22597	1059	1488
22598	8	394
22599	3681	6063
22600	4003	4169
22601	135	5738
22602	4233	9543
22603	1096	1135
22604	4370	4448
22605	4432	7189
22606	4499	4582
22607	4499	4532
22608	254	317
22609	4508	11822
22610	4557	4560
22611	255	295
22612	4676	4681
22613	4679	4988
22614	4793	9840
22615	4862	10170
22616	4923	7594
22617	5075	5160
22618	5134	8407
22619	1152	13876
22620	5201	8511
22621	1155	1254
22622	5240	8144
22623	5271	7281
22624	5471	6944
22625	5413	9342
22626	5567	12659
22627	5740	6075
22628	1193	5605
22629	268	1549
22630	5856	6888
22631	5884	5890
22632	5922	5937
22633	5955	5956
22634	272	4503
22635	6054	6531
22636	6357	7608
22637	6384	8877
22638	6406	6887
22639	6492	7047
22640	6591	7706
22641	6595	12345
22642	6658	10268
22643	6671	10938
22644	6721	9137
22645	6824	10591
22646	6949	6959
22647	6974	8977
22648	7083	8441
22649	7197	10287
22650	7281	12267
22651	588	607
22652	7647	9672
22653	1277	6375
22654	8120	8121
22655	1290	5387
22656	8182	10231
22657	8252	13886
22658	8743	8755
22659	8811	8812
22660	146	1660
22661	1322	3239
22662	9349	9363
22663	1349	1408
22664	9592	9594
22665	9999	15941
22666	10094	10222
22667	10405	12264
22668	10480	10481
22669	10641	14597
22670	10788	12110
22671	10827	10835
22672	1377	2774
22673	11037	17369
22674	11318	11327
22675	11733	11736
22676	12173	12175
22677	12250	12252
22678	12943	14083
22679	13400	13402
22680	1387	1424
22681	14207	15548
22682	15807	15808
22683	17082	18106
22684	18380	18385
22685	1399	2878
22686	636	3549
22687	298	1444
22688	1423	3648
22689	98	3611
22690	306	354
22691	316	336
22692	1470	1569
22693	1482	5378
22694	18858	709
22695	1497	3388
22696	684	896
22697	18881	18841
22698	18907	2901
22699	1563	10613
22700	18921	18772
22701	1568	5466
22702	695	5014
22703	19011	166
22704	701	8626
22705	19055	4753
22706	1631	1652
22707	1635	6910
22708	19098	8861
22709	1658	1659
22710	19166	265
22711	19233	1031
22712	19248	1545
22713	19267	19051
22714	19310	268
22715	1750	6666
22716	19378	3783
22717	19403	2644
22718	19456	11900
22719	19536	1435
22720	740	2208
22721	19613	10143
22722	19595	2554
22723	1849	3212
22724	19631	2204
22725	103	2817
22726	19705	932
22727	19749	3881
22728	19822	3274
22729	19864	1320
22730	19851	1043
22731	19866	19308
22732	19920	5518
22733	20036	5087
22734	20112	3010
22735	20126	18956
22736	20163	823
22737	20238	1665
22738	20240	7287
22739	20239	697
22740	20249	20016
22741	20266	6078
22742	20308	2703
22743	20455	6798
22744	20575	19726
22745	2038	3361
22746	20752	12475
22747	20758	8258
22748	20819	909
22749	20937	20218
22750	20959	8467
22751	20994	2507
22752	21030	6290
22753	21070	2078
22754	21125	20927
22755	21106	2290
22756	21146	1593
22757	2057	5866
22758	21149	3424
22759	21180	6167
22760	21187	4131
22761	21292	19601
22762	21330	21312
22763	21350	2612
22764	21431	20345
22765	21489	21043
22766	21520	1726
22767	21654	7585
22768	21669	11800
22769	21675	4242
22770	21688	9102
22771	21718	891
22772	21753	355
22773	21757	2069
22774	21764	8372
22775	21770	13486
22776	21795	2016
22777	21839	12879
22778	21849	1036
22779	21852	20836
22780	22418	15293
22781	21867	6263
22782	21877	3676
22783	21894	4850
22784	21896	5775
22785	21904	11721
22786	21909	2635
22787	21913	5830
22788	22413	5822
22789	21936	14008
22790	21950	8729
22791	21956	9190
22792	21977	14056
22793	22006	21272
22794	22005	190
22795	22003	2662
22796	22008	18968
22797	22018	5967
22798	22422	9785
22799	22034	19357
22800	22039	6594
22801	22058	11281
22802	22059	9413
22803	22057	20243
22804	22433	15758
22805	22453	19783
22806	22111	2686
22807	22468	309
22808	22509	8672
22809	22169	21534
22810	22174	20623
22811	22179	5399
22812	22185	4628
22813	22194	11013
22814	22204	15195
22815	22230	12610
22816	22240	4344
22817	22265	2209
22818	22274	20696
22819	22286	21638
22820	22297	17324
22821	22300	20416
22822	22310	19928
22823	22349	5913
22824	22351	21500
22825	22364	2729
22826	22376	3650
22827	22378	18939
22828	22379	19090
22829	22381	10636
22830	22385	12488
22831	22391	3860
22832	22392	10928
22833	22393	19227
22834	22400	16556
22835	22401	11993
22836	22402	100
22837	22403	20231
22838	22404	19954
22839	22405	20310
22840	22408	2273
22841	22410	4403
22842	22412	11717
22843	22414	7470
22844	22415	18941
22845	22416	7426
22846	22417	1511
22847	22419	20376
22848	22420	20298
22849	22421	5531
22850	22423	12776
22851	22424	2741
22852	22430	6808
22853	22434	19189
22854	22435	2955
22855	22437	7484
22856	22438	18667
22857	22439	1198
22858	22440	2316
22859	22441	20304
22860	22442	1447
22861	22445	11575
22862	22446	19460
22863	22447	13138
22864	22448	20295
22865	22449	15882
22866	22451	20982
22867	22452	20395
22868	22454	20291
22869	22455	20274
22870	22456	20305
22871	22457	20902
22872	22458	21092
22873	22459	21289
22874	22461	21508
22875	22465	2143
22876	22466	9759
22877	22467	19400
22878	22469	19436
22879	22470	2603
22880	22471	20181
22881	22472	5804
22882	22473	21574
22883	22474	19611
22884	22475	21586
22885	22476	4076
22886	22477	19538
22887	22479	4329
22888	22480	20972
22889	22481	19766
22890	22482	1214
22891	22484	21605
22892	22485	5279
22893	22486	6931
22894	22488	589
22895	22489	5502
22896	22490	6395
22897	22491	20102
22898	22492	5742
22899	22493	5771
22900	22494	6302
22901	22495	20509
22902	22496	6441
22903	22497	21625
22904	22498	6580
22905	22499	6750
22906	22501	7051
22907	22502	20757
22908	22504	7990
22909	22505	8023
22910	22506	15001
22911	22507	20300
22912	22508	8676
22913	22510	9147
22914	22511	16022
22915	22512	21589
22916	22513	9913
22917	22514	20191
22918	22515	10001
22919	22516	11470
22920	22518	2155
22921	22520	20360
22922	22522	21592
22923	22523	21182
22924	22524	21548
22925	22525	2765
22926	22526	7375
22927	22527	20948
22928	22528	4787
22929	22529	18887
22930	22530	6190
22931	22531	5947
22932	22532	11452
22933	22533	2760
22934	22534	19136
22935	22536	16746
22936	22537	5795
22937	22538	3220
22938	22539	1217
22939	22542	21369
22940	22543	9954
22941	22545	12234
22942	22546	8735
22943	22547	1301
22944	22548	13413
22945	22549	10425
22946	22550	10492
22947	22551	666
22948	22552	1801
22949	22557	2210
22950	22560	20111
22951	22563	147
22952	22564	80
22953	22569	21588
22954	22581	466
22955	22584	2974
22956	22592	11411
22957	22593	9241
22958	22596	4545
22959	22604	1107
22960	22611	324
22961	22619	1358
22962	22620	8505
22963	22625	9333
22964	791	11937
22965	22626	10444
22966	22631	20802
22967	22637	1505
22968	22642	10258
22969	22645	10581
22970	22649	9140
22971	22652	9287
22972	22683	18096
22973	22689	22079
22974	22690	20923
22975	22712	21443
22976	22763	2608
22977	386	2400
22978	814	5773
22979	2173	2174
22980	822	9595
22981	2225	2227
22982	840	1880
22983	2240	4418
22984	2258	5769
22985	2270	2310
22986	846	1410
22987	2288	3702
22988	2302	2304
22989	2308	2943
22990	2320	3068
22991	111	707
22992	2337	3608
22993	406	1020
22994	2372	2373
22995	2454	13450
22996	2460	8351
22997	2544	7944
22998	2562	6727
22999	2582	5578
23000	2591	5044
23001	2626	6901
23002	865	882
23003	24	39
23004	422	5341
23005	2718	10163
23006	2725	2775
23007	2744	3123
23008	889	1263
23009	2802	3487
23010	2789	2790
23011	2820	6367
23012	2822	2824
23013	60	72
23014	2846	3349
23015	952	970
23016	2985	3001
23017	964	1713
23018	454	740
23019	3065	3078
23020	3097	3104
23021	3078	4018
23022	464	4926
23023	470	10199
23024	3198	8116
23025	3208	3215
23026	3236	10983
23027	3325	3326
23028	3322	3324
23029	3334	4920
23030	3515	5248
23031	3538	3544
23032	3538	10293
23033	1045	1050
23034	1048	1614
23035	3661	6522
23036	505	1711
23037	1094	1594
23038	3691	3703
23039	506	563
23040	1066	7821
23041	3740	3741
23042	3819	3856
23043	3820	5877
23044	27	627
23045	3898	6126
23046	3972	3980
23047	3993	4020
23048	1079	5620
23049	512	8835
23050	4191	6301
23051	248	11156
23052	4222	4535
23053	4290	4296
23054	4309	6698
23055	4357	8476
23056	4423	4576
23057	4513	4520
23058	138	217
23059	4659	4666
23060	4668	4672
23061	4703	4715
23062	4706	5465
23063	4710	4733
23064	257	3506
23065	4803	6336
23066	4834	4847
23067	4861	10149
23068	530	539
23069	4901	5870
23070	4960	7352
23071	535	5008
23072	4989	5001
23073	5002	5025
23074	5033	12850
23075	141	218
23076	5132	5153
23077	5205	6806
23078	5347	5355
23079	1162	1379
23080	5438	5560
23081	5451	7158
23082	5476	6052
23083	5516	6678
23084	1181	1260
23085	5565	13614
23086	5572	6744
23087	5598	9396
23088	5607	12838
23089	5622	5625
23090	75	1027
23091	5843	5855
23092	5972	7170
23093	1205	16322
23094	1206	1553
23095	144	1968
23096	565	9705
23097	6232	6239
23098	6358	9176
23099	6541	6542
23100	6638	6644
23101	6663	12728
23102	6719	8817
23103	1246	15617
23104	1250	1631
23105	7138	7146
23106	7205	9691
23107	7265	7549
23108	7303	7304
23109	7326	8150
23110	7385	8821
23111	7432	7435
23112	7573	7575
23113	7708	10951
23114	7858	7865
23115	83	1690
23116	1276	5903
23117	8058	8063
23118	8135	11365
23119	8147	8700
23120	8176	11890
23121	8511	14817
23122	8617	8619
23123	1311	4476
23124	8767	9722
23125	9070	13160
23126	9437	14925
23127	9460	17172
23128	9683	9687
23129	9703	10440
23130	9743	9747
23131	9881	13476
23132	1362	9283
23133	10248	14258
23134	10241	10242
23135	10406	11134
23136	10674	12226
23137	89	3683
23138	10758	13035
23139	11087	11090
23140	11100	11105
23141	11131	11135
23142	11875	12231
23143	13189	13190
23144	13684	13688
23145	13709	13711
23146	14090	14350
23147	14659	14662
23148	15176	15191
23149	1392	4802
23150	1404	2327
23151	1424	1472
23152	1431	1610
23153	2	17
23154	37	52
23155	1455	1480
23156	1	10
23157	1481	3347
23158	18847	3780
23159	1496	2667
23160	1520	9646
23161	1538	1558
23162	324	3571
23163	1546	1553
23164	327	755
23165	18970	42
23166	18986	1388
23167	1597	1602
23168	19027	714
23169	19086	8310
23170	19167	19109
23171	19231	1613
23172	1690	7250
23173	1691	1692
23174	102	723
23175	19333	2801
23176	19336	1761
23177	19343	429
23178	19386	741
23179	728	1532
23180	19422	4123
23181	733	823
23182	163	6729
23183	19557	3100
23184	19567	9988
23185	164	734
23186	19754	3488
23187	19764	555
23188	1888	1892
23189	19858	6763
23190	19870	323
23191	19939	7404
23192	20003	12655
23193	20020	3883
23194	20070	19873
23195	759	3404
23196	20133	3686
23197	1965	1971
23198	20197	5666
23199	20234	358
23200	20235	144
23201	20268	2022
23202	20317	3196
23203	20369	1005
23204	20374	324
23205	20386	19802
23206	20387	3518
23207	20388	5358
23208	20440	11927
23209	20479	413
23210	20481	998
23211	20493	19287
23212	20554	19512
23213	2020	10160
23214	20573	2783
23215	20645	3549
23216	20673	934
23217	20660	8876
23218	20720	20338
23219	20689	6401
23220	20749	1184
23221	20791	3152
23222	20866	4470
23223	20838	10449
23224	20869	6916
23225	20920	46
23226	20943	20022
23227	21073	4396
23228	21117	9149
23229	21119	18860
23230	21124	4394
23231	371	4823
23232	21214	14789
23233	21204	7097
23234	21239	631
23235	21306	3593
23236	21392	4871
23237	21417	7534
23238	2078	2913
23239	21485	4517
23240	2077	4300
23241	21517	20205
23242	21530	19423
23243	21594	3869
23244	21606	15042
23245	4597	4598
23246	3198	9842
23247	21699	20314
23248	21727	20535
23249	21746	5444
23250	21751	263
23251	21835	870
23252	21845	13155
23253	21823	21091
23254	21869	3853
23255	21874	4783
23256	21905	20713
23257	21933	6797
23258	21953	2787
23259	21969	21329
23260	21976	1534
23261	21983	1372
23262	21986	19242
23263	21995	21128
23264	22010	18962
23265	22029	4238
23266	22066	19303
23267	22075	6151
23268	22074	20996
23269	22119	21166
23270	22135	7378
23271	22181	3931
23272	22811	4914
23273	22210	2852
23274	22226	2628
23275	22231	3739
23276	22245	19082
23277	22260	20926
23278	22259	14204
23279	22276	10889
23280	22280	9268
23281	22288	7542
23282	22281	21529
23283	22296	12089
23284	22299	16549
23285	22305	4375
23286	22306	19557
23287	22335	5775
23288	22314	21
23289	22315	21088
23290	22331	48
23291	22336	21653
23292	22340	262
23293	22344	20682
23294	22354	19182
23295	22359	3180
23296	22361	7115
23297	22366	9175
23298	22375	7257
23299	22820	17319
23300	22386	19979
23301	22387	21514
23302	22388	5957
23303	22397	1196
23304	22835	11992
23305	22428	7105
23306	22427	2060
23307	22880	892
23308	22431	19797
23309	22450	3518
23310	22460	10309
23311	22463	5995
23312	22464	19548
23313	22876	9761
23314	22878	505
23315	22879	2594
23316	22478	19713
23317	22896	6390
23318	22521	18970
23319	22932	11448
23320	22930	6197
23321	22535	734
23322	22540	19083
23323	22544	3123
23324	22553	3654
23325	22572	1727
23326	22579	19502
23327	22948	1789
23328	22618	9279
23329	22629	19564
23330	22632	8056
23331	378	415
23332	790	1953
23333	22656	10229
23334	22660	2058
23335	22668	10482
23336	22684	18377
23337	22692	1622
23338	22719	1418
23339	22736	700
23340	22742	12265
23341	22746	6055
23342	22734	20724
23343	22754	4478
23344	22764	22045
23345	22768	11806
23346	22774	4846
23347	22778	19760
23348	22780	15294
23349	22788	20063
23350	22792	4859
23351	22798	9779
23352	22801	11278
23353	22804	15761
23354	22805	20124
23355	22807	20467
23356	22808	8681
23357	22812	2927
23358	22814	9619
23359	22815	8088
23360	22823	2560
23361	22829	14394
23362	22830	12489
23363	22831	4699
23364	22832	10931
23365	22833	1790
23366	22834	16555
23367	22837	20307
23368	22838	20025
23369	22839	20414
23370	22840	2287
23371	22842	580
23372	22843	7471
23373	22844	20619
23374	22845	7429
23375	22846	1518
23376	22847	20511
23377	22848	20633
23378	22849	19318
23379	22851	2753
23380	22853	20717
23381	22854	21001
23382	22855	7488
23383	22856	18669
23384	22857	670
23385	22858	2306
23386	22859	20410
23387	22860	1213
23388	22861	11576
23389	22862	19717
23390	22863	13139
23391	22864	20406
23392	22865	15883
23393	22866	21144
23394	22867	20505
23395	22868	20394
23396	22869	20372
23397	22870	20411
23398	22871	21057
23399	22872	21285
23400	22873	21507
23401	22875	2153
23402	22877	19517
23403	22881	5805
23404	22883	20594
23405	22885	4086
23406	22886	19595
23407	22887	4331
23408	22888	21170
23409	22889	19922
23410	22890	1226
23411	22892	5286
23412	22893	6933
23413	22894	590
23414	22895	5512
23415	22897	20915
23416	22898	5745
23417	22899	5772
23418	22900	6314
23419	22901	20754
23420	22902	6447
23421	22904	6583
23422	22905	21618
23423	22906	7053
23424	22907	21038
23425	22908	19698
23426	22909	8024
23427	22910	15003
23428	22911	20403
23429	22912	8677
23430	22913	19944
23431	22914	16023
23432	22916	9914
23433	22917	20286
23434	22918	10003
23435	22919	11471
23436	22920	20981
23437	22921	20800
23438	22923	21396
23439	22926	7377
23440	22928	4788
23441	22929	19768
23442	22931	5953
23443	22934	10396
23444	22935	16747
23445	22936	5824
23446	22937	3224
23447	22939	4309
23448	22940	9956
23449	22941	12236
23450	22943	9973
23451	22944	13415
23452	22945	10426
23453	22946	10493
23454	22947	19726
23455	22949	2222
23456	22952	19932
23457	22953	4912
23458	22954	19581
23459	22955	2994
23460	22956	11412
23461	22959	4444
23462	22960	20023
23463	22961	13871
23464	22962	8506
23465	22963	9335
23466	22965	8635
23467	22967	15357
23468	22968	10263
23469	22969	10582
23470	22970	10285
23471	22971	19317
23472	22972	18097
23473	22981	1624
23474	22983	19359
23475	22984	5761
23476	22987	851
23477	22996	8341
23478	22999	20365
23479	23011	5067
23480	23016	2988
23481	23020	3081
23482	23023	157
23483	23030	5236
23484	23043	7782
23485	23048	15308
23486	23054	6697
23487	23058	169
23488	23060	4669
23489	23061	1939
23490	23067	8367
23491	23078	5351
23492	23080	5556
23493	23085	13484
23494	23093	16323
23495	23096	9706
23496	23103	15618
23497	23105	7145
23498	23106	20539
23499	23112	7579
23500	23120	11888
23501	23121	14819
23502	23124	20405
23503	23126	14922
23504	23129	10439
23505	23133	14252
23506	23136	21236
23507	23139	11086
23508	23141	11130
23509	23148	15184
23510	23165	1753
23511	23188	1893
23512	806	9688
23513	385	3909
23514	809	3667
23515	2129	5125
23516	836	925
23517	184	428
23518	2207	5450
23519	2208	2214
23520	6509	6516
23521	2221	2236
23522	2278	2731
23523	399	453
23524	2254	2293
23525	2289	14285
23526	2268	2270
23527	2394	5067
23528	2411	13112
23529	2412	16419
23530	2449	3971
23531	2454	5825
23532	2320	3196
23533	2552	2878
23534	195	10540
23535	2560	6354
23536	862	3141
23537	2581	3410
23538	2602	11248
23539	2629	3007
23540	2644	5716
23541	2648	12739
23542	2710	2711
23543	2716	5413
23544	426	3307
23545	2749	9292
23546	894	5179
23547	2865	6827
23548	2868	2882
23549	935	937
23550	2923	10506
23551	2958	3153
23552	2931	4359
23553	2970	9644
23554	60	2028
23555	2978	2984
23556	451	5255
23557	451	2795
23558	25	1127
23559	17	43
23560	3021	10529
23561	3051	3052
23562	3055	5267
23563	3130	14165
23564	3133	9316
23565	3132	3177
23566	997	10417
23567	998	1753
23568	3236	5227
23569	3255	7217
23570	3256	11123
23571	3737	3745
23572	3276	3281
23573	1001	5180
23574	3285	3287
23575	3313	11549
23576	126	1822
23577	3374	8887
23578	3522	7204
23579	3536	13155
23580	3598	8794
23581	1043	1128
23582	3631	3636
23583	3652	10978
23584	3664	6663
23585	3669	5580
23586	507	8781
23587	3709	5225
23588	3726	3727
23589	27	40
23590	234	252
23591	3866	8768
23592	3880	3888
23593	1074	7345
23594	3908	3925
23595	3933	8590
23596	511	697
23597	4090	10601
23598	4171	4173
23599	4207	4219
23600	4214	6913
23601	1089	9100
23602	250	3058
23603	4430	9670
23604	4533	4534
23605	4571	5191
23606	4741	4742
23607	1122	9446
23608	1124	11934
23609	5041	12907
23610	5155	5202
23611	5216	8733
23612	5205	6728
23613	5238	5353
23614	5299	5342
23615	5302	8798
23616	5359	7629
23617	5584	5588
23618	5656	10909
23619	5679	13952
23620	5809	5811
23621	5816	14084
23622	5900	13997
23623	6155	12383
23624	6261	6273
23625	6383	6388
23626	6390	9612
23627	6413	6415
23628	6445	9381
23629	6538	7172
23630	6565	6566
23631	6878	6882
23632	7037	14327
23633	7131	13321
23634	7231	7238
23635	7243	7244
23636	7251	7400
23637	7262	7521
23638	7291	7401
23639	7439	7502
23640	81	3704
23641	7619	7620
23642	7824	17149
23643	7880	7881
23644	1272	6368
23645	8092	8096
23646	8156	11731
23647	8208	8211
23648	1296	1300
23649	1298	3748
23650	8384	15252
23651	8426	8430
23652	8630	8631
23653	8647	8844
23654	1317	1319
23655	8926	12006
23656	9095	16113
23657	9235	9896
23658	9360	12966
23659	9462	14674
23660	9597	9598
23661	9439	10733
23662	9715	10594
23663	9873	9874
23664	10293	11128
23665	1372	1958
23666	10429	10433
23667	10521	15688
23668	10560	15457
23669	10861	10863
23670	11155	15329
23671	12000	13284
23672	621	4042
23673	12011	12026
23674	12019	15701
23675	12206	12211
23676	12662	16902
23677	12687	12694
23678	12695	12696
23679	13095	13100
23680	1382	2870
23681	13532	13533
23682	13635	13636
23683	13611	13612
23684	13745	13746
23685	14245	16676
23686	14812	14888
23687	14910	14911
23688	15441	15442
23689	17201	17202
23690	17263	17264
23691	1391	1481
23692	18776	142
23693	18802	2718
23694	1437	2057
23695	1445	1475
23696	1456	8980
23697	312	502
23698	1470	5910
23699	18840	18821
23700	38	1641
23701	1557	4818
23702	18913	265
23703	691	763
23704	691	1987
23705	18936	6736
23706	18944	363
23707	18983	1402
23708	696	5534
23709	1605	2936
23710	341	6383
23711	19071	593
23712	1638	2011
23713	1641	2408
23714	345	15271
23715	711	816
23716	1725	2564
23717	19328	2782
23718	19317	3555
23719	360	599
23720	1820	2667
23721	19552	1614
23722	19631	2919
23723	164	426
23724	19676	2293
23725	19710	5621
23726	19715	6352
23727	19719	5825
23728	19795	6085
23729	19820	10071
23730	1918	4807
23731	752	808
23732	19936	2310
23733	20039	3829
23734	20161	1615
23735	20133	2296
23736	20247	7568
23737	20270	12653
23738	20321	709
23739	20391	19823
23740	20498	6643
23741	20588	2104
23742	20617	1027
23743	20653	270
23744	20654	3865
23745	20707	1583
23746	20718	461
23747	20726	19854
23748	20917	473
23749	20955	11104
23750	21013	19258
23751	21025	9841
23752	21078	6619
23753	21103	5883
23754	783	2041
23755	21209	6831
23756	21248	13044
23757	21271	12030
23758	21280	13697
23759	21361	12058
23760	21378	18834
23761	21460	707
23762	2072	2091
23763	21475	2270
23764	21493	21015
23765	21539	13574
23766	21550	2231
23767	21611	905
23768	21658	9869
23769	7254	7255
23770	21691	425
23771	21673	17377
23772	21721	5369
23773	21725	3365
23774	21692	20058
23775	21739	19029
23776	21749	1769
23777	21768	14068
23778	21786	11593
23779	21830	8893
23780	21859	20730
23781	21844	2722
23782	21847	13673
23783	21724	2907
23784	21903	2334
23785	23253	5353
23786	21915	866
23787	21919	3556
23788	21961	12713
23789	21967	12047
23790	21989	10456
23791	22019	15045
23792	22041	2965
23793	22033	4209
23794	22035	10800
23795	22038	2723
23796	22042	61
23797	22043	10143
23798	22054	13512
23799	22046	6103
23800	22078	883
23801	22541	7711
23802	22254	5320
23803	22284	7699
23804	22289	21274
23805	22308	6323
23806	22319	9603
23807	22320	801
23808	22325	6794
23809	22329	6535
23810	22346	2087
23811	22352	21140
23812	22357	18825
23813	22377	2362
23814	22380	19126
23815	23299	17320
23816	22395	1569
23817	22407	19067
23818	22436	6896
23819	22444	3423
23820	22483	1426
23821	22500	7317
23822	22503	1144
23823	22583	2843
23824	22586	6773
23825	22587	7562
23826	23319	11453
23827	22605	19284
23828	22607	710
23829	22610	19981
23830	22606	4590
23831	22638	6885
23832	22641	613
23833	22659	8816
23834	22662	20342
23835	22671	5403
23836	22677	9986
23837	22688	18855
23838	22699	13591
23839	22718	11901
23840	22729	13292
23841	22740	3437
23842	22739	3541
23843	22747	14761
23844	22751	11691
23845	22752	6308
23846	22760	1702
23847	22756	8066
23848	22776	1994
23849	22777	14273
23850	22781	760
23851	22784	7511
23852	22783	20172
23853	22791	9180
23854	22793	20292
23855	22797	5959
23856	22799	144
23857	22800	6598
23858	22806	6022
23859	22809	19579
23860	22813	11014
23861	22816	4298
23862	22818	7370
23863	22819	7786
23864	22827	6921
23865	23361	1675
23866	23364	10927
23867	23376	19826
23868	23369	20233
23869	22850	10613
23870	23389	11849
23871	23397	20005
23872	22882	968
23873	22891	4967
23874	23416	5740
23875	23427	1862
23876	22915	9505
23877	22922	3685
23878	22924	19785
23879	23449	715
23880	22973	9186
23881	22974	2523
23882	22975	20500
23883	22979	2123
23884	23469	10579
23885	22991	4746
23886	22997	7929
23887	22998	6728
23888	23010	2791
23889	23032	10292
23890	23042	3850
23891	23045	2235
23892	23053	1113
23893	23057	4493
23894	23059	22370
23895	23062	5464
23896	23063	21527
23897	23071	591
23898	23073	12814
23899	23092	12137
23900	23094	5863
23901	23107	7599
23902	23118	11361
23903	23119	4452
23904	23501	14816
23905	23147	11796
23906	23145	5571
23907	23161	1559
23908	23182	6856
23909	23183	3083
23910	23185	152
23911	23192	6142
23912	23201	2017
23913	23215	4212
23914	23236	4875
23915	23254	3831
23916	23270	10826
23917	23271	3932
23918	23272	5405
23919	23280	9270
23920	23284	16543
23921	23285	4370
23922	23289	20751
23923	23290	1113
23924	23291	9880
23925	23293	22761
23926	23304	20352
23927	23305	1244
23928	23307	20265
23929	23310	10314
23930	23311	19798
23931	23313	9756
23932	23314	19919
23933	23315	2601
23934	23317	6397
23935	23320	6193
23936	23321	214
23937	23324	3651
23938	23327	1796
23939	23329	10053
23940	23330	8045
23941	23333	10230
23942	23334	2088
23943	23336	18378
23944	23338	1419
23945	23341	12462
23946	23347	1048
23947	23348	15295
23948	23349	20267
23949	23350	9229
23950	23351	9780
23951	23352	11284
23952	23353	15762
23953	23354	20203
23954	23355	20574
23955	23356	8683
23956	23357	4225
23957	23358	9750
23958	23359	7883
23959	23363	2713
23960	23365	1811
23961	23366	16557
23962	23367	20413
23963	23368	20367
23964	23370	934
23965	23371	5033
23966	23372	7472
23967	23373	21020
23968	23374	7423
23969	23375	1521
23970	23377	20762
23971	23378	19763
23972	23379	2773
23973	23382	7490
23974	23383	18671
23975	23384	19936
23976	23385	2311
23977	23386	20519
23978	23387	21250
23979	23388	11578
23980	23390	13142
23981	23391	20524
23982	23392	15886
23983	23393	21349
23984	23394	20632
23985	23395	20501
23986	23396	20484
23987	23398	21232
23988	23399	21502
23989	23401	2162
23990	23402	20019
23991	23403	5807
23992	23404	21255
23993	23405	4087
23994	23406	20042
23995	23407	4341
23996	23408	21386
23997	23409	20245
23998	23410	21385
23999	23411	5285
24000	23412	1195
24001	23413	595
24002	23414	20921
24003	23415	21581
24004	23417	5774
24005	23418	6318
24006	23419	21000
24007	23420	21334
24008	23421	6585
24009	23423	7049
24010	23424	21205
24011	23425	20359
24012	23426	8025
24013	23428	20635
24014	23429	8692
24015	23430	20970
24016	23431	16024
24017	23432	9919
24018	23433	20419
24019	23434	21191
24020	23435	11472
24021	23436	21135
24022	23437	21018
24023	23438	21610
24024	23439	1019
24025	23441	20202
24026	23442	5948
24027	23444	16750
24028	23446	3232
24029	23448	9957
24030	23450	9975
24031	23451	13416
24032	23452	10427
24033	23453	10496
24034	23455	2234
24035	23457	8758
24036	23458	20978
24037	23460	11416
24038	23463	5827
24039	23464	8504
24040	23467	15358
24041	23468	10266
24042	23472	18098
24043	23475	5767
24044	23477	1682
24045	23478	20976
24046	23479	6365
24047	23480	2993
24048	23481	3072
24049	23482	5457
24050	23483	5238
24051	23485	15309
24052	23486	6700
24053	23491	1559
24054	23492	5558
24055	23494	16324
24056	23496	15620
24057	23497	20056
24058	23505	14256
24059	23509	15188
24060	23510	1736
24061	23511	1897
24062	23512	9692
24063	23521	2242
24064	23523	411
24065	23535	6348
24066	23538	11242
24067	23550	10498
24068	23563	14160
24069	23568	5246
24070	23569	7213
24071	23571	3738
24072	23572	3277
24073	23575	10406
24074	23578	7199
24075	23583	5190
24076	23584	22318
24077	23586	8772
24078	23601	9120
24079	23608	11935
24080	23609	9693
24081	23614	5303
24082	23615	8796
24083	23618	1490
24084	23619	13950
24085	23621	8750
24086	23622	327
24087	23629	7179
24088	23631	6877
24089	23642	17145
24090	23651	8423
24091	23656	16114
24092	23657	9889
24093	23660	9596
24094	23663	21537
24095	23669	10857
24096	23671	13282
24097	23675	12210
24098	23677	12686
24099	23689	17195
24100	23690	17266
24101	23695	768
24102	23709	22345
24103	23718	20651
24104	23727	22802
24105	23769	7250
24106	23827	5439
24107	23921	337
24108	386	1567
24109	810	8979
24110	2159	6919
24111	389	476
24112	2159	12900
24113	2209	2238
24114	396	3090
24115	838	2340
24116	2237	5356
24117	2276	9537
24118	402	508
24119	403	1160
24120	2329	6905
24121	23	1033
24122	2385	10105
24123	2435	9445
24124	2534	5229
24125	2541	7518
24126	54	1556
24127	2579	6410
24128	2581	2910
24129	2596	6055
24130	2606	11229
24131	2686	8110
24132	2703	5854
24133	2718	2734
24134	426	2805
24135	202	709
24136	427	1632
24137	897	2906
24138	429	7505
24139	899	8919
24140	2803	6670
24141	2817	10982
24142	431	2841
24143	203	9853
24144	430	605
24145	2826	16036
24146	934	1911
24147	2893	6405
24148	942	4738
24149	2917	2919
24150	2928	9232
24151	446	2022
24152	2958	2976
24153	2972	3035
24154	2983	3038
24155	2992	3010
24156	3003	3036
24157	966	3353
24158	971	4117
24159	460	796
24160	983	2590
24161	3186	6380
24162	3209	4235
24163	3238	4890
24164	3260	5789
24165	3284	3722
24166	3295	3296
24167	3294	10538
24168	482	4281
24169	483	2912
24170	3309	3312
24171	3317	3321
24172	3329	5426
24173	3349	9599
24174	3346	6233
24175	3367	3368
24176	17	402
24177	3381	5850
24178	3420	3454
24179	3431	3451
24180	497	2844
24181	3517	5361
24182	3547	6591
24183	3548	4293
24184	1045	12123
24185	502	5723
24186	3609	3611
24187	3610	5938
24188	3612	11622
24189	3624	7719
24190	227	6524
24191	3733	11714
24192	1067	2343
24193	236	687
24194	3869	7730
24195	3897	3902
24196	1076	3522
24197	3969	4004
24198	3987	4002
24199	4004	7324
24200	4006	7876
24201	4013	10936
24202	4028	4030
24203	4046	4048
24204	4065	4092
24205	4081	4597
24206	4174	8181
24207	248	3825
24208	4378	4471
24209	4399	4410
24210	4401	4413
24211	4424	4643
24212	253	3954
24213	4483	10342
24214	522	1118
24215	4495	4508
24216	254	833
24217	4591	4594
24218	4592	4596
24219	4637	12640
24220	4652	8595
24221	4694	4696
24222	4715	10144
24223	4712	4736
24224	4740	4763
24225	4748	6235
24226	4757	12142
24227	4762	4923
24228	4782	10091
24229	4793	6132
24230	4850	5204
24231	4857	4858
24232	1130	9264
24233	4882	7279
24234	4908	5602
24235	5068	15093
24236	141	8473
24237	5119	8644
24238	5177	5182
24239	5215	10190
24240	5262	9795
24241	1155	4475
24242	5316	5340
24243	5397	13170
24244	1165	1169
24245	5567	5569
24246	5776	5786
24247	5786	12334
24248	5799	5819
24249	5844	6304
24250	5885	5889
24251	5944	10489
24252	5998	6002
24253	6075	6111
24254	6067	9992
24255	6353	15280
24256	6392	14629
24257	6463	13905
24258	6538	11769
24259	278	308
24260	6809	13065
24261	6809	9411
24262	6870	15578
24263	7112	7121
24264	7279	12014
24265	7282	7412
24266	7326	7343
24267	7358	7360
24268	7433	12725
24269	7476	11175
24270	7370	7381
24271	7507	9600
24272	7633	8492
24273	7735	7736
24274	7925	13361
24275	8116	10675
24276	8130	17232
24277	8212	11540
24278	87	1487
24279	8384	8431
24280	8513	8515
24281	8543	8546
24282	89	2008
24283	8645	9663
24284	1311	1599
24285	8821	9906
24286	8881	13503
24287	8976	13739
24288	1328	2615
24289	605	2029
24290	9233	9236
24291	9306	9318
24292	9434	11249
24293	9565	9566
24294	9718	11704
24295	1360	5059
24296	10016	10021
24297	10039	13962
24298	10192	10195
24299	10292	14208
24300	10389	14520
24301	10496	12829
24302	10704	10705
24303	9743	12133
24304	10863	16424
24305	1377	1393
24306	10961	10962
24307	11183	11187
24308	11201	16445
24309	1378	1385
24310	11380	12201
24311	11645	11968
24312	619	807
24313	1381	2205
24314	12346	12353
24315	12741	12764
24316	12796	12797
24317	12842	12843
24318	13161	13163
24319	630	1100
24320	1386	3679
24321	13987	13988
24322	290	3947
24323	14801	14802
24324	14798	15223
24325	15398	15399
24326	16233	16718
24327	16462	16463
24328	16693	16696
24329	18773	739
24330	93	1434
24331	656	741
24332	18775	605
24333	1401	2533
24334	1425	5449
24335	1426	6350
24336	1429	1569
24337	18809	1111
24338	1444	1466
24339	1449	4475
24340	18821	678
24341	4	21
24342	1489	1490
24343	18849	656
24344	1501	9383
24345	1509	8635
24346	18855	18793
24347	18881	1683
24348	18886	715
24349	18898	1087
24350	12	543
24351	327	1025
24352	327	5825
24353	18907	846
24354	18961	1073
24355	1581	4346
24356	18978	722
24357	1588	1591
24358	1580	2660
24359	700	4052
24360	157	368
24361	700	6435
24362	100	5213
24363	19020	1009
24364	19065	18976
24365	706	1853
24366	1640	2433
24367	1642	1666
24368	1652	3408
24369	19145	1780
24370	19149	6170
24371	19150	4313
24372	1675	3238
24373	40	1703
24374	160	7267
24375	1688	6910
24376	1695	2759
24377	1699	1707
24378	1711	13756
24379	19244	194
24380	718	2969
24381	19313	4742
24382	19333	6356
24383	19371	1582
24384	1748	1759
24385	1759	2779
24386	1776	9655
24387	1779	1782
24388	19513	2892
24389	731	732
24390	19499	511
24391	1807	3256
24392	19517	5547
24393	19615	3202
24394	19477	11132
24395	1839	3353
24396	19632	468
24397	19688	19505
24398	1859	1860
24399	1874	1877
24400	363	872
24401	1887	7417
24402	747	1428
24403	19866	1889
24404	19891	18938
24405	19917	10495
24406	19710	5612
24407	19928	571
24408	19942	1675
24409	20022	10473
24410	19990	1125
24411	757	811
24412	20086	13268
24413	20194	835
24414	104	6078
24415	20316	7565
24416	20321	19244
24417	2002	3724
24418	2013	2858
24419	20482	3492
24420	20494	7363
24421	20551	20417
24422	20592	7694
24423	20626	6446
24424	20661	1599
24425	20664	1957
24426	20664	2109
24427	20724	3011
24428	772	1479
24429	20886	5825
24430	20831	6157
24431	20830	2233
24432	20843	9491
24433	2052	2631
24434	20969	2682
24435	20991	19778
24436	21011	7337
24437	21093	9094
24438	21118	357
24439	21169	2571
24440	21176	4795
24441	21190	14174
24442	21249	163
24443	21254	21071
24444	21266	3366
24445	21275	1909
24446	21279	23
24447	21288	12246
24448	21346	1384
24449	2064	2072
24450	21348	9434
24451	21351	3915
24452	21362	1857
24453	2077	10379
24454	174	808
24455	21571	19558
24456	21585	11232
24457	4584	4585
24458	21680	3071
24459	21663	11137
24460	21665	11217
24461	21689	42
24462	21703	1523
24463	21716	20662
24464	21726	428
24465	21741	2071
24466	21774	13210
24467	21773	19917
24468	21828	3695
24469	21838	132
24470	21858	8226
24471	21871	493
24472	21929	6668
24473	21970	14991
24474	21990	401
24475	22016	6664
24476	841	881
24477	22023	6157
24478	23785	6769
24479	22050	19909
24480	22056	135
24481	22062	19210
24482	22207	6016
24483	22214	20213
24484	22218	19348
24485	22228	3559
24486	22279	2427
24487	22253	10431
24488	22256	5370
24489	22271	6281
24490	22275	12097
24491	22295	12037
24492	22294	21930
24493	22321	5440
24494	22322	21494
24495	22324	21395
24496	22333	11344
24497	22341	2499
24498	22358	4812
24499	22390	4023
24500	22406	3650
24501	22429	2800
24502	22556	13051
24503	22558	2521
24504	22566	3991
24505	22573	7151
24506	22582	12837
24507	22589	2723
24508	22590	9665
24509	22599	2575
24510	22603	413
24511	22595	22222
24512	22609	5378
24513	22615	19932
24514	377	383
24515	22627	6841
24516	22648	501
24517	22628	5882
24518	22663	1433
24519	22673	17373
24520	22674	11322
24521	22682	15806
24522	22686	4879
24523	22696	373
24524	22705	18844
24525	22720	19413
24526	22731	2751
24527	22735	1928
24528	22743	520
24529	22745	2959
24530	22757	678
24531	22758	4478
24532	22759	19824
24533	22773	2055
24534	22771	21177
24535	22786	18830
24536	22789	14009
24537	22796	503
24538	22825	22803
24539	22841	1812
24540	22852	8704
24541	22884	3009
24542	22938	1265
24543	22976	22024
24544	22966	1750
24545	22957	14451
24546	22977	70
24547	23013	15
24548	23884	10583
24549	23021	9006
24550	23022	1045
24551	23031	993
24552	23026	10986
24553	23040	21595
24554	23051	11142
24555	23050	6310
24556	23072	20437
24557	23077	10107
24558	23076	5144
24559	23086	3262
24560	23097	6220
24561	23102	9041
24562	23117	8336
24563	23125	3306
24564	23143	14619
24565	23122	8612
24566	23151	3275
24567	23176	4785
24568	23162	5054
24569	23167	1598
24570	23904	14820
24571	23184	9987
24572	23187	1499
24573	23197	10301
24574	23200	5205
24575	23202	2929
24576	23209	18772
24577	23208	19225
24578	23207	5709
24579	23212	10385
24580	23211	3178
24581	23216	9652
24582	23217	564
24583	23218	2090
24584	23223	23004
24585	23230	4382
24586	23232	8816
24587	23233	7243
24588	23238	2904
24589	23245	4307
24590	23249	3057
24591	23250	1892
24592	23255	4785
24593	23259	15032
24594	23268	20712
24595	23269	3422
24596	23267	2950
24597	23277	20782
24598	23916	8512
24599	23281	7929
24600	23287	6262
24601	23286	22782
24602	23918	5402
24603	23292	1993
24604	23302	5676
24605	23298	7510
24606	23300	20939
24607	23301	2871
24608	23308	110
24609	23932	19789
24610	23322	19106
24611	23342	14477
24612	23346	8364
24613	23951	11276
24614	23953	20048
24615	23360	1456
24616	23961	16554
24617	23963	19887
24618	23380	3339
24619	23381	19713
24620	23974	18665
24621	23977	20142
24622	23422	19872
24623	24018	10204
24624	23440	19981
24625	24020	11467
24626	23443	10392
24627	23459	2987
24628	23461	4461
24629	23462	19653
24630	23470	21376
24631	24038	6836
24632	23489	20806
24633	23490	4025
24634	23495	3405
24635	23499	1392
24636	23498	9695
24637	23504	10438
24638	23531	5648
24639	23533	9429
24640	23536	9471
24641	23522	23178
24642	23545	6395
24643	23553	20202
24644	23565	3163
24645	23576	896
24646	23587	4966
24647	23597	19636
24648	23602	3066
24649	23604	4506
24650	23645	8091
24651	23647	7409
24652	24091	9798
24653	23654	1347
24654	23693	738
24655	23696	1577
24656	23729	21515
24657	23740	22371
24658	23741	2571
24659	23759	22206
24660	23761	817
24661	23762	5186
24662	23765	13567
24663	23766	5500
24664	23772	9724
24665	23776	1004
24666	23777	8936
24667	23779	8889
24668	23781	2322
24669	23788	5956
24670	23790	1858
24671	23792	23034
24672	23798	13511
24673	23800	6526
24674	23801	8255
24675	23805	6306
24676	23806	9610
24677	23815	17323
24678	23823	5325
24679	23821	21634
24680	23826	11454
24681	23828	4801
24682	23829	4563
24683	23833	8806
24684	23836	3782
24685	23838	2942
24686	23849	14731
24687	23858	6020
24688	23859	13389
24689	23862	8552
24690	23863	3481
24691	23865	10299
24692	23866	20602
24693	23867	20761
24694	23868	20649
24695	23870	20563
24696	23871	20643
24697	23873	4954
24698	23874	5751
24699	23875	15004
24700	23876	9506
24701	23877	3689
24702	23879	10405
24703	23883	2121
24704	23885	4759
24705	23886	7930
24706	23887	6730
24707	23889	10296
24708	23899	12138
24709	23900	21458
24710	23901	7600
24711	23905	3662
24712	23908	6845
24713	23912	1660
24714	23913	4214
24715	23917	3933
24716	23919	9272
24717	23920	16544
24718	23924	5356
24719	23926	20523
24720	23927	7102
24721	23928	20475
24722	23929	10315
24723	23931	9760
24724	23933	2611
24725	23934	19285
24726	23935	6195
24727	23938	1799
24728	23940	8047
24729	23941	10232
24730	23942	20034
24731	23943	18379
24732	23944	1426
24733	23945	12468
24734	23947	15297
24735	23948	20398
24736	23949	14057
24737	23950	9782
24738	23952	15763
24739	23954	20792
24740	23955	8715
24741	23956	21024
24742	23957	5559
24743	23958	12611
24744	23959	19860
24745	23960	1815
24746	23962	20522
24747	23965	11718
24748	23966	7473
24749	23967	21387
24750	23968	7425
24751	23969	1522
24752	23970	20888
24753	23971	20001
24754	23972	19221
24755	23973	7491
24756	23975	21286
24757	23976	2323
24758	23978	21480
24759	23979	11579
24760	23980	21008
24761	23981	20648
24762	23982	15887
24763	23984	20759
24764	23985	20628
24765	23986	20606
24766	23987	21501
24767	23989	21547
24768	23990	20170
24769	23991	5808
24770	23992	21575
24771	23993	4089
24772	23994	4131
24773	23995	4352
24774	23996	21599
24775	23997	20547
24776	23998	21600
24777	23999	20744
24778	24000	19937
24779	24001	596
24780	24002	21081
24781	24004	5777
24782	24005	19656
24783	24006	21175
24784	24007	21593
24785	24008	19989
24786	24009	20502
24787	24010	21414
24788	24011	20672
24789	24012	8026
24790	24013	20766
24791	24014	8693
24792	24015	21345
24793	24016	16025
24794	24017	19800
24795	24019	21437
24796	24021	21332
24797	24022	21183
24798	24024	19724
24799	24026	5949
24800	24027	16751
24801	24028	3249
24802	24029	9959
24803	24030	9977
24804	24031	13421
24805	24032	10428
24806	24033	21217
24807	24034	2223
24808	24037	11417
24809	24039	8509
24810	24040	15359
24811	24041	21343
24812	24042	18099
24813	24043	5779
24814	24044	7655
24815	24047	3023
24816	24049	10191
24817	24052	6689
24818	24054	5559
24819	24055	16325
24820	24058	327
24821	24059	15190
24822	24064	20552
24823	24066	11243
24824	24067	10499
24825	24068	14162
24826	24070	7212
24827	24071	20118
24828	24073	11548
24829	24074	7202
24830	24075	6557
24831	24076	10518
24832	24077	5422
24833	24078	9124
24834	24081	5315
24835	24082	8797
24836	24083	6558
24837	24084	13951
24838	24085	12294
24839	24087	7171
24840	24090	8424
24841	24095	10859
24842	24096	13283
24843	24099	17196
24844	24101	1448
24845	24106	307
24846	24110	711
24847	24113	1474
24848	24122	13501
24849	24123	12783
24850	24124	3679
24851	24128	2899
24852	24131	3252
24853	24132	5858
24854	24140	6667
24855	24145	8094
24856	24153	3012
24857	24154	2979
24858	24170	3310
24859	24172	5424
24860	24173	9591
24861	24179	3434
24862	24180	2028
24863	24181	5365
24864	24191	11712
24865	24195	3893
24866	24208	4470
24867	24210	4416
24868	24213	10340
24869	24218	4593
24870	24224	4745
24871	24227	10388
24872	24231	268
24873	24235	15094
24874	24236	1855
24875	24241	12302
24876	24245	5568
24877	24246	1543
24878	24248	5798
24879	24276	17236
24880	24277	11533
24881	24287	1544
24882	24291	1481
24883	24292	11252
24884	24297	10743
24885	24299	14307
24886	24308	16442
24887	24310	12203
24888	24315	21635
24889	24318	13162
24890	24321	13994
24891	24344	9387
24892	24384	1763
24893	24393	21545
24894	24433	6240
24895	24446	641
24896	24457	160
24897	385	693
24898	2132	6134
24899	2137	4793
24900	2180	2182
24901	394	12781
24902	836	1709
24903	2209	2914
24904	2220	2229
24905	839	6078
24906	2235	6128
24907	842	887
24908	110	901
24909	2261	2282
24910	2259	2272
24911	844	1548
24912	2288	2296
24913	2310	10887
24914	2314	2324
24915	408	7353
24916	23	1047
24917	2426	9343
24918	409	878
24919	2427	12372
24920	2427	12381
24921	2460	3878
24922	112	1843
24923	2482	2503
24924	2524	15320
24925	412	448
24926	412	5217
24927	2540	2546
24928	2555	9447
24929	54	1376
24930	2585	2590
24931	415	6089
24932	2614	6912
24933	2618	2901
24934	2683	2704
24935	2702	3539
24936	2766	11838
24937	2771	3072
24938	907	938
24939	923	8277
24940	2864	4719
24941	2879	2887
24942	433	1047
24943	205	15849
24944	443	8708
24945	2948	10104
24946	2970	3810
24947	2991	3041
24948	3064	3080
24949	3129	4019
24950	3192	3194
24951	3197	4035
24952	473	10449
24953	997	8590
24954	3075	3084
24955	3273	6891
24956	3285	3294
24957	1017	1018
24958	216	504
24959	1013	1437
24960	1015	1016
24961	3363	7350
24962	3373	3735
24963	3405	15232
24964	3408	3409
24965	3408	8745
24966	3414	3927
24967	3420	3863
24968	1020	1021
24969	1031	1166
24970	220	9936
24971	127	772
24972	8	407
24973	3471	5362
24974	3508	3523
24975	3518	5902
24976	3534	6346
24977	3549	6547
24978	501	14732
24979	224	13326
24980	3590	3601
24981	503	565
24982	3608	8376
24983	3621	6976
24984	3660	3663
24985	1064	9651
24986	3694	6448
24987	507	533
24988	3710	11903
24989	3730	8646
24990	3788	3811
24991	1072	2840
24992	3879	3889
24993	3884	3891
24994	3865	5233
24995	3940	7555
24996	3954	3965
24997	3970	4265
24998	1079	3322
24999	1082	1083
25000	4071	11524
25001	4125	5275
25002	4171	8155
25003	4155	12893
25004	4237	7893
25005	4244	8117
25006	4326	4354
25007	4302	4327
25008	253	1712
25009	1110	3770
25010	4514	4536
25011	4561	4820
25012	4616	8847
25013	4633	9358
25014	4639	14132
25015	4686	4689
25016	4700	4718
25017	4817	8481
25018	69	624
25019	4924	14936
25020	4938	14454
25021	5064	6517
25022	5052	13859
25023	5075	5076
25024	5096	9038
25025	141	4043
25026	5127	6274
25027	5138	5460
25028	5147	5151
25029	5172	9879
25030	5193	6553
25031	5262	13273
25032	5271	5636
25033	5296	5335
25034	5346	15089
25035	5467	6065
25036	265	288
25037	5536	12672
25038	5611	15231
25039	5634	9428
25040	5663	11344
25041	5878	8632
25042	5895	13938
25043	5928	5930
25044	5906	5907
25045	5909	14485
25046	561	1341
25047	5945	12217
25048	5970	6769
25049	5981	10197
25050	5995	10140
25051	144	750
25052	5728	5754
25053	5	66
25054	6116	9330
25055	6130	6651
25056	6160	7616
25057	6171	9982
25058	6211	7551
25059	6238	6267
25060	6283	6326
25061	275	12254
25062	6345	6349
25063	6357	6359
25064	6374	8953
25065	6427	6438
25066	6444	10610
25067	6470	15864
25068	5943	12161
25069	6502	6534
25070	6519	6523
25071	6546	6552
25072	6567	6569
25073	6513	7165
25074	6652	10108
25075	577	11924
25076	6725	7424
25077	6734	9644
25078	279	327
25079	6888	8223
25080	6929	6932
25081	6957	13368
25082	6998	7054
25083	7017	12463
25084	7150	7152
25085	7191	7193
25086	7189	10212
25087	7267	7437
25088	7291	7299
25089	7499	8474
25090	7512	7551
25091	7580	7581
25092	7639	7641
25093	7771	7774
25094	35	1007
25095	7911	9479
25096	7917	9745
25097	8122	12432
25098	8171	8190
25099	8452	8456
25100	8518	14783
25101	8522	10618
25102	8631	9430
25103	602	8592
25104	8858	10407
25105	1322	1323
25106	9041	9138
25107	146	4299
25108	9135	14157
25109	1335	1369
25110	9179	9183
25111	9163	14995
25112	9297	9304
25113	1346	2927
25114	1349	3337
25115	9463	9464
25116	9551	14225
25117	9646	9650
25118	9675	9677
25119	9712	10697
25120	1356	2732
25121	9797	10235
25122	612	6225
25123	1363	3125
25124	9958	17276
25125	10041	10045
25126	148	156
25127	10054	10057
25128	10088	10089
25129	10398	15692
25130	1376	1409
25131	10752	12027
25132	10758	10763
25133	10759	10762
25134	11037	11042
25135	11178	11179
25136	11203	11207
25137	11305	11308
25138	11441	11444
25139	11895	11896
25140	622	6952
25141	12060	12072
25142	12107	17255
25143	12145	12704
25144	12170	12171
25145	12261	13225
25146	12294	15914
25147	12447	17083
25148	12473	12474
25149	149	834
25150	1383	2590
25151	13055	13056
25152	13260	13262
25153	13503	13514
25154	13579	13580
25155	13630	13632
25156	13687	13693
25157	13698	16908
25158	13699	16663
25159	13705	13710
25160	13936	14011
25161	13980	13981
25162	14062	14063
25163	1387	1415
25164	14496	14497
25165	14426	14427
25166	15288	15289
25167	16223	16224
25168	16785	16786
25169	17218	17222
25170	17528	17529
25171	18773	18772
25172	1394	2578
25173	18775	741
25174	636	7167
25175	1413	12815
25176	18789	5862
25177	652	654
25178	0	62
25179	18821	2657
25180	679	1577
25181	1474	2608
25182	1479	8251
25183	18837	2098
25184	18855	18779
25185	1497	5382
25186	1527	3098
25187	324	5425
25188	18885	594
25189	687	7616
25190	18896	1155
25191	18899	2729
25192	1556	2050
25193	1557	4468
25194	690	2278
25195	1576	3790
25196	18968	6109
25197	18951	807
25198	18942	2755
25199	19001	1076
25200	1602	1840
25201	19022	4427
25202	38	1669
25203	1628	12057
25204	1630	1656
25205	19074	5980
25206	19102	2640
25207	19116	7368
25208	19149	6225
25209	712	819
25210	19201	331
25211	19215	6007
25212	19256	384
25213	1724	3615
25214	1734	1749
25215	19369	3554
25216	19466	18790
25217	19522	3369
25218	19490	1762
25219	1832	2545
25220	1837	3059
25221	19615	18858
25222	164	1959
25223	19687	18883
25224	19712	135
25225	19753	9653
25226	1880	2118
25227	19811	7215
25228	19827	1296
25229	167	193
25230	753	785
25231	19972	19633
25232	168	208
25233	20014	19211
25234	20015	869
25235	1942	1951
25236	1941	3524
25237	20031	4152
25238	20049	2742
25239	20059	3427
25240	20101	1955
25241	20125	4159
25242	20034	308
25243	20155	5850
25244	20160	19377
25245	20188	1022
25246	1971	2384
25247	1974	5565
25248	757	808
25249	20275	4661
25250	20293	6497
25251	20342	1880
25252	20368	20195
25253	20440	81
25254	20507	12482
25255	20517	5514
25256	2021	3519
25257	20572	5532
25258	20601	221
25259	20640	11596
25260	20659	1725
25261	20675	5648
25262	20681	13304
25263	20705	18881
25264	20722	5899
25265	20733	1065
25266	20735	11912
25267	20763	20323
25268	105	2710
25269	20846	6110
25270	20853	19855
25271	21108	1384
25272	21019	4385
25273	21113	6641
25274	21139	657
25275	21253	1515
25276	21287	942
25277	21303	1461
25278	21354	19148
25279	2065	6300
25280	21190	14178
25281	21394	7574
25282	21468	18932
25283	21472	310
25284	23221	261
25285	21613	5437
25286	4757	6148
25287	21663	16194
25288	21690	4346
25289	21709	20677
25290	21717	10777
25291	21745	3784
25292	21762	3334
25293	21778	19724
25294	23778	11599
25295	24460	11204
25296	21861	3540
25297	21879	1287
25298	21879	945
25299	21893	994
25300	21912	20195
25301	21927	501
25302	21863	19834
25303	21944	8454
25304	21975	20317
25305	21987	5811
25306	22009	4913
25307	21999	3330
25308	22002	374
25309	22022	20526
25310	22047	19538
25311	22048	2226
25312	22052	10910
25313	22067	19020
25314	22077	8
25315	22087	16868
25316	22180	6018
25317	22223	1784
25318	22212	8080
25319	22227	3673
25320	22242	4454
25321	22252	18824
25322	22257	750
25323	22264	6710
25324	22269	4142
25325	22270	20689
25326	22272	8209
25327	22283	151
25328	22303	6854
25329	22304	21031
25330	22307	3662
25331	22316	878
25332	22323	3549
25333	22327	4849
25334	22332	20036
25335	22363	6460
25336	22367	410
25337	22369	10945
25338	22372	12940
25339	22409	20997
25340	22462	9004
25341	24506	9630
25342	22487	20620
25343	22517	1391
25344	22568	1071
25345	22601	5729
25346	22613	8181
25347	22624	6943
25348	22633	1580
25349	22635	8465
25350	22650	1031
25351	22647	19609
25352	22661	3240
25353	22666	21318
25354	22669	14598
25355	22670	12090
25356	22667	1794
25357	22681	15541
25358	22697	3207
25359	22701	2608
25360	22703	216
25361	22707	8685
25362	22709	19499
25363	789	1549
25364	22716	864
25365	22738	2787
25366	22741	6104
25367	24519	17368
25368	22750	13561
25369	22755	2294
25370	22787	3883
25371	22824	5755
25372	22826	263
25373	22828	741
25374	22874	9960
25375	22925	19102
25376	22927	20796
25377	22958	9823
25378	46	53
25379	24537	393
25380	22982	1879
25381	22988	2318
25382	22990	3541
25383	22995	13458
25384	23029	4919
25385	23038	2585
25386	23049	19392
25387	23046	2571
25388	23056	4569
25389	23070	7340
25390	23065	21765
25391	23079	21188
25392	23087	21775
25393	23110	9868
25394	23131	6518
25395	23140	2991
25396	23138	13040
25397	23142	22622
25398	24559	5991
25399	23152	784
25400	23157	13049
25401	23156	39
25402	23155	1464
25403	23158	19891
25404	23169	8307
25405	23173	3348
25406	23175	2802
25407	24567	6851
25408	23186	20607
25409	23191	8768
25410	23199	21118
25411	24571	9993
25412	24577	6419
25413	23213	1563
25414	23222	9540
25415	23224	19639
25416	23231	7294
25417	23235	3583
25418	23244	19340
25419	23257	6789
25420	23258	2049
25421	23273	2856
25422	23282	19731
25423	23288	20268
25424	24609	20533
25425	23295	20493
25426	23306	4902
25427	23318	20242
25428	23326	1746
25429	23335	11151
25430	23447	19746
25431	23456	20363
25432	24620	18672
25433	23466	248
25434	23471	6160
25435	24631	10775
25436	23474	21761
25437	23484	5603
25438	23487	19124
25439	23488	21089
25440	23493	3713
25441	23500	11887
25442	23507	22353
25443	23506	12229
25444	23508	451
25445	23515	3648
25446	23518	4823
25447	23524	2245
25448	23529	16420
25449	23556	3281
25450	23560	394
25451	23579	13164
25452	23627	13406
25453	23635	7245
25454	23636	7406
25455	23641	12752
25456	23659	14703
25457	23676	16901
25458	23702	2889
25459	23722	3498
25460	23734	1500
25461	23735	5240
25462	23739	13847
25463	23755	7819
25464	23753	1635
25465	23750	4645
25466	23773	14359
25467	23783	1586
25468	23794	10803
25469	23795	5516
25470	23804	10382
25471	23810	1127
25472	23818	10712
25473	23819	4475
25474	23824	2185
25475	23834	9355
25476	23835	3879
25477	23837	19512
25478	23841	3457
25479	23843	14790
25480	23848	57
25481	23851	7512
25482	23850	6252
25483	23852	8978
25484	23854	20487
25485	23855	5966
25486	23857	1252
25487	23860	11012
25488	2109	2589
25489	23864	10792
25490	24687	2119
25491	23869	1379
25492	24694	20525
25493	23881	21461
25494	23898	15071
25495	24719	11994
25496	24715	2014
25497	24723	9753
25498	23937	19559
25499	24731	18376
25500	24735	19352
25501	24748	7254
25502	23983	857
25503	24003	5706
25504	796	1052
25505	24023	20326
25506	24025	3702
25507	24808	4624
25508	24046	1431
25509	24051	9420
25510	24810	9314
25511	24053	2111
25512	24062	1040
25513	24072	20418
25514	24836	8393
25515	24088	6879
25516	24104	9411
25517	24107	4376
25518	24127	8357
25519	24134	835
25520	24142	3352
25521	24156	2955
25522	24171	3252
25523	24852	7723
25524	24184	613
25525	24192	1700
25526	24199	7339
25527	24201	14444
25528	24232	5846
25529	24249	6271
25530	24269	11170
25531	24271	22014
25532	24278	9856
25533	24280	3381
25534	381	6071
25535	24294	971
25536	24317	6515
25537	24326	16721
25538	24332	19061
25539	24334	19733
25540	24335	2050
25541	24346	2627
25542	24350	592
25543	24357	1401
25544	24364	19250
25545	24380	6328
25546	24382	4650
25547	24379	22836
25548	24387	1783
25549	24405	161
25550	24427	3806
25551	24428	1428
25552	24430	21268
25553	24431	19032
25554	24425	4712
25555	24439	19991
25556	24438	23190
25557	24453	904
25558	24459	11144
25559	24463	23205
25560	24465	2075
25561	24467	22951
25562	24473	14989
25563	24477	22733
25564	24480	2332
25565	24483	8241
25566	24488	2353
25567	24500	13940
25568	24511	23780
25569	24512	12602
25570	24514	364
25571	24525	1155
25572	24527	7139
25573	24530	5867
25574	24545	2886
25575	24548	10588
25576	24549	11828
25577	24560	6229
25578	24561	6789
25579	24564	14217
25580	24565	21134
25581	24568	9322
25582	24570	14821
25583	24575	12258
25584	24576	23802
25585	24581	9657
25586	24584	9157
25587	24590	5616
25588	24591	3585
25589	24592	4781
25590	24593	15030
25591	24598	10841
25592	24602	5408
25593	24611	14478
25594	24612	8363
25595	24613	11302
25596	24614	20375
25597	24615	21435
25598	24616	16559
25599	24617	20638
25600	24621	20771
25601	24622	6002
25602	24623	20737
25603	24624	19818
25604	24625	11475
25605	24626	10393
25606	24627	2997
25607	24628	4462
25608	24629	359
25609	24630	104
25610	24632	21553
25611	24637	10373
25612	24638	10117
25613	24640	2568
25614	24642	7365
25615	24646	5244
25616	24652	16115
25617	24653	1336
25618	24654	20455
25619	24658	2548
25620	24662	13568
25621	24663	9341
25622	24665	5458
25623	24667	8891
25624	24670	10455
25625	24672	13515
25626	24674	8256
25627	24675	6274
25628	24676	19636
25629	24677	17322
25630	24680	11455
25631	24681	4808
25632	24682	4559
25633	24683	8809
25634	24684	12251
25635	24686	9099
25636	24688	13390
25637	24689	12729
25638	24690	7791
25639	24691	7814
25640	24692	20765
25641	24693	20885
25642	24695	20688
25643	24696	20772
25644	24698	5749
25645	24699	15005
25646	24700	9508
25647	24701	3698
25648	24702	9267
25649	24703	2154
25650	24704	4767
25651	24705	7966
25652	24706	20743
25653	24708	9975
25654	24710	7601
25655	24711	14542
25656	24712	2058
25657	24713	2024
25658	24714	3311
25659	24716	9274
25660	24717	16545
25661	24718	9884
25662	24720	7101
25663	24721	20655
25664	24722	10317
25665	24724	19178
25666	24725	19903
25667	24726	6201
25668	24727	1802
25669	24728	8048
25670	24729	10233
25671	24730	21267
25672	24732	1436
25673	24733	5010
25674	24734	15298
25675	24736	14058
25676	24737	9783
25677	24738	15764
25678	24739	20985
25679	24740	8720
25680	24742	15196
25681	24743	12613
25682	24744	20421
25683	24745	1835
25684	24746	20646
25685	24747	1048
25686	24749	21622
25687	24750	7427
25688	24752	21045
25689	24753	21150
25690	24755	7494
25691	24756	1075
25692	24757	2328
25693	24758	1392
25694	24759	21012
25695	24760	21186
25696	24761	20778
25697	24762	15888
25698	24763	20883
25699	24764	20756
25700	24765	20736
25701	24768	21120
25702	24769	5812
25703	24771	21551
25704	24772	21049
25705	24773	21384
25706	24775	20805
25707	24776	1132
25708	24777	21136
25709	24778	21201
25710	24779	18975
25711	24780	21560
25712	24781	5778
25713	24782	20444
25714	24783	21409
25715	24785	20541
25716	24786	20941
25717	24787	21632
25718	24788	20854
25719	24789	8027
25720	24790	20891
25721	24791	20571
25722	24792	21648
25723	24793	21302
25724	24794	20973
25725	24795	21657
25726	24796	21546
25727	24797	21398
25728	24798	21207
25729	24799	5950
25730	24800	16752
25731	24801	3257
25732	24802	9963
25733	24803	9981
25734	24804	13423
25735	24805	1793
25736	24807	2213
25737	24809	21313
25738	24812	18100
25739	24813	20545
25740	24816	10194
25741	24817	6690
25742	24819	16326
25743	24821	15189
25744	24823	11244
25745	24824	10500
25746	24825	14164
25747	24826	7216
25748	24827	21156
25749	24831	10519
25750	24832	8776
25751	24833	9125
25752	24834	1541
25753	24837	13953
25754	24839	20503
25755	24840	8422
25756	24841	10860
25757	24842	13285
25758	24843	17197
25759	24844	1451
25760	24848	6828
25761	24849	14236
25762	24850	5228
25763	24851	1033
25764	24853	19749
25765	24856	3016
25766	24857	3000
25767	24861	3438
25768	24864	1297
25769	24865	3896
25770	24866	3653
25771	24867	20961
25772	24868	10341
25773	24869	4595
25774	24870	4770
25775	24872	4855
25776	24874	8470
25777	24875	12303
25778	24878	5801
25779	24879	9264
25780	24880	11534
25781	24881	13742
25782	24884	13965
25783	24886	16446
25784	24890	13995
25785	24895	23454
25786	24896	4583
25787	24900	2175
25788	24906	6123
25789	24908	5094
25790	24910	2285
25791	24919	12375
25792	24920	1179
25793	24921	502
25794	24923	2462
25795	24933	2744
25796	24939	14236
25797	24943	15850
25798	24944	8703
25799	24948	3070
25800	24950	21054
25801	24954	24048
25802	797	15311
25803	24984	3668
25804	24987	579
25805	24990	3803
25806	25000	11522
25807	25003	12888
25808	25006	4335
25809	25010	4527
25810	25017	1524
25811	25019	12263
25812	25020	14452
25813	25031	13271
25814	25034	1253
25815	25036	24169
25816	25047	15245
25817	25054	21339
25818	25058	7633
25819	25064	8937
25820	25075	11925
25821	25081	1403
25822	25083	12464
25823	25099	8453
25824	25100	13350
25825	25101	10617
25826	25108	15427
25827	25110	9168
25828	25112	9299
25829	25121	10234
25830	25127	10052
25831	25128	1629
25832	25136	11208
25833	25138	11442
25834	25145	13227
25835	25151	13053
25836	25155	13633
25837	25159	7733
25838	25160	14012
25839	25162	14065
25840	25164	18943
25841	25168	16787
25842	25169	19826
25843	25170	17531
25844	25187	20480
25845	25194	717
25846	25199	3539
25847	25207	1726
25848	25222	6182
25849	25224	21416
25850	25237	11160
25851	25391	20169
25852	25571	18849
25853	805	822
25854	2119	4848
25855	808	8500
25856	2130	5480
25857	390	460
25858	827	8752
25859	828	2493
25860	2194	5215
25861	2204	2537
25862	2205	5979
25863	2210	4523
25864	2215	2730
25865	398	1228
25866	178	202
25867	2233	13265
25868	2235	2257
25869	2248	5215
25870	400	423
25871	842	5773
25872	2250	3053
25873	2278	2283
25874	110	9842
25875	847	3428
25876	847	5173
25877	2332	10113
25878	192	773
25879	2340	2362
25880	2337	9546
25881	2348	3209
25882	2348	4839
25883	2374	4372
25884	2359	8510
25885	2383	4372
25886	2394	3316
25887	2396	4501
25888	2395	3367
25889	2427	10444
25890	2429	2435
25891	2427	10055
25892	2440	2448
25893	2453	7826
25894	2455	3223
25895	2541	6524
25896	2556	2769
25897	2557	6800
25898	2565	5083
25899	2571	4140
25900	2603	6889
25901	57	65
25902	2632	5027
25903	2633	3883
25904	199	327
25905	56	1961
25906	2649	2892
25907	420	6242
25908	420	1056
25909	2661	2701
25910	420	724
25911	421	3405
25912	422	9678
25913	422	11088
25914	2680	2726
25915	57	1983
25916	2701	3327
25917	2721	7310
25918	17	111
25919	57	1998
25920	425	642
25921	2754	10992
25922	25	1082
25923	904	919
25924	2807	5463
25925	2818	9744
25926	911	8856
25927	2824	11965
25928	2846	5369
25929	924	936
25930	2847	5328
25931	2873	6807
25932	2872	11016
25933	2904	2954
25934	2909	5655
25935	2916	5368
25936	2931	3882
25937	446	2081
25938	2944	2969
25939	2960	3011
25940	3022	3043
25941	3059	7552
25942	3059	11326
25943	3063	6257
25944	3066	3196
25945	3085	5990
25946	63	2052
25947	3128	3129
25948	3130	10771
25949	3141	8764
25950	3156	3162
25951	3147	6738
25952	3176	7483
25953	995	13624
25954	3196	4803
25955	3201	4540
25956	3205	3842
25957	3209	4207
25958	3215	11643
25959	3269	3270
25960	3294	5249
25961	3300	13497
25962	3336	3340
25963	3347	3358
25964	483	5081
25965	486	492
25966	3377	3379
25967	3416	15155
25968	494	10876
25969	3464	13548
25970	1028	1166
25971	3485	6828
25972	3495	3500
25973	1031	3167
25974	3523	5987
25975	3526	3528
25976	3532	6052
25977	3547	3597
25978	1035	5190
25979	501	14044
25980	224	10677
25981	502	9843
25982	1047	11178
25983	3539	5586
25984	3628	3629
25985	504	1981
25986	3647	7878
25987	3732	3749
25988	1065	1773
25989	229	250
25990	3707	3889
25991	3726	4844
25992	3612	8316
25993	233	7551
25994	3796	8644
25995	3879	6557
25996	510	1460
25997	3881	6210
25998	3884	7862
25999	3888	4748
26000	3908	5456
26001	3919	3921
26002	3956	3962
26003	4024	6191
26004	4040	6209
26005	4044	8541
26006	1080	2857
26007	242	2917
26008	4132	4163
26009	4140	9313
26010	4203	4760
26011	4188	4230
26012	4186	7396
26013	4226	5054
26014	1088	2383
26015	4243	10733
26016	517	617
26017	517	5594
26018	4367	7801
26019	4422	4423
26020	4426	4432
26021	4487	4867
26022	254	1324
26023	4552	4574
26024	139	4041
26025	4618	11384
26026	139	2337
26027	4748	4750
26028	68	2333
26029	4775	7498
26030	258	332
26031	4785	10221
26032	4816	9640
26033	69	1088
26034	4850	6330
26035	4859	4864
26036	4868	7182
26037	4892	4906
26038	4914	6380
26039	4820	8274
26040	69	3675
26041	4769	5027
26042	4996	5053
26043	5096	7369
26044	5095	5136
26045	5136	8883
26046	5147	9250
26047	5170	5171
26048	262	2911
26049	5213	15815
26050	5215	5216
26051	5235	5640
26052	541	571
26053	5262	5330
26054	5073	5074
26055	5277	5292
26056	5294	8230
26057	1162	12231
26058	5400	9701
26059	5460	5659
26060	5425	5427
26061	1166	1232
26062	5451	7167
26063	5449	6184
26064	5481	8687
26065	5559	9703
26066	1179	1180
26067	5522	8820
26068	5562	6359
26069	1181	5604
26070	1182	1247
26071	5640	9684
26072	5641	6544
26073	266	1566
26074	143	6103
26075	5833	7196
26076	5835	6514
26077	5848	5852
26078	5858	6440
26079	5887	6390
26080	5882	5886
26081	5942	13166
26082	5989	7586
26083	5989	13919
26084	6027	11919
26085	6075	6331
26086	6086	6091
26087	6121	8266
26088	1209	1215
26089	6233	9719
26090	6247	6248
26091	572	1488
26092	6288	6308
26093	6308	9930
26094	571	1806
26095	6340	6683
26096	6340	7431
26097	6397	9364
26098	6445	7301
26099	6449	14336
26100	6508	6972
26101	6559	12081
26102	5	221
26103	6595	9620
26104	6594	10034
26105	6619	7457
26106	1234	6577
26107	6665	6744
26108	6703	12938
26109	6722	9137
26110	6784	16430
26111	6788	16202
26112	1241	8886
26113	6872	7374
26114	1243	12323
26115	6974	6975
26116	6994	6998
26117	1252	4475
26118	582	8491
26119	1252	2577
26120	7138	12521
26121	7157	9671
26122	7198	7207
26123	7209	10142
26124	7290	7532
26125	7279	12025
26126	7026	10706
26127	7328	7337
26128	81	85
26129	7453	7463
26130	7456	7461
26131	7473	9141
26132	1263	9630
26133	7615	7618
26134	7640	7642
26135	7706	9528
26136	592	1083
26137	282	2715
26138	7914	7919
26139	83	13802
26140	8007	8008
26141	86	88
26142	8107	8108
26143	8116	8118
26144	8138	10048
26145	86	3204
26146	8220	8229
26147	1293	10737
26148	8321	15106
26149	8327	11127
26150	8485	11023
26151	35	844
26152	8593	8594
26153	1308	1310
26154	8622	8625
26155	1309	1345
26156	8645	10032
26157	1310	3217
26158	1311	9247
26159	1312	6853
26160	8738	9374
26161	8871	8875
26162	146	827
26163	1321	6572
26164	8846	8860
26165	8825	10438
26166	9004	10035
26167	9030	9033
26168	89	1436
26169	9228	9231
26170	1347	6482
26171	9633	9636
26172	9634	9643
26173	9638	10074
26174	9772	14585
26175	9878	17249
26176	9985	10011
26177	1369	1377
26178	10029	13479
26179	10244	10246
26180	10256	10259
26181	10373	10377
26182	10422	10467
26183	1372	3209
26184	10449	12628
26185	10595	10599
26186	10641	13603
26187	11202	11211
26188	10910	14857
26189	11220	11222
26190	11311	16761
26191	11380	11382
26192	11399	11403
26193	11480	11481
26194	11669	11670
26195	11794	11797
26196	11799	11804
26197	12015	12021
26198	11943	11944
26199	12080	14880
26200	12249	14587
26201	12278	12280
26202	12516	12519
26203	12906	12908
26204	1382	8859
26205	13330	14196
26206	13370	13718
26207	13352	13353
26208	13526	13607
26209	13975	13983
26210	14159	14161
26211	14180	15060
26212	14207	14684
26213	14278	14332
26214	14916	14918
26215	15206	15207
26216	15217	15218
26217	15257	15259
26218	15245	16652
26219	15473	15474
26220	15628	17564
26221	15902	15903
26222	16080	16085
26223	16331	17573
26224	16495	17404
26225	16726	16727
26226	1388	7644
26227	17233	17759
26228	17290	17304
26229	17428	17431
26230	17517	17519
26231	17809	17814
26232	17912	17915
26233	18394	18397
26234	18408	18410
26235	18716	18718
26236	368	842
26237	638	644
26238	1399	2875
26239	298	1434
26240	647	664
26241	18789	5844
26242	1416	1466
26243	18793	1042
26244	18795	1106
26245	661	12384
26246	1434	9651
26247	18814	7134
26248	18814	429
26249	673	9699
26250	0	46
26251	18824	402
26252	1458	1600
26253	679	1608
26254	18838	1065
26255	679	1380
26256	1475	8343
26257	1475	1585
26258	18852	1094
26259	1495	2902
26260	1493	5431
26261	1506	1840
26262	18870	18836
26263	38	199
26264	18879	3362
26265	18887	255
26266	1549	11929
26267	327	1962
26268	18920	7201
26269	18922	750
26270	1568	8607
26271	1573	2278
26272	696	4966
26273	697	791
26274	1585	2596
26275	18981	5728
26276	1586	1688
26277	1594	1774
26278	19073	1031
26279	19082	2350
26280	19069	966
26281	19098	5087
26282	19106	450
26283	707	12960
26284	714	769
26285	344	395
26286	19193	108
26287	1683	5541
26288	19212	2729
26289	1685	2775
26290	19244	429
26291	1705	3370
26292	19263	888
26293	19287	261
26294	1729	1733
26295	19343	18832
26296	354	2711
26297	1741	3511
26298	1745	7838
26299	19369	3404
26300	1768	6072
26301	1769	6137
26302	19409	531
26303	1809	1839
26304	163	3401
26305	19554	633
26306	19559	3667
26307	1826	6622
26308	19563	9097
26309	1826	1853
26310	19566	5341
26311	1834	3151
26312	19597	4483
26313	1848	8579
26314	19644	19036
26315	19646	8757
26316	19674	6429
26317	19676	844
26318	19693	19550
26319	19702	6609
26320	1862	9852
26321	19748	2191
26322	19753	2763
26323	1884	7701
26324	19782	12257
26325	19804	93
26326	19780	149
26327	1894	2879
26328	19846	10466
26329	19865	13014
26330	19875	13223
26331	19893	3165
26332	19999	825
26333	19992	3069
26334	1942	5894
26335	20078	5584
26336	1948	1955
26337	20077	143
26338	1947	1969
26339	20103	1660
26340	20109	19094
26341	20155	2012
26342	20162	3160
26343	20244	9223
26344	20261	4372
26345	20272	2058
26346	20277	2702
26347	20316	3900
26348	1997	2116
26349	20336	161
26350	20369	187
26351	20390	6173
26352	20384	5274
26353	20384	2052
26354	20415	3808
26355	20428	5652
26356	2008	3866
26357	20439	4327
26358	105	2282
26359	768	8500
26360	20494	2745
26361	20507	7911
26362	1974	10777
26363	20579	2282
26364	20603	11942
26365	20610	8051
26366	20611	13362
26367	20612	4195
26368	20618	3502
26369	20713	5210
26370	20721	2820
26371	20722	5058
26372	20734	1115
26373	20734	1278
26374	20746	4899
26375	20829	5341
26376	20954	3275
26377	2054	2422
26378	21074	1549
26379	21087	1826
26380	782	809
26381	2057	3654
26382	21162	8858
26383	21165	555
26384	21169	7001
26385	21247	20845
26386	21256	658
26387	21262	2936
26388	21264	20965
26389	2064	2083
26390	21336	3280
26391	21359	144
26392	21377	2003
26393	21395	6488
26394	21467	5292
26395	21506	8935
26396	21512	19372
26397	21587	20284
26398	21569	752
26399	21620	6498
26400	21637	7588
26401	813	815
26402	833	13897
26403	26111	16203
26404	3562	3607
26405	4301	16016
26406	4676	12784
26407	5007	13021
26408	10504	14177
26409	7170	12116
26410	11185	11186
26411	17693	17988
26412	1680	3805
26413	21681	20534
26414	21708	8243
26415	2086	8961
26416	2084	6320
26417	21741	5917
26418	21750	2257
26419	21754	19834
26420	21705	2901
26421	21767	17851
26422	21769	2072
26423	21771	2119
26424	21778	7364
26425	22087	16878
26426	21821	20832
26427	21818	12
26428	21820	15056
26429	21829	3879
26430	21820	6155
26431	21832	8181
26432	21832	3518
26433	21854	13345
26434	21841	4908
26435	21857	20747
26436	21857	1069
26437	21863	6385
26438	21865	3197
26439	21868	19990
26440	21875	1403
26441	21875	2712
26442	21878	12394
26443	21880	11537
26444	21886	1498
26445	21918	6459
26446	21938	11657
26447	21951	8888
26448	21973	18841
26449	21993	1387
26450	21979	3764
26451	21981	853
26452	21984	2817
26453	21988	2261
26454	22007	4174
26455	22012	13526
26456	22030	3095
26457	22053	2507
26458	22128	8849
26459	22183	18951
26460	22184	6500
26461	22217	3184
26462	22213	20041
26463	22215	1193
26464	22214	20600
26465	22224	3413
26466	22229	19379
26467	2100	3968
26468	22232	5669
26469	22234	12656
26470	22235	599
26471	22238	19448
26472	22244	7041
26473	22248	1052
26474	22255	5552
26475	22261	8817
26476	22262	21990
26477	22293	11156
26478	22312	784
26479	22317	21093
26480	22334	15319
26481	22355	3147
26482	176	4573
26483	22339	719
26484	22343	8227
26485	22362	3761
26486	22367	14744
26487	376	379
26488	22373	11212
26489	22384	10815
26490	22383	3646
26491	22389	11839
26492	22398	12688
26493	22426	3538
26494	22555	21006
26495	22554	1021
26496	22562	1001
26497	22598	475
26498	22597	572
26499	22600	3969
26500	22612	4675
26501	22616	3974
26502	22636	20588
26503	22639	7164
26504	22640	9524
26505	22646	6962
26506	22653	19333
26507	22651	19801
26508	22651	20802
26509	22654	8122
26510	22658	742
26511	22672	5613
26512	22687	447
26513	22693	19865
26514	22704	17117
26515	22711	1032
26516	22715	1006
26517	22726	12146
26518	22728	1321
26519	22753	11793
26520	22765	1305
26521	23844	11695
26522	22790	21303
26523	22821	658
26524	22817	19731
26525	378	1634
26526	25367	17370
26527	2104	5429
26528	22942	5574
26529	22950	19159
26530	22964	12053
26531	22992	2056
26532	23001	6054
26533	23005	1631
26534	23009	13990
26535	23008	22443
26536	23015	6214
26537	23025	3216
26538	23044	628
26539	23039	515
26540	25379	11191
26541	23068	550
26542	23083	7547
26543	23088	12839
26544	23090	1033
26545	23091	5853
26546	23108	7292
26547	23111	7434
26548	23113	11663
26549	23116	2046
26550	23127	17173
26551	23132	4756
26552	23135	20013
26553	23137	3684
26554	23146	13373
26555	23150	6844
26556	23168	1828
26557	23166	114
26558	23171	521
26559	23172	7269
26560	23194	20362
26561	23195	20443
26562	23210	22978
26563	23214	20361
26564	23219	12053
26565	23225	22425
26566	23227	8973
26567	23229	22368
26568	23239	4454
26569	23240	822
26570	23243	2009
26571	23241	6964
26572	23246	10676
26573	23251	4345
26574	23252	1286
26575	23266	1381
26576	23275	349
26577	23278	9139
26578	23279	10891
26579	23283	12090
26580	23294	950
26581	23296	1218
26582	23303	18842
26583	23309	6628
26584	23316	5545
26585	23323	6621
26586	23332	1962
26587	23337	19241
26588	23400	9204
26589	23465	9253
26590	25432	18673
26591	23503	2691
26592	23544	20629
26593	23534	20032
26594	23534	20570
26595	23539	2638
26596	23540	7589
26597	23547	10337
26598	23554	2027
26599	23566	1619
26600	23570	14752
26601	23582	15783
26602	23625	6378
26603	23610	9480
26604	23611	7209
26605	23613	3268
26606	23630	842
26607	23630	22313
26608	23639	7499
26609	23646	12423
26610	23648	12566
26611	23661	10750
26612	23658	19330
26613	23668	10570
26614	23670	16209
26615	23681	1932
26616	23682	14341
26617	23683	6353
26618	23684	13747
26619	23688	15444
26620	23691	1441
26621	23694	6058
26622	23699	18862
26623	23698	22036
26624	23701	1774
26625	23705	21412
26626	23720	844
26627	23710	270
26628	23717	18871
26629	23725	6867
26630	23736	19715
26631	23742	21434
26632	23746	3151
26633	23749	22198
26634	23747	1574
26635	23754	10017
26636	23756	13045
26637	23760	89
26638	23763	1982
26639	794	1577
26640	23767	22348
26641	23784	20700
26642	23787	13584
26643	23791	15050
26644	23799	13863
26645	24666	14071
26646	23803	7695
26647	23808	1939
26648	23811	19646
26649	23809	6538
26650	25463	1248
26651	23820	19897
26652	23822	23228
26653	23831	6886
26654	23830	4529
26655	23847	5585
26656	23846	19929
26657	25475	5955
26658	23853	19373
26659	23861	19519
26660	23872	959
26661	23878	20339
26662	23892	1830
26663	23893	20485
26664	23897	4969
26665	23896	708
26666	23902	2877
26667	23903	8716
26668	23915	22278
26669	23922	6117
26670	23923	1862
26671	23936	800
26672	24036	435
26673	24035	20544
26674	24811	10257
26675	24056	15275
26676	24057	4432
26677	24063	2205
26678	24097	12208
26679	24102	2949
26680	24105	3092
26681	24111	19673
26682	24117	9536
26683	24136	5078
26684	24152	19989
26685	24147	2932
26686	24151	3313
26687	24160	6842
26688	24155	18858
26689	24146	7300
26690	24148	5109
26691	24164	4793
26692	24167	10545
26693	24174	20545
26694	25515	3695
26695	24198	8333
26696	24204	396
26697	24206	8206
26698	24214	4990
26699	24219	12641
26700	24247	2304
26701	24252	5999
26702	24262	13716
26703	24265	9349
26704	24270	7372
26705	24282	3701
26706	24283	20799
26707	24298	21098
26708	24289	22993
26709	24290	23095
26710	24301	12950
26711	24303	8628
26712	24327	16461
26713	24339	733
26714	24340	5564
26715	24349	18860
26716	24368	20861
26717	24366	18944
26718	24374	3905
26719	24385	2577
26720	24391	3347
26721	24410	18859
26722	24403	19684
26723	24407	3080
26724	24406	20384
26725	24409	9716
26726	24411	776
26727	24422	1422
26728	24435	983
26729	24436	20696
26730	24440	4796
26731	24442	502
26732	24449	3254
26733	24466	5525
26734	24478	5444
26735	24497	3733
26736	24499	8068
26737	24517	16899
26738	24521	16775
26739	24522	2798
26740	24533	2066
26741	24534	889
26742	24535	18872
26743	24538	2774
26744	24539	1843
26745	24540	15150
26746	24541	1254
26747	24544	21591
26748	24557	15612
26749	24563	5468
26750	25577	250
26751	24579	6244
26752	24586	14788
26753	24595	3429
26754	24600	4511
26755	24604	5575
26756	24605	4713
26757	24606	20652
26758	24607	11008
26759	24608	205
26760	24610	20135
26761	24636	20065
26762	24634	9704
26763	24633	19635
26764	24639	9423
26765	24645	20460
26766	24647	1776
26767	24649	22634
26768	24657	6618
26769	25623	997
26770	24678	580
26771	380	9851
26772	24741	4923
26773	24751	649
26774	25687	7421
26775	24774	4304
26776	25721	8662
26777	24815	327
26778	24830	5697
26779	24835	22732
26780	24838	22678
26781	24847	2212
26782	24854	19214
26783	24860	23543
26784	24871	1113
26785	24873	15095
26786	24888	3722
26787	24891	2537
26788	24892	1752
26789	24899	8983
26790	24902	2159
26791	24905	6358
26792	24907	185
26793	24909	22257
26794	24914	1706
26795	24915	7338
26796	24917	11673
26797	24928	9448
26798	24934	3547
26799	24960	1038
26800	24963	9703
26801	24965	9682
26802	24968	60
26803	24969	12851
26804	24978	8942
26805	24988	19685
26806	24989	11221
26807	24992	21310
26808	24998	22273
26809	24994	24050
26810	25008	1318
26811	25014	14131
26812	25015	4687
26813	25022	13259
26814	25032	1281
26815	25043	5925
26816	25057	19732
26817	25059	4149
26818	25068	12160
26819	2112	8788
26820	25084	2812
26821	25092	21783
26822	25095	12481
26823	25091	7577
26824	25103	22571
26825	25114	23028
26826	25118	521
26827	25129	10740
26828	25133	14514
26829	25134	10188
26830	25139	3346
26831	25142	17252
26832	25147	17082
26833	25144	24679
26834	25153	20676
26835	25154	13585
26836	25157	11594
26837	25161	9951
26838	25165	13574
26839	25179	840
26840	25183	18829
26841	25197	790
26842	25202	1682
26843	25209	806
26844	25238	10186
26845	25241	20611
26846	25245	6492
26847	25260	21128
26848	25262	13300
26849	25267	20105
26850	25272	3596
26851	25273	3785
26852	25287	16193
26853	25292	412
26854	25294	11589
26855	25299	19631
26856	25315	16869
26857	25322	3191
26858	25323	6718
26859	25327	12761
26860	25334	255
26861	25337	10944
26862	25338	23502
26863	25339	1011
26864	25340	9022
26865	25345	5756
26866	25347	1786
26867	25348	5960
26868	25350	12266
26869	25353	10223
26870	25368	1245
26871	25369	66
26872	25371	19190
26873	25377	7361
26874	25381	2309
26875	25387	4362
26876	25388	4554
26877	25393	9863
26878	25404	8311
26879	25410	297
26880	25411	10000
26881	25413	3772
26882	25416	2795
26883	801	3020
26884	25424	20914
26885	25425	1732
26886	25428	24343
26887	25430	24371
26888	25433	1573
26889	25435	13873
26890	25440	21774
26891	25441	11880
26892	25453	7246
26893	25454	7407
26894	25458	2883
26895	25460	36
26896	25466	13942
26897	25476	10833
26898	25480	24603
26899	25483	24599
26900	25488	681
26901	25490	6023
26902	25492	20908
26903	25494	14598
26904	25495	20903
26905	25496	3935
26906	25497	9755
26907	25499	18383
26908	25500	20842
26909	25501	7475
26910	25502	20329
26911	25504	260
26912	25505	19306
26913	25507	11423
26914	25509	6639
26915	25510	9407
26916	25512	208
26917	25514	9940
26918	25517	20184
26919	25523	8114
26920	25529	6289
26921	25536	6619
26922	25537	16722
26923	25539	5514
26924	25550	11676
26925	25551	11090
26926	25557	10378
26927	25558	11147
26928	25560	373
26929	25562	14990
26930	25563	3667
26931	25564	8751
26932	25553	2207
26933	25566	5369
26934	25567	13942
26935	25569	12603
26936	25572	7188
26937	25575	10589
26938	25578	9043
26939	25579	5975
26940	25581	9326
26941	25582	14822
26942	25583	13539
26943	25585	9658
26944	25586	11675
26945	25587	3003
26946	25588	3556
26947	25590	15025
26948	25591	10830
26949	25592	5417
26950	25593	14479
26951	25594	8367
26952	25595	11306
26953	25596	20486
26954	25597	19903
26955	25598	16560
26956	25599	20767
26957	25600	20899
26958	25601	6746
26959	25602	21017
26960	25604	11476
26961	25605	10397
26962	25606	3028
26963	25611	10441
26964	25612	12818
26965	25615	5247
26966	25616	16116
26967	25617	1358
26968	25618	3288
26969	25619	20082
26970	25620	13570
26971	25621	3246
26972	25622	19461
26973	25624	10380
26974	25625	13518
26975	25626	8259
26976	25628	20338
26977	25629	17325
26978	25630	11456
26979	25631	4810
26980	25633	2657
26981	25634	9149
26982	25635	14735
26983	25636	13391
26984	25637	19525
26985	25638	7793
26986	25639	14395
26987	25640	20897
26988	25641	21044
26989	25642	20839
26990	25643	20901
26991	25644	19400
26992	25645	11270
26993	25646	975
26994	25647	3708
26995	25648	12238
26996	25651	21642
26997	25652	20935
26998	25653	12140
26999	25654	3980
27000	25655	14660
27001	25656	6848
27002	25657	2025
27003	25658	4246
27004	25659	20769
27005	25660	16550
27006	25661	9891
27007	25662	7104
27008	25663	20942
27009	25664	10318
27010	25665	19465
27011	25666	20586
27012	25667	6203
27013	25668	1803
27014	25669	8049
27015	25670	20054
27016	25672	1467
27017	25673	12470
27018	25674	15301
27019	25675	20430
27020	25676	9788
27021	25677	15765
27022	25678	21147
27023	25679	21406
27024	25680	15197
27025	25681	12614
27026	25682	21438
27027	25683	1838
27028	25684	20776
27029	25688	21218
27030	25689	21511
27031	25691	19367
27032	25692	2330
27033	25694	21231
27034	25695	21453
27035	25696	20907
27036	25697	21066
27037	25698	21041
27038	25699	20879
27039	25700	20859
27040	25701	21365
27041	25702	5815
27042	25703	4070
27043	25704	21358
27044	25705	21598
27045	25706	20988
27046	25708	21340
27047	25709	21566
27048	25710	19498
27049	25711	5491
27050	25712	5763
27051	25713	20786
27052	25714	21626
27053	25715	20877
27054	25716	7048
27055	25718	21116
27056	25719	21211
27057	25720	21046
27058	25723	21609
27059	25724	21171
27060	25727	21614
27061	25728	21419
27062	25729	5952
27063	25730	16744
27064	25731	3262
27065	25732	21033
27066	25734	13424
27067	25738	18101
27068	25740	10196
27069	25741	6691
27070	25742	16327
27071	25743	15182
27072	25744	11245
27073	25745	10501
27074	25746	20308
27075	25747	7222
27076	25749	9603
27077	25750	8775
27078	25751	9127
27079	25753	13956
27080	25755	8425
27081	25756	20725
27082	25757	20681
27083	25758	17198
27084	25759	20788
27085	25760	13519
27086	25761	14237
27087	25762	5237
27088	25763	2916
27089	25765	3002
27090	25766	3027
27091	25767	3445
27092	25768	11713
27093	25774	818
27094	25776	8469
27095	25777	12304
27096	25778	5803
27097	25780	11538
27098	25781	1716
27099	25782	13964
27100	25783	16444
27101	25784	13996
27102	25789	3070
27103	25790	20976
27104	25791	12364
27105	25792	12366
27106	25793	10085
27107	25794	2492
27108	25796	14242
27109	25797	15851
27110	25798	8706
27111	25799	3079
27112	25806	11523
27113	25807	12890
27114	25810	1149
27115	25812	14453
27116	25813	13274
27117	25817	8581
27118	25819	8950
27119	25821	10191
27120	25822	12465
27121	25823	8461
27122	25827	9194
27123	25830	10055
27124	25832	11214
27125	25833	11443
27126	25835	13054
27127	25838	14013
27128	25840	329
27129	25841	16788
27130	25845	3760
27131	25851	24103
27132	25852	2915
27133	25857	548
27134	25858	8744
27135	25859	2500
27136	25862	5976
27137	25864	1717
27138	25880	7841
27139	25884	8507
27140	25886	1961
27141	25889	460
27142	25890	714
27143	25907	20219
27144	25908	1636
27145	25921	10991
27146	25928	7966
27147	25930	5481
27148	25931	6740
27149	25935	626
27150	25940	3042
27151	25942	11324
27152	25943	6222
27153	25945	9316
27154	25949	8765
27155	25950	3149
27156	25952	23637
27157	25953	13625
27158	25958	11646
27159	25960	5250
27160	25961	13499
27161	25962	3338
27162	25963	19650
27163	25970	166
27164	25971	8947
27165	25973	1144
27166	25974	5986
27167	25975	3532
27168	25977	3568
27169	25979	14042
27170	24286	15011
27171	806	901
27172	25995	15347
27173	25997	4057
27174	25998	8915
27175	26003	1302
27176	26010	4764
27177	26017	5593
27178	26020	21172
27179	26023	4546
27180	26029	7500
27181	26034	1824
27182	26035	4861
27183	26037	4895
27184	26038	20735
27185	26041	501
27186	26042	5004
27187	26044	5155
27188	26045	8877
27189	26047	5172
27190	26051	14653
27191	26061	1174
27192	26066	1218
27193	26074	6102
27194	26083	10969
27195	26085	1563
27196	26089	9728
27197	26093	9927
27198	26098	370
27199	26082	290
27200	26099	15149
27201	26103	9617
27202	26105	7452
27203	26100	15153
27204	26109	21951
27205	26106	19592
27206	26110	16432
27207	26115	1844
27208	26121	21258
27209	26122	7206
27210	26123	1769
27211	26129	7460
27212	26133	10147
27213	26137	18847
27214	26162	24660
27215	26166	11819
27216	26168	3372
27217	26172	9638
27218	26176	9989
27219	26179	1651
27220	26184	20917
27221	26185	10598
27222	26190	16762
27223	26191	11385
27224	26195	11795
27225	26198	21178
27226	26206	7236
27227	26210	21400
27228	26214	19766
27229	26216	15214
27230	26218	16645
27231	26219	15475
27232	26221	15904
27233	26222	16081
27234	26223	17577
27235	26224	17405
27236	26225	16728
27237	26227	17760
27238	26231	17815
27239	26234	18411
27240	26235	18719
27241	26253	20008
27242	26256	1460
27243	26260	717
27244	26266	7846
27245	26275	4953
27246	26331	24644
27247	26338	25235
27248	26341	2224
27249	26356	998
27250	26371	13167
27251	26379	19587
27252	26387	550
27253	26392	25246
27254	26403	16204
27255	26404	3575
27256	26587	6181
27257	26651	25190
27258	26742	19262
27259	26749	20064
27260	27213	19084
27261	2127	3122
27262	2130	8170
27263	389	460
27264	388	16102
27265	47	1810
27266	824	2432
27267	825	9768
27268	2188	8118
27269	2194	7157
27270	2195	3552
27271	395	441
27272	2205	5980
27273	397	8795
27274	184	363
27275	398	1697
27276	2232	2675
27277	2242	2422
27278	2250	3541
27279	2255	2279
27280	400	7124
27281	2276	9538
27282	402	796
27283	49	831
27284	847	3191
27285	403	6531
27286	2301	2331
27287	2335	5050
27288	404	1641
27289	2339	3971
27290	404	2745
27291	2348	4779
27292	2349	7850
27293	2351	4392
27294	405	829
27295	2384	2545
27296	2384	8504
27297	2397	6012
27298	2403	2410
27299	2422	3645
27300	2419	2420
27301	2425	13018
27302	2428	14257
27303	2355	2377
27304	2437	2444
27305	2453	8623
27306	2455	8590
27307	856	897
27308	53	1910
27309	2520	3957
27310	2502	2852
27311	2520	4023
27312	2528	9849
27313	2544	2574
27314	2548	2549
27315	2550	2553
27316	861	888
27317	196	706
27318	2566	4126
27319	2584	5967
27320	864	3164
27321	2320	6180
27322	2591	5438
27323	2600	6874
27324	2604	8148
27325	2623	6288
27326	2633	5193
27327	873	1679
27328	201	4306
27329	56	1963
27330	2650	13151
27331	876	8579
27332	2679	14908
27333	2707	7302
27334	2712	5892
27335	882	5245
27336	0	57
27337	2744	10533
27338	428	470
27339	2756	7324
27340	2771	2813
27341	2766	3123
27342	894	957
27343	2778	6270
27344	2774	2948
27345	429	2959
27346	2804	2814
27347	908	921
27348	2812	5610
27349	2814	2914
27350	2836	11219
27351	2845	6173
27352	927	3086
27353	2854	6457
27354	2864	2922
27355	2811	2898
27356	934	3054
27357	2880	2882
27358	2899	11493
27359	2906	5655
27360	2906	7047
27361	2914	5655
27362	2920	3088
27363	2920	3115
27364	2923	3058
27365	2926	5238
27366	2959	3781
27367	944	1850
27368	2929	2952
27369	2934	5375
27370	207	450
27371	2946	2947
27372	208	1023
27373	2968	2992
27374	957	3534
27375	3055	3166
27376	3059	11325
27377	3068	7325
27378	978	14520
27379	3088	4821
27380	3123	8433
27381	3123	7436
27382	3139	3686
27383	994	999
27384	3143	5571
27385	3145	3161
27386	3146	7513
27387	3146	4142
27388	3153	4123
27389	3155	3158
27390	994	4773
27391	3165	8481
27392	3167	5398
27393	3169	8918
27394	995	1493
27395	3186	9771
27396	3188	3193
27397	998	3071
27398	3208	10065
27399	214	1812
27400	475	6470
27401	3241	3250
27402	3242	3254
27403	3248	14470
27404	3252	3258
27405	1000	1388
27406	3278	8981
27407	3274	12657
27408	3283	7581
27409	482	4618
27410	482	4607
27411	3304	12855
27412	1022	2299
27413	482	4385
27414	3316	3320
27415	3322	6639
27416	3328	5781
27417	483	7232
27418	1012	12846
27419	3355	3359
27420	484	7752
27421	3364	14307
27422	8	58
27423	487	2630
27424	487	1850
27425	3375	9996
27426	3381	3382
27427	3378	16601
27428	3400	12352
27429	3404	6963
27430	3414	6866
27431	3415	8252
27432	1024	1046
27433	1024	5052
27434	3418	5173
27435	3468	4948
27436	3492	12084
27437	3384	11232
27438	3525	12766
27439	3550	11064
27440	222	10073
27441	3558	3772
27442	223	1078
27443	3589	4728
27444	3580	5740
27445	3581	4822
27446	224	13332
27447	224	13334
27448	3610	4842
27449	3629	11127
27450	3637	3638
27451	225	238
27452	132	2233
27453	227	7910
27454	1063	1437
27455	505	2000
27456	1066	2833
27457	3710	5974
27458	3714	12827
27459	507	12199
27460	3727	4883
27461	1066	2897
27462	3759	5301
27463	3766	6804
27464	3789	3814
27465	3797	6244
27466	1070	3707
27467	27	1317
27468	3880	3881
27469	1074	3065
27470	3888	6392
27471	3907	3917
27472	3945	7399
27473	3961	4029
27474	3989	4140
27475	511	519
27476	4025	4026
27477	4046	9844
27478	241	3581
27479	4063	4573
27480	4078	4319
27481	4127	7349
27482	4171	8163
27483	4221	7910
27484	4221	4255
27485	4259	6015
27486	4269	4682
27487	4272	7887
27488	1093	4544
27489	250	3088
27490	4396	8818
27491	4395	9818
27492	519	9680
27493	4433	7533
27494	4442	4455
27495	4470	7458
27496	4491	4511
27497	1107	12247
27498	4522	7278
27499	138	9589
27500	4550	10158
27501	4550	11700
27502	4570	4809
27503	139	3682
27504	4617	4623
27505	139	1890
27506	4633	4640
27507	4644	4646
27508	4667	10304
27509	4679	8442
27510	256	1379
27511	4689	13968
27512	256	1434
27513	4704	4713
27514	4711	5391
27515	4717	5873
27516	4734	6543
27517	4765	6141
27518	1123	9310
27519	4795	16005
27520	4811	6330
27521	4850	10089
27522	4859	10031
27523	4882	6275
27524	4889	4896
27525	4893	4908
27526	69	1718
27527	1137	7531
27528	4936	4941
27529	4953	13259
27530	4981	5014
27531	4993	5008
27532	4993	15048
27533	5013	5106
27534	5036	8871
27535	5082	5117
27536	5086	6712
27537	5131	13766
27538	5132	6783
27539	5162	13015
27540	5171	6368
27541	5237	12886
27542	5238	14321
27543	5259	10140
27544	262	7544
27545	544	693
27546	5327	16125
27547	5363	10437
27548	5374	14629
27549	5436	5437
27550	5450	6438
27551	5470	5478
27552	5476	13501
27553	5487	9604
27554	1173	1221
27555	550	14795
27556	5541	6626
27557	5569	12824
27558	5535	5536
27559	5585	8579
27560	5595	9395
27561	5595	9394
27562	5606	5631
27563	5675	13857
27564	5682	10522
27565	5723	11843
27566	5723	10359
27567	5729	8750
27568	5827	5828
27569	1196	4654
27570	5872	14380
27571	5891	5893
27572	5896	6763
27573	5903	9888
27574	5946	6272
27575	272	320
27576	6014	13892
27577	6031	6041
27578	6049	15033
27579	6054	12964
27580	6077	7204
27581	6082	6114
27582	6132	13526
27583	6135	7137
27584	6269	6419
27585	275	9666
27586	1218	7109
27587	1218	7111
27588	144	6089
27589	6340	7408
27590	6341	6342
27591	6347	7856
27592	31	90
27593	6409	14628
27594	6390	9102
27595	6482	6484
27596	6491	6492
27597	6510	6512
27598	6561	6655
27599	6524	9310
27600	6527	8938
27601	6550	17006
27602	6566	8739
27603	6595	7165
27604	6619	14583
27605	6652	6657
27606	6701	13592
27607	6704	14245
27608	6706	6723
27609	6726	8603
27610	579	3420
27611	6785	13610
27612	6827	10389
27613	6868	8751
27614	6868	16061
27615	7050	7173
27616	7026	10095
27617	7152	8881
27618	7175	7181
27619	7170	14179
27620	7185	9209
27621	7184	7190
27622	7241	12949
27623	7240	7241
27624	7253	7264
27625	7156	10192
27626	7279	12016
27627	7305	12044
27628	7326	11840
27629	7343	16216
27630	7341	10687
27631	7350	11269
27632	1257	13310
27633	1256	6736
27634	7364	10937
27635	587	606
27636	7394	10018
27637	7401	12790
27638	7438	7442
27639	1261	8234
27640	7525	7528
27641	7506	7825
27642	7544	16261
27643	7721	8322
27644	7743	7744
27645	7784	16936
27646	7815	7816
27647	7881	11068
27648	7952	11010
27649	7987	16292
27650	8013	8015
27651	8120	12449
27652	8148	9232
27653	8170	10062
27654	8210	16061
27655	8277	8279
27656	1296	4325
27657	8308	14517
27658	8463	11553
27659	8480	10405
27660	8544	8567
27661	8596	8599
27662	8607	10105
27663	8610	8616
27664	8657	8691
27665	1311	4643
27666	8678	11158
27667	8711	9461
27668	8756	14767
27669	8775	12159
27670	8806	13713
27671	8766	10594
27672	8838	8840
27673	603	8867
27674	1318	1346
27675	8827	13477
27676	8852	8857
27677	8864	9113
27678	8872	8873
27679	8872	9627
27680	8886	15262
27681	8881	13098
27682	8920	11577
27683	8931	8934
27684	1320	15034
27685	8931	13191
27686	8940	8948
27687	9035	9284
27688	9182	9193
27689	9242	9245
27690	9285	10666
27691	9310	9401
27692	1346	4811
27693	9337	11019
27694	1348	12028
27695	9440	9444
27696	9441	14617
27697	9454	17121
27698	9462	9465
27699	9462	11603
27700	9468	9470
27701	9582	12962
27702	9683	11190
27703	1349	3322
27704	9725	11050
27705	1356	9426
27706	1356	5394
27707	9843	9849
27708	9864	9865
27709	9903	9917
27710	1363	2759
27711	9712	10698
27712	10083	10085
27713	10098	12577
27714	10115	14059
27715	10161	14436
27716	10191	13973
27717	10278	10279
27718	10411	10412
27719	10422	12264
27720	10443	10445
27721	10508	10511
27722	10643	10810
27723	10725	12987
27724	11101	11103
27725	11169	11177
27726	11348	13576
27727	1379	6311
27728	11583	15745
27729	11619	17161
27730	618	3829
27731	11683	11688
27732	11720	12553
27733	1380	3549
27734	11764	14053
27735	11828	16283
27736	11957	13354
27737	11966	13401
27738	11926	11928
27739	10	253
27740	11975	12244
27741	622	7733
27742	12319	12320
27743	12392	12395
27744	12569	14563
27745	626	1984
27746	12642	12643
27747	12715	13127
27748	12731	12733
27749	12711	12712
27750	36	1585
27751	12877	15158
27752	13189	13378
27753	10	95
27754	12954	12955
27755	12955	12984
27756	12819	13289
27757	13182	13915
27758	13253	13297
27759	13452	13460
27760	13480	13490
27761	13491	13492
27762	14208	15812
27763	14254	14255
27764	14407	14411
27765	14721	14722
27766	14772	14773
27767	14798	14799
27768	15034	16843
27769	15078	15079
27770	15082	15083
27771	15166	15167
27772	15202	15203
27773	15373	15374
27774	15441	17536
27775	15615	15616
27776	15685	15686
27777	15988	15993
27778	16040	16045
27779	16233	16720
27780	16273	16449
27781	16301	16302
27782	16345	16346
27783	16503	16505
27784	16611	17480
27785	16670	16672
27786	16772	16773
27787	16846	16847
27788	17077	17078
27789	17275	17281
27790	17312	17314
27791	17336	17608
27792	17603	17604
27793	17772	17773
27794	17809	17824
27795	36	1431
27796	18773	704
27797	1391	7161
27798	18776	424
27799	293	611
27800	642	753
27801	297	10122
27802	1410	5390
27803	18809	1228
27804	151	1390
27805	18788	80
27806	1424	2815
27807	1428	7170
27808	1443	1461
27809	1432	3886
27810	1445	2798
27811	18824	3783
27812	152	1597
27813	18827	5630
27814	1467	5999
27815	677	4903
27816	18843	760
27817	679	4466
27818	1487	12756
27819	321	2118
27820	679	4980
27821	18861	9639
27822	1511	8499
27823	679	1599
27824	18878	3309
27825	1536	3428
27826	18876	2943
27827	18877	2609
27828	18880	2199
27829	18892	5539
27830	1553	1920
27831	18916	852
27832	18929	3889
27833	18901	4755
27834	18952	18877
27835	1575	3267
27836	1578	1586
27837	1586	7790
27838	18990	677
27839	699	1267
27840	19005	8528
27841	19007	2936
27842	1610	1940
27843	100	5205
27844	1626	10418
27845	707	710
27846	19121	4918
27847	345	2800
27848	344	2207
27849	706	6734
27850	19181	10458
27851	19197	9621
27852	19203	19045
27853	349	3667
27854	1705	4052
27855	353	1382
27856	1717	1720
27857	1718	4658
27858	1720	6015
27859	719	10410
27860	1733	3646
27861	19324	2514
27862	1739	2516
27863	1741	3513
27864	1745	4852
27865	356	1728
27866	1769	3243
27867	1770	1771
27868	19411	1292
27869	19422	3180
27870	729	759
27871	19434	3918
27872	359	8639
27873	1792	1849
27874	19496	18966
27875	19499	400
27876	1808	1846
27877	1818	5100
27878	19535	1411
27879	19537	19249
27880	103	137
27881	19551	479
27882	19552	619
27883	19560	2430
27884	19561	139
27885	19566	146
27886	19566	3313
27887	19619	8981
27888	19638	817
27889	19601	3908
27890	19652	238
27891	1852	4327
27892	103	5488
27893	19711	8223
27894	19723	3083
27895	19746	139
27896	19754	19559
27897	1886	1889
27898	19805	7150
27899	19809	11911
27900	1896	2934
27901	19833	428
27902	19831	245
27903	19854	850
27904	19855	3360
27905	19860	5782
27906	19880	19616
27907	19925	4191
27908	19919	1493
27909	19935	5886
27910	19942	18841
27911	1930	1938
27912	1930	5892
27913	1938	6238
27914	20009	1727
27915	20013	8768
27916	20023	5382
27917	20027	12678
27918	20063	10774
27919	20074	18846
27920	759	4549
27921	20126	7203
27922	20172	3324
27923	20195	2958
27924	169	9615
27925	20153	706
27926	20252	5993
27927	20249	18925
27928	20271	5428
27929	20270	14258
27930	20302	13484
27931	20320	132
27932	1996	3474
27933	20356	2422
27934	20364	676
27935	20364	544
27936	21	960
27937	20374	327
27938	20464	8844
27939	20469	1966
27940	20479	2832
27941	20420	1488
27942	20534	476
27943	20552	431
27944	20543	4456
27945	20573	406
27946	20593	1025
27947	20624	9264
27948	2044	8144
27949	20691	4822
27950	20701	2715
27951	20718	12
27952	20720	2064
27953	20732	3235
27954	20746	19313
27955	20750	713
27956	20752	14279
27957	20807	19387
27958	20827	3020
27959	773	783
27960	20830	132
27961	20835	11112
27962	20840	9689
27963	20843	349
27964	20886	6389
27965	20890	1267
27966	20918	5527
27967	20912	19891
27968	20920	4466
27969	21006	2126
27970	21023	6444
27971	2053	11913
27972	21078	10896
27973	21096	2961
27974	21106	1929
27975	21113	9606
27976	20791	20478
27977	783	2365
27978	21257	19613
27979	21301	1840
27980	21284	2596
27981	21347	293
27982	21372	5775
27983	21352	2800
27984	21370	637
27985	21417	2246
27986	21432	12259
27987	373	487
27988	2073	11133
27989	21492	3504
27990	21492	2917
27991	2258	11559
27992	27646	7811
27993	60	1595
27994	4060	4894
27995	4293	7479
27996	137	16626
27997	4639	17935
27998	4802	7386
27999	5826	14375
28000	6061	14303
28001	8337	8339
28002	9167	9181
28003	10102	10103
28004	11107	11258
28005	11255	17800
28006	14498	14505
28007	16086	16087
28008	17838	18594
28009	18899	11842
28010	1563	8539
28011	19082	10237
28012	1728	4784
28013	2044	15722
28014	3209	4221
28015	21673	15584
28016	21678	7558
28017	21691	3863
28018	21702	2716
28019	21702	1940
28020	21703	6371
28021	21709	4607
28022	21710	18840
28023	21717	3526
28024	21721	13442
28025	21726	19095
28026	21731	5761
28027	21733	679
28028	21733	6622
28029	21738	157
28030	21678	8855
28031	21731	1820
28032	21737	370
28033	21746	5125
28034	21750	19375
28035	21764	4564
28036	21768	15239
28037	21771	6047
28038	21776	10619
28039	786	4340
28040	21786	11598
28041	21819	764
28042	21826	11177
28043	21829	1983
28044	21832	6828
28045	21841	5910
28046	21838	21138
28047	21844	19753
28048	21846	796
28049	21850	20369
28050	21854	8118
28051	21855	3087
28052	21850	230
28053	21873	21333
28054	21873	850
28055	21883	5165
28056	21888	2061
28057	21898	5666
28058	21922	2207
28059	21930	6523
28060	21964	3552
28061	21972	3285
28062	21974	2237
28063	21975	1468
28064	21982	1048
28065	21987	263
28066	21981	105
28067	21997	21261
28068	21994	8467
28069	21999	4914
28070	22011	1602
28071	22017	10183
28072	22026	19464
28073	26447	2511
28074	22022	3009
28075	22036	4731
28076	22037	3346
28077	22046	14408
28078	22047	4157
28079	174	10464
28080	22192	3353
28081	22187	21110
28082	22196	5633
28083	22209	10788
28084	22212	15972
28085	22213	857
28086	26457	8604
28087	22202	123
28088	22217	8940
28089	22225	1891
28090	26464	3538
28091	22234	1127
28092	22249	347
28093	22252	7507
28094	22258	6333
28095	22263	8764
28096	22268	5582
28097	22270	6401
28098	22271	6421
28099	22287	1310
28100	22304	345
28101	22303	5480
28102	22304	13202
28103	2664	2674
28104	22309	3326
28105	22309	10471
28106	22311	2968
28107	22313	1006
28108	22253	13797
28109	22323	6100
28110	22330	4465
28111	22334	15156
28112	22333	4960
28113	22338	18887
28114	22356	1849
28115	22362	5873
28116	22360	6446
28117	26480	7591
28118	22365	17998
28119	22371	6647
28120	22365	16424
28121	22382	13508
28122	22389	2766
28123	26487	369
28124	22411	643
28125	24496	4681
28126	24492	20951
28127	22426	4411
28128	22432	12627
28129	22462	9810
28130	22519	21154
28131	22574	21506
28132	22561	20934
28133	22578	929
28134	22580	5557
28135	22591	1009
28136	22601	8749
28137	22614	20086
28138	22615	3537
28139	22617	5162
28140	22623	5440
28141	22634	6176
28142	22630	6890
28143	22644	13625
28144	22650	13194
28145	26503	836
28146	22657	5927
28147	22568	391
28148	22665	5808
28149	789	1256
28150	22693	19501
28151	22706	1020
28152	22702	5186
28153	22704	8628
28154	22701	1379
28155	22708	18887
28156	26507	12
28157	22715	19073
28158	22717	20554
28159	377	1498
28160	22723	3580
28161	22722	21470
28162	22730	1034
28163	22737	4083
28164	22744	19095
28165	22703	4
28166	22755	13446
28167	22759	371
28168	22762	635
28169	22767	7584
28170	22772	19508
28171	22785	459
28172	22785	15804
28173	378	634
28174	378	655
28175	22728	12719
28176	22810	19845
28177	26524	8970
28178	2104	5997
28179	176	9867
28180	22933	2721
28181	22942	14621
28182	22790	9290
28183	22985	6606
28184	22985	3570
28185	22989	6084
28186	22990	3073
28187	22994	3459
28188	23000	6296
28189	23006	5371
28190	23012	1979
28191	23014	11898
28192	23014	19528
28193	26529	2216
28194	23019	21528
28195	23036	6187
28196	23037	8577
28197	23044	1326
28198	23041	3735
28199	23064	3494
28200	23029	4915
28201	23082	1612
28202	23082	10363
28203	26536	2672
28204	23104	8563
28205	23100	11035
28206	23098	9219
28207	23109	8152
28208	23113	5200
28209	23116	5916
28210	23115	1693
28211	23127	17174
28212	23128	12860
28213	23128	6897
28214	23130	12962
28215	23134	10243
28216	23144	4704
28217	23154	19159
28218	23160	20656
28219	23170	22694
28220	23179	2234
28221	23180	4156
28222	26550	17171
28223	23196	12049
28224	23198	4862
28225	23200	19644
28226	23203	1321
28227	23223	18923
28228	23226	3349
28229	23228	10777
28230	23231	378
28231	23237	2246
28232	23242	1010
28233	23260	1543
28234	23261	7481
28235	23276	20710
28236	23278	14203
28237	23309	4925
28238	26578	4625
28239	23328	18999
28240	23325	2771
28241	26580	25188
28242	23331	6081
28243	23332	2336
28244	23340	15208
28245	23344	9300
28246	23445	19425
28247	26585	6629
28248	107	3730
28249	23513	3904
28250	23516	3795
28251	23525	2908
28252	23525	15682
28253	23530	7802
28254	23537	3403
28255	23555	1150
28256	23527	7189
28257	23557	2809
28258	23557	5588
28259	23564	9359
28260	23564	2111
28261	23573	1531
28262	23588	6161
28263	23590	218
28264	23599	1307
28265	23594	8232
28266	23595	11061
28267	23596	19263
28268	23598	1885
28269	23600	20392
28270	23606	5153
28271	26593	10535
28272	23612	4850
28273	23623	2123
28274	23620	19706
28275	23623	21820
28276	23624	6300
28277	23626	10622
28278	25448	16416
28279	23632	14328
28280	23633	9699
28281	23634	7240
28282	23644	5611
28283	23653	2427
28284	23653	2814
28285	23655	12179
28286	23666	10431
28287	23667	7326
28288	23667	16802
28289	23668	16539
28290	23673	9440
28291	23673	12016
28292	23678	14417
28293	23679	16604
28294	23646	13589
28295	26606	6220
28296	23685	17188
28297	23687	9678
28298	23697	10764
28299	24098	12685
28300	23703	1894
28301	23704	20848
28302	23707	1466
28303	23712	3758
28304	26618	2742
28305	23726	21706
28306	23733	387
28307	23730	10611
28308	23738	38
28309	23745	19879
28310	23698	18989
28311	23750	3493
28312	23751	6779
28313	23771	17371
28314	23775	21276
28315	26630	7569
28316	23782	9883
28317	23786	6226
28318	23817	19221
28319	23814	2381
28320	26650	7818
28321	26644	11777
28322	23839	19771
28323	23882	18952
28324	26652	5585
28325	23894	19577
28326	23906	11232
28327	23906	13697
28328	23907	5604
28329	23911	2428
28330	24784	2498
28331	24045	1379
28332	26669	6096
28333	24069	5241
28334	24086	13984
28335	24080	360
28336	24089	13018
28337	24093	22980
28338	24100	17990
28339	24116	9879
28340	24119	1090
28341	24120	6901
28342	24126	1550
28343	24130	11228
28344	24139	5604
28345	24141	14519
28346	24158	5067
28347	24165	2802
28348	24175	9878
28349	24177	3331
28350	24177	1404
28351	24182	8375
28352	24188	11623
28353	24188	9967
28354	24197	4003
28355	24196	1575
28356	24202	4027
28357	24207	14220
28358	24215	4250
28359	24220	4647
28360	24222	21401
28361	24223	4706
28362	24226	603
28363	24229	6135
28364	24234	6420
28365	24238	2052
28366	24239	21728
28367	24240	11946
28368	24244	1081
28369	24243	102
28370	796	7891
28371	24253	5655
28372	24257	8436
28373	24258	13583
28374	24259	1732
28375	24261	3657
28376	24261	13061
28377	24264	2795
28378	24273	5891
28379	24275	13318
28380	24273	7734
28381	24281	8545
28382	24288	13188
28383	24293	8492
28384	24300	1915
28385	24307	10625
28386	24306	14292
28387	24307	23008
28388	24883	3628
28389	24311	21200
28390	24309	18983
28391	24285	13980
28392	24319	18792
28393	24322	2015
28394	24325	15406
28395	24328	14677
28396	24342	1492
28397	24342	2020
28398	24355	4689
28399	24356	300
28400	24358	1593
28401	24361	15381
28402	24367	1645
28403	24363	723
28404	24370	300
28405	24369	1168
28406	24377	14491
28407	24383	18948
28408	24402	6511
28409	24389	23807
28410	24392	21181
28411	24398	5960
28412	24412	1477
28413	24413	20733
28414	24424	19323
28415	24423	7829
28416	24432	9495
28417	24434	10814
28418	24445	1907
28419	24448	5125
28420	24450	4125
28421	24454	10463
28422	24455	14635
28423	24464	23234
28424	24475	19734
28425	26731	484
28426	24479	4499
28427	24481	759
28428	24486	11813
28429	24490	12100
28430	24491	12014
28431	24502	13043
28432	24501	23186
28433	24503	2522
28434	24504	5207
28435	24508	661
28436	24513	3518
28437	24513	1296
28438	24516	2231
28439	24529	9606
28440	24531	8486
28441	26735	6264
28442	24536	5910
28443	24543	2618
28444	24550	12074
28445	24547	48
28446	26740	63
28447	24556	7539
28448	24562	8335
28449	24566	126
28450	25576	11829
28451	24572	145
28452	24583	12144
28453	24585	4389
28454	24597	9353
28455	2111	2584
28456	380	13189
28457	2111	2575
28458	26748	10265
28459	26757	5273
28460	24659	14034
28461	24671	21407
28462	24671	5822
28463	26762	212
28464	24673	6527
28465	178	7505
28466	24685	9281
28467	24707	3765
28468	24754	21519
28469	24766	19667
28470	24770	19988
28471	25717	7083
28472	381	8821
28473	24814	21767
28474	24822	472
28475	24820	14260
28476	24828	2285
28477	24829	7140
28478	26768	6616
28479	24845	21495
28480	24859	2313
28481	24858	20186
28482	24885	3366
28483	26777	65
28484	24889	3439
28485	24893	2429
28486	24894	6221
28487	24901	2740
28488	26790	10636
28489	24938	911
28490	2111	9309
28491	24956	10628
28492	24947	18777
28493	24970	9320
28494	24976	1426
28495	24977	20438
28496	798	10718
28497	24964	1992
28498	24982	8377
28499	24985	3819
28500	24991	1083
28501	24993	22220
28502	24995	15165
28503	25007	19243
28504	25009	5643
28505	25018	2337
28506	25021	3093
28507	25024	9034
28508	25023	5072
28509	25038	9395
28510	25042	13936
28511	25044	2647
28512	25045	5605
28513	25049	470
28514	25052	6168
28515	25060	19656
28516	25070	15109
28517	25072	16241
28518	25077	739
28519	25080	5912
28520	25082	7052
28521	25085	1772
28522	25086	14840
28523	25087	21027
28524	25089	23055
28525	25098	20714
28526	25096	12312
28527	25102	3823
28528	25104	719
28529	25107	155
28530	25109	2283
28531	25116	14221
28532	25124	17282
28533	25130	10133
28534	25140	6955
28535	25141	12070
28536	25143	6660
28537	26822	8767
28538	25175	24386
28539	25176	6298
28540	25181	2384
28541	25180	4340
28542	25184	20073
28543	25185	257
28544	25191	24444
28545	25186	2872
28546	25189	21180
28547	25192	2584
28548	25204	5546
28549	25200	4748
28550	25203	16707
28551	25216	20704
28552	25211	5994
28553	25214	1744
28554	25213	4886
28555	25220	4684
28556	25226	2692
28557	25231	360
28558	25839	5785
28559	25243	21310
28560	25250	13098
28561	25251	2550
28562	25258	4771
28563	25264	996
28564	25265	10086
28565	25277	9290
28566	25283	2714
28567	25284	3181
28568	25280	14175
28569	26861	10954
28570	25288	4305
28571	25293	12205
28572	26846	971
28573	25295	11206
28574	25297	1291
28575	25296	2021
28576	25309	5298
28577	25306	1690
28578	25312	14643
28579	25313	7647
28580	25314	396
28581	25316	6016
28582	25317	24468
28583	25328	5255
28584	25325	12834
28585	25329	10141
28586	25332	6118
28587	25336	15731
28588	25341	12835
28589	25346	3406
28590	25286	6149
28591	25354	14599
28592	25356	7583
28593	25357	15546
28594	25359	5472
28595	25365	4295
28596	25375	18776
28597	25372	8623
28598	25374	16044
28599	25380	24399
28600	25384	25271
28601	25389	6519
28602	26869	2691
28603	25396	13038
28604	25397	19421
28605	25407	6847
28606	25408	15145
28607	27020	9778
28608	26919	8111
28609	25417	24485
28610	25418	15048
28611	25423	413
28612	25420	2784
28613	25419	24528
28614	25427	19046
28615	25436	4407
28616	25439	21602
28617	25443	12224
28618	25445	2283
28619	25450	12717
28620	26891	3510
28621	25456	14701
28622	25457	14595
28623	25464	1540
28624	25465	4650
28625	25467	24588
28626	25470	2340
28627	25469	708
28628	25473	18930
28629	25477	157
28630	25478	3416
28631	25479	6440
28632	25481	7515
28633	25482	6260
28634	25485	5965
28635	25486	6600
28636	25493	2629
28637	26902	20780
28638	26906	9764
28639	25508	3783
28640	25511	19765
28641	25518	6805
28642	25520	3527
28643	25524	12126
28644	25527	14862
28645	25534	6067
28646	26915	15363
28647	25544	1242
28648	25546	6366
28649	25547	2748
28650	25549	6642
28651	2114	5566
28652	25554	5105
28653	25556	326
28654	25559	3508
28655	25565	2588
28656	25570	20922
28657	25580	21426
28658	26942	4721
28659	26947	15024
28660	26955	16558
28661	25603	4383
28662	25607	991
28663	25609	10286
28664	26959	20585
28665	25610	22125
28666	25613	9469
28667	26965	3654
28668	25627	6324
28669	26989	20452
28670	25649	2161
28671	25650	705
28672	26993	5438
28673	27006	2926
28674	27010	2599
28675	25685	5809
28676	25690	7483
28677	25693	19836
28678	27028	20149
28679	25707	18830
28680	25722	19164
28681	25726	19688
28682	27070	16321
28683	25735	2968
28684	25736	1196
28685	27067	18095
28686	27076	518
28687	25769	1943
28688	25770	21887
28689	27088	1416
28690	25773	4492
28691	25771	4408
28692	27087	2584
28693	25779	17233
28694	27095	12300
28695	25786	23052
28696	27099	13959
28697	25805	22779
28698	25808	20929
28699	27108	769
28700	25811	14938
28701	25814	20314
28702	25815	298
28703	25818	19420
28704	27115	14456
28705	25837	23758
28706	25842	15621
28707	25844	3296
28708	25846	3531
28709	25847	23206
28710	25850	23206
28711	27125	19366
28712	25860	6328
28713	25865	19386
28714	25875	6741
28715	25885	4500
28716	25888	222
28717	25897	8537
28718	25901	11
28719	25905	1974
28720	25909	1880
28721	25912	12626
28722	25919	1982
28723	25927	7439
28724	27140	7159
28725	25939	658
28726	25941	7554
28727	25947	10444
28728	25955	7709
28729	25956	3818
28730	25978	103
28731	25994	8650
28732	25983	2759
28733	27163	4465
28734	26007	8534
28735	26009	9307
28736	26013	3235
28737	26015	6744
28738	26016	5311
28739	26021	19680
28740	26022	4243
28741	26026	1629
28742	26030	19487
28743	27173	1556
28744	26048	3679
28745	26055	587
28746	26057	715
28747	26059	5660
28748	26052	12
28749	26064	459
28750	26069	3106
28751	26070	25
28752	26071	1806
28753	26088	23084
28754	26101	12401
28755	26108	13312
28756	26112	5739
28757	26119	4309
28758	26130	3678
28759	26144	3626
28760	26146	8228
28761	26159	1371
28762	26164	19784
28763	26167	3857
28764	26169	9229
28765	26175	17247
28766	26177	1349
28767	26187	11201
28768	26194	8839
28769	26205	16069
28770	26212	14696
28771	27233	16079
28772	26233	18398
28773	26240	20183
28774	26241	19669
28775	27237	17758
28776	26259	3125
28777	26261	20615
28778	26264	234
28779	26268	5642
28780	26270	1850
28781	26276	3401
28782	26278	4792
28783	26280	585
28784	26289	4696
28785	26292	18774
28786	26294	679
28787	26297	1268
28788	26303	1788
28789	26307	2073
28790	26309	6625
28791	26310	473
28792	26312	24479
28793	26327	8921
28794	26334	13929
28795	26343	9224
28796	26345	23664
28797	26347	1381
28798	26349	23939
28799	26350	206
28800	26354	1456
28801	26355	5647
28802	26360	3648
28803	26362	770
28804	26368	4850
28805	26370	3183
28806	26372	1302
28807	26376	24092
28808	26382	10031
28809	27240	18717
28810	26390	3275
28811	26391	718
28812	26394	1587
28813	26400	19051
28814	26402	13729
28815	26405	10457
28816	26406	1125
28817	26407	13019
28818	26410	21165
28819	26412	792
28820	26422	703
28821	26425	16879
28822	26428	5647
28823	26429	1473
28824	26431	9382
28825	26432	6445
28826	26435	24973
28827	26437	6382
28828	26439	2963
28829	26443	11539
28830	26449	5467
28831	26452	2803
28832	26458	8945
28833	26462	2413
28834	26467	4119
28835	26468	4816
28836	26470	8574
28837	26477	16219
28838	26478	1480
28839	26479	9493
28840	26482	4568
28841	26497	24925
28842	26501	941
28843	26508	15268
28844	26510	20262
28845	26513	5385
28846	26514	9455
28847	26519	8336
28848	26521	11697
28849	26528	204
28850	26530	8748
28851	26533	19084
28852	26537	3219
28853	26484	23503
28854	26540	20951
28855	26542	7548
28856	26548	10946
28857	26549	10139
28858	26553	1447
28859	26562	24877
28860	26563	427
28861	26568	8532
28862	26571	25333
28863	26577	15652
28864	26583	11155
28865	26586	1972
28866	26588	9210
28867	26590	21068
28868	26591	20473
28869	26599	6790
28870	26601	3926
28871	26605	20784
28872	26608	7260
28873	26609	11004
28874	26610	6475
28875	26613	15454
28876	26620	1245
28877	26622	679
28878	26627	9048
28879	26629	20746
28880	26631	1026
28881	26638	2585
28882	26639	1619
28883	26642	22655
28884	26645	14067
28885	26649	19401
28886	26660	967
28887	26664	13286
28888	26666	4196
28889	26673	25305
28890	26674	10260
28891	26675	15619
28892	26679	2938
28893	26681	1807
28894	26682	21675
28895	26685	14403
28896	26686	4102
28897	26691	5790
28898	26695	8334
28899	26696	5922
28900	26698	679
28901	26703	10155
28902	26704	6663
28903	26706	20453
28904	26708	1030
28905	26714	2581
28906	26715	413
28907	26718	7258
28908	26723	25324
28909	26724	2556
28910	26727	4792
28911	26730	4797
28912	26732	25352
28913	26733	4243
28914	26736	25462
28915	26738	16776
28916	26745	15151
28917	26750	612
28918	26758	25487
28919	26760	20324
28920	26763	10175
28921	26764	5073
28922	26766	19592
28923	26769	8898
28924	26773	20466
28925	26774	20397
28926	26776	21219
28927	26778	1585
28928	26785	12142
28929	26786	15179
28930	26787	21922
28931	26789	8985
28932	26793	7556
28933	26794	2307
28934	26795	7341
28935	26797	2257
28936	26798	1318
28937	26799	19560
28938	26804	3949
28939	26810	4058
28940	26811	14147
28941	26812	19258
28942	26814	6535
28943	26815	5933
28944	26817	6265
28945	26818	10063
28946	26820	7153
28947	26831	17253
28948	26832	17084
28949	26833	12164
28950	26836	8519
28951	26837	13991
28952	26838	16650
28953	26840	2898
28954	26844	10173
28955	26845	2554
28956	25985	2015
28957	26852	16196
28958	26854	11587
28959	26856	16870
28960	26857	10120
28961	26860	11846
28962	26863	2265
28963	26864	9007
28964	26865	19885
28965	26867	5964
28966	26873	9825
28967	26874	2312
28968	26875	4363
28969	26876	19082
28970	26878	8313
28971	26880	10006
28972	26881	10161
28973	26882	2225
28974	26884	21077
28975	26885	3174
28976	26888	24484
28977	26889	13874
28978	26890	8580
28979	26892	7247
28980	26893	7408
28981	26895	1617
28982	26896	14361
28983	26900	2615
28984	26901	6024
28985	26903	14601
28986	26904	21060
28987	26905	3936
28988	26907	18384
28989	26908	20992
28990	26909	7476
28991	26912	20581
28992	26913	11426
28993	26914	8778
28994	26917	10907
28995	26921	4574
28996	26922	16723
28997	26923	5493
28998	26926	20864
28999	26927	11149
29000	26931	8746
29001	26933	5395
29002	26934	13943
29003	26935	12604
29004	26936	7187
29005	26937	10590
29006	26938	5096
29007	26939	14620
29008	26940	4803
29009	26941	14823
29010	26943	9659
29011	26944	11676
29012	26946	3557
29013	26948	10831
29014	26949	5419
29015	26950	14480
29016	26951	8373
29017	26952	11309
29018	26953	21007
29019	26956	20894
29020	26957	21055
29021	26958	6757
29022	26960	11477
29023	26961	10399
29024	26962	3033
29025	26963	10442
29026	26964	21531
29027	26966	16117
29028	26967	1368
29029	26968	20245
29030	26970	13571
29031	26971	9331
29032	26972	20163
29033	26975	8261
29034	26976	21155
29035	26977	17326
29036	26978	11458
29037	26979	19004
29038	26981	5912
29039	26982	14738
29040	26983	13393
29041	26984	19872
29042	26985	21311
29043	26986	14396
29044	26987	21053
29045	26988	21213
29046	26990	21058
29047	26991	19619
29048	26992	15006
29049	26994	3716
29050	26995	12239
29051	26998	19871
29052	27000	14661
29053	27001	6850
29054	27002	19909
29055	27003	4222
29056	27005	16548
29057	27007	19306
29058	27008	21100
29059	27009	10320
29060	27011	20936
29061	27012	19445
29062	27013	1805
29063	27014	8050
29064	27017	4861
29065	27018	15302
29066	27019	20887
29067	27021	15766
29068	27022	21342
29069	27023	21649
29070	27024	15198
29071	27025	12615
29072	27026	226
29073	27027	20940
29074	27029	21425
29075	27030	7377
29076	27032	20692
29077	27033	21447
29078	27035	21062
29079	27036	21243
29080	27037	21210
29081	27038	21036
29082	27039	21079
29083	27041	5821
29084	27043	21596
29085	27045	21368
29086	27046	21565
29087	27048	20822
29088	27051	21029
29089	27053	21102
29090	27055	21337
29091	27056	21420
29092	27057	21222
29093	27059	21439
29094	27061	1887
29095	27062	1554
29096	27063	16743
29097	27064	3264
29098	27065	21371
29099	27066	13426
29100	27068	10201
29101	27069	6693
29102	27071	15187
29103	27072	11246
29104	27073	10502
29105	27074	6492
29106	27075	7223
29107	27078	9128
29108	27079	13954
29109	27080	8428
29110	27081	21379
29111	27083	17199
29112	27084	21304
29113	27085	10363
29114	27086	14238
29115	27091	3449
29116	27094	19704
29117	27096	5810
29118	27100	16440
29119	27102	6539
29120	27103	67
29121	27104	12377
29122	27105	12376
29123	27106	10166
29124	27107	2502
29125	27109	15854
29126	27110	8690
29127	27112	9987
29128	27113	12891
29129	27114	8620
29130	27116	13276
29131	27117	10517
29132	27118	8952
29133	27119	7180
29134	27120	12466
29135	27121	8464
29136	27124	11215
29137	27127	14014
29138	27132	18772
29139	27133	10807
29140	27134	8742
29141	27135	1489
29142	27137	5423
29143	27145	10993
29144	27146	9716
29145	27147	11108
29146	27153	5550
29147	27154	8769
29148	27156	7526
29149	27157	13623
29150	27158	11641
29151	27159	5251
29152	27160	19943
29153	27161	24618
29154	27162	20838
29155	27167	3536
29156	27169	14043
29157	27172	8637
29158	27177	5597
29159	27178	1380
29160	27181	20612
29161	27183	677
29162	27185	24932
29163	27186	5037
29164	27187	5148
29165	27188	8880
29166	27189	10752
29167	27190	13126
29168	27191	1190
29169	27202	7455
29170	27205	12290
29171	27206	16431
29172	27210	293
29173	27212	10151
29174	27217	9641
29175	27218	10002
29176	27222	16763
29177	27226	14116
29178	27228	1671
29179	27229	15216
29180	27230	16647
29181	27232	15906
29182	27234	17576
29183	27235	17406
29184	27238	17816
29185	27239	18412
29186	27249	3864
29187	27251	24643
29188	27256	24846
29189	27262	8182
29190	27265	1787
29191	27268	11678
29192	27270	23265
29193	27271	9339
29194	27276	6051
29195	27281	3648
29196	27286	24648
29197	27287	737
29198	27297	266
29199	27299	2005
29200	27301	9850
29201	27303	7945
29202	27305	13457
29203	27313	2551
29204	27315	3161
29205	27319	3341
29206	27320	20732
29207	27322	9038
29208	27323	6875
29209	27342	18862
29210	27344	2955
29211	27347	934
29212	27349	665
29213	27350	474
29214	27351	13671
29215	27353	16757
29216	27355	4758
29217	27359	3228
29218	27362	1312
29219	27368	1536
29220	26848	13302
29221	27374	5576
29222	27376	11320
29223	27378	14518
29224	27380	8060
29225	27382	7495
29226	27384	5577
29227	27385	2576
29228	27387	15598
29229	27389	1436
29230	27391	2118
29231	27392	6666
29232	27395	9772
29233	27397	1404
29234	27400	6474
29235	27403	273
29236	27412	13524
29237	27415	23323
29238	27421	9400
29239	27425	7397
29240	27427	16602
29241	27429	9961
29242	27430	6346
29243	27435	1515
29244	27441	3564
29245	27442	1092
29246	27444	19403
29247	27450	3633
29248	27459	12191
29249	27463	6803
29250	27465	6230
29251	27470	7184
29252	27475	804
29253	27479	272
29254	27480	4293
29255	27481	7344
29256	27485	6034
29257	27496	4530
29258	27497	12248
29259	27499	5487
29260	27507	3493
29261	27508	4748
29262	27511	13969
29263	27519	16006
29264	27521	9825
29265	27522	10139
29266	27524	4907
29267	27525	4910
29268	27528	1947
29269	27532	15053
29270	27537	13762
29271	27542	14319
29272	27544	19375
29273	27547	10435
29274	27552	15161
29275	27555	14794
29276	27557	12825
29277	27559	12214
29278	27563	13634
29279	27567	8738
29280	27572	6764
29281	27573	9882
29282	27578	15031
29283	27581	6101
29284	27582	14186
29285	27583	7136
29286	27587	7122
29287	27588	9234
29288	27589	1856
29289	27595	695
29290	27601	17007
29291	27602	682
29292	27604	14581
29293	27605	6660
29294	27606	6790
29295	27614	12699
29296	27616	10096
29297	27618	25754
29298	27620	8118
29299	27628	13751
29300	27632	13309
29301	27640	7524
29302	27642	16262
29303	27655	8278
29304	27650	8016
29305	27664	11892
29306	27666	11914
29307	27686	8939
29308	27694	14688
29309	27696	14618
29310	27697	17122
29311	27699	14706
29312	27704	11053
29313	27709	9906
29314	27715	14446
29315	27731	11692
29316	27736	12761
29317	27740	96
29318	27743	12397
29319	27744	14561
29320	27746	12644
29321	27748	19148
29322	27755	12985
29323	27758	13298
29324	27760	13488
29325	27761	13493
29326	27763	20439
29327	27770	15084
29328	27774	17537
29329	27778	16055
29330	27780	16450
29331	27789	17280
29332	27791	17609
29333	27793	640
29334	27801	327
29335	27802	1423
29336	27810	3764
29337	27811	20074
29338	27818	1597
29339	27824	3269
29340	27828	19395
29341	27833	25686
29342	27853	5591
29343	27868	25725
29344	27875	19588
29345	27876	1842
29346	27901	20246
29347	27906	23339
29348	27922	25516
29349	27934	375
29350	27938	24264
29351	27950	24806
29352	27968	1564
29353	27974	9709
29354	27980	2818
29355	27984	25733
29356	28405	20661
29357	28744	18801
29358	809	6161
29359	28927	1570
29360	29105	15310
29361	2119	6027
29362	809	7071
29363	806	935
29364	2129	8847
29365	811	15154
29366	2109	2125
29367	2145	9739
29368	389	842
29369	388	7541
29370	388	14461
29371	47	993
29372	47	1836
29373	2156	9744
29374	2162	2182
29375	822	6626
29376	391	16567
29377	828	10365
29378	2184	5720
29379	831	1584
29380	833	843
29381	832	1271
29382	834	7440
29383	2194	4735
29384	0	74
29385	835	2715
29386	394	6246
29387	2207	2679
29388	2207	6444
29389	2208	5942
29390	184	476
29391	47	1807
29392	184	1659
29393	2214	11562
29394	838	5637
29395	192	8755
29396	840	2514
29397	48	902
29398	2238	6727
29399	2239	3209
29400	2244	7548
29401	2245	13781
29402	110	4652
29403	842	1234
29404	842	1677
29405	2256	2275
29406	2257	5811
29407	2257	10957
29408	844	1001
29409	2268	3272
29410	2247	2298
29411	845	3521
29412	402	730
29413	2283	5127
29414	845	855
29415	402	510
29416	50	61
29417	2291	6917
29418	2298	4881
29419	191	9590
29420	402	3141
29421	191	503
29422	403	1784
29423	15	663
29424	2336	4279
29425	2339	3988
29426	404	1817
29427	2343	4319
29428	2346	3106
29429	2346	15572
29430	2351	4556
29431	2355	3700
29432	2358	2523
29433	2367	9943
29434	2369	3549
29435	2370	3106
29436	2383	4350
29437	2384	4179
29438	2394	8482
29439	408	5487
29440	2411	2412
29441	2426	6640
29442	2427	3715
29443	2427	12370
29444	193	5307
29445	2449	4285
29446	2448	10913
29447	2449	4280
29448	2450	2451
29449	2454	4809
29450	2455	5014
29451	2479	6506
29452	410	6184
29453	2502	6971
29454	2507	12329
29455	2507	11840
29456	53	1913
29457	2521	4016
29458	2525	2526
29459	2526	10691
29460	858	5217
29461	412	1333
29462	2538	2587
29463	851	1072
29464	2543	9407
29465	2547	2691
29466	2547	7513
29467	2552	2580
29468	2555	9439
29469	2554	2556
29470	2557	6153
29471	415	872
29472	2577	2701
29473	863	2820
29474	2580	2895
29475	2584	6782
29476	2587	4915
29477	2588	4119
29478	2587	5660
29479	415	6080
29480	2591	13659
29481	2597	2762
29482	2606	13700
29483	2608	14474
29484	416	5487
29485	2611	3487
29486	54	1933
29487	2619	6940
29488	2623	2626
29489	2628	15051
29490	199	741
29491	2631	4571
29492	2633	2647
29493	199	1634
29494	873	3800
29495	418	3283
29496	2638	5853
29497	2642	2643
29498	7	368
29499	2660	2926
29500	29496	18871
29501	876	985
29502	2662	5825
29503	25	850
29504	117	7308
29505	2695	11541
29506	2710	7106
29507	2712	12941
29508	2712	13733
29509	2717	3588
29510	2721	12250
29511	886	1113
29512	202	746
29513	2736	6402
29514	2740	13130
29515	2746	5344
29516	428	1668
29517	2767	7216
29518	895	912
29519	2774	5613
29520	2781	15093
29521	2790	7667
29522	2791	12584
29523	58	878
29524	899	7267
29525	899	5604
29526	2801	3464
29527	2803	6561
29528	2799	2892
29529	2807	5477
29530	2808	5467
29531	2809	2872
29532	2822	11261
29533	2830	14786
29534	922	932
29535	2846	9028
29536	2848	4040
29537	2867	3472
29538	2869	2888
29539	2869	6661
29540	2879	13596
29541	2893	3186
29542	2907	2911
29543	2916	6789
29544	121	136
29545	2926	14245
29546	439	441
29547	2930	4647
29548	2933	14409
29549	207	1637
29550	2949	6312
29551	2956	5143
29552	2964	16257
29553	208	9641
29554	2975	3013
29555	2961	5550
29556	2989	3025
29557	61	965
29558	62	107
29559	459	5806
29560	3058	4821
29561	3056	3648
29562	460	5524
29563	3062	3088
29564	462	464
29565	3133	3163
29566	987	1807
29567	3123	4127
29568	3114	10432
29569	468	6463
29570	3140	3144
29571	3147	6061
29572	3153	8226
29573	3157	8605
29574	3161	4134
29575	995	1502
29576	995	1982
29577	3193	6097
29578	3198	6535
29579	3209	3969
29580	3209	4216
29581	3210	7464
29582	3210	4424
29583	998	3212
29584	63	1667
29585	3235	5643
29586	475	1842
29587	4711	4721
29588	63	1579
29589	1003	10640
29590	3294	5984
29591	3301	3308
29592	3307	7105
29593	3323	7631
29594	8	43
29595	0	1080
29596	3333	5429
29597	3344	3350
29598	1013	3040
29599	1015	8327
29600	486	4252
29601	486	1940
29602	3371	3383
29603	219	4548
29604	3374	3378
29605	1019	2301
29606	3375	9980
29607	27432	18805
29608	3384	10784
29609	3403	5664
29610	3405	9223
29611	3435	3446
29612	3407	9607
29613	3410	3995
29614	490	8001
29615	496	3390
29616	1023	1040
29617	3450	9293
29618	3466	3487
29619	3467	6426
29620	3459	7094
29621	1028	1259
29622	3489	3490
29623	7	19
29624	3502	8946
29625	1031	5398
29626	1031	1257
29627	3523	3534
29628	3525	12264
29629	3527	6610
29630	3532	10960
29631	3553	6006
29632	222	2759
29633	3555	4823
29634	3556	13672
29635	27433	594
29636	3581	7268
29637	502	10416
29638	1062	1086
29639	3612	11624
29640	3612	11630
29641	3636	3644
29642	3639	3907
29643	1056	1775
29644	227	8309
29645	3647	3973
29646	3647	3977
29647	3650	8993
29648	227	12477
29649	3654	5242
29650	3664	13917
29651	3673	5397
29652	3669	11563
29653	3671	12173
29654	3674	12092
29655	3673	12887
29656	229	244
29657	3694	6621
29658	3695	6880
29659	506	540
29660	507	1269
29661	3703	3710
29662	29660	2802
29663	3629	3992
29664	3740	11173
29665	1067	1311
29666	1067	1724
29667	3756	5873
29668	3752	11048
29669	3752	17039
29670	3755	4767
29671	3752	12046
29672	3776	6451
29673	3782	3807
29674	3785	7639
29675	8	404
29676	133	134
29677	3829	12554
29678	509	1558
29679	3844	3852
29680	512	514
29681	1073	1671
29682	3867	4832
29683	3870	3873
29684	1073	2617
29685	3884	14641
29686	239	2258
29687	3906	3920
29688	29687	3913
29689	3939	11300
29690	3949	10784
29691	3956	3981
29692	3956	3986
29693	27	1703
29694	3999	5449
29695	4003	4682
29696	1077	6109
29697	4035	7903
29698	29696	12316
29699	4044	10530
29700	1078	15632
29701	4055	4113
29702	4051	7324
29703	511	1219
29704	4171	6502
29705	3954	3973
29706	4065	11483
29707	511	6074
29708	4117	5052
29709	4125	8517
29710	4152	10811
29711	4185	4196
29712	4206	4260
29713	4209	12867
29714	66	239
29715	4230	4493
29716	4233	4237
29717	4237	9258
29718	1088	8188
29719	4238	4724
29720	4258	4513
29721	4271	4277
29722	4279	4464
29723	4281	4324
29724	4322	4347
29725	4300	4858
29726	4306	10472
29727	4319	9812
29728	1094	8576
29729	4324	4630
29730	4324	4639
29731	517	790
29732	4350	7361
29733	4364	10668
29734	4367	7206
29735	519	581
29736	4396	4409
29737	28	266
29738	1102	4396
29739	520	1415
29740	253	836
29741	1106	1605
29742	522	6341
29743	522	6562
29744	250	1373
29745	4499	10271
29746	4519	9921
29747	1110	1245
29748	4532	4806
29749	4551	6414
29750	4553	10150
29751	4562	4577
29752	4575	7350
29753	4589	14607
29754	4625	4691
29755	255	2270
29756	4643	4771
29757	4692	7547
29758	4696	5271
29759	4711	10854
29760	256	1613
29761	4729	12012
29762	1121	1150
29763	4765	4904
29764	4771	7504
29765	4793	5168
29766	531	6511
29767	4834	8265
29768	4820	7395
29769	260	398
29770	4882	9885
29771	4886	12502
29772	4890	5122
29773	4877	7558
29774	4922	5463
29775	4919	4920
29776	4960	15008
29777	4973	9871
29778	4983	12523
29779	5015	8638
29780	5076	6230
29781	5094	8984
29782	262	306
29783	5119	11348
29784	5077	5079
29785	5135	5666
29786	5170	13983
29787	539	1416
29788	5213	5463
29789	5204	6651
29790	5249	7221
29791	5262	5265
29792	5270	5288
29793	5271	5443
29794	264	283
29795	5305	14812
29796	5318	17192
29797	544	784
29798	544	554
29799	544	643
29800	5359	10431
29801	5363	12944
29802	5367	9738
29803	5372	9047
29804	1162	2313
29805	5429	5435
29806	1165	8633
29807	5450	7292
29808	5466	8046
29809	5469	6176
29810	5480	11732
29811	1171	1567
29812	74	1872
29813	5544	16233
29814	27553	6511
29815	5572	7266
29816	5600	13933
29817	5605	6900
29818	5609	7416
29819	5615	10114
29820	5635	13192
29821	5640	6357
29822	5646	5648
29823	5646	6258
29824	5662	7658
29825	5668	5681
29826	5727	9818
29827	5728	5750
29828	5701	5711
29829	5731	5757
29830	5741	14801
29831	5761	6262
29832	5759	9841
29833	5793	7324
29834	5861	6681
29835	5856	6859
29836	5877	14814
29837	5894	13937
29838	5895	10780
29839	5924	5935
29840	5930	14192
29841	5932	5939
29842	5940	8316
29843	5960	5963
29844	5977	5981
29845	5979	13535
29846	5982	11123
29847	6054	6059
29848	6054	8465
29849	6080	9875
29850	6122	9512
29851	6083	6107
29852	6099	6105
29853	6103	15685
29854	6142	6498
29855	6139	16170
29856	6161	9026
29857	6165	8420
29858	6213	6808
29859	6213	6561
29860	6233	15538
29861	6233	14207
29862	1218	7110
29863	144	279
29864	6332	6357
29865	6355	11006
29866	572	1983
29867	6364	6370
29868	6443	11710
29869	6460	6465
29870	6465	12005
29871	6466	14250
29872	6466	13829
29873	77	87
29874	6513	13466
29875	6517	7310
29876	6596	6603
29877	6608	6676
29878	6615	12807
29879	6616	8495
29880	6619	15586
29881	6626	6650
29882	6642	8874
29883	6663	7501
29884	6681	8274
29885	34	1503
29886	6703	13311
29887	6721	6722
29888	26107	6663
29889	6835	6840
29890	6840	14419
29891	6810	6811
29892	6879	14466
29893	6897	12913
29894	6977	6981
29895	7042	11492
29896	7045	7114
29897	7087	15979
29898	7118	7127
29899	7158	9623
29900	279	13555
29901	7214	7215
29902	7227	7228
29903	7251	7404
29904	7296	7298
29905	7343	8150
29906	7348	8870
29907	7358	7359
29908	587	4994
29909	7394	8850
29910	7401	12227
29911	7402	7410
29912	7414	7415
29913	7445	7451
29914	1261	2782
29915	7518	12725
29916	7552	10865
29917	7558	7561
29918	282	9622
29919	81	8646
29920	7631	10350
29921	7633	12904
29922	7679	7685
29923	7687	7688
29924	7714	7897
29925	7768	7769
29926	1268	5009
29927	7785	16210
29928	7806	7807
29929	7808	7809
29930	7817	11036
29931	7837	16779
29932	7870	7871
29933	7897	7908
29934	7911	8269
29935	7925	14119
29936	1268	11788
29937	1273	1300
29938	7383	7385
29939	7991	8791
29940	8037	8038
29941	8056	11097
29942	8060	8435
29943	8124	12448
29944	8135	10615
29945	145	6163
29946	283	2545
29947	1289	3454
29948	8207	15662
29949	8217	11030
29950	87	7963
29951	8252	12032
29952	8267	8270
29953	8344	8348
29954	8359	15128
29955	8371	10328
29956	8499	13703
29957	8519	8523
29958	8518	8522
29959	8556	13546
29960	1307	3210
29961	8588	8590
29962	8597	8598
29963	8580	13564
29964	8648	11905
29965	1315	1335
29966	8817	10777
29967	8829	10799
29968	8844	8922
29969	8886	12334
29970	8907	8908
29971	8916	9770
29972	8920	15472
29973	8927	8928
29974	286	300
29975	8996	11743
29976	1322	6138
29977	9004	11810
29978	1324	1351
29979	9037	10370
29980	9048	9049
29981	1325	1362
29982	9136	9770
29983	605	8475
29984	605	6560
29985	9103	15212
29986	9143	11151
29987	605	3730
29988	9162	9199
29989	9227	14465
29990	9245	16123
29991	9113	9647
29992	1346	1918
29993	9361	12293
29994	1348	6977
29995	9428	9431
29996	9439	9447
29997	1346	2732
29998	9474	9478
29999	9490	9492
30000	9531	9534
30001	9546	10352
30002	9573	9575
30003	9545	9547
30004	9592	9618
30005	9614	9616
30006	9687	11190
30007	9713	9721
30008	1356	4805
30009	9722	9940
30010	1369	1745
30011	10077	11005
30012	10085	11083
30013	10092	10099
30014	10111	10123
30015	10143	13268
30016	1371	7412
30017	10200	12719
30018	10250	17956
30019	10275	17838
30020	10295	14976
30021	10329	13434
30022	10369	11372
30023	10405	12289
30024	10478	10479
30025	10551	10553
30026	10565	10568
30027	10646	10651
30028	615	5654
30029	10745	15814
30030	10755	10756
30031	10766	10767
30032	10788	14334
30033	10855	10856
30034	10885	10890
30035	10896	15463
30036	10976	10982
30037	11025	11026
30038	1377	2557
30039	11183	12340
30040	11196	11198
30041	11380	14786
30042	11527	12512
30043	1380	3299
30044	11941	11945
30045	11990	18046
30046	12007	14158
30047	12021	12310
30048	12025	14241
30049	12030	14182
30050	12055	12829
30051	12088	13903
30052	12098	15838
30053	12104	12109
30054	12112	14754
30055	12181	17332
30056	12290	17052
30057	12384	14184
30058	12403	12405
30059	12435	12436
30060	12503	12505
30061	12615	13681
30062	12750	12751
30063	12744	16384
30064	12745	16388
30065	12746	12749
30066	12760	12762
30067	12765	16889
30068	12777	12779
30069	12802	13461
30070	627	1363
30071	12877	15720
30072	12926	12927
30073	12967	12969
30074	12995	12997
30075	13016	13017
30076	13036	13039
30077	13154	13159
30078	13217	13220
30079	13295	13296
30080	13378	14111
30081	13471	13473
30082	13483	13489
30083	13505	13522
30084	13516	13519
30085	21620	10336
30086	13732	14413
30087	13753	13754
30088	13746	18156
30089	13759	17795
30090	13837	13838
30091	13868	13869
30092	13977	13979
30093	14027	18347
30094	14029	14031
30095	14097	14098
30096	14118	14120
30097	14128	14140
30098	14155	14156
30099	14189	14191
30100	14215	14216
30101	14212	14213
30102	14224	14227
30103	14347	14348
30104	14376	14377
30105	14442	14443
30106	14499	14500
30107	14572	14573
30108	14617	16709
30109	14750	14751
30110	14852	14853
30111	632	1766
30112	15107	15113
30113	15184	15220
30114	15197	15209
30115	15256	16951
30116	15278	17503
30117	15313	15314
30118	15414	15415
30119	15441	15495
30120	15511	15512
30121	15561	15567
30122	15662	15663
30123	15698	15699
30124	15978	18021
30125	16129	16130
30126	16171	16172
30127	16211	16213
30128	16277	16278
30129	16293	16294
30130	16321	16573
30131	16333	17765
30132	16349	16350
30133	16832	16833
30134	16954	16957
30135	16972	18224
30136	17136	17627
30137	17267	17268
30138	17411	17413
30139	17421	17423
30140	17473	17474
30141	17595	17596
30142	17735	17736
30143	17738	17739
30144	17823	17825
30145	17853	17856
30146	17947	17949
30147	17966	17968
30148	18058	18060
30149	18085	18088
30150	18112	18113
30151	18120	18125
30152	18127	18128
30153	18164	18168
30154	18361	18363
30155	36	1589
30156	18529	18532
30157	18567	18573
30158	18639	18641
30159	18723	18726
30160	18772	1082
30161	635	835
30162	1391	6055
30163	1393	2217
30164	1394	5367
30165	18776	157
30166	298	425
30167	645	934
30168	95	632
30169	19	384
30170	18789	1890
30171	18792	362
30172	18792	851
30173	18793	3823
30174	18794	3309
30175	18796	2592
30176	301	2629
30177	151	5773
30178	302	328
30179	18798	1387
30180	1428	11674
30181	18802	787
30182	99	728
30183	37	1719
30184	308	2051
30185	18818	418
30186	1447	3183
30187	310	10721
30188	6	267
30189	18834	2668
30190	18839	100
30191	1472	2892
30192	38	415
30193	18847	151
30194	679	4970
30195	679	4971
30196	18789	6298
30197	679	4968
30198	1480	1581
30199	1483	1484
30200	1486	1487
30201	18855	1567
30202	18858	429
30203	1492	14577
30204	1493	3071
30205	1495	5586
30206	18859	1221
30207	322	2206
30208	678	2057
30209	18865	6278
30210	1517	16979
30211	1523	6426
30212	154	3791
30213	1524	8510
30214	323	12718
30215	1537	2100
30216	324	3058
30217	18883	2734
30218	327	358
30219	18910	1991
30220	18911	598
30221	1567	3077
30222	327	1925
30223	327	12809
30224	1571	1948
30225	18932	173
30226	328	355
30227	691	2618
30228	1573	14233
30229	1574	3014
30230	1576	11897
30231	696	1941
30232	18960	152
30233	1585	3333
30234	18976	2936
30235	697	801
30236	18978	3419
30237	100	3558
30238	18943	18929
30239	157	1042
30240	157	427
30241	335	10193
30242	19011	474
30243	1605	3944
30244	19018	18799
30245	19026	9256
30246	703	2215
30247	19046	2496
30248	159	168
30249	703	740
30250	1634	3084
30251	706	10474
30252	19092	949
30253	19095	649
30254	1639	11438
30255	101	104
30256	19100	1319
30257	19100	1717
30258	19106	720
30259	344	2808
30260	709	843
30261	709	2970
30262	40	269
30263	344	6698
30264	19149	7157
30265	1652	3781
30266	1668	2732
30267	159	2722
30268	160	517
30269	19185	1826
30270	19192	18776
30271	160	4300
30272	19210	3066
30273	19233	2020
30274	1703	5015
30275	716	1940
30276	1709	1712
30277	19256	47
30278	719	756
30279	27847	22680
30280	720	6358
30281	1737	3071
30282	1739	2412
30283	19333	6362
30284	19345	2909
30285	102	4654
30286	19374	434
30287	19356	1568
30288	1750	2270
30289	19371	510
30290	19374	2110
30291	1759	2786
30292	19386	873
30293	726	997
30294	1764	9000
30295	1768	4994
30296	19419	327
30297	19447	2019
30298	1786	6954
30299	19499	423
30300	19501	509
30301	1808	2359
30302	19516	4506
30303	19539	4492
30304	19541	18939
30305	19550	4212
30306	19554	610
30307	1825	6460
30308	1836	6376
30309	1840	6743
30310	19646	690
30311	19676	99
30312	19688	4753
30313	19695	1774
30314	1857	7545
30315	19705	18858
30316	19711	3881
30317	19712	635
30318	19733	662
30319	19756	10013
30320	1882	3723
30321	1885	1890
30322	1886	5960
30323	1887	4882
30324	19787	6358
30325	19800	13392
30326	19805	191
30327	43	107
30328	19834	1437
30329	1897	7517
30330	1897	10347
30331	19846	110
30332	19846	104
30333	19858	9730
30334	19863	4521
30335	19863	4513
30336	749	1712
30337	19886	846
30338	19944	4126
30339	752	9633
30340	364	17303
30341	19995	4197
30342	20029	8655
30343	1947	4676
30344	20077	582
30345	20079	4467
30346	20114	1812
30347	760	762
30348	20136	2712
30349	20141	1290
30350	1965	1966
30351	6	283
30352	20170	19054
30353	20197	10170
30354	367	3783
30355	1980	2864
30356	1980	2865
30357	20219	842
30358	1982	3062
30359	20235	9619
30360	20244	213
30361	20269	1460
30362	20284	6683
30363	20293	10750
30364	20354	7553
30365	20415	1392
30366	20424	740
30367	20430	712
30368	20420	6247
30369	20481	1388
30370	20482	3483
30371	20497	7310
30372	20497	19163
30373	20528	4467
30374	20500	1549
30375	20539	20012
30376	20541	19249
30377	20572	2664
30378	20575	18932
30379	20577	2745
30380	20576	127
30381	20583	4582
30382	21432	1918
30383	20590	1752
30384	20618	2749
30385	20626	12994
30386	2041	3765
30387	20645	2901
30388	770	1012
30389	20639	350
30390	2047	14190
30391	20702	1434
30392	20708	3234
30393	20708	2137
30394	20727	3783
30395	20741	510
30396	20817	4949
30397	20845	18921
30398	20867	805
30399	20869	2798
30400	20926	710
30401	2052	3327
30402	20959	1365
30403	20963	9607
30404	21034	12430
30405	21086	2030
30406	2057	5444
30407	21195	5782
30408	21197	5541
30409	21192	6563
30410	783	3765
30411	21281	3077
30412	21328	410
30413	21347	1927
30414	2066	2926
30415	21401	7305
30416	105	8773
30417	21418	12132
30418	21476	1753
30419	21497	8497
30420	21499	8572
30421	21518	1780
30422	21526	21301
30423	21557	9430
30424	21619	327
30425	21621	4712
30426	21642	13032
30427	21728	12844
30428	2395	3386
30429	785	14679
30430	22250	15437
30431	22269	14521
30432	22635	6529
30433	22671	10832
30434	23076	5142
30435	23650	16882
30436	2091	14596
30437	25990	13449
30438	26097	13590
30439	26300	6069
30440	26320	9900
30441	2116	4273
30442	26783	13853
30443	27292	7847
30444	27325	15376
30445	27814	15341
30446	28050	10672
30447	23686	14887
30448	380	14374
30449	25033	2487
30450	28859	14994
30451	29042	9045
30452	29327	16465
30453	29558	16173
30454	29917	7265
30455	29707	13860
30456	178	11908
30457	835	13530
30458	842	10064
30459	2404	2406
30460	2542	2564
30461	2509	13369
30462	2526	15379
30463	2900	3172
30464	418	2874
30465	2680	9403
30466	2788	12582
30467	953	969
30468	2810	2811
30469	2906	16768
30470	964	13846
30471	451	15732
30472	3222	11349
30473	985	14026
30474	3170	14836
30475	3179	3180
30476	3314	3315
30477	3332	3333
30478	3380	14424
30479	3473	3484
30480	3531	15199
30481	3560	6604
30482	3594	10331
30483	1065	2881
30484	3689	3771
30485	3777	9494
30486	3833	4538
30487	3961	7899
30488	3971	8010
30489	4021	4022
30490	4142	15623
30491	4180	8330
30492	513	17315
30493	4207	13891
30494	4217	4234
30495	4270	14879
30496	4285	5221
30497	4381	14323
30498	4717	7564
30499	4893	10413
30500	139	10448
30501	4827	17226
30502	4838	8383
30503	4838	11552
30504	4848	11294
30505	4852	16017
30506	5054	17061
30507	5058	13237
30508	5077	12520
30509	5102	5114
30510	5138	15237
30511	74	12506
30512	5537	7312
30513	5610	15520
30514	5843	6834
30515	5861	14326
30516	5898	17555
30517	5932	8381
30518	6064	9275
30519	6152	15819
30520	6266	13769
30521	6342	14077
30522	6432	14249
30523	6525	9402
30524	78	11940
30525	6538	14623
30526	6584	10527
30527	7175	8323
30528	6809	13061
30529	8802	8804
30530	6995	6997
30531	7097	7098
30532	1249	11267
30533	7324	8167
30534	8103	8105
30535	7443	10079
30536	7446	17022
30537	7471	17562
30538	7518	13108
30539	7588	7593
30540	1263	1264
30541	7690	12974
30542	7707	11665
30543	7727	7731
30544	7749	7840
30545	7831	7834
30546	7831	14342
30547	7910	12429
30548	7915	14103
30549	8117	11268
30550	8128	17388
30551	7583	9624
30552	8443	8447
30553	1310	8526
30554	8920	15668
30555	8967	8972
30556	1327	1357
30557	9310	12799
30558	9400	9405
30559	1348	14276
30560	9456	13382
30561	9605	11194
30562	9785	11069
30563	9967	17101
30564	1367	10128
30565	10019	10022
30566	10067	16438
30567	10323	11165
30568	10354	13279
30569	10443	16969
30570	9	28
30571	10625	14779
30572	10695	14282
30573	12595	16789
30574	10898	10899
30575	10903	11662
30576	10987	10988
30577	11022	15306
30578	11172	11176
30579	11237	14776
30580	11818	12596
30581	11832	17355
30582	621	12385
30583	11999	12001
30584	12065	12073
30585	12078	15715
30586	12421	17983
30587	12502	13364
30588	12595	16783
30589	12819	13257
30590	12956	15251
30591	12992	12993
30592	13074	13078
30593	13346	13347
30594	13385	13386
30595	15062	15063
30596	13651	13652
30597	13644	13645
30598	13901	13902
30599	14018	14528
30600	14024	17686
30601	14566	14567
30602	14614	14615
30603	14665	14666
30604	15264	15958
30605	15385	15394
30606	15844	15846
30607	15985	15986
30608	16031	16034
30609	10	4106
30610	16191	16198
30611	16359	16360
30612	16565	16988
30613	17362	17363
30614	17472	17979
30615	1409	9226
30616	316	10087
30617	1477	13562
30618	1564	10364
30619	1599	10911
30620	336	15635
30621	1675	5549
30622	19231	16580
30623	1710	1711
30624	355	15921
30625	42	8779
30626	19528	3928
30627	1847	16140
30628	1875	1881
30629	1891	7486
30630	20003	15104
30631	1940	12130
30632	774	12817
30633	21590	2183
30634	28252	15683
30635	28251	5198
30636	28424	1372
30637	28249	3923
30638	28247	20498
30639	28486	6254
30640	28521	7192
30641	28534	6947
30642	28243	2341
30643	28535	1323
30644	28564	2394
30645	29145	1049
30646	28239	25208
30647	184	842
30648	21681	140
30649	785	1218
30650	28237	11154
30651	28236	14206
30652	21684	3514
30653	2084	9772
30654	28229	18994
30655	28073	8895
30656	28227	3750
30657	28222	17177
30658	28214	12961
30659	28213	20840
30660	21688	6879
30661	28211	17176
30662	28209	5227
30663	28208	10956
30664	21690	8608
30665	21692	1660
30666	28203	6218
30667	21694	345
30668	28202	6403
30669	21694	6698
30670	28201	26486
30671	21698	1312
30672	28200	19957
30673	21704	460
30674	28196	8573
30675	21704	18850
30676	28195	8490
30677	21704	824
30678	28194	3089
30679	28193	25311
30680	21708	12294
30681	2085	13235
30682	28188	26416
30683	28187	26455
30684	28012	25589
30685	28181	13133
30686	28179	25816
30687	28017	107
30688	21725	21188
30689	21728	7165
30690	28176	11729
30691	28172	15803
30692	28170	24974
30693	25850	20387
30694	28166	13447
30695	28164	19864
30696	28162	1035
30697	28027	26272
30698	28155	26204
30699	28153	5128
30700	28150	23719
30701	28141	10249
30702	28022	373
30703	28134	24818
30704	28018	2889
30705	28132	20141
30706	28127	4402
30707	28020	6368
30708	28126	12872
30709	21733	15021
30710	28125	4882
30711	28124	5972
30712	28123	25308
30713	176	4570
30714	28121	20676
30715	21738	3050
30716	28120	17306
30717	786	1606
30718	28119	15103
30719	21740	8910
30720	21745	19027
30721	28024	20835
30722	28117	24924
30723	21750	4475
30724	28116	9718
30725	28115	25071
30726	21756	4744
30727	28105	23027
30728	21751	3598
30729	21763	2164
30730	28085	11936
30731	28032	651
30732	28081	18944
30733	28029	3034
30734	21775	3037
30735	28028	15020
30736	21776	18971
30737	21818	410
30738	28072	19276
30739	21819	115
30740	28071	10176
30741	28068	5872
30742	28066	2724
30743	28061	327
30744	28056	25671
30745	21826	2846
30746	28054	1647
30747	21828	6621
30748	28053	20416
30749	21831	2901
30750	28052	2892
30751	28047	12814
30752	21829	3120
30753	21830	5099
30754	28044	20844
30755	28040	20006
30756	21835	19611
30757	21836	1142
30758	21847	3260
30759	28035	4605
30760	28038	10616
30761	2093	5435
30762	28026	23757
30763	28042	14671
30764	28039	756
30765	29468	9443
30766	21861	19650
30767	26430	15025
30768	21865	7700
30769	21871	7719
30770	28013	11854
30771	26434	18778
30772	28011	25887
30773	28008	18365
30774	28005	16829
30775	21874	10191
30776	21880	11535
30777	21878	5125
30778	28003	24945
30779	21886	249
30780	28001	8338
30781	21887	2257
30782	27999	24268
30783	2094	6667
30784	21896	20599
30785	21898	718
30786	27997	14904
30787	21846	808
30788	27996	13843
30789	21903	2590
30790	27990	628
30791	27989	2922
30792	21905	1552
30793	21912	5579
30794	22135	1573
30795	27987	5184
30796	27982	25739
30797	27979	18814
30798	27978	22744
30799	21912	3143
30800	21873	587
30801	21918	13974
30802	27976	24470
30803	21918	13938
30804	27962	38
30805	21927	1106
30806	27966	740
30807	28049	1321
30808	2095	16093
30809	21938	13370
30810	21944	10786
30811	21944	6426
30812	21954	7301
30813	2097	2118
30814	21954	2332
30815	21954	492
30816	21961	117
30817	21964	3565
30818	27944	25320
30819	27943	24176
30820	21970	21669
30821	21971	709
30822	27930	9730
30823	27932	3477
30824	21973	704
30825	21973	3657
30826	21972	201
30827	21974	18774
30828	28057	284
30829	21977	737
30830	27921	24253
30831	21982	2291
30832	2097	4149
30833	21983	6335
30834	27897	24061
30835	21979	20913
30836	27896	2806
30837	21984	21557
30838	21988	3145
30839	21988	7550
30840	21989	19322
30841	21992	20453
30842	27891	19376
30843	21994	3202
30844	21994	250
30845	28065	13842
30846	28064	1022
30847	22000	10548
30848	22002	15960
30849	22009	19866
30850	27874	4731
30851	22005	4
30852	27871	3911
30853	22007	139
30854	22009	19634
30855	28063	19074
30856	28058	179
30857	22012	15995
30858	27863	3512
30859	22014	709
30860	28062	856
30861	28060	225
30862	22017	8431
30863	22017	7348
30864	22023	654
30865	22023	8863
30866	22025	772
30867	22032	861
30868	22029	2195
30869	22030	20946
30870	28069	1539
30871	22032	373
30872	22034	19218
30873	22037	15659
30874	22038	760
30875	22028	21230
30876	22042	12145
30877	22045	19962
30878	26453	4427
30879	22054	10985
30880	22062	13606
30881	22066	4911
30882	22074	144
30883	22078	11113
30884	22193	11115
30885	22180	2348
30886	27800	8234
30887	27798	618
30888	22188	2303
30889	22188	20970
30890	22188	1381
30891	22192	9257
30892	27792	17602
30893	22193	20798
30894	27790	18079
30895	28074	24242
30896	2099	5097
30897	22196	5621
30898	22202	808
30899	22202	21080
30900	27786	12109
30901	22207	2825
30902	27785	16671
30903	27783	17337
30904	22210	6829
30905	28076	20405
30906	27777	15992
30907	27779	5545
30908	28078	16184
30909	22219	19296
30910	22220	19557
30911	26459	19272
30912	22223	5366
30913	22216	19763
30914	27776	17752
30915	22226	1261
30916	22591	10298
30917	22239	11878
30918	375	520
30919	22229	12267
30920	27765	6018
30921	22231	20118
30922	27764	17481
30923	26474	19168
30924	22238	17010
30925	22239	4201
30926	28082	5611
30927	22243	2936
30928	22243	1377
30929	22247	380
30930	22248	796
30931	22250	6575
30932	22249	21499
30933	22247	19613
30934	27756	23685
30935	22254	1087
30936	22255	5920
30937	22255	3610
30938	22256	3419
30939	27754	12979
30940	22267	6031
30941	22261	9139
30942	22267	7013
30943	22267	3422
30944	28087	721
30945	22267	1720
30946	22273	15256
30947	22275	768
30948	28090	12359
30949	22292	2344
30950	22283	8497
30951	22287	3210
30952	22292	8118
30953	22294	16812
30954	22295	7292
30955	22298	19804
30956	25319	5965
30957	28094	25390
30958	28089	1690
30959	22307	10736
30960	28091	1028
30961	22309	5382
30962	28086	11933
30963	28097	9744
30964	27735	17025
30965	22312	2429
30966	22312	20702
30967	22317	5706
30968	22318	6584
30969	375	6088
30970	22321	8194
30971	27730	24551
30972	27720	23723
30973	22324	6075
30974	22327	3362
30975	28088	6828
30976	28101	5481
30977	22335	13650
30978	22338	219
30979	28107	24558
30980	22339	19007
30981	22345	2929
30982	22342	20577
30983	22347	20702
30984	22350	6556
30985	22350	20444
30986	22350	8209
30987	28106	21086
30988	22353	11958
30989	22355	3153
30990	22360	3316
30991	22360	15743
30992	26476	24991
30993	28108	15380
30994	22369	10947
30995	22372	12697
30996	27690	10693
30997	22374	20157
30998	28111	15157
30999	27689	9246
31000	788	11106
31001	22382	13316
31002	27678	22617
31003	27675	26178
31004	28114	26625
31005	22394	4756
31006	22398	1860
31007	22397	18870
31008	22406	13945
31009	22425	19648
31010	22431	18814
31011	22436	6899
31012	22580	2723
31013	22487	1639
31014	23813	7280
31015	22517	12345
31016	22555	4757
31017	22559	20326
31018	22558	4016
31019	22561	14003
31020	22565	1589
31021	22565	1411
31022	22571	18861
31023	22570	2554
31024	22567	3690
31025	22575	21517
31026	22576	8522
31027	22577	312
31028	22577	4040
31029	22585	20596
31030	22588	19381
31031	22589	897
31032	22589	2914
31033	22597	1491
31034	27638	5068
31035	22594	4471
31036	22598	419
31037	26490	1942
31038	22432	11674
31039	22602	7504
31040	22602	14345
31041	22603	20447
31042	27624	23561
31043	22608	1706
31044	27623	14122
31045	22608	1703
31046	27619	15708
31047	22608	999
31048	22609	12601
31049	28131	8035
31050	22621	1171
31051	22621	5668
31052	22622	7590
31053	28567	3137
31054	28569	10946
31055	28175	12804
31056	28142	6889
31057	28138	10178
31058	22627	3888
31059	22633	12864
31060	22643	231
31061	22646	14328
31062	27603	734
31063	22655	3273
31064	22639	7159
31065	22657	13888
31066	22658	110
31067	28139	5143
31068	22666	4762
31069	22665	13716
31070	22669	15370
31071	22674	13374
31072	22679	7667
31073	22679	9613
31074	22681	15811
31075	22682	18031
31076	22685	353
31077	28136	8740
31078	22623	3183
31079	22691	239
31080	22695	18907
31081	22694	774
31082	22695	707
31083	22695	3362
31084	22697	3781
31085	22702	12059
31086	22706	1683
31087	28143	14636
31088	22708	2963
31089	22713	360
31090	22713	21637
31091	28145	2233
31092	22714	2410
31093	22716	1456
31094	22714	2403
31095	22720	19228
31096	22722	2558
31097	28148	16996
31098	26509	8124
31099	22724	5698
31100	22725	1416
31101	22725	997
31102	22726	806
31103	28151	19582
31104	22728	5216
31105	22735	18947
31106	22733	371
31107	25362	724
31108	22738	764
31109	22739	18802
31110	27561	3471
31111	28154	863
31112	22745	18957
31113	28161	26471
31114	789	1854
31115	22748	912
31116	22750	12029
31117	22748	19450
31118	28156	24981
31119	28158	24959
31120	22715	230
31121	22757	6057
31122	22758	18801
31123	28159	20265
31124	28174	3084
31125	28167	19098
31126	26525	3026
31127	22769	4244
31128	22770	6879
31129	22770	15300
31130	22769	7333
31131	22785	15695
31132	22737	19389
31133	22787	2583
31134	22794	977
31135	22794	989
31136	22810	19307
31137	22817	1273
31138	27543	12042
31139	22822	1399
31140	22822	1380
31141	22836	19920
31142	28168	27852
31143	22884	18912
31144	22903	2655
31145	22924	2131
31146	27540	10787
31147	28171	985
31148	26522	6062
31149	25378	39
31150	27534	135
31151	27536	6373
31152	22825	2774
31153	22978	21155
31154	27530	679
31155	22980	21783
31156	22986	1468
31157	26574	10500
31158	22988	12144
31159	22992	4005
31160	23001	8358
31161	22995	13451
31162	28182	20496
31163	23002	875
31164	45	63
31165	23007	810
31166	23012	10896
31167	28186	25447
31168	45	1772
31169	23015	47
31170	23017	892
31171	23018	5525
31172	23018	421
31173	28185	26086
31174	28183	20137
31175	23021	9271
31176	23027	3099
31177	23024	8215
31178	23028	8315
31179	23031	1641
31180	23033	12071
31181	23033	12122
31182	26544	157
31183	107	111
31184	26532	1818
31185	23036	2822
31186	23035	10182
31187	23038	7462
31188	23041	2051
31189	28190	5550
31190	23065	360
31191	23069	5874
31192	23069	1882
31193	23074	414
31194	23072	1886
31195	2104	5995
31196	23079	21725
31197	28192	9796
31198	23083	6251
31199	23089	21518
31200	23090	9321
31201	23101	2958
31202	23099	3549
31203	23110	7406
31204	23114	7857
31205	23115	13806
31206	23104	11969
31207	23117	8064
31208	29885	1508
31209	23123	22425
31210	28207	21214
31211	23109	5912
31212	28205	11045
31213	23131	10195
31214	23137	3713
31215	23108	8170
31216	23143	12945
31217	23142	13613
31218	23144	5571
31219	23151	19407
31220	23153	106
31221	23155	155
31222	23156	24
31223	23160	783
31224	23177	864
31225	23163	20949
31226	23166	5064
31227	23172	7277
31228	23174	775
31229	23177	18814
31230	23177	151
31231	23189	3243
31232	23193	2633
31233	28231	7537
31234	792	881
31235	23202	3188
31236	23204	3941
31237	23204	2278
31238	27449	1566
31239	23220	839
31240	28221	4153
31241	23221	20478
31242	23224	10116
31243	23226	3352
31244	28217	1621
31245	26556	735
31246	23180	4179
31247	23233	12139
31248	23234	648
31249	23235	19014
31250	29231	24955
31251	23237	18986
31252	28223	12053
31253	23241	9324
31254	23247	19654
31255	23247	9092
31256	107	783
31257	23251	1788
31258	28224	7150
31259	23256	8299
31260	23258	932
31261	23260	2365
31262	23261	290
31263	28225	20862
31264	23262	20783
31265	23263	1760
31266	23275	3479
31267	28376	13059
31268	23295	3146
31269	23296	15392
31270	27419	25270
31271	23308	19211
31272	23297	19415
31273	28232	25568
31274	23325	20729
31275	28230	4830
31276	23340	12880
31277	28234	19646
31278	28233	23179
31279	23345	9918
31280	23345	19111
31281	23362	12483
31282	23316	21552
31283	23988	18891
31284	23445	19623
31285	23445	942
31286	23465	9256
31287	378	4558
31288	23484	7787
31289	23489	19781
31290	28241	19346
31291	25431	19427
31292	23500	8651
31293	23502	21436
31294	28240	23194
31295	28238	10888
31296	23513	3754
31297	23519	3183
31298	23517	1659
31299	23519	3150
31300	23520	7645
31301	28254	1992
31302	28244	15205
31303	23528	13110
31304	23537	6768
31305	23541	14421
31306	23541	7410
31307	23546	2536
31308	23551	5878
31309	23552	2648
31310	23554	1607
31311	23561	19130
31312	23562	7263
31313	23548	21762
31314	23567	4199
31315	23567	3176
31316	28260	9317
31317	23574	10626
31318	23574	10629
31319	26589	20017
31320	23577	15283
31321	23592	3898
31322	23581	1016
31323	23582	16459
31324	23585	5776
31325	23585	4154
31326	23589	57
31327	23581	406
31328	23589	843
31329	23591	20013
31330	23593	5552
31331	23594	3905
31332	28257	1727
31333	23595	11062
31334	23596	3203
31335	28264	7393
31336	23600	6300
31337	23605	10042
31338	28263	19600
31339	23606	2054
31340	27366	402
31341	23605	8906
31342	23607	7431
31343	28262	2710
31344	23611	13151
31345	23613	5349
31346	23539	3040
31347	23616	7630
31348	23617	20078
31349	28265	3989
31350	23624	6355
31351	28271	10537
31352	23628	14908
31353	23633	1218
31354	28266	3990
31355	28272	25877
31356	26596	20014
31357	23639	3212
31358	23643	7882
31359	23648	10182
31360	23652	2122
31361	23655	7365
31362	24089	17146
31363	23664	3544
31364	28279	24456
31365	23662	1233
31366	28283	2899
31367	23672	9323
31368	23674	15547
31369	23674	1625
31370	28288	16800
31371	23680	23548
31372	28284	4748
31373	23682	10882
31374	28291	12013
31375	23684	18056
31376	26612	6269
31377	23686	16124
31378	23687	11094
31379	23687	544
31380	28289	16541
31381	23691	12059
31382	23697	6906
31383	27334	21469
31384	28294	16902
31385	26615	20099
31386	23703	3595
31387	28293	16603
31388	23705	5064
31389	23704	218
31390	23706	411
31391	23708	8522
31392	23712	1624
31393	23714	2320
31394	29198	3584
31395	23716	5519
31396	23713	3283
31397	23717	18893
31398	23720	2671
31399	23721	8500
31400	23721	807
31401	23723	22725
31402	23726	1822
31403	23724	21528
31404	23730	12259
31405	23731	23542
31406	23732	2941
31407	23732	9364
31408	28313	17374
31409	28306	19855
31410	23737	3455
31411	23744	2797
31412	26700	9603
31413	23747	20354
31414	23742	1122
31415	26624	18827
31416	26623	289
31417	23764	10238
31418	23763	19810
31419	794	1606
31420	25461	7634
31421	23775	19897
31422	23782	1272
31423	28304	13749
31424	23786	987
31425	23787	8537
31426	26632	399
31427	23793	4234
31428	28310	6885
31429	23796	1681
31430	24669	5425
31431	27282	2334
31432	28309	25399
31433	23813	736
31434	23812	21997
31435	28303	26485
31436	23832	2284
31437	23840	3693
31438	28319	21124
31439	28314	24542
31440	23890	1233
31441	23891	19012
31442	23880	19540
31443	23894	2342
31444	28317	372
31445	26654	2018
31446	23895	5474
31447	23897	21684
31448	26655	22268
31449	23910	20544
31450	23907	19418
31451	28315	25398
31452	23914	4035
31453	28318	19285
31454	23937	635
31455	23964	2267
31456	23988	1124
31457	795	2711
31458	27266	75
31459	28321	13862
31460	24057	897
31461	24060	18849
31462	27264	16101
31463	24060	20577
31464	24060	18779
31465	24065	15099
31466	24065	21706
31467	28332	6076
31468	27258	21076
31469	24079	19572
31470	24080	8920
31471	28324	12279
31472	24079	591
31473	24092	1968
31474	24093	9595
31475	24094	7949
31476	24114	2265
31477	24114	3053
31478	24116	5357
31479	24118	9673
31480	24121	19092
31481	28336	17148
31482	24130	13864
31483	28334	26534
31484	24133	1228
31485	24138	20153
31486	24121	22711
31487	26676	7149
31488	24150	5744
31489	24148	22705
31490	24149	228
31491	24151	5599
31492	24166	3306
31493	24168	3235
31494	24164	21176
31495	24168	4385
31496	24167	195
31497	24175	3364
31498	24176	8985
31499	24178	20140
31500	28341	15630
31501	28344	2622
31502	24185	5727
31503	24186	1997
31504	28343	401
31505	24189	4522
31506	24193	7378
31507	24192	3267
31508	24193	7582
31509	26689	4882
31510	24198	3993
31511	24200	7874
31512	24205	19597
31513	24202	760
31514	24203	4047
31515	24204	2100
31516	28345	12698
31517	24207	14222
31518	24209	16314
31519	28362	515
31520	28351	2643
31521	24215	20669
31522	29148	20223
31523	24216	617
31524	24217	4508
31525	24212	3960
31526	24220	21013
31527	24221	1184
31528	24221	11603
31529	28352	4675
31530	24225	12637
31531	24230	20753
31532	24233	12004
31533	24238	1373
31534	28357	14086
31535	28361	719
31536	28359	5824
31537	24243	15255
31538	24251	5943
31539	24250	9323
31540	24256	5945
31541	24254	19567
31542	24256	21361
31543	28368	174
31544	28364	1744
31545	24260	13064
31546	24262	6866
31547	27207	4129
31548	24265	13214
31549	24266	4325
31550	24266	6138
31551	24267	1308
31552	25521	21552
31553	24272	1727
31554	27203	6241
31555	28370	3321
31556	28371	3402
31557	24274	3660
31558	28369	13169
31559	24279	15250
31560	24284	4542
31561	28384	26188
31562	796	6740
31563	26717	2439
31564	2111	9316
31565	24293	12887
31566	24295	4999
31567	24296	9441
31568	24296	15470
31569	28381	1544
31570	24302	14287
31571	24305	2232
31572	24304	16421
31573	24311	10477
31574	24313	1685
31575	24314	2816
31576	24314	2813
31577	24314	9886
31578	28379	6926
31579	24324	16218
31580	24329	18832
31581	24337	708
31582	24331	362
31583	24336	3288
31584	24341	186
31585	24353	288
31586	24352	4865
31587	24355	139
31588	28387	11182
31589	28388	2995
31590	24356	20027
31591	24360	18772
31592	28391	21099
31593	24366	20918
31594	28401	9426
31595	28398	9622
31596	24370	6176
31597	28383	9568
31598	24372	5838
31599	24376	2729
31600	24375	38
31601	24375	16529
31602	24377	1715
31603	28382	26324
31604	24381	2057
31605	24381	19670
31606	24386	8243
31607	28403	10555
31608	24388	288
31609	24389	18773
31610	24390	724
31611	24392	22576
31612	24394	12173
31613	28402	1632
31614	24400	5117
31615	24401	7418
31616	26713	18878
31617	24406	5615
31618	28404	11049
31619	24412	1473
31620	24416	18778
31621	24414	6620
31622	28442	4676
31623	28407	27241
31624	24419	11601
31625	24418	3916
31626	24421	22399
31627	24420	5086
31628	24425	5369
31629	28406	14490
31630	24432	13908
31631	24420	5522
31632	28408	878
31633	24437	9098
31634	24437	8813
31635	24441	6463
31636	24441	14176
31637	28409	739
31638	24448	15331
31639	24451	11210
31640	28411	2333
31641	28410	18805
31642	24461	334
31643	24462	1505
31644	24462	2679
31645	28413	26602
31646	24469	129
31647	24470	3755
31648	24424	1529
31649	24472	11897
31650	24474	21503
31651	28423	667
31652	28418	53
31653	24476	755
31654	24482	3751
31655	28417	10812
31656	28412	26450
31657	24487	13803
31658	24489	24249
31659	28419	27416
31660	24491	16642
31661	24494	6373
31662	24492	20066
31663	24495	19661
31664	28428	6138
31665	28425	609
31666	796	11145
31667	24507	3944
31668	24505	5896
31669	24505	15290
31670	24507	2950
31671	24510	19998
31672	28429	12101
31673	24518	1442
31674	24518	5377
31675	24520	11319
31676	24520	16013
31677	24526	7489
31678	24531	8524
31679	28431	7171
31680	24532	8851
31681	28440	5604
31682	26744	859
31683	28433	1876
31684	24547	646
31685	24551	11099
31686	24552	1320
31687	28436	10169
31688	28434	5212
31689	26741	23748
31690	24554	5262
31691	24553	7823
31692	25573	5541
31693	28439	9611
31694	24574	145
31695	24573	6660
31696	24573	15276
31697	380	1304
31698	24578	7673
31699	24578	5693
31700	28438	5895
31701	24594	19098
31702	24589	4481
31703	792	801
31704	24596	6246
31705	24601	20535
31706	24601	3885
31707	24610	4425
31708	24619	19988
31709	24633	4862
31710	24635	769
31711	24635	8981
31712	24641	5264
31713	24650	8093
31714	24651	1411
31715	28453	482
31716	24656	4187
31717	24659	8974
31718	25614	5112
31719	28450	11834
31720	28451	5988
31721	28454	21283
31722	24697	4991
31723	24645	601
31724	28458	15613
31725	24770	2990
31726	28469	17069
31727	28468	20248
31728	28463	9707
31729	24818	19044
31730	24820	14264
31731	28471	7087
31732	178	7134
31733	24829	7138
31734	28470	1177
31735	26770	1145
31736	28472	6275
31737	28478	6649
31738	381	9861
31739	24876	261
31740	24882	9311
31741	24882	12034
31742	24885	3364
31743	24887	12200
31744	26779	2189
31745	24887	15389
31746	28476	105
31747	24897	5486
31748	26784	10396
31749	24903	5107
31750	24903	2584
31751	24904	328
31752	24904	1621
31753	28482	14308
31754	28481	21476
31755	24918	314
31756	24918	3750
31757	24927	2127
31758	24927	9398
31759	24935	10451
31760	24936	6306
31761	24937	23102
31762	24941	478
31763	24949	1711
31764	24951	7709
31765	24955	511
31766	24958	75
31767	24961	7333
31768	24961	6866
31769	24962	10913
31770	24962	1300
31771	24963	5559
31772	24967	181
31773	24972	461
31774	24980	705
31775	28488	8520
31776	28487	5134
31777	24986	21023
31778	28490	25079
31779	28489	23549
31780	24999	20593
31781	25001	9327
31782	25005	7919
31783	28491	2021
31784	25011	8275
31785	25012	4712
31786	26801	20364
31787	28495	6548
31788	25016	13168
31789	28504	3697
31790	25025	487
31791	25029	3748
31792	25030	6555
31793	25026	19381
31794	25037	20045
31795	28497	3412
31796	25042	13999
31797	25035	22383
31798	25045	5914
31799	28503	20566
31800	25046	23159
31801	25048	17058
31802	28505	1986
31803	25050	9228
31804	26808	6432
31805	798	3539
31806	26813	12851
31807	25063	6361
31808	25066	15383
31809	25067	16809
31810	25067	17730
31811	25069	6532
31812	28507	9036
31813	25069	12453
31814	25072	6566
31815	28522	14838
31816	28516	15112
31817	381	12347
31818	25076	19866
31819	25077	24365
31820	28515	23845
31821	28513	5451
31822	28512	4769
31823	25087	5960
31824	28519	5013
31825	28517	16242
31826	28518	19163
31827	25113	6736
31828	25113	6120
31829	25115	10895
31830	25117	9649
31831	25125	6264
31832	28525	8203
31833	25132	10761
31834	797	3202
31835	25131	13534
31836	25134	13348
31837	25135	11180
31838	25135	15790
31839	28529	2775
31840	28528	26236
31841	25137	9074
31842	27058	19991
31843	28526	12313
31844	28530	3657
31845	25152	21086
31846	25150	2587
31847	26829	10189
31848	25158	16662
31849	25163	1434
31850	25166	5525
31851	25166	17654
31852	25171	18970
31853	25174	21394
31854	28533	428
31855	25175	9655
31856	25177	15
31857	28532	12217
31858	25182	13387
31859	25184	370
31860	25185	2899
31861	25192	6211
31862	25205	9699
31863	25205	5390
31864	28549	3764
31865	28544	6951
31866	25210	21278
31867	25210	289
31868	25225	172
31869	25215	6100
31870	28543	7547
31871	28542	911
31872	28547	20082
31873	25225	195
31874	25226	2693
31875	25227	7219
31876	25228	9449
31877	25232	10420
31878	25233	5775
31879	25234	867
31880	28560	13099
31881	28551	26661
31882	25234	3418
31883	25238	19148
31884	25239	5726
31885	25244	1587
31886	381	12399
31887	25247	13921
31888	25248	24971
31889	25248	772
31890	25254	9745
31891	25256	11116
31892	25256	19161
31893	25257	702
31894	25259	13708
31895	25257	5911
31896	25261	23930
31897	28553	42
31898	25266	11910
31899	25267	6275
31900	25278	7337
31901	25273	730
31902	25274	9768
31903	25275	26
31904	25281	9601
31905	25279	6273
31906	25281	19197
31907	25282	20832
31908	28601	6277
31909	28585	10200
31910	800	8757
31911	25289	1861
31912	28565	8730
31913	28563	1476
31914	25300	14434
31915	25303	4174
31916	25303	1869
31917	28568	26408
31918	28573	11209
31919	28584	12831
31920	28582	26637
31921	28579	26707
31922	25342	5545
31923	25342	19041
31924	25343	19076
31925	25344	391
31926	28583	2796
31927	25351	20141
31928	25355	15449
31929	25358	13890
31930	28588	12830
31931	25364	21545
31932	25364	137
31933	25378	24
31934	25382	6332
31935	25383	13454
31936	25395	21356
31937	28595	20701
31938	28598	16054
31939	25405	3351
31940	28597	26154
31941	25409	19052
31942	29274	15159
31943	28664	21659
31944	28626	26751
31945	28610	15041
31946	25422	5665
31947	25426	20783
31948	25431	3418
31949	25434	9594
31950	28613	26647
31951	25437	15962
31952	25438	691
31953	25439	19334
31954	25442	21039
31955	25444	24394
31956	28611	393
31957	28608	8115
31958	25446	5444
31959	25451	13157
31960	28616	2377
31961	25455	15603
31962	28615	4398
31963	28618	9220
31964	25472	10715
31965	25471	2047
31966	28619	19254
31967	25465	4649
31968	28621	14699
31969	25484	7266
31970	28631	8505
31971	28627	10053
31972	25489	20826
31973	25493	40
31974	25503	5713
31975	28641	8359
31976	25519	19513
31977	28632	5971
31978	28637	21063
31979	28634	26755
31980	25526	7326
31981	28633	6241
31982	25528	5844
31983	25528	12271
31984	25532	8649
31985	28635	6608
31986	25533	19476
31987	25541	24337
31988	25538	19615
31989	25545	2901
31990	28640	19013
31991	28639	1024
31992	801	1680
31993	25555	6042
31994	25561	20432
31995	28644	10940
31996	28643	1107
31997	25570	384
31998	25574	21353
31999	28645	6070
32000	25584	5321
32001	28646	15362
32002	25608	350
32003	28654	3165
32004	28652	5087
32005	28650	20337
32006	28651	19292
32007	28663	10288
32008	28659	15027
32009	28658	9230
32010	28661	20543
32011	28660	16561
32012	26996	484
32013	26999	4923
32014	28666	1788
32015	27034	19930
32016	27044	19590
32017	28669	21059
32018	27047	19498
32019	27049	20093
32020	27052	20347
32021	28673	9432
32022	25737	1426
32023	28672	9511
32024	28678	21061
32025	801	5071
32026	25752	20918
32027	25748	2003
32028	25764	21293
32029	27089	3034
32030	28680	1554
32031	25775	3596
32032	28677	19288
32033	28682	16329
32034	25795	7526
32035	25802	2775
32036	25803	3656
32037	25804	21754
32038	28674	20814
32039	28686	20094
32040	28685	18102
32041	25909	2694
32042	28707	5972
32043	28701	2428
32044	28693	17231
32045	25818	21893
32046	25826	15426
32047	25829	2350
32048	28700	14934
32049	28697	3802
32050	25836	13631
32051	28695	20261
32052	28694	12301
32053	28699	14243
32054	28696	13963
32055	25848	23514
32056	27128	9772
32057	25863	6382
32058	25863	1730
32059	25867	29
32060	25869	7167
32061	25870	21247
32062	25870	18944
32063	25871	104
32064	25872	5426
32065	25874	22283
32066	25878	5463
32067	25881	3867
32068	28703	105
32069	27131	4617
32070	25892	14019
32071	25893	2591
32072	28719	1957
32073	25898	5082
32074	25894	18881
32075	25898	5116
32076	25899	3703
32077	25903	2892
32078	25906	6337
32079	28714	597
32080	25913	19231
32081	25914	3580
32082	25920	1602
32083	25896	21616
32084	28715	4512
32085	27141	4328
32086	25926	19801
32087	25929	940
32088	25932	2967
32089	25933	341
32090	27142	2442
32091	25937	518
32092	28716	19014
32093	28718	496
32094	25944	19098
32095	25948	3121
32096	25954	2940
32097	25959	23262
32098	27151	7330
32099	25964	6209
32100	25966	19020
32101	25968	14354
32102	25969	3191
32103	25972	14339
32104	25982	14171
32105	25986	8000
32106	25992	4421
32107	25996	6740
32108	2116	3621
32109	26000	6741
32110	26001	3630
32111	28724	8621
32112	26006	2854
32113	26019	9924
32114	26024	4325
32115	26031	7189
32116	26028	2335
32117	26030	22374
32118	26033	2358
32119	26036	13616
32120	27175	1197
32121	26043	9039
32122	26043	7363
32123	28730	3141
32124	26048	19375
32125	26050	2914
32126	26050	1615
32127	28743	5443
32128	28735	2798
32129	28733	9799
32130	27184	64
32131	28732	109
32132	26058	5227
32133	28731	605
32134	26058	10614
32135	28734	2557
32136	28740	4193
32137	28736	25261
32138	28739	10271
32139	28737	9701
32140	29347	25230
32141	28756	12339
32142	28746	3801
32143	26076	5655
32144	26077	5484
32145	26090	20244
32146	26091	12816
32147	26092	8452
32148	26095	6597
32149	26102	282
32150	28745	5519
32151	26117	4476
32152	26120	500
32153	26124	10021
32154	26132	12287
32155	26136	1120
32156	26139	24487
32157	26140	8009
32158	26142	13363
32159	26143	8644
32160	28751	1043
32161	26151	1554
32162	26153	4423
32163	26155	5368
32164	26156	14402
32165	28752	9431
32166	26157	252
32167	26158	5466
32168	26161	24582
32169	26165	901
32170	28753	25752
32171	26170	10133
32172	26171	9635
32173	26178	10195
32174	28797	5434
32175	26181	201
32176	26180	10262
32177	26186	17328
32178	26193	6486
32179	26197	7279
32180	26200	5834
32181	26202	23632
32182	26207	16065
32183	26208	6161
32184	26209	15939
32185	27220	127
32186	26217	2739
32187	26220	17566
32188	27224	23050
32189	27227	14163
32190	26226	6163
32191	28710	11157
32192	26212	14693
32193	26228	18000
32194	26229	17432
32195	26230	17516
32196	26232	17913
32197	28717	1567
32198	28763	9031
32199	26239	1529
32200	26239	19712
32201	26242	1402
32202	26245	12382
32203	26257	2818
32204	26258	1117
32205	26263	1662
32206	28767	882
32207	26267	7949
32208	26269	1926
32209	28772	18395
32210	28771	16083
32211	26276	20790
32212	26279	4553
32213	26283	21283
32214	26286	1546
32215	28773	21
32216	26291	1775
32217	26288	2288
32218	26299	679
32219	26301	20668
32220	26301	1932
32221	28778	24940
32222	26308	5503
32223	28775	17762
32224	26309	8613
32225	26313	716
32226	26314	3066
32227	26314	198
32228	26317	5176
32229	26318	24498
32230	26318	25240
32231	26321	2130
32232	26325	35
32233	28794	10039
32234	26329	102
32235	26330	13379
32236	26328	5972
32237	26335	10979
32238	26336	1958
32239	26336	5671
32240	28780	22691
32241	26337	25360
32242	28787	3510
32243	26339	389
32244	28784	12976
32245	28783	23294
32246	28786	719
32247	26350	7582
32248	26351	6159
32249	26352	5284
32250	28793	4823
32251	26352	12915
32252	26353	6261
32253	26359	14909
32254	26357	4336
32255	28792	4371
32256	28791	4309
32257	28789	6291
32258	26364	8614
32259	26365	11300
32260	26367	22033
32261	28795	5103
32262	26373	832
32263	26373	1303
32264	26380	415
32265	26381	5234
32266	28800	19690
32267	26393	3260
32268	26393	7203
32269	26395	15626
32270	26397	4470
32271	28810	2716
32272	28804	486
32273	28802	1645
32274	28809	18720
32275	26409	12117
32276	28808	20799
32277	26411	17989
32278	26413	17
32279	26414	5970
32280	26420	239
32281	26421	17855
32282	26423	5937
32283	28819	25263
32284	28814	13726
32285	26424	8917
32286	26426	417
32287	28815	10459
32288	26438	4606
32289	28822	15057
32290	28820	263
32291	26448	1687
32292	28825	9384
32293	28824	9391
32294	26472	7037
32295	26481	3099
32296	26491	13198
32297	26492	12692
32298	26493	25025
32299	26495	427
32300	26500	4680
32301	26496	1007
32302	26499	4119
32303	26504	9527
32304	28840	4550
32305	28837	8809
32306	28839	8552
32307	26515	20832
32308	26538	1338
32309	26545	2224
32310	26547	21587
32311	26555	8034
32312	26557	6732
32313	28853	5260
32314	28850	16064
32315	28855	2281
32316	28854	11195
32317	26569	19179
32318	26572	10685
32319	26576	507
32320	28857	13337
32321	26581	7119
32322	26582	1223
32323	26584	19665
32324	28858	3721
32325	28862	6960
32326	28860	24862
32327	28864	11136
32328	26597	10338
32329	2116	3626
32330	26607	6568
32331	28871	19537
32332	28865	19847
32333	26614	10455
32334	28870	7818
32335	28867	18675
32336	26628	2065
32337	26633	23140
32338	26641	6852
32339	26635	4656
32340	28874	7804
32341	26648	144
32342	28876	1482
32343	26662	4295
32344	28877	16
32345	26668	21503
32346	26670	7287
32347	28880	21868
32348	26671	104
32349	28878	2184
32350	26678	6595
32351	28884	14072
32352	26693	1088
32353	28892	854
32354	28887	11729
32355	26699	4641
32356	26702	17116
32357	28891	14073
32358	28890	10265
32359	26711	12134
32360	28895	14404
32361	26712	17111
32362	28894	13007
32363	26720	13372
32364	28896	4040
32365	26721	955
32366	28904	8679
32367	28899	11489
32368	26725	10608
32369	26726	783
32370	26728	991
32371	28902	20579
32372	28901	10156
32373	26734	19588
32374	26737	16898
32375	26739	3553
32376	26739	6113
32377	28906	5309
32378	26743	1191
32379	26746	18912
32380	26747	5886
32381	28913	19945
32382	26767	2374
32383	28916	6658
32384	26767	25883
32385	28915	10220
32386	26771	13981
32387	26772	9012
32388	26775	4361
32389	26780	14082
32390	28938	23768
32391	26783	148
32392	26827	6317
32393	26781	132
32394	26780	20813
32395	26796	12866
32396	28928	6539
32397	26800	12259
32398	26803	3373
32399	28931	5094
32400	26816	5814
32401	28936	1753
32402	28934	21382
32403	26819	8285
32404	26825	12916
32405	26826	145
32406	26826	1911
32407	28942	7120
32408	28939	1530
32409	28944	2673
32410	26841	777
32411	28550	16705
32412	26849	2261
32413	26851	21075
32414	26855	4778
32415	804	1481
32416	26859	7158
32417	28953	19055
32418	28954	10182
32419	26866	6953
32420	28960	1349
32421	28961	7382
32422	28982	3325
32423	28968	1073
32424	28963	8995
32425	28965	19317
32426	28964	156
32427	28966	8376
32428	28967	2326
32429	26887	20012
32430	28971	9994
32431	28975	3179
32432	26898	19358
32433	26899	19856
32434	28974	20665
32435	28981	24569
32436	28978	5911
32437	28979	7066
32438	28985	15070
32439	26910	20474
32440	26918	19126
32441	28992	11420
32442	28993	1907
32443	26930	6162
32444	26932	2218
32445	28997	5517
32446	28999	3518
32447	29000	8739
32448	29002	8924
32449	29004	7056
32450	29003	9912
32451	29008	9325
32452	29050	12237
32453	29026	172
32454	29027	16112
32455	29028	1356
32456	29030	13573
32457	26980	21652
32458	29033	2453
32459	29031	6952
32460	29039	501
32461	29035	17321
32462	29037	4422
32463	29043	13466
32464	29045	20634
32465	29047	5747
32466	29048	21604
32467	29087	560
32468	29066	2058
32469	29051	6692
32470	29064	21448
32471	29063	8055
32472	27031	18800
32473	29067	15767
32474	29071	20438
32475	29065	19581
32476	29076	2331
32477	29077	11569
32478	27042	21173
32479	29079	21455
32480	29078	13420
32481	29080	21462
32482	29081	19984
32483	29082	21488
32484	27054	20056
32485	29083	20272
32486	29086	5278
32487	29085	21615
32488	29346	26304
32489	29153	20952
32490	27060	4149
32491	29090	21624
32492	29091	21643
32493	29093	21655
32494	29092	610
32495	29098	9949
32496	29096	16742
32497	29097	3245
32498	29121	12379
32499	27098	11479
32500	27101	5170
32501	29109	21131
32502	29114	14240
32503	29111	17194
32504	29113	20676
32505	29119	5631
32506	29118	16439
32507	29117	5820
32508	29151	5253
32509	29125	15855
32510	29127	11521
32511	27130	2628
32512	29133	4431
32513	29131	10525
32514	27136	5974
32515	29143	10994
32516	29141	2499
32517	29142	21579
32518	27171	15912
32519	29155	1300
32520	27194	14148
32521	29157	10258
32522	27204	9138
32523	29170	10611
32524	29149	13622
32525	29158	21505
32526	29163	679
32527	29164	5140
32528	29180	16648
32529	29171	16434
32530	29173	10154
32531	29174	9642
32532	29177	14117
32533	29176	12625
32534	29179	15213
32535	27242	18983
32536	27244	10163
32537	27247	19848
32538	29181	1412
32539	27253	501
32540	27254	20387
32541	27252	1529
32542	27263	22187
32543	29182	17572
32544	29215	16754
32545	27269	15241
32546	27278	6860
32547	29183	17407
32548	27280	94
32549	29189	4174
32550	27284	1493
32551	27294	14146
32552	27300	544
32553	29190	1823
32554	29192	10644
32555	27317	19999
32556	29200	13020
32557	27321	9229
32558	29195	9993
32559	29205	3360
32560	27324	4769
32561	27326	12387
32562	27329	1959
32563	27331	9480
32564	27335	5224
32565	27338	1629
32566	27346	7633
32567	27348	6437
32568	29203	20084
32569	29201	7970
32570	27352	3105
32571	29212	241
32572	27352	3078
32573	29206	6363
32574	29209	25498
32575	29207	11063
32576	27361	6147
32577	29213	11218
32578	29208	5616
32579	27364	7105
32580	27369	3123
32581	27369	8847
32582	27372	9709
32583	29244	1746
32584	29229	693
32585	27373	24329
32586	27379	237
32587	27381	8964
32588	27383	153
32589	29216	3506
32590	27388	3090
32591	27393	2622
32592	27396	723
32593	27401	3225
32594	29225	7497
32595	29217	13656
32596	27402	5643
32597	29228	12911
32598	27407	12718
32599	27413	1792
32600	27416	19853
32601	27418	12847
32602	29230	6836
32603	27426	2381
32604	29232	4899
32605	29234	6458
32606	29235	8584
32607	29237	5605
32608	29236	14168
32609	29239	10068
32610	27464	3801
32611	27460	7388
32612	27467	387
32613	27469	1801
32614	27478	6085
32615	29241	8511
32616	29265	1919
32617	29248	11491
32618	27488	11314
32619	27489	3217
32620	27498	1307
32621	29242	7342
32622	27500	316
32623	29259	7505
32624	27516	6339
32625	29250	21192
32626	29258	16071
32627	29240	16605
32628	29261	6378
32629	27531	5043
32630	27531	21606
32631	29262	1721
32632	29263	647
32633	27539	13115
32634	27541	13772
32635	29264	10110
32636	29269	15052
32637	27554	20617
32638	29268	1851
32639	27564	564
32640	27570	14383
32641	27579	7667
32642	27584	6421
32643	29276	18989
32644	27591	7852
32645	29280	6765
32646	27593	5584
32647	29284	14200
32648	29277	12215
32649	29286	20502
32650	27611	11847
32651	27617	6308
32652	29288	1310
32653	29290	17009
32654	27627	16088
32655	27635	44
32656	27638	20381
32657	29291	12298
32658	27656	1509
32659	29292	14582
32660	27663	1665
32661	29295	16820
32662	29310	13817
32663	27668	388
32664	27669	12157
32665	29302	10809
32666	27695	11562
32667	29303	21304
32668	27712	12379
32669	29305	11891
32670	27738	11927
32671	27742	12316
32672	29306	11915
32673	27745	25800
32674	29337	19532
32675	29325	25106
32676	29311	14707
32677	27751	5620
32678	27750	1601
32679	29315	11686
32680	27775	3750
32681	29318	20831
32682	27781	1692
32683	27781	26598
32684	29324	13485
32685	29321	12732
32686	27795	1570
32687	27795	5584
32688	29336	3769
32689	29335	4240
32690	29330	16447
32691	27805	788
32692	27804	1392
32693	27809	20028
32694	27858	2372
32695	27864	4216
32696	29332	17611
32697	29331	17272
32698	27887	21181
32699	27890	4620
32700	27894	13204
32701	27898	9608
32702	27924	9234
32703	27930	23189
32704	27927	19066
32705	27946	18793
32706	27949	4700
32707	27959	805
32708	27945	26495
32709	27977	20176
32710	27991	6227
32711	28000	8388
32712	28004	98
32713	28015	984
32714	28023	13985
32715	28129	3169
32716	28189	11583
32717	28204	9608
32718	28242	25196
32719	28248	521
32720	28253	7795
32721	28258	12357
32722	28267	18957
32723	28270	5141
32724	28274	24535
32725	28275	15059
32726	28277	213
32727	28280	25078
32728	28295	12285
32729	28296	17187
32730	28300	3571
32731	28323	1547
32732	28326	11345
32733	28329	26469
32734	28339	8961
32735	28346	1033
32736	28349	3720
32737	28350	7108
32738	28373	13581
32739	28375	13023
32740	28378	12563
32741	28377	6800
32742	28385	11185
32743	28422	14636
32744	28426	4671
32745	28430	12040
32746	28432	21375
32747	28435	6980
32748	28441	8882
32749	28445	20465
32750	28447	7540
32751	28448	26063
32752	28460	5640
32753	28461	9321
32754	28462	7583
32755	28466	6431
32756	28475	14263
32757	28479	26541
32758	28480	2590
32759	28498	21865
32760	28500	488
32761	28537	12494
32762	28538	7952
32763	28539	6709
32764	28540	4899
32765	28556	2554
32766	28558	8915
32767	28570	756
32768	28572	4715
32769	28574	26520
32770	28578	13687
32771	28580	26672
32772	28586	21088
32773	28587	5575
32774	28589	8451
32775	28591	2402
32776	28593	15547
32777	30399	8937
32778	28594	5476
32779	28600	4917
32780	28602	19455
32781	28604	3646
32782	28606	15146
32783	28607	20987
32784	28617	19335
32785	28620	21220
32786	28630	26753
32787	28624	5480
32788	28636	1186
32789	28638	21525
32790	28648	1218
32791	28675	11719
32792	28704	14455
32793	28705	13692
32794	30329	7259
32795	28706	17221
32796	28709	8778
32797	28711	11445
32798	28747	5661
32799	28749	430
32800	28803	12828
32801	28811	6118
32802	28812	2646
32803	28813	1068
32804	28821	16881
32805	385	393
32806	28829	11536
32807	28830	2732
32808	28832	1942
32809	28833	2414
32810	28834	4116
32811	28835	11140
32812	28836	1948
32813	28841	19374
32814	28843	15269
32815	28845	5380
32816	28846	9408
32817	28847	7476
32818	28848	11684
32819	28849	10361
32820	28851	2596
32821	28827	6386
32822	28856	11666
32823	28861	8533
32824	28863	15651
32825	28866	19787
32826	28868	21645
32827	28869	135
32828	28875	15456
32829	28882	1586
32830	28883	705
32831	28885	3269
32832	28908	18989
32833	28910	7696
32834	28911	4384
32835	28917	20530
32836	28920	10168
32837	28921	818
32838	28922	9698
32839	28923	8896
32840	28925	21112
32841	28924	415
32842	28926	20932
32843	28929	15177
32844	28932	7567
32845	28945	12162
32846	28947	17251
32847	28948	16160
32848	28949	12166
32849	28952	16649
32850	28955	9435
32851	28956	1705
32852	28957	6413
32853	28958	11586
32854	28959	16872
32855	28972	19798
32856	28973	12016
32857	28977	21429
32858	28983	6126
32859	28984	6030
32860	28986	20774
32861	28987	3937
32862	28989	21167
32863	28990	7474
32864	30056	17053
32865	28994	21172
32866	28996	16724
32867	29001	18962
32868	30009	12947
32869	29005	21540
32870	29007	6081
32871	29009	14818
32872	29010	9660
32873	29011	553
32874	29012	3606
32875	29013	10834
32876	29014	5420
32877	29979	10371
32878	29015	14481
32879	29016	8374
32880	29017	11286
32881	29018	20276
32882	29019	21212
32883	29020	20641
32884	29021	6759
32885	29022	11473
32886	29023	10403
32887	29025	21197
32888	29036	11460
32889	29038	9695
32890	29040	13388
32891	29041	2728
32892	29920	10784
32893	29044	21442
32894	29046	21486
32895	29049	21104
32896	29052	14663
32897	29054	58
32898	29056	16547
32899	29057	7100
32900	29058	21567
32901	29059	9128
32902	29060	6396
32903	29061	21640
32904	29062	21549
32905	29068	21556
32906	29275	14797
32907	29089	21410
32908	29099	13434
32909	29101	6688
32910	29088	21623
32911	29103	11247
32912	29102	15178
32913	29106	7210
32914	28988	18381
32915	29107	6538
32916	29108	19698
32917	29122	5701
32918	29123	4782
32919	29128	12734
32920	29129	8621
32921	29130	13278
32922	800	8619
32923	29135	1869
32924	29137	14015
32925	29139	6742
32926	29144	9714
32927	29150	11642
32928	29134	7918
32929	29185	18413
32930	29191	529
32931	29194	3569
32932	29202	10841
32933	29218	6590
32934	29221	1776
32935	29238	14317
32936	29270	13761
32937	29273	10436
32938	29278	13856
32939	27257	21010
32940	806	4765
32941	2120	5094
32942	806	6139
32943	385	5447
32944	808	1428
32945	29361	6031
32946	4	521
32947	2129	2961
32948	2130	3400
32949	387	2820
32950	29367	9740
32951	29362	7000
32952	25854	8379
32953	2137	2144
32954	2137	3263
32955	2137	10805
32956	387	1087
32957	2145	3661
32958	814	901
32959	47	402
32960	387	1526
32961	29363	26558
32962	389	793
32963	816	6892
32964	2154	7006
32965	29366	677
32966	29364	3558
32967	2156	3238
32968	29365	21262
32969	818	8635
32970	2159	9419
32971	29372	2097
32972	182	418
32973	821	3789
32974	822	1830
32975	390	885
32976	47	476
32977	825	9609
32978	825	6911
32979	391	16571
32980	29378	20266
32981	29377	15334
32982	2185	4959
32983	828	10367
32984	392	3520
32985	29375	1862
32986	831	1245
32987	109	5581
32988	831	2421
32989	47	1837
32990	14	622
32991	29376	16566
32992	834	1643
32993	834	5990
32994	393	11193
32995	835	6355
32996	182	3785
32997	835	5944
32998	835	2498
32999	2204	6843
33000	2204	5701
33001	2204	5357
33002	394	13216
33003	831	1616
33004	836	2545
33005	836	13087
33006	29380	62
33007	29383	470
33008	2209	6130
33009	837	3223
33010	395	1246
33011	837	3221
33012	837	3251
33013	395	2231
33014	29386	12783
33015	838	1378
33016	2219	3990
33017	397	9038
33018	398	1085
33019	2224	5845
33020	849	2346
33021	2225	12042
33022	840	1726
33023	110	202
33024	2238	12759
33025	2239	4186
33026	2245	2296
33027	2247	2270
33028	2247	5369
33029	2248	2293
33030	29469	26945
33031	29401	13782
33032	400	415
33033	23518	6438
33034	400	639
33035	2264	2297
33036	843	2231
33037	400	9370
33038	2268	5372
33039	110	1319
33040	843	3951
33041	843	1940
33042	843	8998
33043	400	3765
33044	844	1381
33045	2270	2585
33046	401	415
33047	2275	5516
33048	2275	3552
33049	29407	7549
33050	844	13654
33051	845	2832
33052	402	870
33053	839	1184
33054	29411	9487
33055	29409	19822
33056	2291	6915
33057	2292	7610
33058	2293	3103
33059	51	1754
33060	15	934
33061	2305	2313
33062	2283	3163
33063	2313	8073
33064	2315	2940
33065	29426	695
33066	27284	2757
33067	2333	13232
33068	2334	2667
33069	2334	6352
33070	2337	7874
33071	2339	3954
33072	2340	3209
33073	29419	4306
33074	2344	9844
33075	2346	3679
33076	2346	2713
33077	29423	671
33078	2346	15558
33079	2347	10369
33080	850	1042
33081	192	3306
33082	18748	18749
33083	29431	10291
33084	29429	15573
33085	2359	10555
33086	2362	3924
33087	2364	9869
33088	2367	10679
33089	2370	5259
33090	2370	9426
33091	2372	6027
33092	850	2903
33093	2378	11009
33094	406	14493
33095	29443	12373
33096	2384	2804
33097	2384	10966
33098	2387	3508
33099	2400	10870
33100	27288	1416
33101	408	481
33102	2407	3548
33103	2410	12519
33104	2417	6500
33105	2417	3239
33106	2418	4868
33107	2419	5665
33108	2421	2424
33109	2449	7742
33110	2427	2428
33111	24913	371
33112	852	7639
33113	23	157
33114	29441	1683
33115	29440	19611
33116	2447	4024
33117	2449	7766
33118	2449	4005
33119	29437	23847
33120	2449	7758
33121	2451	11544
33122	2449	4271
33123	2453	15918
33124	2471	4357
33125	410	4814
33126	2479	3722
33127	2479	5054
33128	2479	6235
33129	2485	9257
33130	29467	7283
33131	29456	1887
33132	410	14360
33133	29455	15551
33134	29452	14541
33135	29451	2054
33136	2507	15553
33137	2511	8885
33138	2517	2783
33139	2517	9477
33140	29454	5363
33141	2500	3238
33142	29453	6969
33143	2528	7963
33144	2530	5608
33145	2534	2557
33146	2534	2796
33147	2536	3266
33148	27309	2522
33149	2528	2529
33150	2537	6445
33151	412	10052
33152	53	1628
33153	2540	5054
33154	29461	2659
33155	860	9283
33156	2545	5178
33157	2546	6403
33158	2546	8591
33159	2546	2677
33160	2551	9420
33161	27306	9565
33162	2552	5722
33163	2555	2567
33164	2556	5614
33165	2556	5639
33166	195	9612
33167	2561	4829
33168	196	213
33169	29462	7684
33170	2578	3766
33171	2580	5357
33172	2581	5682
33173	29525	15725
33174	29475	9498
33175	2588	4176
33176	2589	15177
33177	2601	3165
33178	2603	6892
33179	2602	3267
33180	2607	3336
33181	2607	4813
33182	868	1299
33183	29498	370
33184	29488	1706
33185	2629	3040
33186	2618	2922
33187	418	835
33188	2619	3146
33189	2622	7290
33190	870	1558
33191	29481	6861
33192	2625	8810
33193	29487	6725
33194	29484	9605
33195	2627	2651
33196	199	1641
33197	872	1054
33198	29489	6983
33199	2647	9308
33200	874	1041
33201	2649	2901
33202	2649	6337
33203	2650	13732
33204	2651	2745
33205	29497	19908
33206	2669	5765
33207	422	427
33208	29494	21380
33209	2677	5003
33210	2677	6217
33211	423	431
33212	2680	4140
33213	2682	2685
33214	2684	4125
33215	29524	1888
33216	2689	2695
33217	2694	12839
33218	2695	16273
33219	29501	6226
33220	27328	20432
33221	2702	12648
33222	2703	15920
33223	2705	2706
33224	118	747
33225	201	827
33226	2693	2699
33227	2712	15130
33228	2718	10896
33229	29503	18804
33230	29502	5826
33231	424	9339
33232	2723	6269
33233	2723	2931
33234	425	944
33235	29507	12936
33236	887	1652
33237	2740	10853
33238	4	1657
33239	427	3361
33240	2745	3207
33241	29513	9341
33242	25	209
33243	57	3197
33244	2721	13216
33245	428	3408
33246	893	3361
33247	428	630
33248	27333	15267
33249	894	3488
33250	29510	12702
33251	894	2258
33252	120	152
33253	2769	14734
33254	428	6110
33255	2772	6518
33256	2771	5862
33257	29523	22193
33258	895	14637
33259	27335	7253
33260	57	1989
33261	2779	4757
33262	2781	11562
33263	2782	5793
33264	429	704
33265	429	2970
33266	29522	12583
33267	29517	8871
33268	2788	4035
33269	2788	4100
33270	2788	7896
33271	29516	10136
33272	2792	2793
33273	2796	2925
33274	899	931
33275	29520	15192
33276	900	13146
33277	2798	8941
33278	2798	9234
33279	29521	7665
33280	2804	6374
33281	29539	12722
33282	2816	3546
33283	2816	9248
33284	29526	14046
33285	911	5832
33286	2822	9674
33287	2823	6041
33288	2822	3751
33289	59	1498
33290	29527	6055
33291	2827	2828
33292	2835	3357
33293	29553	2837
33294	2808	2934
33295	29529	5479
33296	2845	8537
33297	25925	1585
33298	2845	12824
33299	2846	6233
33300	2845	4866
33301	2848	8146
33302	2848	10734
33303	2849	9751
33304	2850	2855
33305	2851	2860
33306	29533	4530
33307	29532	11263
33308	2869	7325
33309	2873	13665
33310	2877	5411
33311	2885	2890
33312	205	1794
33313	2894	2896
33314	2899	6657
33315	432	1681
33316	29538	2693
33317	29535	14932
33318	2911	3678
33319	2909	3705
33320	2912	13731
33321	2914	4858
33322	434	5673
33323	29537	1996
33324	2919	5081
33325	2917	11031
33326	2923	9934
33327	2924	8645
33328	2925	3673
33329	2927	6120
33330	29543	21397
33331	2932	5902
33332	2932	14866
33333	2934	5467
33334	2937	10736
33335	2939	2956
33336	2943	3889
33337	2949	3887
33338	2957	3141
33339	29552	10327
33340	2967	11016
33341	2965	3037
33342	2966	2998
33343	2968	10896
33344	2968	14727
33345	122	913
33346	29548	14410
33347	2971	3044
33348	208	10605
33349	29551	2942
33350	209	459
33351	450	1938
33352	958	2394
33353	962	15458
33354	965	1638
33355	209	411
33356	3011	5536
33357	454	2936
33358	3020	9330
33359	3005	3048
33360	3045	3530
33361	3055	6669
33362	3056	9228
33363	3062	3108
33364	3071	7443
33365	3072	8580
33366	3076	4501
33367	3077	3193
33368	3078	9835
33369	983	1383
33370	983	9256
33371	983	8842
33372	3098	14336
33373	29570	3164
33374	3100	3946
33375	984	3715
33376	3116	3126
33377	29563	3057
33378	63	2064
33379	468	5087
33380	3125	9462
33381	3132	6842
33382	29559	1919
33383	3140	3863
33384	29564	480
33385	3141	10359
33386	470	7156
33387	993	11129
33388	3151	3154
33389	993	10274
33390	3166	7283
33391	3183	10143
33392	3188	4722
33393	3187	3190
33394	996	1413
33395	3193	3273
33396	3193	9666
33397	473	553
33398	3197	4078
33399	3196	11847
33400	3200	7894
33401	29574	20480
33402	3217	3679
33403	29573	5895
33404	29575	34
33405	3214	5856
33406	3215	11386
33407	3215	7851
33408	3216	4424
33409	475	4946
33410	3216	4519
33411	999	2479
33412	3235	4639
33413	3235	5650
33414	999	12132
33415	1000	6664
33416	3243	12257
33417	3247	11112
33418	3252	10133
33419	3253	5974
33420	3254	14828
33421	3256	3542
33422	1001	2708
33423	1001	4600
33424	1001	2533
33425	3267	7721
33426	3272	4723
33427	17	137
33428	3282	14463
33429	1005	1388
33430	480	11723
33431	3291	9305
33432	1006	1918
33433	3300	4506
33434	1008	14338
33435	29753	14608
33436	29589	3552
33437	29586	6463
33438	3313	6699
33439	3322	9451
33440	27405	24443
33441	3326	4429
33442	483	2647
33443	17	144
33444	27410	4624
33445	218	1354
33446	218	1317
33447	29587	27513
33448	27409	11359
33449	1014	3183
33450	3354	14484
33451	1015	1041
33452	3363	3385
33453	3365	3377
33454	3365	9486
33455	3365	6264
33456	3368	9321
33457	486	3415
33458	486	2121
33459	3370	5397
33460	218	3400
33461	3370	14296
33462	219	222
33463	486	2775
33464	29596	22623
33465	29597	1088
33466	3377	10143
33467	3378	13704
33468	29610	16826
33469	27422	452
33470	3389	3391
33471	3400	4403
33472	488	850
33473	3406	5295
33474	3407	9704
33475	489	4221
33476	29606	3004
33477	29604	3387
33478	3414	9280
33479	492	631
33480	495	4165
33481	3420	3463
33482	3420	3455
33483	3426	14760
33484	220	4187
33485	3442	9297
33486	29623	375
33487	1025	10376
33488	29612	5954
33489	3459	3460
33490	3459	4424
33491	3471	3474
33492	3470	3482
33493	29613	4000
33494	17	691
33495	3479	5666
33496	1028	1243
33497	3487	12336
33498	29617	7170
33499	3498	5861
33500	3494	4850
33501	3507	13825
33502	3508	6836
33503	3515	8440
33504	3519	3522
33505	29624	8947
33506	3494	3506
33507	3523	14032
33508	222	1530
33509	3525	10422
33510	3525	15097
33511	3528	14793
33512	29622	1996
33513	3547	8375
33514	3541	4966
33515	29629	5773
33516	222	4237
33517	501	2052
33518	3554	3576
33519	29626	12856
33520	3555	10601
33521	3555	6138
33522	29628	12753
33523	29631	2914
33524	17	788
33525	3559	3564
33526	3564	4728
33527	3574	4294
33528	3577	3586
33529	3577	7876
33530	1045	12121
33531	501	14734
33532	225	4691
33533	502	5271
33534	3594	9239
33535	502	9818
33536	3523	12899
33537	503	11599
33538	3610	5920
33539	3611	4291
33540	29633	5094
33541	3612	4639
33542	3613	3615
33543	3618	3622
33544	3621	7743
33545	3626	7395
33546	3626	4617
33547	3636	15783
33548	3632	4112
33549	27439	3553
33550	27439	3604
33551	29634	13674
33552	3639	7354
33553	3640	3903
33554	226	4171
33555	227	665
33556	29638	27004
33557	3646	5467
33558	1060	11827
33559	227	10997
33560	227	7981
33561	3650	9262
33562	29656	26102
33563	29642	11225
33564	65	3539
33565	3658	7706
33566	3664	12734
33567	1063	8732
33568	3669	5443
33569	3671	8221
33570	3656	3663
33571	29648	12479
33572	229	230
33573	230	3683
33574	1065	1494
33575	29649	5243
33576	27454	12260
33577	29651	26954
33578	29650	102
33579	3700	5852
33580	506	518
33581	29652	16181
33582	3710	9411
33583	1066	1638
33584	27451	4238
33585	3723	3729
33586	3733	8135
33587	3726	4395
33588	507	9373
33589	3750	12624
33590	29658	6881
33591	508	561
33592	132	10843
33593	1086	1089
33594	29663	3990
33595	3783	13870
33596	3784	3798
33597	3785	6616
33598	232	240
33599	3791	3862
33600	25984	629
33601	509	530
33602	3827	9092
33603	509	10298
33604	27512	368
33605	3852	5308
33606	509	6382
33607	29717	19863
33608	3863	14830
33609	29680	19384
33610	29104	10503
33611	3872	3875
33612	510	1403
33613	3879	15673
33614	1073	1940
33615	133	9230
33616	3876	3877
33617	29682	7655
33618	3885	13152
33619	3908	4741
33620	3911	3926
33621	510	8980
33622	3916	3922
33623	3927	6043
33624	3940	8985
33625	135	1590
33626	3947	13150
33627	3950	3953
33628	29684	1302
33629	3960	4012
33630	29689	7004
33631	3968	4120
33632	27471	3915
33633	139	198
33634	29685	14640
33635	3973	7781
33636	3977	8128
33637	3989	8624
33638	3993	4679
33639	3994	4001
33640	4003	4030
33641	4003	7716
33642	4006	8301
33643	4006	9521
33644	3979	15931
33645	4030	4848
33646	4035	7894
33647	4041	4468
33648	4044	13005
33649	4051	4112
33650	3978	3986
33651	1079	14763
33652	511	3009
33653	4060	4096
33654	29700	15633
33655	27	1377
33656	241	4564
33657	4090	4492
33658	4093	11555
33659	24997	4267
33660	4118	8097
33661	4119	4172
33662	4126	7738
33663	4127	5193
33664	4134	10982
33665	4140	6215
33666	4143	4145
33667	512	16158
33668	4167	5480
33669	27474	4160
33670	4174	4679
33671	4178	8213
33672	4181	7324
33673	4184	4968
33674	4184	8371
33675	4185	9559
33676	4188	4561
33677	4191	5294
33678	4192	4258
33679	4202	4205
33680	4213	4521
33681	4220	4594
33682	29710	16185
33683	4222	4372
33684	515	7160
33685	515	10624
33686	515	12148
33687	4221	4820
33688	4235	4258
33689	4236	4250
33690	4243	10752
33691	4254	9725
33692	29712	5592
33693	4271	4278
33694	4272	7714
33695	4274	9554
33696	4277	14893
33697	4279	5012
33698	29713	9687
33699	249	4378
33700	4299	9637
33701	4303	10189
33702	29721	4281
33703	135	10408
33704	29720	27219
33705	29736	1953
33706	4333	6482
33707	29726	1664
33708	4357	8737
33709	4464	4468
33710	4359	7404
33711	29725	1830
33712	29735	12
33713	4389	4607
33714	4395	16106
33715	519	751
33716	250	10083
33717	253	290
33718	29734	363
33719	4471	15983
33720	253	700
33721	4482	10253
33722	29737	20234
33723	4488	9916
33724	29745	10269
33725	4506	6161
33726	254	818
33727	27495	706
33728	29740	4693
33729	1110	10397
33730	1111	1139
33731	254	1318
33732	27494	11668
33733	4455	11668
33734	4548	4567
33735	29749	10124
33736	4566	7692
33737	4586	4913
33738	255	8861
33739	4588	14604
33740	29748	14300
33741	4616	4725
33742	4633	12606
33743	4636	7753
33744	4638	14899
33745	4639	4676
33746	256	1695
33747	4677	4683
33748	4676	10333
33749	4682	8265
33750	139	764
33751	4696	12951
33752	4705	4727
33753	29801	6471
33754	4717	5464
33755	4721	13216
33756	4723	8942
33757	257	1564
33758	17	9842
33759	529	614
33760	17	777
33761	1123	5201
33762	4773	7719
33763	258	2454
33764	4779	14366
33765	4780	9830
33766	4783	6427
33767	4793	4795
33768	258	3094
33769	4810	14306
33770	69	70
33771	4813	14272
33772	4824	9141
33773	4825	9320
33774	29758	27166
33775	4850	5205
33776	1130	9702
33777	259	10323
33778	4854	9828
33779	1130	6922
33780	29765	5169
33781	4871	4874
33782	4876	7543
33783	4877	7550
33784	29763	733
33785	29762	21777
33786	4890	13450
33787	4894	4910
33788	29770	1954
33789	4925	4969
33790	4927	4933
33791	29777	10031
33792	4934	4942
33793	4935	4939
33794	4943	4944
33795	4951	4982
33796	4953	5049
33797	29775	20232
33798	4966	5031
33799	29772	5120
33800	4988	8198
33801	5008	5046
33802	5013	6248
33803	5031	7437
33804	536	3800
33805	29776	10022
33806	261	3882
33807	69	3549
33808	69	2346
33809	5057	5061
33810	5060	15091
33811	5064	7256
33812	29803	6980
33813	5071	6738
33814	5079	7621
33815	29791	703
33816	5093	5722
33817	29778	10915
33818	5095	6264
33819	5095	6055
33820	5100	9134
33821	262	354
33822	5112	7371
33823	5118	8644
33824	5127	5130
33825	5133	5144
33826	29786	16849
33827	29783	8818
33828	29779	8851
33829	5157	17585
33830	5165	10849
33831	5184	10141
33832	5193	14052
33833	5208	5209
33834	5212	14881
33835	5227	16488
33836	29788	3300
33837	29784	20132
33838	5247	7507
33839	5264	5908
33840	20618	5463
33841	5269	9101
33842	29785	5662
33843	5271	6410
33844	5274	5284
33845	29792	20483
33846	5300	12608
33847	543	1124
33848	5325	7966
33849	5360	12965
33850	5360	13062
33851	5362	5775
33852	29795	11171
33853	29798	19232
33854	5387	5391
33855	5400	8452
33856	5403	10836
33857	5403	7828
33858	27550	6437
33859	5424	12681
33860	5429	6003
33861	5426	6062
33862	29804	8070
33863	5473	15983
33864	5475	12887
33865	5486	5666
33866	5487	7353
33867	5488	13642
33868	5450	8627
33869	5509	14927
33870	550	5013
33871	553	558
33872	5541	6628
33873	5557	15964
33874	5560	16583
33875	29824	7651
33876	5562	6357
33877	5571	11345
33878	5574	9484
33879	5580	9312
33880	1180	10276
33881	5587	10028
33882	29815	4243
33883	29813	14553
33884	1181	7754
33885	5604	10869
33886	29810	20473
33887	26062	7156
33888	29812	8458
33889	5634	12335
33890	5640	6607
33891	5640	9387
33892	29822	5651
33893	29816	13939
33894	29817	6902
33895	5689	5691
33896	5711	12381
33897	5716	6274
33898	5741	5760
33899	29836	6191
33900	29827	6003
33901	29826	25981
33902	558	950
33903	5773	12284
33904	5773	12296
33905	5782	6733
33906	5790	16591
33907	29830	5844
33908	5862	6300
33909	29849	6334
33910	29831	7154
33911	29832	24486
33912	5891	7736
33913	5897	9687
33914	5900	10195
33915	5909	5914
33916	5896	7214
33917	5931	5939
33918	5939	16281
33919	5941	11987
33920	5942	15397
33921	5945	8970
33922	5961	5968
33923	5966	7270
33924	5969	5970
33925	5972	6014
33926	5981	14201
33927	1202	3882
33928	5995	6553
33929	25040	12873
33930	29847	5914
33931	6017	11947
33932	6017	11315
33933	6054	8881
33934	144	1381
33935	6075	6494
33936	6071	8848
33937	29840	6137
33938	29845	636
33939	6121	14281
33940	29855	15116
33941	6132	10144
33942	6138	9850
33943	6132	14198
33944	6140	6143
33945	275	415
33946	1210	16246
33947	29883	18936
33948	6194	6199
33949	6213	9860
33950	6215	10017
33951	29853	15914
33952	6227	6800
33953	6234	9612
33954	29857	8427
33955	29854	13094
33956	6265	9015
33957	6269	12912
33958	6272	11942
33959	6273	13737
33960	21619	12009
33961	1218	7011
33962	6305	6307
33963	571	5475
33964	6319	16659
33965	6325	15691
33966	29858	27466
33967	6340	6594
33968	6341	10207
33969	26091	11169
33970	572	6099
33971	276	10624
33972	572	8803
33973	29871	327
33974	6421	10678
33975	29865	1729
33976	6502	8231
33977	6522	10910
33978	6524	9285
33979	6535	10129
33980	6562	14657
33981	29870	7279
33982	6582	12819
33983	6595	7316
33984	6597	10090
33985	1233	1574
33986	29873	1
33987	34	365
33988	6627	8615
33989	6633	6644
33990	29877	5861
33991	6674	10997
33992	6682	12665
33993	29880	15585
33994	6698	6761
33995	6701	14279
33996	6716	6724
33997	29900	13556
33998	6800	7295
33999	6800	13151
34000	28007	19683
34001	6862	6864
34002	6875	12481
34003	6892	8537
34004	6904	13905
34005	6910	8916
34006	1244	14910
34007	30159	18725
34008	6973	14856
34009	6977	14684
34010	6978	6979
34011	6982	16039
34012	6985	6986
34013	29889	1587
34014	6998	7062
34015	1250	9608
34016	7026	13275
34017	279	6736
34018	7039	16482
34019	7045	7144
34020	29893	12912
34021	7095	7096
34022	29892	14467
34023	7150	16222
34024	7152	16414
34025	7143	7147
34026	584	599
34027	7206	14209
34028	26114	8312
34029	7228	10071
34030	7229	14109
34031	7257	7415
34032	29899	153
34033	7267	7272
34034	586	4445
34035	7329	7347
34036	34	1517
34037	29897	15981
34038	7350	11271
34039	7356	7357
34040	26127	3068
34041	29901	14002
34042	35	40
34043	7431	8958
34044	7447	10333
34045	588	12739
34046	27639	22272
34047	7518	9285
34048	7539	7546
34049	7541	8251
34050	7561	11561
34051	7410	15002
34052	29916	10864
34053	7660	7662
34054	29915	12726
34055	7663	12986
34056	7678	7681
34057	7691	8268
34058	7694	8304
34059	1266	10736
34060	7701	9793
34061	1267	1504
34062	7715	10666
34063	7721	14642
34064	7729	10299
34065	7733	13689
34066	7633	9862
34067	7738	7817
34068	7764	7923
34069	7771	14562
34070	7773	9570
34071	7797	8003
34072	29927	10181
34073	7820	14530
34074	7844	9283
34075	7845	7849
34076	29926	11679
34077	7897	7912
34078	7921	11739
34079	1268	9650
34080	593	5673
34081	84	90
34082	7970	16310
34083	7997	7998
34084	8044	8053
34085	29930	11038
34086	8091	13072
34087	8077	16409
34088	8094	13069
34089	8102	8106
34090	8110	14769
34091	8124	13697
34092	8131	17238
34093	8144	15726
34094	29985	15211
34095	29944	307
34096	27688	9164
34097	8166	8169
34098	8251	12083
34099	29942	8432
34100	8264	13002
34101	8274	13181
34102	8285	8289
34103	8294	8295
34104	8315	14274
34105	8316	12199
34106	8325	15377
34107	8316	11622
34108	29946	322
34109	8357	14057
34110	8389	8390
34111	1303	7203
34112	8431	16230
34113	8433	13701
34114	25094	1560
34115	29948	15917
34116	8519	10484
34117	284	354
34118	8543	8544
34119	8557	16731
34120	8359	8963
34121	285	3189
34122	26145	3206
34123	599	4793
34124	599	12059
34125	8679	17495
34126	8696	8717
34127	1315	3675
34128	26160	13514
34129	8774	8777
34130	27680	15563
34131	8813	15720
34132	1318	2347
34133	8833	8834
34134	8833	9257
34135	8847	9875
34136	146	761
34137	8848	11913
34138	8850	12657
34139	285	5658
34140	8887	17478
34141	8931	16953
34142	605	1685
34143	9004	9018
34144	1321	12805
34145	8982	10532
34146	8994	9025
34147	29975	11740
34148	29970	8906
34149	9004	11820
34150	29976	12135
34151	605	3132
34152	9056	16160
34153	29977	11813
34154	9135	9140
34155	9181	9192
34156	9217	11537
34157	9283	9320
34158	9285	15514
34159	27683	3275
34160	9300	9302
34161	9321	13260
34162	9332	9344
34163	30018	17954
34164	9350	9447
34165	9354	9357
34166	9955	9958
34167	9374	9390
34168	9410	12735
34169	9419	17669
34170	9466	9467
34171	9470	15459
34172	9487	16973
34173	9501	9504
34174	9518	15871
34175	9522	15889
34176	29990	16379
34177	9528	15480
34178	29989	1455
34179	9563	14574
34180	9580	9581
34181	9583	9584
34182	29997	21435
34183	9592	10430
34184	9602	9651
34185	9658	16655
34186	1356	3366
34187	30002	9571
34188	9732	9736
34189	9744	15857
34190	30001	10350
34191	9765	9766
34192	9801	9802
34193	9804	9807
34194	9836	9839
34195	611	1052
34196	1359	13926
34197	9873	12895
34198	30004	20235
34199	9924	12153
34200	30005	21383
34201	9951	16852
34202	30025	245
34203	27718	19007
34204	27711	10667
34205	10050	10051
34206	10059	12449
34207	10081	10084
34208	10153	16855
34209	10155	10483
34210	10160	15648
34211	30013	19546
34212	10198	10199
34213	25124	9955
34214	30012	15783
34215	10239	10240
34216	10240	10548
34217	10299	11886
34218	10299	15519
34219	1371	10119
34220	10395	10400
34221	288	308
34222	10475	10476
34223	10496	14630
34224	10507	10510
34225	30024	21200
34226	30020	14973
34227	10667	10697
34228	10655	10656
34229	10659	10661
34230	10680	10684
34231	10697	12922
34232	10711	10717
34233	1376	1416
34234	10736	10772
34235	10755	16997
34236	10788	15448
34237	30021	14363
34238	10814	13743
34239	10842	10845
34240	10893	10894
34241	1377	1431
34242	10934	10935
34243	10939	10941
34244	10968	15680
34245	10971	13376
34246	30037	11023
34247	10996	10998
34248	10999	11001
34249	11018	11020
34250	11119	11122
34251	11125	11126
34252	11150	15231
34253	1377	2358
34254	11230	17216
34255	11231	11233
34256	11232	16341
34257	89	3862
34258	1378	3628
34259	1378	5059
34260	11307	11310
34261	11335	15312
34262	11338	14130
34263	11356	16917
34264	11363	11366
34265	30032	2872
34266	11250	11251
34267	11372	17660
34268	11372	14141
34269	11374	11375
34270	11378	11379
34271	11399	16962
34272	11482	11490
34273	11542	11543
34274	11544	14386
34275	11554	17870
34276	11596	17351
34277	11599	16825
34278	11610	11612
34279	11631	11637
34280	11649	11650
34281	27722	4152
34282	619	768
34283	11942	15521
34284	11966	12758
34285	30045	18045
34286	30044	11942
34287	12007	14152
34288	12016	12035
34289	12016	14093
34290	12023	16508
34291	30043	4260
34292	12059	16629
34293	12066	12076
34294	623	11068
34295	12129	12131
34296	12121	17673
34297	12218	12219
34298	30049	14180
34299	624	10349
34300	27733	5865
34301	12330	16797
34302	12390	12391
34303	30052	1180
34304	12419	12422
34305	12437	12440
34306	624	2925
34307	12450	12451
34308	12486	12493
34309	12513	12514
34310	12557	12572
34311	12577	17703
34312	12681	12722
34313	12658	12699
34314	12669	12670
34315	30067	16890
34316	12698	13777
34317	25149	19090
34318	30061	13682
34319	30057	14186
34320	12754	12755
34321	30060	98
34322	30063	16385
34323	12819	15234
34324	149	1685
34325	12906	13773
34326	12924	12925
34327	12934	12935
34328	12988	12989
34329	13033	13038
34330	13058	13060
34331	13118	13119
34332	13173	13175
34333	13183	13186
34334	13291	13301
34335	13327	13342
34336	30071	16817
34337	13472	13474
34338	13489	13949
34339	13549	13550
34340	13580	13582
34341	13601	13602
34342	13618	13619
34343	30126	16175
34344	13740	13741
34345	13778	13779
34346	13807	14055
34347	13836	13839
34348	13921	16930
34349	26203	5324
34350	30086	2961
34351	14087	14088
34352	14102	14104
34353	30088	18158
34354	14135	14136
34355	14169	14170
34356	14265	14266
34357	14288	17845
34358	14428	14429
34359	14430	14431
34360	14502	14506
34361	14509	14511
34362	30093	18348
34363	14670	14672
34364	14711	14713
34365	1387	3414
34366	14770	14771
34367	14786	15401
34368	14869	14871
34369	14889	14890
34370	15106	17680
34371	15108	15115
34372	15123	15124
34373	30104	1559
34374	15225	15229
34375	15242	15243
34376	30111	428
34377	15324	15325
34378	15352	15353
34379	15422	15425
34380	30116	17504
34381	15468	15469
34382	15487	15488
34383	15495	17486
34384	15502	15503
34385	15506	15507
34386	15533	15534
34387	15538	17568
34388	15624	15625
34389	15666	15667
34390	15704	15706
34391	15712	15713
34392	15716	15717
34393	15747	15748
34394	15788	15789
34395	15794	15797
34396	15828	15829
34397	15509	15510
34398	15896	15897
34399	15969	15971
34400	15982	15984
34401	16032	16035
34402	16134	16135
34403	16143	16144
34404	16170	17535
34405	16226	16229
34406	16252	16253
34407	16269	16272
34408	16265	16266
34409	16286	16289
34410	16331	16332
34411	30124	18023
34412	16354	16355
34413	16387	16390
34414	16412	16413
34415	16455	16456
34416	16479	16480
34417	16491	16492
34418	16520	16522
34419	16535	16536
34420	16634	16635
34421	16579	16581
34422	16594	16595
34423	16596	16597
34424	16615	16616
34425	16627	16628
34426	16621	16622
34427	16610	16611
34428	16677	16678
34429	16680	16681
34430	16682	16683
34431	16689	16690
34432	16699	16700
34433	16815	16822
34434	633	8155
34435	16937	16938
34436	16897	16900
34437	16939	16940
34438	16981	16982
34439	17001	17002
34440	17027	17029
34441	17063	17064
34442	17074	17695
34443	17080	17081
34444	17089	17090
34445	17109	17110
34446	17119	17125
34447	17204	17206
34448	17209	17210
34449	17225	17699
34450	30131	17766
34451	17259	17260
34452	17274	17278
34453	17309	17310
34454	17336	17509
34455	17359	17360
34456	17381	17384
34457	17386	17387
34458	17393	17395
34459	17397	17398
34460	30135	18223
34461	17269	17270
34462	30136	17625
34463	17427	17430
34464	17440	17441
34465	17452	17453
34466	17454	17457
34467	17461	17462
34468	17463	17464
34469	17468	17470
34470	17558	17560
34471	17531	17860
34472	17412	17414
34473	17582	17583
34474	17587	17588
34475	17617	17619
34476	17650	17652
34477	17637	17640
34478	17657	17658
34479	17719	17721
34480	17806	17809
34481	17793	17794
34482	17810	17812
34483	17857	17859
34484	17867	17868
34485	17893	17895
34486	17597	17598
34487	17925	17927
34488	17932	17934
34489	17950	17951
34490	17958	17959
34491	17985	17986
34492	18011	18042
34493	18013	18016
34494	18021	18025
34495	17967	17969
34496	18065	18067
34497	18080	18082
34498	18061	18062
34499	18087	18093
34500	18110	18111
34501	18090	18091
34502	18135	18137
34503	18152	18154
34504	18531	18533
34505	18122	18124
34506	18162	18163
34507	18172	18292
34508	18174	18175
34509	18191	18192
34510	18195	18197
34511	18195	18199
34512	18219	18221
34513	18234	18237
34514	18253	18254
34515	18304	18306
34516	18312	18314
34517	18321	18322
34518	18339	18340
34519	18351	18352
34520	18367	18369
34521	18419	18421
34522	18459	18461
34523	18489	18491
34524	18505	18507
34525	18511	18513
34526	18517	18519
34527	18521	18523
34528	30153	18166
34529	18546	18548
34530	18561	18562
34531	18566	18568
34532	30158	18640
34533	18576	18577
34534	18599	18601
34535	18571	18572
34536	18646	18648
34537	18654	18656
34538	18772	517
34539	18694	18696
34540	18702	18704
34541	18740	18742
34542	1391	6483
34543	18775	2959
34544	18	21
34545	636	2723
34546	1400	2536
34547	1402	2217
34548	18779	772
34549	150	1649
34550	1403	8993
34551	1408	8947
34552	1410	2798
34553	18785	497
34554	151	1460
34555	1412	11183
34556	652	3661
34557	299	1568
34558	18790	5095
34559	1416	1460
34560	1414	1569
34561	30167	19673
34562	1428	1597
34563	18800	1191
34564	18801	2346
34565	30174	24863
34566	30173	2439
34567	1435	1449
34568	30179	2161
34569	1444	5449
34570	1453	1466
34571	18820	2101
34572	310	8467
34573	18828	842
34574	30181	750
34575	18836	1233
34576	317	2633
34577	317	3654
34578	317	1877
34579	37	16703
34580	18841	801
34581	1472	10268
34582	38	385
34583	679	783
34584	30191	8803
34585	1477	4823
34586	679	1413
34587	30209	6289
34588	1494	6563
34589	1497	3774
34590	322	9133
34591	18869	11106
34592	1529	1585
34593	1536	3100
34594	27816	20938
34595	18879	1370
34596	18881	165
34597	18881	3364
34598	1545	2667
34599	327	764
34600	1557	2348
34601	100	355
34602	1564	1987
34603	327	964
34604	18921	851
34605	18922	1377
34606	18922	5180
34607	18929	18904
34608	1567	12387
34609	693	4816
34610	18951	10295
34611	12	423
34612	18957	679
34613	696	1388
34614	18965	2923
34615	331	3139
34616	18970	18773
34617	697	834
34618	331	4197
34619	18983	2817
34620	697	4333
34621	18992	2065
34622	30236	27164
34623	27832	997
34624	18967	3295
34625	1610	3879
34626	1613	8755
34627	19063	15204
34628	19090	727
34629	30245	19237
34630	1641	8467
34631	344	1727
34632	344	6527
34633	709	1392
34634	1657	1683
34635	19168	1387
34636	19171	3420
34637	713	2205
34638	27842	26202
34639	19190	429
34640	19190	740
34641	19193	5257
34642	19215	4946
34643	19212	19041
34644	1684	9628
34645	19218	4616
34646	19233	1253
34647	40	1747
34648	1701	1708
34649	30269	8617
34650	1707	2042
34651	1722	1723
34652	19263	10012
34653	19280	8711
34654	1732	2215
34655	19309	1810
34656	19328	6284
34657	27855	6186
34658	19343	1840
34659	19343	19109
34660	1745	4466
34661	19212	5545
34662	723	6800
34663	19371	1456
34664	19372	4279
34665	1753	4213
34666	19375	4474
34667	19363	9064
34668	1767	1768
34669	30290	408
34670	27859	4858
34671	728	1447
34672	728	1379
34673	27861	20561
34674	28009	3307
34675	1791	3285
34676	1800	2566
34677	360	1196
34678	1814	3239
34679	19566	711
34680	19590	158
34681	19625	18993
34682	19634	1547
34683	27881	4813
34684	1854	2711
34685	19676	2609
34686	164	7418
34687	19705	2787
34688	19764	9279
34689	747	796
34690	19909	18973
34691	19925	4169
34692	43	1332
34693	19999	201
34694	20018	612
34695	20028	5848
34696	27939	1971
34697	26332	5485
34698	20122	18861
34699	30343	27015
34700	20180	1456
34701	20201	241
34702	30350	27329
34703	1988	1990
34704	20384	1602
34705	2004	2010
34706	20503	293
34707	20617	1173
34708	20744	5025
34709	27951	18830
34710	30394	27040
