75879	14	530
75880	363	1867
75881	230	529
75882	14	132
75883	30	150
75884	323	2510
75885	23	157
75886	185	542
75887	124	2137
75888	40	114
75889	529	4971
75890	24	220
75891	1016	1677
75892	36	292
75893	1937	4971
75894	75879	132
75895	27	763
75896	14	363
75897	186	294
75898	31	1530
75899	335	1960
75900	26	70
75901	8	99
75902	73	140
75903	200	208
75904	75881	1961
75905	2776	4953
75906	86	205
75907	2870	10656
75908	489	600
75909	210	371
75910	14	323
75911	0	155
75912	154	174
75913	492	540
75914	121	204
75915	131	185
75916	77	153
75917	173	374
75918	98	137
75919	380	734
75920	60	2136
75921	14	230
75922	15	344
75923	115	362
75924	301	2924
75925	23	363
75926	75880	23
75927	75883	68
75928	96	349
75929	61	123
75930	55	1783
75931	487	615
75932	101	2776
75933	565	629
75934	216	347
75935	323	717
75936	4955	17418
75937	1896	2743
75938	165	275
75939	185	563
75940	703	711
75941	357	434
75942	6093	6484
75943	277	1139
75944	47	89
75945	946	2063
75946	231	566
75947	6051	9785
75948	14	1867
75949	7631	15517
75950	57	213
75951	140	1051
75952	18	763
75953	36	114
75954	1677	1679
75955	4275	4971
75956	1475	2510
75957	81	103
75958	183	519
75959	6477	6480
75960	220	286
75961	269	2158
75962	287	456
75963	146	158
75964	279	787
75965	108	124
75966	226	488
75967	302	316
75968	522	1972
75969	478	1134
75970	42	267
75971	75884	717
75972	113	276
75973	132	530
75974	40	2776
75975	4948	6397
75976	7729	13380
75977	75885	97
75978	75942	6481
75979	25	100
75980	14	2137
75981	9101	12881
75982	230	2137
75983	141	296
75984	2252	17027
75985	2902	3251
75986	640	795
75987	62	67
75988	75901	46
75989	149	1091
75990	6138	8611
75991	8491	8499
75992	44	79
75993	2646	3256
75994	364	1634
75995	157	363
75996	4871	16364
75997	186	2868
75998	496	1143
75999	75881	4971
76000	144	368
76001	35	2742
76002	622	1981
76003	163	372
76004	3037	3486
76005	119	223
76006	6483	12601
76007	75886	131
76008	231	1949
76009	21	1244
76010	181	303
76011	75898	193
76012	713	848
76013	3489	3503
76014	5759	8925
76015	3245	6184
76016	171	417
76017	170	199
76018	652	653
76019	344	678
76020	3264	4020
76021	75880	1014
76022	1170	2157
76023	27	352
76024	3010	3045
76025	75895	18
76026	120	1525
76027	124	230
76028	7	22
76029	5157	6082
76030	2098	17018
76031	407	630
76032	2968	3007
76033	75981	18138
76034	75990	2219
76035	92	143
76036	0	30
76037	2023	2130
76038	2122	2977
76039	40	3230
76040	503	1542
76041	201	338
76042	39	152
76043	1677	1867
76044	72	161
76045	36	73
76046	45	273
76047	943	945
76048	6476	6479
76049	4853	7527
76050	547	2469
76051	75978	75959
76052	2	20
76053	173	322
76054	14986	18826
76055	496	701
76056	536	631
76057	185	540
76058	292	422
76059	75887	108
76060	75890	286
76061	75908	1960
76062	243	722
76063	6133	12732
76064	51	112
76065	121	746
76066	647	1161
76067	646	1178
76068	2743	4276
76069	363	1677
76070	363	1016
76071	183	323
76072	6139	13283
76073	2645	2902
76074	75	421
76075	5953	7225
76076	75879	1051
76077	14	114
76078	1606	8612
76079	15982	20273
76080	40	140
76081	5370	6135
76082	6478	17035
76083	1144	1168
76084	24933	31963
76085	529	1961
76086	557	1182
76087	116	1069
76088	275	500
76089	636	924
76090	1176	1185
76091	24	174
76092	512	541
76093	220	2510
76094	76033	12470
76095	84	626
76096	75899	1141
76097	568	1454
76098	160	190
76099	4345	12273
76100	8510	13032
76101	75897	2868
76102	75892	422
76103	30	155
76104	274	526
76105	735	1177
76106	1016	1867
76107	372	507
76108	1137	4495
76109	6681	8413
76110	11777	16995
76111	509	659
76112	75909	425
76113	59	136
76114	29	159
76115	2104	2509
76116	2075	2167
76117	137	1174
76118	4125	8491
76119	75923	1015
76120	252	920
76121	323	530
76122	2776	3230
76123	14	124
76124	4975	9458
76125	7942	10652
76126	481	3594
76127	55	1148
76128	76020	4395
76129	247	249
76130	2343	16313
76131	6	176
76132	3997	4960
76133	4311	7631
76134	4955	8354
76135	185	1960
76136	121	711
76137	2087	2125
76138	1948	7523
76139	230	1961
76140	2477	2649
76141	2609	4388
76142	380	643
76143	75996	18150
76144	14	40
76145	76013	7221
76146	2003	2127
76147	132	2776
76148	149	233
76149	6233	13279
76150	5145	8336
76151	75905	8496
76152	2743	4953
76153	147	299
76154	24	154
76155	492	1896
76156	205	210
76157	204	746
76158	24726	24932
76159	2114	4988
76160	141	165
76161	317	1116
76162	2719	2999
76163	0	150
76164	75882	114
76165	76034	8609
76166	268	766
76167	122	2600
76168	62	609
76169	1139	2646
76170	75880	157
76171	75889	8885
76172	530	2137
76173	76079	20281
76174	559	2039
76175	231	1051
76176	1844	12741
76177	362	1530
76178	2174	5774
76179	140	2185
76180	321	5718
76181	1077	1383
76182	957	2537
76183	3104	4131
76184	171	430
76185	4117	4971
76186	4615	5852
76187	1484	2001
76188	491	992
76189	8	46
76190	540	734
76191	76015	3483
76192	4685	12480
76193	420	2418
76194	490	743
76195	100	106
76196	12598	12612
76197	24727	31941
76198	16999	18108
76199	27	715
76200	2130	3526
76201	2098	16311
76202	563	2136
76203	3225	6144
76204	45	185
76205	453	3020
76206	8360	8886
76207	10670	18134
76208	199	335
76209	10672	11540
76210	1283	1770
76211	20746	21316
76212	14	140
76213	75934	134
76214	75920	563
76215	2011	9610
76216	389	464
76217	4915	6591
76218	183	220
76219	1198	9450
76220	76110	22133
76221	334	697
76222	2532	3318
76223	41	75
76224	363	1244
76225	3759	21531
76226	1156	12326
76227	1145	1941
76228	11365	11367
76229	75903	187
76230	1530	1601
76231	76094	12611
76232	9	2426
76233	777	2003
76234	290	773
76235	2902	4136
76236	3030	3725
76237	74	1226
76238	3247	15517
76239	98	198
76240	1154	12582
76241	7296	7301
76242	8432	15022
76243	13384	13385
76244	1428	1437
76245	213	295
76246	76006	12597
76247	76084	32083
76248	60	563
76249	690	2133
76250	703	2511
76251	292	2510
76252	144	202
76253	317	594
76254	893	1679
76255	160	714
76256	4182	4189
76257	6142	9467
76258	1384	3853
76259	489	1960
76260	103	150
76261	75904	75894
76262	75888	615
76263	75900	118
76264	75919	922
76265	62	2668
76266	76178	2175
76267	1783	1789
76268	1937	4955
76269	287	2660
76270	32	1720
76271	73	1051
76272	746	945
76273	2645	3477
76274	2672	3444
76275	2743	8497
76276	3034	3408
76277	479	666
76278	286	1144
76279	75933	548
76280	108	2137
76281	76128	76072
76282	76054	11538
76283	75879	323
76284	1704	2745
76285	269	487
76286	59	1050
76287	131	542
76288	70	338
76289	311	353
76290	163	1942
76291	3726	3765
76292	86	706
76293	31961	31962
76294	75917	725
76295	566	1134
76296	30	276
76297	647	2515
76298	282	366
76299	3519	20798
76300	40	4276
76301	1014	1601
76302	81	232
76303	5867	11821
76304	1170	3003
76305	475	1157
76306	12994	12995
76307	11815	18136
76308	1365	2656
76309	51	649
76310	109	2787
76311	75914	99
76312	75884	1475
76313	75928	219
76314	75931	3802
76315	123	205
76316	1981	2999
76317	75893	4955
76318	129	1174
76319	272	301
76320	2693	3069
76321	0	1634
76322	3766	3769
76323	4125	8499
76324	186	277
76325	7758	11366
76326	183	2510
76327	417	806
76328	54	709
76329	75936	8354
76330	220	519
76331	76081	7752
76332	2253	12617
76333	296	622
76334	2712	13017
76335	363	763
76336	3371	7621
76337	79	140
76338	352	715
76339	1016	1679
76340	401	842
76341	5940	13378
76342	14	231
76343	7047	14744
76344	8491	8918
76345	483	2874
76346	216	267
76347	75882	1198
76348	75913	4813
76349	76011	212
76350	76158	24925
76351	567	569
76352	114	1590
76353	1901	2418
76354	238	388
76355	1961	4132
76356	283	288
76357	138	3445
76358	1018	1486
76359	165	2158
76360	23	144
76361	2122	3256
76362	177	784
76363	6162	6482
76364	6486	28293
76365	24	934
76366	6487	10884
76367	489	1466
76368	500	601
76369	14	185
76370	1478	3001
76371	75907	10255
76372	75883	0
76373	76026	3326
76374	15	371
76375	561	954
76376	76266	1573
76377	30	174
76378	3540	10863
76379	40	1139
76380	85	104
76381	173	303
76382	23	1867
76383	419	1138
76384	89	204
76385	94	370
76386	16245	16246
76387	17251	19124
76388	75879	231
76389	75885	75880
76390	211	364
76391	529	3318
76392	75927	75911
76393	76228	11371
76394	119	2502
76395	609	2509
76396	9	717
76397	661	1764
76398	137	1530
76399	694	737
76400	3715	3756
76401	41	316
76402	407	1831
76403	1115	4276
76404	430	519
76405	422	2884
76406	188	235
76407	189	292
76408	8564	17495
76409	478	3598
76410	480	1172
76411	49	121
76412	11348	16733
76413	1463	1466
76414	530	4960
76415	126	598
76416	76149	2957
76417	76130	7617
76418	1613	12462
76419	230	14852
76420	600	1960
76421	273	522
76422	652	1201
76423	283	368
76424	2150	2189
76425	64	206
76426	36	3067
76427	799	2609
76428	702	1470
76429	3316	12996
76430	3259	4388
76431	3453	17022
76432	170	2696
76433	4953	4988
76434	14	8499
76435	6860	6869
76436	7731	10426
76437	7738	7740
76438	481	2916
76439	9161	20455
76440	9458	9462
76441	492	564
76442	19577	24734
76443	26	96
76444	210	638
76445	534	558
76446	75961	329
76447	75950	75906
76448	75984	11522
76449	76192	76048
76450	115	1841
76451	618	2081
76452	629	1827
76453	1992	3473
76454	1986	7743
76455	2135	4360
76456	70	157
76457	289	2451
76458	2706	3233
76459	957	2666
76460	3637	4142
76461	3648	11643
76462	372	3802
76463	42	347
76464	45	540
76465	1161	3826
76466	6937	8789
76467	14	1677
76468	10658	13653
76469	515	2676
76470	1426	3992
76471	1473	3669
76472	226	2104
76473	76209	7961
76474	1677	4668
76475	76325	76256
76476	1867	2776
76477	15	176
76478	1949	1961
76479	703	735
76480	141	322
76481	73	183
76482	152	153
76483	155	423
76484	161	2600
76485	1051	8813
76486	1082	3997
76487	5948	7223
76488	1155	2493
76489	1165	3544
76490	193	1561
76491	12609	12610
76492	507	1014
76493	518	1318
76494	1458	1814
76495	53	177
76496	530	1896
76497	536	2675
76498	220	709
76499	219	223
76500	76004	1472
76501	1548	5964
76502	76024	2416
76503	27	357
76504	76198	13631
76505	76211	23029
76506	478	2672
76507	76082	12604
76508	611	3590
76509	614	2202
76510	255	266
76511	2108	6083
76512	132	2137
76513	301	2660
76514	68	150
76515	2702	13016
76516	334	615
76517	3465	16705
76518	3486	5950
76519	3506	12275
76520	1038	1053
76521	4116	13377
76522	88	181
76523	92	202
76524	1145	2600
76525	6174	23734
76526	7729	11647
76527	50	609
76528	494	3515
76529	502	1140
76530	21839	21842
76531	1437	2494
76532	535	3104
76533	75949	4311
76534	75986	3592
76535	55	124
76536	231	2125
76537	60	185
76538	1961	2136
76539	1967	2130
76540	131	1139
76541	683	2426
76542	286	294
76543	2205	4262
76544	67	358
76545	2868	3595
76546	2960	5911
76547	353	787
76548	156	290
76549	39	44
76550	40	2646
76551	363	568
76552	163	955
76553	374	1379
76554	1089	2471
76555	417	650
76556	4971	9751
76557	6460	8536
76558	7255	7258
76559	49	199
76560	12472	12477
76561	201	208
76562	25	291
76563	22375	28174
76564	530	1867
76565	75891	1679
76566	75904	2136
76567	75912	467
76568	1525	1637
76569	75976	11647
76570	75988	75972
76571	76087	428
76572	559	2875
76573	563	3618
76574	1628	1650
76575	1677	2776
76576	76281	4023
76577	76306	12990
76578	76386	16244
76579	576	697
76580	121	468
76581	1937	8918
76582	16	154
76583	31	362
76584	132	489
76585	2166	4082
76586	2170	3247
76587	10	439
76588	711	746
76589	751	2078
76590	316	2100
76591	325	631
76592	73	2510
76593	151	443
76594	3321	4119
76595	4117	9448
76596	4341	5916
76597	174	335
76598	173	763
76599	1134	1825
76600	1205	1521
76601	12495	16218
76602	13203	13236
76603	519	2001
76604	24921	24928
76605	75887	1143
76606	75883	276
76607	1478	7531
76608	107	1382
76609	75916	782
76610	75924	1226
76611	544	1944
76612	76376	12993
76613	76109	2993
76614	76067	1572
76615	561	1129
76616	227	1018
76617	566	992
76618	230	8499
76619	76334	9183
76620	76393	11361
76621	231	1116
76622	233	1783
76623	616	743
76624	640	2924
76625	130	380
76626	690	709
76627	65	162
76628	2216	7747
76629	299	5428
76630	140	6475
76631	755	2515
76632	321	4136
76633	323	1051
76634	2871	5103
76635	3035	3396
76636	914	3106
76637	160	280
76638	363	366
76639	81	3007
76640	165	185
76641	23	42
76642	4921	12940
76643	4953	15517
76644	420	1062
76645	5170	9254
76646	6334	21593
76647	6894	16243
76648	192	203
76649	45	2135
76650	9474	22076
76651	99	100
76652	100	142
76653	13275	17429
76654	101	706
76655	492	2645
76656	18118	24702
76657	19521	20571
76658	33666	33667
76659	75886	357
76660	54	649
76661	75944	93
76662	75922	678
76663	76030	3504
76664	1619	1620
76665	114	529
76666	76387	30026
76667	237	1928
76668	1963	7730
76669	61	303
76670	269	277
76671	126	275
76672	668	1057
76673	17	526
76674	6	190
76675	296	344
76676	2648	4379
76677	2696	3537
76678	36	185
76679	329	2158
76680	3250	3719
76681	359	1047
76682	962	1016
76683	3576	4031
76684	3514	4886
76685	364	2743
76686	22	213
76687	4125	4131
76688	4208	26230
76689	23	70
76690	86	3230
76691	1108	1141
76692	4854	5942
76693	14	2776
76694	421	653
76695	5421	10909
76696	183	717
76697	5195	18665
76698	435	636
76699	466	806
76700	24	1051
76701	1173	5888
76702	1186	1437
76703	97	103
76704	8496	11654
76705	198	430
76706	487	842
76707	11537	15970
76708	21927	30172
76709	27702	27703
76710	26	1244
76711	1470	2601
76712	75888	2646
76713	75890	154
76714	13380	17418
76715	564	2518
76716	76108	12607
76717	76133	15558
76718	76203	76078
76719	563	1949
76720	230	1960
76721	76247	24733
76722	76307	76231
76723	116	2741
76724	601	4495
76725	1896	13032
76726	1961	2137
76727	267	347
76728	271	924
76729	31	176
76730	663	2515
76731	2122	2136
76732	664	1110
76733	665	938
76734	2200	3594
76735	136	962
76736	300	1675
76737	2519	2533
76738	306	656
76739	149	693
76740	345	371
76741	77	292
76742	3269	3744
76743	3308	3332
76744	3717	3762
76745	374	434
76746	4076	4960
76747	4669	9603
76748	174	746
76749	1118	6273
76750	8	363
76751	88	507
76752	1139	1145
76753	44	787
76754	1143	1438
76755	45	3104
76756	186	490
76757	475	1144
76758	8510	8889
76759	484	498
76760	489	1442
76761	12997	13000
76762	12128	12330
76763	20300	34813
76764	1474	5943
76765	75898	228
76766	75900	1
76767	75880	1016
76768	1492	2497
76769	109	338
76770	76022	6150
76771	547	751
76772	76023	715
76773	1612	1704
76774	76242	15721
76775	229	7049
76776	76418	3091
76777	76525	20973
76778	115	1416
76779	594	3251
76780	76293	31969
76781	1783	2119
76782	602	2517
76783	628	721
76784	2130	2277
76785	2170	7220
76786	2198	5758
76787	134	216
76788	2226	8905
76789	33	47
76790	2503	5158
76791	315	1752
76792	2729	12825
76793	75	1227
76794	159	725
76795	916	1002
76796	21	413
76797	321	1972
76798	920	3923
76799	3451	6590
76800	1051	1112
76801	40	1867
76802	989	4513
76803	79	1758
76804	934	1132
76805	3866	29868
76806	170	372
76807	0	14
76808	76658	33668
76809	4988	8497
76810	124	231
76811	1174	2678
76812	1179	1428
76813	24	199
76814	480	601
76815	479	630
76816	197	360
76817	11707	11823
76818	12600	18139
76819	103	2237
76820	205	568
76821	20897	21579
76822	208	425
76823	61716	61717
76824	75881	3318
76825	75892	1168
76826	530	2902
76827	220	4948
76828	1590	1778
76829	76207	18133
76830	1642	2001
76831	114	631
76832	76322	76291
76833	76429	5938
76834	76475	11368
76835	76500	11057
76836	250	1519
76837	4	253
76838	617	1942
76839	30	36
76840	124	530
76841	62	191
76842	2071	4775
76843	658	1214
76844	2081	2085
76845	275	609
76846	2104	4076
76847	2146	3228
76848	286	536
76849	2249	3744
76850	2291	17617
76851	2256	2975
76852	2554	10320
76853	2633	2640
76854	144	301
76855	777	1677
76856	72	3134
76857	3000	7222
76858	40	141
76859	3464	4276
76860	3539	12758
76861	364	2999
76862	161	187
76863	165	277
76864	1081	4347
76865	1077	3618
76866	4392	15974
76867	173	526
76868	33665	43413
76869	173	323
76870	5102	17434
76871	183	201
76872	1149	1635
76873	185	2418
76874	1169	2511
76875	186	230
76876	7745	17605
76877	8363	9155
76878	190	806
76879	475	2955
76880	8489	19075
76881	8499	13382
76882	8597	12747
76883	9458	13380
76884	487	614
76885	10078	23496
76886	489	1154
76887	15516	15531
76888	10743	25089
76889	12864	13491
76890	50	650
76891	202	296
76892	506	711
76893	17887	21733
76894	512	566
76895	511	1463
76896	208	1010
76897	75925	1244
76898	1466	1896
76899	75886	2649
76900	75884	2426
76901	212	285
76902	213	433
76903	540	729
76904	15	649
76905	27	34
76906	76037	1967
76907	228	1565
76908	1646	7246
76909	76299	6883
76910	76270	1527
76911	231	1134
76912	598	20279
76913	59	945
76914	1841	3325
76915	122	2495
76916	636	3607
76917	1968	4110
76918	30	140
76919	1995	12606
76920	1937	8884
76921	641	714
76922	126	1135
76923	276	283
76924	279	653
76925	280	337
76926	64	74
76927	692	2837
76928	703	1141
76929	698	2684
76930	2416	3511
76931	303	323
76932	144	152
76933	766	790
76934	2703	9384
76935	36	131
76936	73	4960
76937	335	746
76938	3263	13357
76939	75	3230
76940	945	1420
76941	357	866
76942	3499	13492
76943	3598	17128
76944	1014	3879
76945	3243	9409
76946	371	2426
76947	1107	2999
76948	4818	12829
76949	97	292
76950	417	2787
76951	4955	8918
76952	5144	8918
76953	5957	12487
76954	183	4971
76955	6322	9376
76956	14	567
76957	467	639
76958	1198	8605
76959	7981	11541
76960	8489	8533
76961	1241	4250
76962	11520	18137
76963	10912	20623
76964	12616	14658
76965	15132	15789
76966	23533	43426
76967	33733	40181
76968	75929	189
76969	75880	1677
76970	75888	1139
76971	1480	3444
76972	75968	1078
76973	76014	11854
76974	76075	1682
76975	1601	2776
76976	226	1082
76977	76241	2788
76978	76124	2139
76979	76129	832
76980	1613	13421
76981	76225	3767
76982	76331	76257
76983	76602	20360
76984	615	2173
76985	252	322
76986	254	972
76987	1952	4134
76988	1954	15977
76989	1992	2125
76990	647	2510
76991	273	1413
76992	2127	3181
76993	62	150
76994	132	1442
76995	696	1781
76996	2227	3783
76997	717	8982
76998	735	1208
76999	2532	4390
77000	70	118
77001	763	955
77002	768	787
77003	322	2609
77004	2993	8414
77005	2897	7238
77006	158	160
77007	3426	21890
77008	957	11824
77009	156	843
77010	22	349
77011	344	2678
77012	3595	7617
77013	3595	4999
77014	367	396
77015	81	1454
77016	3897	4218
77017	41	71
77018	411	3066
77019	4814	5291
77020	415	627
77021	24	1132
77022	5219	20452
77023	181	380
77024	1164	8682
77025	1171	3718
77026	186	2127
77027	1180	1974
77028	7023	7030
77029	7985	18127
77030	8522	22531
77031	481	2623
77032	9073	11596
77033	9717	12180
77034	9467	17608
77035	1174	2643
77036	1272	6021
77037	11525	11837
77038	12654	12655
77039	12473	20748
77040	12522	17712
77041	201	2420
77042	25	123
77043	1365	4275
77044	497	3669
77045	498	2735
77046	512	1961
77047	75879	142
77048	75881	1949
77049	75882	1783
77050	75896	23
77051	75899	704
77052	75895	29
77053	1484	2666
77054	530	1051
77055	75905	2743
77056	1517	4422
77057	75957	116
77058	55	174
77059	519	3177
77060	1617	6060
77061	226	1437
77062	76226	5264
77063	76378	9289
77064	567	578
77065	616	1972
77066	76416	76165
77067	76442	22195
77068	76515	12350
77069	76558	7222
77070	76697	23956
77071	76763	76364
77072	76868	76808
77073	76966	43425
77074	76967	40200
77075	1816	4136
77076	76400	21841
77077	76805	16391
77078	618	2075
77079	124	294
77080	632	1634
77081	1980	1981
77082	270	2632
77083	2011	2906
77084	62	1144
77085	2114	4953
77086	659	734
77087	2095	2810
77088	2082	8496
77089	282	518
77090	701	3538
77091	67	1758
77092	691	1128
77093	2252	11522
77094	136	479
77095	697	2158
77096	717	1590
77097	715	2100
77098	2422	2682
77099	727	752
77100	138	3054
77101	69	98
77102	2550	4380
77103	36	717
77104	2717	2891
77105	317	2519
77106	146	222
77107	326	673
77108	151	169
77109	154	220
77110	3407	12680
77111	158	938
77112	955	992
77113	3594	4394
77114	3598	4120
77115	1019	1420
77116	3718	12826
77117	4076	4988
77118	371	1040
77119	372	2571
77120	3983	6090
77121	171	387
77122	41	288
77123	4425	7602
77124	86	1495
77125	405	1010
77126	1116	4557
77127	1129	1752
77128	88	204
77129	430	534
77130	185	630
77131	6463	11819
77132	6547	10380
77133	461	491
77134	1198	2720
77135	7805	32478
77136	1184	11824
77137	14	220
77138	1177	2600
77139	14	183
77140	478	2137
77141	8815	8978
77142	194	939
77143	99	417
77144	11056	12448
77145	11810	12605
77146	100	1103
77147	494	1819
77148	496	2908
77149	25	64
77150	50	683
77151	15772	19501
77152	16760	29192
77153	17810	19251
77154	21761	28489
77155	511	2868
77156	516	2041
77157	75882	483
77158	75889	1937
77159	75894	612
77160	75921	2137
77161	75962	75913
77162	1530	1704
77163	546	2172
77164	76051	12882
77165	548	629
77166	27	368
77167	76120	2587
77168	1624	4705
77169	229	2603
77170	1623	6050
77171	76604	76350
77172	230	530
77173	1679	1867
77174	1704	1999
77175	76577	6290
77176	76620	11358
77177	76645	5171
77178	76709	4817
77179	595	718
77180	1812	2662
77181	121	3245
77182	30	1014
77183	637	651
77184	271	547
77185	126	647
77186	650	1778
77187	2085	2687
77188	9	1155
77189	31	938
77190	131	294
77191	2136	2660
77192	132	1960
77193	285	382
77194	694	751
77195	2181	11244
77196	709	1161
77197	2418	2647
77198	301	664
77199	2494	3979
77200	2537	9409
77201	2542	11150
77202	743	2109
77203	304	550
77204	303	380
77205	316	715
77206	145	426
77207	2803	8338
77208	323	363
77209	323	2426
77210	802	5126
77211	148	541
77212	334	611
77213	149	663
77214	847	1227
77215	3247	16097
77216	39	784
77217	77	274
77218	3493	7749
77219	3489	17018
77220	40	1040
77221	362	3067
77222	974	1351
77223	358	440
77224	1016	9680
77225	3823	3959
77226	1036	1219
77227	167	536
77228	4186	9662
77229	4225	5702
77230	7	97
77231	1082	6591
77232	42	79
77233	1109	2123
77234	1116	3951
77235	1134	1172
77236	87	1875
77237	5430	30896
77238	92	335
77239	5953	11812
77240	6079	9978
77241	443	812
77242	6230	7942
77243	6405	8532
77244	94	96
77245	8239	15532
77246	475	2106
77247	8633	9666
77248	9449	15523
77249	9486	17915
77250	487	4388
77251	10425	11811
77252	11524	17087
77253	12986	16671
77254	496	3001
77255	500	2532
77256	16798	18457
77257	502	769
77258	20303	31821
77259	22090	22092
77260	24920	24930
77261	517	2468
77262	210	643
77263	26	33
77264	75879	2875
77265	75893	16544
77266	75926	75891
77267	75918	232
77268	535	2600
77269	75939	75920
77270	75971	1475
77271	75967	1626
77272	75994	3040
77273	76018	1201
77274	75943	75888
77275	76761	12988
77276	1567	1700
77277	1582	1601
77278	76061	2289
77279	76046	1413
77280	561	6913
77281	76249	2638
77282	76191	75975
77283	76243	22342
77284	0	157
77285	76246	5362
77286	114	717
77287	231	1961
77288	569	2003
77289	576	2469
77290	76563	33669
77291	76501	7040
77292	1748	1987
77293	76635	11227
77294	76666	17120
77295	76850	18350
77296	76907	6904
77297	77074	40175
77298	76792	76619
77299	1844	3483
77300	1901	12970
77301	1948	8499
77302	267	289
77303	30	2104
77304	1985	2866
77305	2130	2136
77306	2085	4765
77307	2114	9104
77308	65	286
77309	2182	17714
77310	697	4136
77311	2307	4115
77312	712	2809
77313	713	3515
77314	137	364
77315	68	149
77316	724	1134
77317	733	741
77318	737	1122
77319	709	1410
77320	35	2924
77321	36	173
77322	317	1932
77323	73	530
77324	150	490
77325	343	356
77326	938	2418
77327	39	77
77328	3546	17074
77329	363	1679
77330	161	1177
77331	3680	12475
77332	163	529
77333	4143	8935
77334	170	1174
77335	392	401
77336	409	1993
77337	6070	6870
77338	1128	2001
77339	1115	2646
77340	177	178
77341	4971	5867
77342	420	1253
77343	1140	1825
77344	5164	5168
77345	5288	8599
77346	1139	1144
77347	5185	12736
77348	1144	2510
77349	45	563
77350	45	357
77351	434	626
77352	183	992
77353	1157	3553
77354	185	2649
77355	185	2776
77356	1165	2092
77357	6374	8613
77358	6461	17422
77359	6516	6567
77360	24	1198
77361	7227	11596
77362	7889	29554
77363	475	683
77364	479	1090
77365	478	1428
77366	8886	9458
77367	196	671
77368	99	287
77369	11296	21840
77370	199	615
77371	11558	21161
77372	75880	61
77373	13397	13399
77374	13449	15556
77375	17913	21729
77376	1387	4514
77377	8	373
77378	11647	11648
77379	205	643
77380	19492	25491
77381	20299	33164
77382	1409	2134
77383	21166	21206
77384	22273	22275
77385	211	1530
77386	1466	2517
77387	1463	4109
77388	526	665
77389	75890	519
77390	75896	338
77391	529	2078
77392	75910	140
77393	75911	466
77394	511	638
77395	1515	1680
77396	108	220
77397	75964	788
77398	75970	236
77399	15	286
77400	76002	1980
77401	76008	124
77402	76025	766
77403	55	711
77404	76032	2605
77405	233	924
77406	76031	1831
77407	226	1960
77408	55	1960
77409	1593	1971
77410	559	578
77411	76150	8813
77412	114	292
77413	114	229
77414	230	2788
77415	57	113
77416	76406	797
77417	231	294
77418	76657	6054
77419	1759	3094
77420	76777	15570
77421	76776	13334
77422	234	1537
77423	1816	4604
77424	1817	12325
77425	598	1590
77426	59	1178
77427	630	694
77428	61	204
77429	1994	2524
77430	2122	4082
77431	2087	4202
77432	277	616
77433	131	269
77434	130	612
77435	2166	2168
77436	17	176
77437	659	4250
77438	2181	3264
77439	2180	11822
77440	2202	4714
77441	287	540
77442	292	1400
77443	2276	8850
77444	2298	3492
77445	2265	13282
77446	293	1471
77447	711	735
77448	2447	3696
77449	734	1827
77450	18	282
77451	763	2924
77452	6	227
77453	768	806
77454	2743	8352
77455	148	372
77456	150	464
77457	842	1985
77458	2968	3393
77459	337	507
77460	2978	6039
77461	3037	3727
77462	3055	20955
77463	3240	4452
77464	157	706
77465	77	283
77466	946	4554
77467	3405	42260
77468	3462	5124
77469	40	602
77470	363	1841
77471	22	665
77472	366	1679
77473	370	1525
77474	165	4202
77475	376	633
77476	168	520
77477	4117	5284
77478	168	191
77479	4162	8886
77480	387	703
77481	170	2169
77482	173	1677
77483	405	1516
77484	407	715
77485	1108	8460
77486	174	1960
77487	14	322
77488	4948	5940
77489	14	4275
77490	5985	8730
77491	6076	14681
77492	6147	6397
77493	6218	14989
77494	93	345
77495	6460	17937
77496	6489	12602
77497	186	323
77498	189	650
77499	7729	17418
77500	7591	17251
77501	7979	14984
77502	47	187
77503	8622	18355
77504	8891	15656
77505	9920	11562
77506	488	2874
77507	199	1867
77508	490	945
77509	11874	11875
77510	12186	12194
77511	204	475
77512	16113	18686
77513	1396	1657
77514	506	594
77515	22321	24933
77516	512	1010
77517	104	169
77518	1444	1752
77519	75886	989
77520	75880	206
77521	75879	2137
77522	75891	1867
77523	75893	8884
77524	75896	4341
77525	75902	322
77526	75902	315
77527	530	955
77528	75907	2081
77529	54	481
77530	75916	911
77531	534	564
77532	75936	9458
77533	217	3845
77534	75952	811
77535	1530	7523
77536	109	661
77537	75998	3516
77538	1539	12471
77539	541	564
77540	1578	2728
77541	76037	3526
77542	111	3927
77543	1590	2426
77544	250	1121
77545	227	2609
77546	76119	1671
77547	76153	76052
77548	76183	23939
77549	76196	17944
77550	14	529
77551	568	769
77552	76366	76143
77553	76408	18128
77554	76612	13005
77555	76461	22397
77556	76530	17017
77557	76983	3491
77558	600	1135
77559	77071	17032
77560	1783	2078
77561	29	158
77562	603	9020
77563	59	1424
77564	9	129
77565	248	942
77566	121	1139
77567	60	163
77568	622	2603
77569	1941	1993
77570	1956	3978
77571	16	476
77572	632	1186
77573	30	430
77574	2003	2742
77575	649	1677
77576	652	1912
77577	2073	5769
77578	656	1340
77579	63	1014
77580	31	1384
77581	2122	2987
77582	2150	2915
77583	2150	6409
77584	132	2104
77585	2173	3598
77586	693	1972
77587	2218	3670
77588	134	347
77589	706	1198
77590	33	143
77591	2392	2673
77592	137	1017
77593	296	383
77594	720	4785
77595	2533	2673
77596	301	3917
77597	738	2701
77598	303	1333
77599	306	540
77600	142	1105
77601	307	1701
77602	2659	11465
77603	779	1162
77604	2745	3515
77605	36	62
77606	2789	10865
77607	147	397
77608	2872	8499
77609	2993	6681
77610	859	5340
77611	3003	3030
77612	337	357
77613	155	1065
77614	3230	4230
77615	154	422
77616	3318	4201
77617	3324	10564
77618	159	338
77619	3552	9598
77620	40	3256
77621	364	2212
77622	162	546
77623	40	535
77624	163	231
77625	3738	6049
77626	3949	6803
77627	1048	1169
77628	366	714
77629	1051	2137
77630	387	1954
77631	4388	7525
77632	173	530
77633	173	363
77634	4688	5162
77635	4757	7940
77636	410	1063
77637	4944	9076
77638	1120	2518
77639	14	559
77640	1123	4203
77641	1141	3001
77642	1143	3595
77643	1124	2462
77644	430	1132
77645	1153	2066
77646	185	456
77647	6131	13279
77648	1167	9751
77649	1167	4971
77650	186	799
77651	456	614
77652	6847	7741
77653	1176	2145
77654	24	1205
77655	188	210
77656	96	100
77657	1197	8159
77658	8413	16798
77659	97	109
77660	1219	1838
77661	8521	26558
77662	8889	9792
77663	9187	25503
77664	49	214
77665	11742	11745
77666	13331	18094
77667	13395	13396
77668	13388	22074
77669	101	288
77670	498	3449
77671	1384	1832
77672	204	1018
77673	1382	2963
77674	15971	20273
77675	15977	27416
77676	16979	18459
77677	20746	20747
77678	20807	20954
77679	23497	23499
77680	24306	27909
77681	511	1789
77682	31968	31974
77683	26	51
77684	75885	42
77685	75879	140
77686	75879	717
77687	75887	4960
77688	75894	2776
77689	1479	3001
77690	75906	428
77691	220	489
77692	534	962
77693	75941	866
77694	8	837
77695	1516	2606
77696	75948	1016
77697	1520	12658
77698	108	4275
77699	75958	1752
77700	75989	813
77701	1534	1612
77702	55	229
77703	75991	4125
77704	223	295
77705	547	3590
77706	76062	1100
77707	76076	1112
77708	76145	5960
77709	227	2705
77710	1629	1634
77711	563	2902
77712	1645	2956
77713	566	2001
77714	567	4274
77715	76282	4293
77716	1692	1711
77717	1704	2902
77718	76417	76201
77719	57	425
77720	76505	18725
77721	76517	3660
77722	1642	3997
77723	1759	2928
77724	593	2125
77725	1783	2544
77726	77116	5409
77727	77153	76430
77728	77135	32481
77729	77259	22096
77730	77383	21204
77731	615	1161
77732	286	344
77733	1896	7603
77734	1937	4953
77735	253	864
77736	122	2900
77737	124	132
77738	1953	12830
77739	631	2710
77740	628	1112
77741	1967	6937
77742	1980	7730
77743	647	934
77744	647	2696
77745	2078	3929
77746	275	512
77747	275	1961
77748	131	149
77749	63	413
77750	17	2127
77751	674	677
77752	676	1456
77753	132	1867
77754	2173	17622
77755	2210	7412
77756	2231	9494
77757	2254	17195
77758	2256	4132
77759	292	735
77760	709	1174
77761	717	2426
77762	721	5838
77763	10	1942
77764	2515	3611
77765	734	922
77766	2510	2600
77767	69	198
77768	739	2609
77769	303	851
77770	741	3108
77771	2609	3997
77772	2624	3255
77773	70	142
77774	309	938
77775	785	27701
77776	2751	12595
77777	321	1090
77778	2788	7301
77779	73	490
77780	20	318
77781	2902	3249
77782	2914	17092
77783	2968	3000
77784	3010	13421
77785	153	373
77786	155	176
77787	3130	3131
77788	911	3330
77789	344	1144
77790	3249	9407
77791	957	5034
77792	3484	14585
77793	3498	7261
77794	972	1081
77795	362	1129
77796	158	715
77797	3639	20871
77798	3645	12736
77799	1014	2776
77800	81	1154
77801	372	638
77802	4117	13380
77803	4123	11514
77804	4131	8491
77805	4139	6889
77806	170	435
77807	4142	4176
77808	1077	1379
77809	86	157
77810	405	540
77811	1099	2842
77812	23	507
77813	407	3823
77814	4700	7023
77815	175	205
77816	413	957
77817	175	423
77818	4853	7979
77819	6481	6484
77820	4964	7535
77821	14	372
77822	417	547
77823	44	83
77824	44	682
77825	1136	3243
77826	1138	1470
77827	180	4393
77828	5257	17224
77829	89	155
77830	6091	11360
77831	6141	6145
77832	4955	9458
77833	1168	1177
77834	442	448
77835	6686	12599
77836	94	391
77837	46	105
77838	1185	3042
77839	96	161
77840	7621	11298
77841	1198	14656
77842	7833	22002
77843	464	1062
77844	8497	11647
77845	191	741
77846	479	1145
77847	481	2123
77848	8886	16253
77849	1244	1679
77850	8903	15761
77851	483	2916
77852	9099	10024
77853	487	611
77854	9452	17417
77855	9526	23281
77856	487	4284
77857	10426	13342
77858	11362	20737
77859	491	506
77860	13493	21211
77861	202	213
77862	496	1186
77863	497	766
77864	1365	2660
77865	500	1949
77866	1388	3618
77867	50	2510
77868	506	605
77869	103	911
77870	17433	26554
77871	17775	19710
77872	206	1190
77873	21556	27007
77874	26464	26466
77875	28647	37382
77876	1438	10652
77877	522	4388
77878	75882	230
77879	529	8885
77880	75880	86
77881	530	1530
77882	1484	1813
77883	75915	634
77884	530	1949
77885	1496	2999
77886	75923	193
77887	75930	1148
77888	1507	1813
77889	1521	2104
77890	75951	1112
77891	75949	3247
77892	220	701
77893	75984	4871
77894	76007	2649
77895	1546	11564
77896	76028	1411
77897	547	2518
77898	558	2743
77899	559	1139
77900	76127	18148
77901	76186	19661
77902	56	216
77903	76200	2277
77904	230	489
77905	76197	31978
77906	230	8918
77907	76311	112
77908	15	713
77909	76412	12326
77910	569	1019
77911	76435	3486
77912	576	1037
77913	115	193
77914	233	488
77915	1758	7320
77916	76656	24704
77917	28	521
77918	76943	22646
77919	76965	16392
77920	76982	76718
77921	77076	3753
77922	77177	76953
77923	77293	11884
77924	1810	2699
77925	77297	40201
77926	59	119
77927	77467	42259
77928	1825	2646
77929	609	2667
77930	612	1956
77931	245	834
77932	243	389
77933	1878	4188
77934	247	832
77935	1896	2660
77936	1896	8682
77937	618	2153
77938	60	124
77939	1936	2212
77940	16	703
77941	1961	4275
77942	61	370
77943	1978	2200
77944	269	609
77945	1999	3879
77946	9	4140
77947	652	1218
77948	2011	4900
77949	2074	2445
77950	2076	2139
77951	2079	2977
77952	277	334
77953	2105	2646
77954	2116	4120
77955	668	1002
77956	17	131
77957	2125	8499
77958	280	368
77959	2135	2136
77960	2136	14852
77961	680	698
77962	696	955
77963	0	733
77964	706	1867
77965	67	119
77966	2338	7548
77967	33	318
77968	2391	3612
77969	2500	3832
77970	735	2874
77971	2469	3251
77972	2478	3797
77973	18	843
77974	737	2193
77975	743	3531
77976	2600	3230
77977	746	769
77978	748	6269
77979	304	521
77980	746	1867
77981	0	301
77982	2641	4940
77983	2649	3642
77984	144	159
77985	771	1363
77986	71	665
77987	316	1176
77988	2745	3585
77989	2743	11647
77990	322	622
77991	788	9410
77992	36	183
77993	322	3251
77994	323	335
77995	2822	11820
77996	2925	4113
77997	35	964
77998	2959	3820
77999	151	152
78000	891	976
78001	75	142
78002	3177	4076
78003	3230	4964
78004	938	2789
78005	934	3065
78006	3250	17490
78007	354	1758
78008	964	4554
78009	311	784
78010	3497	3501
78011	160	550
78012	3541	7962
78013	363	530
78014	79	93
78015	3617	4593
78016	364	1437
78017	40	1018
78018	364	1530
78019	1016	1841
78020	163	277
78021	1031	1822
78022	165	697
78023	167	558
78024	380	1037
78025	383	4393
78026	4082	8884
78027	4168	20244
78028	41	249
78029	170	1146
78030	4217	4227
78031	4230	4988
78032	4279	8608
78033	1082	2212
78034	85	101
78035	42	45
78036	4444	4824
78037	4668	9680
78038	4716	8514
78039	14	24
78040	1116	2646
78041	1120	4823
78042	223	1584
78043	4953	8889
78044	14	540
78045	88	126
78046	14	2158
78047	178	1187
78048	5138	6128
78049	5157	14743
78050	5167	5169
78051	5299	31574
78052	5875	5899
78053	30	363
78054	5935	7340
78055	5959	12941
78056	1154	1741
78057	1155	1468
78058	1157	3319
78059	89	208
78060	1158	1174
78061	1160	1505
78062	185	1677
78063	1161	3444
78064	1162	2039
78065	6309	6323
78066	6425	15000
78067	1171	4451
78068	487	1960
78069	467	3875
78070	7359	11089
78071	7524	13106
78072	1189	3799
78073	7764	17112
78074	189	1018
78075	8198	19355
78076	47	137
78077	8385	15694
78078	8413	15022
78079	8491	10694
78080	478	4276
78081	479	1819
78082	8856	11262
78083	481	2126
78084	195	16314
78085	1266	1400
78086	9794	11979
78087	49	161
78088	10255	20275
78089	49	294
78090	11167	22773
78091	11377	31215
78092	490	3763
78093	11784	15526
78094	12273	19698
78095	492	2660
78096	1	2
78097	12608	17038
78098	12734	15525
78099	494	1972
78100	13836	17936
78101	202	295
78102	25	92
78103	11369	11374
78104	16037	22597
78105	16311	17028
78106	1392	1406
78107	17712	19499
78108	18762	34537
78109	19376	19424
78110	20892	20960
78111	21674	26929
78112	1428	2672
78113	519	1014
78114	523	525
78115	210	321
78116	211	281
78117	75879	199
78118	1466	3298
78119	75882	529
78120	75887	163
78121	75892	275
78122	75893	4975
78123	75890	2123
78124	1479	10545
78125	54	2100
78126	75909	650
78127	75915	271
78128	75913	2645
78129	75922	296
78130	54	5143
78131	75926	272
78132	75932	2814
78133	75938	1789
78134	75943	2169
78135	75939	60
78136	219	1015
78137	541	629
78138	75977	75929
78139	75969	3255
78140	75985	2681
78141	75916	651
78142	1542	2865
78143	76011	1561
78144	27	771
78145	2168	2213
78146	27	162
78147	76063	20746
78148	76038	2150
78149	226	2509
78150	231	1960
78151	2114	2122
78152	226	709
78153	1605	1642
78154	76111	1795
78155	76176	2249
78156	1634	2799
78157	564	4498
78158	568	1933
78159	1682	7225
78160	1714	1724
78161	76473	11541
78162	578	598
78163	76578	8609
78164	1747	2675
78165	76601	9396
78166	76642	17710
78167	76695	13356
78168	76780	21423
78169	593	4680
78170	601	8460
78171	77069	76629
78172	77039	9632
78173	236	363
78174	601	1108
78175	77151	9159
78176	77178	76948
78177	77252	11519
78178	77237	30897
78179	77361	30344
78180	77371	12689
78181	77667	77168
78182	77726	6612
78183	77729	22094
78184	1824	3243
78185	241	1611
78186	611	842
78187	121	149
78188	242	258
78189	120	351
78190	622	7833
78191	252	464
78192	1942	6061
78193	126	490
78194	30	368
78195	631	2725
78196	124	2086
78197	16	701
78198	1977	2210
78199	641	916
78200	643	674
78201	2078	5982
78202	2085	4125
78203	128	136
78204	662	8487
78205	2090	2657
78206	667	2829
78207	63	237
78208	280	1890
78209	2137	4953
78210	2137	8605
78211	2136	8499
78212	2149	3034
78213	686	2678
78214	706	1971
78215	690	4557
78216	17	754
78217	287	652
78218	290	322
78219	703	1677
78220	691	1484
78221	10	111
78222	711	7942
78223	296	535
78224	68	157
78225	722	4461
78226	2494	8506
78227	725	729
78228	299	349
78229	140	530
78230	2515	4960
78231	301	337
78232	2524	2884
78233	741	1677
78234	739	4600
78235	2601	3978
78236	141	594
78237	746	2787
78238	2623	2697
78239	2639	18962
78240	756	1420
78241	144	173
78242	2687	4415
78243	71	625
78244	777	2127
78245	787	4026
78246	36	609
78247	799	1073
78248	2896	13382
78249	2908	3245
78250	2916	3602
78251	842	2517
78252	323	456
78253	847	2837
78254	74	148
78255	3104	11647
78256	154	439
78257	3153	13496
78258	3132	3133
78259	345	1467
78260	3196	3553
78261	335	1132
78262	954	2167
78263	3447	11073
78264	3478	7747
78265	3489	6055
78266	3488	3539
78267	3506	3508
78268	81	137
78269	1010	1437
78270	1014	1528
78271	1014	1867
78272	3959	4262
78273	3972	10381
78274	1060	1087
78275	4125	15507
78276	1051	2510
78277	41	466
78278	171	693
78279	388	656
78280	41	2442
78281	1082	2416
78282	171	507
78283	23	1677
78284	86	171
78285	409	1141
78286	4953	12583
78287	1123	1437
78288	23	715
78289	4700	11549
78290	4971	9448
78291	185	363
78292	88	492
78293	1129	2787
78294	4999	7523
78295	421	640
78296	5129	9449
78297	14	717
78298	181	634
78299	181	2960
78300	5877	8524
78301	5938	7236
78302	1143	1186
78303	1145	6446
78304	429	1486
78305	1143	8504
78306	430	1016
78307	1145	2776
78308	14	746
78309	183	566
78310	433	3582
78311	183	1326
78312	434	1466
78313	433	1040
78314	1157	2511
78315	1159	4960
78316	1158	2999
78317	45	697
78318	6187	6476
78319	1164	2537
78320	6475	8919
78321	186	1083
78322	186	1173
78323	186	529
78324	1177	7731
78325	6940	9104
78326	461	645
78327	6742	6978
78328	7617	11808
78329	7621	21761
78330	7941	9657
78331	470	1197
78332	8336	8813
78333	8171	21730
78334	8382	8918
78335	8390	8879
78336	97	118
78337	8496	15517
78338	6883	20798
78339	8499	8918
78340	8813	9462
78341	480	1838
78342	480	4272
78343	1239	3854
78344	9509	17431
78345	489	2202
78346	10884	23536
78347	12864	21792
78348	11789	18147
78349	12368	38182
78350	14	11299
78351	13380	17661
78352	25	292
78353	1351	1764
78354	1365	2647
78355	14678	20769
78356	14705	22253
78357	203	465
78358	15001	24065
78359	204	358
78360	15790	19109
78361	16038	19030
78362	205	335
78363	16811	16817
78364	18153	20023
78365	19301	19302
78366	19495	21601
78367	19734	21582
78368	1420	2146
78369	23511	60435
78370	23723	23725
78371	207	1202
78372	24437	24705
78373	32524	32525
78374	105	438
78375	220	2426
78376	26	113
78377	210	1901
78378	1463	5856
78379	75879	561
78380	75879	743
78381	1466	2817
78382	75883	144
78383	1473	2502
78384	75890	735
78385	75891	187
78386	107	160
78387	75894	230
78388	75888	536
78389	214	1416
78390	75907	1948
78391	75910	4272
78392	75914	2683
78393	75916	102
78394	216	1384
78395	75926	1244
78396	1508	3596
78397	75937	692
78398	1515	1531
78399	75940	2604
78400	536	2003
78401	75940	2133
78402	536	788
78403	75956	3242
78404	1525	3326
78405	75959	75942
78406	75965	294
78407	75983	75941
78408	1535	2671
78409	55	3263
78410	222	401
78411	76009	773
78412	546	1036
78413	76027	8789
78414	15	2916
78415	111	371
78416	76050	762
78417	1590	4090
78418	1590	2109
78419	76044	197
78420	559	4557
78421	1605	4859
78422	15	924
78423	76117	3639
78424	1627	2710
78425	76181	3950
78426	1642	2421
78427	114	1139
78428	76264	979
78429	568	1396
78430	76390	3452
78431	1657	2660
78432	76460	4176
78433	76470	25495
78434	1736	3136
78435	76491	2157
78436	76576	13281
78437	583	1967
78438	1752	4283
78439	593	1825
78440	76653	76185
78441	76688	23147
78442	598	1961
78443	77007	12941
78444	77077	15791
78445	237	1759
78446	77331	76764
78447	602	1985
78448	77554	12991
78449	1817	2544
78450	77559	22136
78451	77680	45915
78452	77738	16019
78453	77874	9185
78454	78109	19377
78455	78180	4317
78456	1841	5780
78457	248	1997
78458	1901	3080
78459	622	3230
78460	629	2602
78461	630	721
78462	253	1237
78463	628	1110
78464	123	914
78465	1971	3325
78466	267	3924
78467	638	663
78468	1992	2902
78469	269	3256
78470	2001	2518
78471	126	2125
78472	274	306
78473	275	4964
78474	128	2674
78475	31	1069
78476	674	2145
78477	2130	2589
78478	2137	2646
78479	64	667
78480	2151	4230
78481	671	3067
78482	132	600
78483	684	1205
78484	2153	2678
78485	686	2495
78486	132	230
78487	2166	8494
78488	288	371
78489	17	509
78490	65	499
78491	65	1179
78492	694	3590
78493	693	2169
78494	696	2902
78495	697	3256
78496	2216	17418
78497	2217	6937
78498	32	300
78499	289	920
78500	291	1737
78501	291	1783
78502	70	363
78503	135	3275
78504	292	3595
78505	67	1105
78506	136	1101
78507	714	851
78508	2443	3147
78509	722	2284
78510	721	2105
78511	2422	13200
78512	140	304
78513	736	1542
78514	6	206
78515	141	475
78516	2605	3032
78517	751	2688
78518	751	3929
78519	2648	4991
78520	2673	3978
78521	317	3044
78522	72	177
78523	143	176
78524	322	507
78525	144	1060
78526	2788	3997
78527	20	160
78528	73	717
78529	2866	8491
78530	814	897
78531	321	1043
78532	150	1530
78533	2896	4276
78534	149	1110
78535	2987	17138
78536	336	1389
78537	3030	6060
78538	886	889
78539	3049	3743
78540	21	29
78541	3148	13345
78542	3192	21297
78543	157	325
78544	353	791
78545	77	962
78546	357	2136
78547	358	1405
78548	962	1679
78549	40	546
78550	3444	6147
78551	3506	4281
78552	3516	18826
78553	972	3633
78554	974	1383
78555	40	132
78556	3553	4394
78557	3584	22547
78558	161	3393
78559	12	543
78560	1010	1040
78561	163	561
78562	3826	5158
78563	3785	3797
78564	1037	2509
78565	165	1993
78566	374	1761
78567	168	782
78568	83	440
78569	1066	4150
78570	42	363
78571	407	1126
78572	407	559
78573	1111	1838
78574	4830	37251
78575	1116	2066
78576	175	1154
78577	4953	17661
78578	4915	6446
78579	87	1026
78580	4974	17251
78581	1128	1484
78582	4975	6940
78583	88	317
78584	419	1190
78585	1130	2884
78586	420	1131
78587	1133	2515
78588	1134	1778
78589	422	1138
78590	423	1188
78591	423	1397
78592	5237	9479
78593	89	106
78594	1139	2645
78595	425	682
78596	5284	7747
78597	5284	8886
78598	181	277
78599	5362	16312
78600	5714	5921
78601	45	60
78602	14	2130
78603	183	1130
78604	5940	9449
78605	1153	4591
78606	6061	8848
78607	14	2042
78608	435	2696
78609	1161	6913
78610	185	924
78611	185	530
78612	6430	6971
78613	1170	6483
78614	445	766
78615	6546	24073
78616	1172	8605
78617	1176	1437
78618	1174	2706
78619	1177	2500
78620	1178	1470
78621	457	511
78622	1180	1426
78623	1179	1704
78624	7194	8476
78625	7336	21726
78626	1186	2532
78627	7435	8982
78628	7657	13378
78629	24	3177
78630	7738	18893
78631	7902	15979
78632	190	1103
78633	47	81
78634	47	1053
78635	24	3449
78636	476	1455
78637	193	212
78638	479	2469
78639	489	1961
78640	98	3797
78641	8884	8891
78642	481	502
78643	8942	21764
78644	8937	15160
78645	9108	9810
78646	9113	18716
78647	9104	16097
78648	483	1109
78649	484	491
78650	198	401
78651	10383	10385
78652	489	1051
78653	10881	43283
78654	491	1961
78655	100	199
78656	11824	13275
78657	100	207
78658	11819	17429
78659	200	204
78660	11537	22124
78661	200	1775
78662	12318	14992
78663	100	746
78664	492	522
78665	12503	30778
78666	12829	18287
78667	13400	13405
78668	13628	16715
78669	101	115
78670	500	615
78671	15022	15721
78672	500	5102
78673	0	132
78674	15772	25258
78675	15712	20301
78676	502	2916
78677	16676	16677
78678	17019	20891
78679	50	2185
78680	17118	17153
78681	17427	19948
78682	17722	23398
78683	19491	31360
78684	1410	1819
78685	20446	20450
78686	21319	22134
78687	21562	24929
78688	23107	41397
78689	24707	31835
78690	511	3598
78691	24862	28226
78692	27708	27711
78693	208	671
78694	517	1827
78695	33350	34867
78696	519	1484
78697	37377	39807
78698	214	626
78699	105	1218
78700	522	530
78701	26	1105
78702	1454	3927
78703	525	565
78704	75884	604
78705	75882	480
78706	75886	551
78707	75887	1442
78708	75889	9458
78709	75889	3318
78710	529	2137
78711	75891	3879
78712	1478	5143
78713	75900	38
78714	75885	146
78715	75901	790
78716	530	2075
78717	75910	717
78718	75911	30
78719	75915	690
78720	75917	1379
78721	216	623
78722	75919	3186
78723	75929	75903
78724	1513	6479
78725	535	1947
78726	1514	1680
78727	220	1051
78728	75952	790
78729	541	548
78730	220	2137
78731	75975	6184
78732	542	4136
78733	75997	1173
78734	75999	5144
78735	76000	74
78736	222	685
78737	223	362
78738	546	594
78739	15	706
78740	686	4809
78741	27	520
78742	1579	3179
78743	550	981
78744	111	172
78745	114	275
78746	76073	4600
78747	226	3669
78748	226	425
78749	1601	4842
78750	76092	6224
78751	76100	9105
78752	1612	1657
78753	1613	2886
78754	76151	8510
78755	56	113
78756	1634	4946
78757	229	271
78758	76217	4276
78759	76238	13032
78760	114	496
78761	566	1454
78762	230	231
78763	567	1679
78764	1677	3108
78765	76317	8885
78766	1677	3067
78767	76363	1708
78768	76383	226
78769	76431	3062
78770	76437	3487
78771	231	8499
78772	76493	76216
78773	232	1518
78774	233	1136
78775	233	2696
78776	1761	2919
78777	1764	1781
78778	76721	32016
78779	76722	76507
78780	76834	6193
78781	76790	3678
78782	76835	3551
78783	76857	12444
78784	77201	2541
78785	77040	20808
78786	77068	76747
78787	1783	2874
78788	77258	23158
78789	77291	76692
78790	77296	1595
78791	77384	76518
78792	77421	77104
78793	29	373
78794	4	763
78795	77493	34698
78796	77716	77276
78797	77797	76860
78798	77860	7963
78799	77925	40180
78800	77933	15488
78801	607	9057
78802	78104	30669
78803	609	1016
78804	1826	3479
78805	78182	77540
78806	1937	2081
78807	1844	12747
78808	614	3798
78809	618	1143
78810	121	150
78811	121	1478
78812	618	1942
78813	1935	2426
78814	1941	2817
78815	16	33
78816	1942	3642
78817	628	1704
78818	1949	4125
78819	629	1867
78820	1961	8499
78821	630	3997
78822	630	1383
78823	1956	2118
78824	1959	2346
78825	1963	9409
78826	632	2515
78827	1967	2023
78828	9	498
78829	1972	2469
78830	266	1384
78831	1974	5260
78832	1978	2104
78833	1983	3669
78834	269	743
78835	1992	2532
78836	2003	3230
78837	647	4275
78838	651	1063
78839	652	2418
78840	2081	8920
78841	280	287
78842	654	4059
78843	2077	2989
78844	2077	10259
78845	2081	2906
78846	2087	9155
78847	276	1601
78848	658	885
78849	2093	2189
78850	664	2105
78851	2103	3816
78852	666	2646
78853	129	2720
78854	668	4554
78855	2109	5124
78856	63	205
78857	278	527
78858	2130	2872
78859	2130	2158
78860	64	677
78861	283	3879
78862	288	316
78863	695	1208
78864	694	1936
78865	697	2776
78866	697	2469
78867	697	2975
78868	133	360
78869	698	1139
78870	2221	2392
78871	701	1141
78872	289	851
78873	2235	8934
78874	702	2509
78875	134	3663
78876	2260	7059
78877	2253	7751
78878	291	2773
78879	2290	17611
78880	711	4757
78881	2219	8609
78882	10	475
78883	18	44
78884	2449	16118
78885	304	338
78886	725	1890
78887	140	1077
78888	140	337
78889	68	1454
78890	141	407
78891	2624	14650
78892	756	2684
78893	142	1467
78894	2655	3104
78895	746	2510
78896	2653	3058
78897	311	1101
78898	766	23568
78899	763	1677
78900	763	2471
78901	317	535
78902	315	1382
78903	316	1867
78904	316	6259
78905	317	1778
78906	143	392
78907	19	801
78908	2743	3230
78909	788	1866
78910	36	380
78911	323	746
78912	323	1971
78913	18	413
78914	812	876
78915	149	1108
78916	2882	20126
78917	2890	7833
78918	150	295
78919	842	1984
78920	334	751
78921	2908	7531
78922	335	600
78923	2975	3256
78924	3009	5031
78925	3032	12129
78926	152	706
78927	3092	3126
78928	3106	5237
78929	3104	3618
78930	3112	4905
78931	3177	4276
78932	39	286
78933	3249	4262
78934	3255	4143
78935	945	2001
78936	3371	13379
78937	3367	7227
78938	972	3853
78939	954	2975
78940	957	3242
78941	3485	22262
78942	964	1841
78943	3516	14990
78944	972	6589
78945	160	522
78946	3541	12874
78947	363	364
78948	161	353
78949	3616	18417
78950	364	1128
78951	79	4341
78952	3637	5157
78953	2	349
78954	1014	1999
78955	3669	6074
78956	1015	2605
78957	366	1226
78958	40	1942
78959	1036	9680
78960	1050	2743
78961	1051	4823
78962	378	1261
78963	377	396
78964	4100	9785
78965	4115	4203
78966	83	430
78967	1066	2960
78968	1065	1763
78969	41	335
78970	1082	1974
78971	388	540
78972	7	8
78973	4345	8499
78974	85	633
78975	23	45
78976	396	1403
78977	23	286
78978	23	185
78979	4471	27287
78980	173	4059
78981	26563	44888
78982	14	649
78983	413	933
78984	415	782
78985	1115	2743
78986	1120	2043
78987	1121	1134
78988	4955	13380
78989	4960	6166
78990	4971	11647
78991	1129	3289
78992	420	3330
78993	1132	1414
78994	421	790
78995	1134	2887
78996	422	653
78997	179	3080
78998	1135	1992
78999	1138	5158
79000	420	806
79001	1140	2078
79002	181	934
79003	1140	2875
79004	426	1779
79005	5522	6133
79006	5538	14654
79007	429	1013
79008	1146	1530
79009	5882	8501
79010	5885	15160
79011	5977	14901
79012	1152	1475
79013	6044	10665
79014	1155	3594
79015	185	4360
79016	1158	1428
79017	1158	2518
79018	6161	6163
79019	1161	4275
79020	6268	7570
79021	45	2256
79022	93	189
79023	1167	4119
79024	1167	3177
79025	443	1476
79026	484	1972
79027	1180	1488
79028	456	623
79029	6829	9184
79030	6841	25543
79031	1177	2510
79032	7216	7227
79033	46	626
79034	46	99
79035	7527	10654
79036	7527	7961
79037	468	608
79038	1198	7743
79039	7859	27697
79040	7852	8312
79041	1203	1206
79042	8014	31430
79043	8360	9717
79044	8363	8883
79045	7749	12679
79046	1162	1635
79047	475	1521
79048	8435	17170
79049	191	3067
79050	191	2195
79051	8491	8789
79052	1219	2027
79053	8605	8607
79054	479	1128
79055	14	2277
79056	8497	15525
79057	8841	25773
79058	98	210
79059	8928	23119
79060	1237	2842
79061	1241	1944
79062	9062	15780
79063	9039	12180
79064	481	2519
79065	483	992
79066	9291	9448
79067	487	2105
79068	9449	16824
79069	1255	1279
79070	9614	24289
79071	9610	13382
79072	488	5158
79073	10310	11528
79074	1272	2126
79075	10864	13083
79076	490	799
79077	49	529
79078	199	746
79079	11652	11653
79080	10382	10388
79081	11773	20338
79082	491	6804
79083	11772	20569
79084	11814	13357
79085	49	709
79086	12467	12478
79087	12518	17086
79088	493	1152
79089	201	440
79090	13359	17036
79091	100	155
79092	202	229
79093	497	1050
79094	1365	18170
79095	1375	3949
79096	1	192
79097	8	22
79098	204	2502
79099	15824	19707
79100	16099	19315
79101	16744	34937
79102	16798	19714
79103	205	945
79104	503	535
79105	17088	22392
79106	506	703
79107	17448	34363
79108	17038	18140
79109	17620	18891
79110	18098	18988
79111	507	568
79112	507	715
79113	103	696
79114	19420	19421
79115	507	1590
79116	20313	36875
79117	20368	22920
79118	20832	22088
79119	509	2924
79120	21725	21737
79121	22182	31866
79122	23059	26562
79123	206	4086
79124	23179	23535
79125	1420	2719
79126	26873	26876
79127	28767	31767
79128	208	1179
79129	51	746
79130	31717	37810
79131	519	1948
79132	1442	6397
79133	37391	37395
79134	1451	1896
79135	1463	2646
79136	75880	3094
79137	26	154
79138	75882	711
79139	75883	358
79140	1468	2512
79141	75885	434
79142	75887	1170
79143	530	563
79144	75888	1410
79145	528	3225
79146	75884	2600
79147	75892	325
79148	529	4960
79149	75893	2166
79150	1476	3638
79151	75894	1115
79152	75899	2955
79153	1480	4971
79154	75902	622
79155	530	2426
79156	1490	1491
79157	75914	1932
79158	1495	2623
79159	75917	167
79160	533	1252
79161	75925	1062
79162	216	1116
79163	75933	637
79164	75932	4090
79165	75936	11648
79166	75945	1758
79167	75945	1014
79168	75951	683
79169	75957	2237
79170	538	799
79171	540	542
79172	220	3445
79173	55	186
79174	1530	1867
79175	109	839
79176	55	2537
79177	109	1296
79178	75974	1040
79179	55	348
79180	75992	84
79181	542	1590
79182	76004	11855
79183	547	663
79184	229	992
79185	76041	353
79186	76035	65
79187	224	1760
79188	76059	5117
79189	76031	716
79190	76063	14991
79191	557	785
79192	226	9409
79193	558	3249
79194	76086	1458
79195	558	1368
79196	559	2119
79197	76119	300
79198	76114	912
79199	227	316
79200	1626	3227
79201	561	656
79202	76148	693
79203	15	636
79204	76161	484
79205	76166	75895
79206	76174	1149
79207	56	702
79208	564	2509
79209	76220	7621
79210	1645	1954
79211	114	277
79212	1657	5219
79213	76279	599
79214	76273	3476
79215	230	1949
79216	568	2874
79217	76349	228
79218	569	3182
79219	1693	14607
79220	76373	75928
79221	1704	5126
79222	1698	10427
79223	1709	6836
79224	1710	5965
79225	1708	7238
79226	576	1605
79227	576	3322
79228	76436	7237
79229	76455	238
79230	578	1497
79231	1748	2113
79232	594	1896
79233	76680	3750
79234	76821	27347
79235	76788	4245
79236	598	3822
79237	234	4275
79238	76888	10581
79239	76893	21723
79240	116	2172
79241	234	25418
79242	76963	76650
79243	77022	19527
79244	77032	76853
79245	77037	12480
79246	236	309
79247	600	4971
79248	77120	6092
79249	77175	76833
79250	77207	76504
79251	1803	9552
79252	77253	13008
79253	602	3243
79254	77292	3721
79255	77373	13393
79256	77381	26820
79257	1815	2146
79258	118	372
79259	77553	76962
79260	604	2884
79261	77557	22317
79262	77663	4159
79263	77634	4690
79264	77679	23507
79265	77730	21205
79266	606	3515
79267	77720	77380
79268	77870	77661
79269	77927	44122
79270	59	278
79271	78179	30342
79272	78273	10384
79273	78258	3122
79274	78364	2800
79275	119	213
79276	1844	2743
79277	613	8929
79278	615	3802
79279	616	2896
79280	248	1084
79281	248	1385
79282	620	2483
79283	60	173
79284	121	717
79285	121	174
79286	9	703
79287	1935	2071
79288	1941	2047
79289	1947	2589
79290	30	205
79291	1961	2125
79292	1961	9448
79293	1970	2705
79294	16	2518
79295	1968	16122
79296	266	1946
79297	267	301
79298	271	709
79299	269	2100
79300	124	1991
79301	1994	7617
79302	1997	2145
79303	1936	3104
79304	126	506
79305	126	1090
79306	273	787
79307	650	1407
79308	651	953
79309	653	4604
79310	275	7193
79311	660	1102
79312	2094	4202
79313	31	338
79314	31	223
79315	2113	3449
79316	668	1067
79317	279	955
79318	2122	2651
79319	131	323
79320	676	1179
79321	2125	2130
79322	64	124
79323	677	1999
79324	2133	2510
79325	2136	3642
79326	282	368
79327	2137	7729
79328	2152	2902
79329	691	1169
79330	2189	3251
79331	86	162
79332	287	2041
79333	694	743
79334	2200	3001
79335	2214	3528
79336	690	2518
79337	701	703
79338	291	649
79339	707	1168
79340	2254	9751
79341	2260	6162
79342	135	1105
79343	709	2027
79344	2213	2349
79345	2305	8849
79346	712	2794
79347	714	784
79348	294	1974
79349	6	83
79350	68	777
79351	724	1142
79352	725	1241
79353	10	1958
79354	733	1704
79355	734	739
79356	301	687
79357	2510	2999
79358	6	281
79359	737	1396
79360	69	322
79361	70	79
79362	2571	2875
79363	303	1201
79364	303	1612
79365	746	1677
79366	2601	3228
79367	304	368
79368	70	422
79369	70	2667
79370	307	2477
79371	2252	12601
79372	755	4960
79373	142	283
79374	2649	4388
79375	761	2789
79376	2675	4396
79377	71	338
79378	2686	6379
79379	2696	3230
79380	316	383
79381	2700	10701
79382	779	1073
79383	2747	3885
79384	315	3251
79385	2776	5102
79386	2764	2814
79387	2787	6605
79388	72	496
79389	144	286
79390	73	121
79391	811	3974
79392	2871	4196
79393	149	640
79394	2868	3243
79395	2872	3643
79396	2890	7730
79397	150	152
79398	843	1363
79399	333	1867
79400	2929	3251
79401	2928	5916
79402	334	509
79403	851	3325
79404	2989	8499
79405	336	1701
79406	2993	8413
79407	337	1088
79408	152	290
79409	3010	3030
79410	3037	11057
79411	3039	6438
79412	75	86
79413	343	520
79414	344	4111
79415	920	1131
79416	3134	4123
79417	345	413
79418	3247	11647
79419	39	144
79420	3245	10658
79421	156	773
79422	3256	8491
79423	939	1062
79424	3256	3293
79425	941	4477
79426	77	148
79427	3314	3653
79428	3317	18127
79429	950	1097
79430	954	4201
79431	3483	4116
79432	40	1016
79433	962	1871
79434	40	1470
79435	3486	10566
79436	3489	10863
79437	972	1072
79438	40	617
79439	3520	6913
79440	3493	11812
79441	362	8499
79442	3553	3594
79443	3595	7733
79444	3637	11824
79445	3779	4988
79446	3787	6462
79447	81	360
79448	1035	1119
79449	372	2743
79450	373	1283
79451	81	3725
79452	3929	21555
79453	374	1012
79454	3997	6591
79455	1057	3237
79456	1060	2415
79457	4114	15769
79458	4117	18179
79459	4131	6937
79460	1070	1621
79461	1075	3950
79462	0	173
79463	171	1255
79464	4346	6383
79465	4369	11097
79466	395	4515
79467	4398	12490
79468	42	161
79469	173	542
79470	4501	4964
79471	4513	6039
79472	4541	7385
79473	405	1129
79474	4557	13652
79475	407	1679
79476	4607	12593
79477	1110	1922
79478	4806	12112
79479	175	1679
79480	1115	3230
79481	87	1103
79482	413	1065
79483	176	311
79484	14	154
79485	175	631
79486	415	796
79487	1118	2789
79488	23	629
79489	417	649
79490	1123	1365
79491	14	333
79492	417	528
79493	1124	2213
79494	44	96
79495	1126	3473
79496	4988	6397
79497	88	1161
79498	5028	10656
79499	1131	4435
79500	5137	6134
79501	5145	23398
79502	1132	1547
79503	89	233
79504	5211	11543
79505	425	536
79506	1123	2212
79507	181	2609
79508	92	439
79509	1143	2908
79510	5759	11854
79511	5855	25639
79512	183	713
79513	183	4393
79514	1149	2666
79515	1151	6706
79516	1152	2232
79517	45	617
79518	6031	6446
79519	6050	12292
79520	434	2776
79521	1157	4076
79522	6140	6141
79523	6143	33035
79524	1159	2391
79525	6147	9481
79526	185	566
79527	1161	4999
79528	185	2085
79529	6165	10269
79530	6170	12273
79531	45	924
79532	1164	3979
79533	6253	8491
79534	6259	8682
79535	440	768
79536	1164	2419
79537	93	99
79538	1165	7383
79539	6397	11537
79540	1167	1463
79541	6409	6940
79542	1168	4853
79543	1138	1155
79544	1169	1747
79545	186	2956
79546	445	912
79547	1170	2999
79548	1173	2538
79549	451	8200
79550	1178	2603
79551	453	12522
79552	190	398
79553	6847	11056
79554	456	2648
79555	1177	3594
79556	24	115
79557	6714	12583
79558	1179	1475
79559	7048	8866
79560	7066	22760
79561	1180	2510
79562	24	170
79563	7222	17026
79564	7224	20568
79565	7289	8810
79566	462	8303
79567	464	4499
79568	7381	15796
79569	465	3071
79570	467	787
79571	1195	1746
79572	7729	13382
79573	1197	1454
79574	7764	11066
79575	7987	26489
79576	7988	10426
79577	190	363
79578	474	1813
79579	476	1198
79580	194	1194
79581	8499	17418
79582	478	6475
79583	1221	3612
79584	8597	11537
79585	8609	13281
79586	479	1177
79587	1227	1745
79588	1228	7290
79589	480	1146
79590	98	154
79591	481	674
79592	8889	11647
79593	8918	9039
79594	195	490
79595	481	1590
79596	9160	22138
79597	9378	15471
79598	9448	14852
79599	484	4346
79600	1253	1773
79601	99	137
79602	487	4272
79603	487	3252
79604	197	391
79605	1269	1796
79606	1272	3799
79607	9902	23720
79608	488	2667
79609	488	3251
79610	10024	11647
79611	198	204
79612	489	3635
79613	10579	11373
79614	10663	11562
79615	10676	12741
79616	11286	27751
79617	1296	6380
79618	11707	16314
79619	199	1154
79620	11859	28406
79621	492	1375
79622	12188	12189
79623	492	2902
79624	12521	18937
79625	12604	17035
79626	12679	19060
79627	1328	5769
79628	493	2392
79629	12881	12882
79630	201	466
79631	1333	1454
79632	13240	13247
79633	13383	24377
79634	13504	13506
79635	1340	2526
79636	25	79
79637	13812	25508
79638	13631	16999
79639	101	107
79640	497	8477
79641	498	2926
79642	1365	1993
79643	1382	1677
79644	202	283
79645	15517	18190
79646	1384	2929
79647	15697	15791
79648	102	4722
79649	16253	17935
79650	1389	5977
79651	16410	20387
79652	16717	31332
79653	503	2086
79654	17021	22274
79655	103	286
79656	17129	18342
79657	17212	20464
79658	17607	18351
79659	18203	24446
79660	19357	19361
79661	19393	19394
79662	206	569
79663	20129	20130
79664	20339	21588
79665	20364	28110
79666	20756	30994
79667	20936	23900
79668	509	541
79669	511	1272
79670	511	2468
79671	24923	24931
79672	512	3252
79673	26593	32650
79674	26684	29490
79675	51	388
79676	514	8393
79677	28870	38864
79678	208	276
79679	104	1131
79680	34868	34869
79681	519	4960
79682	105	466
79683	37719	43511
79684	210	440
79685	210	430
79686	1444	1942
79687	1444	8682
79688	0	2002
79689	521	900
79690	210	306
79691	50557	50944
79692	522	1073
79693	106	119
79694	106	3822
79695	75879	120
79696	210	1014
79697	75879	746
79698	526	680
79699	75881	14852
79700	75882	4132
79701	75882	24
79702	75889	3256
79703	1478	2600
79704	75891	287
79705	75891	75880
79706	1476	2221
79707	529	598
79708	529	563
79709	75896	123
79710	1478	1980
79711	107	667
79712	54	632
79713	530	763
79714	530	566
79715	530	4279
79716	75904	3318
79717	530	2906
79718	530	2510
79719	75909	1901
79720	1488	12523
79721	75913	273
79722	1492	2001
79723	75900	34
79724	1495	2705
79725	75918	343
79726	108	1133
79727	216	507
79728	75922	62
79729	216	337
79730	534	611
79731	534	665
79732	75926	61
79733	54	1813
79734	75930	1789
79735	75914	112
79736	75933	1975
79737	75935	2129
79738	26	1223
79739	536	1145
79740	1516	1677
79741	75949	8497
79742	1522	1675
79743	75970	2451
79744	1530	14989
79745	75982	502
79746	75982	1134
79747	541	3611
79748	542	647
79749	75987	2795
79750	75988	386
79751	75991	5144
79752	75995	71
79753	75995	22
79754	76001	2003
79755	1542	4283
79756	15	31
79757	1544	2742
79758	76006	11785
79759	1545	10376
79760	544	1918
79761	220	496
79762	27	294
79763	547	666
79764	1562	1811
79765	76040	75985
79766	15	2720
79767	76049	12502
79768	551	1972
79769	1593	1960
79770	27	806
79771	76100	5179
79772	76098	75963
79773	76101	3013
79774	76089	1819
79775	1603	3170
79776	76104	75983
79777	76103	276
79778	559	2079
79779	76135	6939
79780	76125	711
79781	76156	4444
79782	76162	2773
79783	563	566
79784	56	1227
79785	229	2794
79786	564	1832
79787	76202	4360
79788	76203	1606
79789	76206	11603
79790	76210	1761
79791	76236	13445
79792	114	1016
79793	114	609
79794	566	2678
79795	230	2136
79796	76284	2879
79797	114	715
79798	567	2016
79799	114	363
79800	114	711
79801	76318	2134
79802	568	1017
79803	1701	2660
79804	76394	6134
79805	231	277
79806	576	1442
79807	231	8918
79808	231	397
79809	231	4132
79810	1729	2688
79811	578	2778
79812	76487	7254
79813	115	280
79814	76519	18382
79815	579	2515
79816	583	2092
79817	1752	2524
79818	576	2075
79819	76613	15566
79820	1758	2683
79821	76647	76449
79822	233	315
79823	594	1428
79824	76681	3014
79825	76743	18894
79826	76775	5966
79827	76772	727
79828	596	933
79829	76912	16700
79830	116	491
79831	76986	76213
79832	76981	76357
79833	76999	12190
79834	77123	20787
79835	76938	21763
79836	77176	11372
79837	77247	12577
79838	77260	77171
79839	77295	18357
79840	602	3617
79841	77357	6929
79842	238	2476
79843	59	1205
79844	77491	6075
79845	77509	1275
79846	1814	2245
79847	604	647
79848	77577	28089
79849	77657	11228
79850	77668	22075
79851	77678	77462
79852	77775	4815
79853	77875	77675
79854	77916	26510
79855	1825	3061
79856	78086	17094
79857	609	2884
79858	78349	30630
79859	78452	12850
79860	78446	77922
79861	78444	77919
79862	609	1121
79863	78688	41398
79864	78781	14795
79865	1833	1841
79866	78875	1654
79867	78981	26559
79868	79109	23033
79869	79118	78183
79870	79124	78346
79871	79126	78455
79872	1841	3797
79873	1867	3104
79874	1867	4946
79875	120	291
79876	1871	2418
79877	245	364
79878	1867	4388
79879	9	735
79880	615	8918
79881	615	751
79882	617	7382
79883	1920	2778
79884	622	1108
79885	60	132
79886	1933	3243
79887	121	566
79888	1937	4988
79889	121	15593
79890	252	321
79891	1948	4275
79892	1949	3642
79893	630	1140
79894	1954	8886
79895	1960	2600
79896	30	945
79897	1961	2087
79898	631	5761
79899	1967	4082
79900	1972	2418
79901	1968	4272
79902	632	2469
79903	61	299
79904	1974	8499
79905	267	787
79906	124	371
79907	1980	3929
79908	126	1139
79909	124	2510
79910	1992	4287
79911	643	952
79912	644	1010
79913	270	274
79914	1997	2741
79915	1999	3108
79916	647	1420
79917	271	3537
79918	62	136
79919	125	6048
79920	62	275
79921	62	3684
79922	2066	2156
79923	653	661
79924	2077	2867
79925	2080	3252
79926	662	1090
79927	2075	2085
79928	2101	13340
79929	63	325
79930	2085	2866
79931	2104	5158
79932	666	752
79933	2109	2125
79934	31	407
79935	668	697
79936	673	989
79937	2136	2277
79938	64	194
79939	678	2495
79940	2136	9397
79941	2136	10785
79942	2137	2215
79943	680	4140
79944	2150	3104
79945	2150	3318
79946	2153	6254
79947	286	1405
79948	687	688
79949	285	1406
79950	2170	17606
79951	690	2471
79952	2176	12296
79953	692	755
79954	2185	2678
79955	2193	3400
79956	2200	3797
79957	2199	2875
79958	2223	9408
79959	701	3263
79960	2230	3600
79961	134	1382
79962	702	1166
79963	134	3858
79964	703	3001
79965	703	1105
79966	32	1550
79967	2265	16190
79968	2285	18335
79969	711	1960
79970	710	20757
79971	136	181
79972	293	4946
79973	713	1112
79974	2342	2975
79975	67	1987
79976	294	1128
79977	33	174
79978	713	1826
79979	2416	3045
79980	717	2887
79981	717	2158
79982	134	1116
79983	2426	2517
79984	717	2874
79985	713	734
79986	2452	3708
79987	296	5219
79988	141	494
79989	2477	2645
79990	722	1057
79991	715	1051
79992	725	1764
79993	733	1580
79994	2513	2696
79995	2520	8867
79996	6	113
79997	301	374
79998	2532	7523
79999	2537	2684
80000	2537	2673
80001	69	166
80002	69	467
80003	743	1091
80004	2589	4261
80005	2604	14983
80006	140	323
80007	304	2481
80008	2623	3413
80009	70	1089
80010	142	1515
80011	2649	3617
80012	759	4241
80013	2660	5021
80014	2668	2671
80015	144	363
80016	144	693
80017	316	2518
80018	321	535
80019	2741	3186
80020	694	696
80021	2743	11596
80022	0	123
80023	787	922
80024	2761	3779
80025	322	696
80026	323	2519
80027	36	275
80028	73	497
80029	73	542
80030	324	7384
80031	2868	4388
80032	2872	2989
80033	150	174
80034	839	916
80035	2906	9610
80036	149	322
80037	329	6446
80038	2915	15761
80039	150	630
80040	334	957
80041	845	3033
80042	334	1949
80043	2956	3797
80044	2958	3615
80045	848	1761
80046	335	992
80047	2999	4186
80048	867	926
80049	3003	5938
80050	338	624
80051	875	1036
80052	3046	6562
80053	153	1779
80054	75	1886
80055	21	97
80056	3106	4611
80057	911	3193
80058	21	146
80059	3181	6259
80060	3196	3486
80061	155	1416
80062	348	766
80063	3230	8918
80064	155	939
80065	3251	9886
80066	156	532
80067	938	3104
80068	351	430
80069	938	1046
80070	940	2415
80071	157	190
80072	3247	7631
80073	149	401
80074	353	433
80075	77	1901
80076	953	2471
80077	3443	3907
80078	358	706
80079	3479	4340
80080	159	518
80081	40	1081
80082	3503	7221
80083	3515	4250
80084	78	559
80085	3553	3887
80086	160	306
80087	3556	8974
80088	363	1516
80089	3578	3581
80090	3580	8506
80091	79	162
80092	3595	3648
80093	3600	22669
80094	1009	1392
80095	40	1993
80096	161	2098
80097	3621	6396
80098	1014	1101
80099	1014	1026
80100	364	3595
80101	40	163
80102	366	773
80103	1019	7178
80104	370	2759
80105	3838	5968
80106	1036	2003
80107	1037	2137
80108	165	5163
80109	366	420
80110	1048	4823
80111	374	1382
80112	22	1022
80113	4076	4276
80114	1061	1677
80115	4125	6051
80116	168	2690
80117	4131	8499
80118	383	1502
80119	374	3691
80120	1066	1116
80121	4180	21590
80122	41	3181
80123	389	1811
80124	4275	5783
80125	1072	1949
80126	41	2997
80127	13	4109
80128	392	4388
80129	392	711
80130	1083	2608
80131	4387	6190
80132	172	954
80133	23	97
80134	1087	1153
80135	173	955
80136	4432	25593
80137	0	3067
80138	42	153
80139	42	706
80140	1090	4388
80141	174	409
80142	4757	7942
80143	30345	30346
80144	22892	28040
80145	4807	15667
80146	410	469
80147	410	475
80148	1116	4393
80149	1141	3319
80150	176	380
80151	176	3404
80152	4948	13377
80153	23	782
80154	4955	7591
80155	417	4340
80156	1123	1442
80157	1122	1747
80158	23	236
80159	4960	7570
80160	417	4842
80161	4960	4964
80162	1123	1475
80163	14	347
80164	4971	15659
80165	418	1752
80166	88	542
80167	14	1783
80168	418	667
80169	1132	1473
80170	421	1226
80171	5370	7752
80172	5075	43727
80173	1132	2510
80174	5103	21792
80175	178	372
80176	5108	6137
80177	14	954
80178	14	711
80179	4953	13032
80180	1133	10650
80181	1134	1838
80182	1133	4346
80183	1134	3255
80184	422	1459
80185	5145	12330
80186	180	720
80187	423	3554
80188	5219	19527
80189	1139	1466
80190	425	1626
80191	1139	1221
80192	5315	8762
80193	1141	2133
80194	5410	10378
80195	426	1218
80196	422	806
80197	5522	9786
80198	5548	24177
80199	5704	6289
80200	1144	2916
80201	5783	8522
80202	1146	3001
80203	1146	4541
80204	14	2136
80205	183	2169
80206	1151	1477
80207	5953	14600
80208	5960	17018
80209	433	490
80210	6031	10648
80211	434	1063
80212	6062	6889
80213	6055	10864
80214	1156	1844
80215	1156	1424
80216	436	4340
80217	185	559
80218	185	1466
80219	185	2645
80220	14	1947
80221	439	704
80222	1164	2000
80223	6363	18899
80224	6397	7743
80225	6396	7037
80226	443	644
80227	1171	8539
80228	1171	5284
80229	6591	9787
80230	449	4525
80231	451	2668
80232	186	1116
80233	453	3744
80234	1174	4112
80235	94	299
80236	6714	18971
80237	456	2195
80238	6894	7986
80239	6896	18130
80240	6940	8789
80241	24	132
80242	1178	1745
80243	7023	10008
80244	1180	2600
80245	1180	1981
80246	187	250
80247	187	1202
80248	7199	22090
80249	1182	1197
80250	7225	7237
80251	461	2865
80252	7267	10686
80253	7261	11062
80254	1184	2108
80255	464	1249
80256	7296	15525
80257	1186	1994
80258	24	1115
80259	95	1111
80260	7617	9481
80261	7603	15535
80262	189	296
80263	7747	17418
80264	1198	1478
80265	189	233
80266	468	2749
80267	7747	8499
80268	96	106
80269	1201	1647
80270	7942	12733
80271	7945	10342
80272	7959	13520
80273	7981	21843
80274	24	1521
80275	8358	16007
80276	7	1453
80277	475	1168
80278	474	8332
80279	1208	1473
80280	97	2439
80281	47	345
80282	191	208
80283	8494	8536
80284	191	1185
80285	47	1456
80286	476	2643
80287	192	341
80288	8504	17418
80289	478	683
80290	1218	2805
80291	478	3826
80292	478	1014
80293	479	648
80294	1228	1296
80295	8813	15517
80296	480	568
80297	8856	15775
80298	98	286
80299	480	1184
80300	481	756
80301	8978	18651
80302	9118	21457
80303	9154	15832
80304	1249	1346
80305	9458	18179
80306	9451	30072
80307	196	3791
80308	9462	23282
80309	9477	28542
80310	487	1937
80311	24	4150
80312	9462	24705
80313	9664	9667
80314	9687	29760
80315	9808	11607
80316	488	1978
80317	489	3779
80318	10511	10850
80319	10562	24325
80320	10564	11470
80321	0	1492
80322	10884	16244
80323	199	5157
80324	199	2667
80325	49	6190
80326	200	1036
80327	12198	18078
80328	12214	16778
80329	12461	15928
80330	1323	3066
80331	100	517
80332	494	502
80333	494	3537
80334	13419	18095
80335	13448	17040
80336	1365	2130
80337	1365	2081
80338	50	294
80339	50	622
80340	1368	4059
80341	15130	26480
80342	50	3485
80343	1379	2740
80344	204	1176
80345	500	1960
80346	500	546
80347	15526	15527
80348	500	4125
80349	15606	16544
80350	15756	16544
80351	16293	30498
80352	205	231
80353	205	480
80354	1396	1582
80355	17113	17127
80356	103	1105
80357	17402	17403
80358	506	1144
80359	506	1010
80360	17661	22531
80361	18938	18939
80362	18139	18150
80363	18654	19567
80364	18729	18746
80365	18820	18821
80366	1405	3187
80367	506	2936
80368	206	426
80369	508	915
80370	20830	23028
80371	509	512
80372	103	938
80373	21256	30771
80374	21535	21583
80375	22180	23113
80376	22984	54391
80377	512	2119
80378	25237	32927
80379	207	1073
80380	512	2256
80381	512	3250
80382	104	188
80383	1426	2104
80384	1420	1758
80385	51	409
80386	23145	23146
80387	30466	33670
80388	31486	38157
80389	33467	33471
80390	34989	42832
80391	1437	6405
80392	1437	1468
80393	519	561
80394	35600	44749
80395	209	432
80396	36987	39773
80397	37378	37380
80398	39693	39695
80399	520	1060
80400	1454	2173
80401	62541	66249
80402	523	545
80403	521	842
80404	1463	1482
80405	1463	2105
80406	211	391
80407	75880	524
80408	24925	24932
80409	1466	1677
80410	1466	2106
80411	1463	9458
80412	75881	2136
80413	26	98
80414	75882	143
80415	75882	566
80416	75883	145
80417	75887	4202
80418	75887	7730
80419	75888	3718
80420	75889	14
80421	1474	1867
80422	75890	2172
80423	1475	3444
80424	526	638
80425	529	2866
80426	75896	30
80427	75897	4392
80428	75900	351
80429	54	374
80430	75905	8497
80431	75903	1467
80432	214	276
80433	1470	2600
80434	75906	3102
80435	75907	8879
80436	75908	4202
80437	75910	564
80438	75911	3193
80439	75912	148
80440	75910	303
80441	1492	2509
80442	75914	73
80443	75915	4453
80444	75916	296
80445	531	2455
80446	544	974
80447	216	322
80448	75919	2960
80449	75921	6446
80450	75924	349
80451	75928	75927
80452	75930	3596
80453	75939	3249
80454	75939	2864
80455	1513	16317
80456	220	735
80457	75945	2127
80458	75946	1437
80459	536	1037
80460	75910	24
80461	1520	1630
80462	75952	916
80463	1520	3326
80464	75954	955
80465	220	683
80466	75960	11543
80467	220	1090
80468	75962	239
80469	539	8770
80470	75966	735
80471	1528	3159
80472	540	1040
80473	1530	7731
80474	75973	717
80475	55	131
80476	541	1867
80477	75977	33
80478	1531	6900
80479	75980	75881
80480	75969	2673
80481	75986	2924
80482	75987	88
80483	109	653
80484	75995	61
80485	75997	6404
80486	76001	1064
80487	76024	3030
80488	76004	13358
80489	222	10008
80490	76015	6133
80491	223	288
80492	546	962
80493	55	10670
80494	76022	11848
80495	547	681
80496	55	2542
80497	76029	3247
80498	76029	6091
80499	111	1062
80500	76039	2127
80501	615	1960
80502	15	159
80503	76053	522
80504	550	1228
80505	1585	3416
80506	76058	154
80507	76058	108
80508	76060	2884
80509	76061	75993
80510	76062	3240
80511	76064	354
80512	27	1019
80513	75968	75913
80514	76073	2701
80515	558	1379
80516	1601	4388
80517	76095	2740
80518	76102	1459
80519	1605	5260
80520	76116	8955
80521	1617	3003
80522	561	2968
80523	76148	74
80524	1617	2170
80525	76049	6590
80526	76161	3951
80527	226	2426
80528	563	1941
80529	76166	247
80530	563	1967
80531	76169	2867
80532	563	2866
80533	76173	3643
80534	76194	2054
80535	564	972
80536	76201	7225
80537	76207	6477
80538	76205	3552
80539	76230	171
80540	76233	13034
80541	1643	3035
80542	114	338
80543	76234	76153
80544	56	226
80545	1646	3539
80546	1647	1939
80547	566	934
80548	76258	4426
80549	76265	4278
80550	76280	4276
80551	114	1991
80552	230	500
80553	567	4886
80554	567	847
80555	76298	350
80556	76308	8390
80557	1677	4435
80558	1677	1875
80559	76332	11809
80560	76338	75895
80561	569	2495
80562	76354	2476
80563	1689	10429
80564	57	85
80565	1704	1838
80566	572	574
80567	1710	2542
80568	231	3575
80569	1713	4150
80570	578	1474
80571	76466	76027
80572	76490	212
80573	76580	3232
80574	76607	11542
80575	28	247
80576	76646	8532
80577	76676	76348
80578	594	2106
80579	594	7833
80580	76765	1601
80581	1771	2743
80582	76774	18460
80583	234	2603
80584	76824	16222
80585	1779	4508
80586	598	1159
80587	76866	6395
80588	599	3615
80589	76955	15970
80590	234	2799
80591	1786	4446
80592	600	1048
80593	1800	3094
80594	77195	4021
80595	77251	14589
80596	602	1635
80597	237	363
80598	77420	23881
80599	77337	3504
80600	77374	16111
80601	602	2469
80602	238	2125
80603	1813	2721
80604	59	1437
80605	77556	76832
80606	77555	20049
80607	604	1612
80608	77697	12657
80609	29	715
80610	77871	76880
80611	77828	5286
80612	77901	20791
80613	1824	2517
80614	78070	33559
80615	1826	2864
80616	78360	12191
80617	78451	37385
80618	78430	77344
80619	119	176
80620	78615	6545
80621	78692	27707
80622	78798	21210
80623	78795	34702
80624	79100	37782
80625	79107	4082
80626	79130	36923
80627	79254	12493
80628	1838	5851
80629	79634	1649
80630	79691	50558
80631	79864	18679
80632	121	11596
80633	243	847
80634	1844	10654
80635	614	2896
80636	614	842
80637	616	1365
80638	616	2391
80639	616	4140
80640	617	4360
80641	618	4180
80642	1901	2837
80643	618	1961
80644	622	1205
80645	618	8367
80646	121	2638
80647	620	2135
80648	249	347
80649	60	602
80650	249	280
80651	60	972
80652	623	4276
80653	1936	7983
80654	1935	4646
80655	1937	6937
80656	1937	8499
80657	1939	3618
80658	1939	2485
80659	60	1960
80660	1946	4426
80661	1948	5284
80662	628	1815
80663	1949	6166
80664	1952	2585
80665	30	88
80666	17	677
80667	1954	9813
80668	630	5838
80669	1956	2168
80670	631	4936
80671	123	364
80672	1961	2989
80673	1961	8497
80674	1961	2687
80675	9	4453
80676	1970	2987
80677	1970	2106
80678	1960	2616
80679	1971	3182
80680	265	384
80681	1974	2619
80682	640	5908
80683	1984	2163
80684	1985	4261
80685	124	1040
80686	269	762
80687	1993	12362
80688	2001	6082
80689	2002	2997
80690	647	2608
80691	272	763
80692	62	63
80693	2027	12355
80694	126	344
80695	9	220
80696	274	914
80697	652	946
80698	2068	3044
80699	274	2962
80700	2080	8920
80701	2081	21670
80702	2081	4201
80703	659	693
80704	659	6261
80705	0	1758
80706	2087	8969
80707	276	1775
80708	2094	3265
80709	277	943
80710	2099	3196
80711	2100	2719
80712	2102	18387
80713	2106	4272
80714	2110	3449
80715	2116	2119
80716	2093	4109
80717	279	3799
80718	17	280
80719	131	1082
80720	131	3094
80721	674	1179
80722	2130	2890
80723	131	1475
80724	677	1379
80725	2137	3598
80726	2137	5021
80727	283	626
80728	2152	4272
80729	132	1198
80730	132	1120
80731	2169	2688
80732	2169	2601
80733	132	8499
80734	690	2094
80735	9	3233
80736	2193	7160
80737	65	171
80738	2200	2685
80739	696	1153
80740	2208	2679
80741	2210	4076
80742	2215	2773
80743	698	1783
80744	289	1237
80745	697	3598
80746	701	3250
80747	66	71
80748	290	1214
80749	702	1728
80750	703	1161
80751	2252	12598
80752	67	82
80753	135	158
80754	292	1070
80755	67	1530
80756	2306	18406
80757	293	371
80758	136	2675
80759	2418	3094
80760	2420	3181
80761	717	8489
80762	295	369
80763	718	2153
80764	753	2675
80765	719	1752
80766	720	1038
80767	68	271
80768	2494	4283
80769	2495	3269
80770	728	1273
80771	140	206
80772	734	3956
80773	140	746
80774	2512	4684
80775	2515	6591
80776	300	3327
80777	2524	10655
80778	301	540
80779	34	178
80780	140	155
80781	2532	9376
80782	2532	3320
80783	736	1172
80784	34	626
80785	737	2794
80786	2542	3001
80787	741	968
80788	2600	2776
80789	2600	2749
80790	2606	4986
80791	18	3225
80792	2609	4557
80793	70	190
80794	35	57
80795	306	1255
80796	2644	2683
80797	758	2177
80798	309	660
80799	2666	6859
80800	2668	6239
80801	2671	3411
80802	769	1073
80803	314	405
80804	36	344
80805	315	576
80806	775	1730
80807	777	1741
80808	19	634
80809	782	1002
80810	2735	2736
80811	2668	3247
80812	36	120
80813	321	1781
80814	789	3330
80815	788	4775
80816	321	563
80817	322	335
80818	2776	9680
80819	146	714
80820	2786	5764
80821	36	374
80822	323	1590
80823	2799	4273
80824	323	761
80825	73	2817
80826	148	6259
80827	2862	11056
80828	36	2096
80829	811	843
80830	328	1027
80831	2902	4796
80832	2900	6160
80833	2902	8626
80834	2906	13382
80835	150	362
80836	2872	17243
80837	73	3293
80838	150	155
80839	2966	9603
80840	2977	11112
80841	864	1525
80842	151	897
80843	336	2652
80844	3007	6553
80845	3011	7988
80846	2999	3007
80847	3026	13394
80848	149	185
80849	3062	3483
80850	896	1188
80851	3169	5762
80852	345	766
80853	914	1089
80854	346	410
80855	920	5240
80856	920	1237
80857	3218	19947
80858	3230	12734
80859	3243	21560
80860	3246	3595
80861	932	1195
80862	3247	4187
80863	934	3887
80864	3250	3252
80865	3251	3642
80866	3254	36430
80867	157	198
80868	77	165
80869	157	942
80870	945	1091
80871	353	3066
80872	3329	20273
80873	3408	13421
80874	955	2127
80875	3447	4948
80876	955	1590
80877	3453	12732
80878	957	10677
80879	954	1627
80880	159	322
80881	40	201
80882	3489	10426
80883	3506	6147
80884	362	6446
80885	160	766
80886	3528	5972
80887	974	5071
80888	3528	16544
80889	362	9616
80890	40	2989
80891	362	1151
80892	363	2518
80893	3595	4287
80894	161	453
80895	998	9193
80896	364	1484
80897	363	722
80898	3611	5883
80899	1013	1069
80900	1012	6062
80901	1014	1163
80902	162	1036
80903	1015	1671
80904	1016	4435
80905	163	3797
80906	368	4341
80907	368	787
80908	368	3102
80909	3748	3771
80910	3763	4281
80911	1036	1999
80912	1022	1516
80913	370	1029
80914	81	417
80915	1026	2510
80916	3831	7596
80917	372	755
80918	372	1599
80919	1037	1077
80920	3894	9240
80921	3923	3959
80922	1043	1066
80923	3948	13662
80924	3981	16029
80925	375	413
80926	1051	1163
80927	3997	5102
80928	1051	5157
80929	380	2221
80930	380	3997
80931	4125	9751
80932	165	3256
80933	4116	15000
80934	170	292
80935	169	429
80936	4162	7523
80937	170	1009
80938	1074	1139
80939	4272	5772
80940	388	620
80941	1077	1972
80942	1077	3806
80943	171	1525
80944	4379	4385
80945	395	1804
80946	172	1380
80947	1088	4341
80948	397	1064
80949	4495	12610
80950	4452	6792
80951	173	1679
80952	1092	1202
80953	86	713
80954	4495	8460
80955	173	3065
80956	1089	1091
80957	4505	7986
80958	23	288
80959	404	1062
80960	13	579
80961	4628	27448
80962	1105	1167
80963	4702	10116
80964	4727	5246
80965	1110	1971
80966	409	4141
80967	23	2660
80968	16667	28091
80969	35967	56773
80970	1112	1984
80971	1113	1677
80972	411	2452
80973	411	3230
80974	1116	1961
80975	1116	2869
80976	4853	12490
80977	175	4823
80978	1117	1128
80979	414	1758
80980	1118	9201
80981	87	964
80982	4905	6268
80983	14	1896
80984	14	6259
80985	1120	2509
80986	1120	2776
80987	415	1242
80988	87	1952
80989	14	173
80990	4948	15523
80991	4953	11915
80992	416	419
80993	176	851
80994	1122	2471
80995	4955	9448
80996	175	1484
80997	1123	10655
80998	1124	2168
80999	44	123
81000	1125	2515
81001	1126	2469
81002	4971	8605
81003	4975	9152
81004	1128	3465
81005	4988	17836
81006	14	2666
81007	4988	8918
81008	44	187
81009	88	1485
81010	1129	2975
81011	1130	2842
81012	44	4341
81013	5103	6919
81014	14	615
81015	5116	28716
81016	422	1867
81017	179	186
81018	5144	8607
81019	5157	17722
81020	1135	1508
81021	1135	5103
81022	1137	2157
81023	1136	3477
81024	89	358
81025	1138	5108
81026	1139	2955
81027	1140	2989
81028	181	233
81029	426	1890
81030	14	216
81031	5421	13356
81032	5427	6413
81033	181	243
81034	5284	9458
81035	1145	3246
81036	1145	1516
81037	1146	1179
81038	5853	34823
81039	5852	19661
81040	430	1134
81041	183	564
81042	1149	4276
81043	5873	12329
81044	1147	11588
81045	5879	5880
81046	92	194
81047	92	934
81048	5946	6054
81049	1155	4394
81050	5982	7381
81051	5985	11749
81052	1153	3853
81053	6016	35795
81054	6031	6076
81055	1155	2609
81056	434	2601
81057	1156	12128
81058	1156	5264
81059	6113	13276
81060	6143	24330
81061	6131	13032
81062	435	741
81063	1164	2678
81064	6147	9291
81065	1158	2603
81066	185	784
81067	185	2902
81068	185	287
81069	185	1091
81070	1161	4346
81071	1161	3515
81072	6187	7193
81073	1162	2722
81074	1162	2975
81075	1164	1169
81076	6261	8840
81077	6309	29213
81078	92	23538
81079	1165	8620
81080	1164	3243
81081	1166	2145
81082	1167	1844
81083	1167	3642
81084	1167	1993
81085	1168	1948
81086	1168	2149
81087	6456	20399
81088	6480	12599
81089	6487	21456
81090	6486	6984
81091	6487	12610
81092	6511	29302
81093	1171	4999
81094	1169	1754
81095	6590	14986
81096	451	8184
81097	6622	19501
81098	6860	11814
81099	451	9603
81100	6937	8491
81101	6937	15765
81102	6937	8878
81103	1174	3445
81104	6940	18201
81105	457	1272
81106	7007	8843
81107	458	2439
81108	7059	7751
81109	1181	2193
81110	461	515
81111	7236	26242
81112	187	1047
81113	461	612
81114	464	661
81115	7338	25177
81116	7412	9734
81117	1189	1871
81118	466	944
81119	7594	23592
81120	96	417
81121	7631	12939
81122	96	392
81123	7687	16688
81124	7731	13381
81125	189	2803
81126	1198	3009
81127	7745	9598
81128	468	3232
81129	7765	11058
81130	470	717
81131	470	1040
81132	7979	11820
81133	1203	1909
81134	190	1530
81135	1204	1985
81136	473	1016
81137	1205	3531
81138	8360	8520
81139	8363	27416
81140	474	1009
81141	8382	18953
81142	1208	2956
81143	474	2420
81144	475	650
81145	97	938
81146	8413	20720
81147	8432	20720
81148	1208	1426
81149	8432	8893
81150	191	1227
81151	8491	11824
81152	47	489
81153	1216	3330
81154	8497	8813
81155	8499	8884
81156	1221	4446
81157	478	3001
81158	8522	17661
81159	479	1405
81160	1218	3237
81161	1229	1323
81162	8789	12734
81163	8813	11654
81164	98	2600
81165	1226	1244
81166	8886	11555
81167	8886	11821
81168	8889	11648
81169	480	6160
81170	98	1760
81171	8936	27180
81172	481	2902
81173	479	536
81174	9125	18071
81175	1245	5219
81176	9407	9446
81177	1245	1545
81178	1245	6308
81179	48	218
81180	9377	9407
81181	483	4541
81182	1253	1476
81183	9455	9479
81184	9462	11648
81185	9526	27357
81186	487	3802
81187	487	2109
81188	487	4955
81189	198	2789
81190	9806	31991
81191	1253	1901
81192	9979	11893
81193	198	2741
81194	10028	23204
81195	10074	23491
81196	99	2195
81197	10139	23148
81198	489	2087
81199	10386	10387
81200	489	7377
81201	1281	1833
81202	10571	25053
81203	10658	12775
81204	10694	15661
81205	49	608
81206	10946	13792
81207	490	6589
81208	490	1241
81209	11103	12321
81210	1296	4722
81211	99	7205
81212	490	697
81213	11349	13379
81214	11370	11377
81215	490	2469
81216	1296	1333
81217	11520	12609
81218	491	499
81219	99	21082
81220	11647	17592
81221	11654	15606
81222	491	2185
81223	11674	19397
81224	100	317
81225	11702	20284
81226	11746	37940
81227	0	507
81228	11813	12882
81229	11819	17777
81230	492	1939
81231	492	1082
81232	11857	12062
81233	12039	15826
81234	492	4760
81235	492	1389
81236	12439	21525
81237	11562	13378
81238	12583	15516
81239	12553	45114
81240	1326	3784
81241	12613	18151
81242	12693	18492
81243	12733	12789
81244	12739	34580
81245	1329	1879
81246	12350	13016
81247	200	1932
81248	13278	13286
81249	11772	14585
81250	101	1036
81251	13492	17033
81252	496	2900
81253	25	55
81254	1348	1360
81255	25	2511
81256	497	4162
81257	1365	3177
81258	101	518
81259	202	1319
81260	14804	28233
81261	498	1976
81262	14898	14992
81263	499	2509
81264	204	938
81265	500	697
81266	204	489
81267	1382	3823
81268	1382	4136
81269	15660	15716
81270	15651	15770
81271	1384	2451
81272	204	3445
81273	102	2421
81274	15973	16809
81275	502	736
81276	16310	16319
81277	15914	15916
81278	503	2837
81279	208	1103
81280	503	3265
81281	16814	22922
81282	16839	34933
81283	205	2042
81284	205	3020
81285	519	1051
81286	1397	1544
81287	17249	25363
81288	17434	24177
81289	506	701
81290	103	678
81291	506	1306
81292	17495	18145
81293	17610	17612
81294	17928	22892
81295	17948	24753
81296	103	189
81297	507	690
81298	1404	2027
81299	19043	19044
81300	1405	1838
81301	1405	2916
81302	19162	39834
81303	103	509
81304	17120	17251
81305	507	2070
81306	19948	63750
81307	20032	20033
81308	206	3228
81309	20298	26964
81310	509	1286
81311	502	992
81312	20959	28728
81313	21170	21172
81314	21244	32803
81315	21288	23125
81316	21727	21736
81317	22034	22038
81318	23100	28425
81319	23733	34087
81320	24449	28611
81321	24727	32060
81322	24849	50530
81323	24447	24448
81324	25592	25598
81325	25477	45275
81326	1416	1723
81327	511	2127
81328	511	2173
81329	511	10870
81330	1424	2776
81331	25502	25507
81332	1424	3889
81333	27253	34870
81334	27718	41753
81335	27734	31398
81336	28409	62906
81337	515	744
81338	29017	29019
81339	1429	1729
81340	8	345
81341	1430	3061
81342	517	547
81343	35438	36315
81344	1437	2646
81345	519	1009
81346	36940	37760
81347	105	154
81348	1441	4554
81349	1442	3318
81350	520	1054
81351	521	1947
81352	1446	3822
81353	210	1177
81354	522	1680
81355	1455	3320
81356	26	569
81357	54863	54865
81358	522	2601
81359	61337	61339
81360	66852	66853
81361	524	2660
81362	75879	303
81363	106	1602
81364	1466	2799
81365	1466	2089
81366	526	891
81367	75881	2137
81368	75879	220
81369	75881	2105
81370	75882	1437
81371	1467	3405
81372	75884	204
81373	75885	932
81374	1470	2544
81375	1469	7930
81376	526	628
81377	75887	751
81378	75888	23
81379	1473	3718
81380	75889	593
81381	75881	9717
81382	75890	121
81383	75891	363
81384	75892	153
81385	75892	2116
81386	75892	788
81387	75892	5124
81388	75893	15656
81389	213	303
81390	75895	4
81391	107	911
81392	75896	115
81393	1478	2667
81394	75896	131
81395	75896	1677
81396	75897	743
81397	75897	2773
81398	1478	3196
81399	212	281
81400	75897	3691
81401	75899	1119
81402	75902	425
81403	75902	2185
81404	75902	1012
81405	1481	2513
81406	75903	92
81407	75903	296
81408	530	3635
81409	530	3177
81410	107	322
81411	1482	12514
81412	75904	1442
81413	75906	213
81414	530	2601
81415	75896	86
81416	530	5157
81417	54	4498
81418	1486	1601
81419	1486	3404
81420	75909	945
81421	75909	644
81422	75910	2426
81423	75904	75887
81424	75912	3246
81425	75914	158
81426	75915	401
81427	75915	2696
81428	75935	1704
81429	75918	198
81430	75918	143
81431	75925	30
81432	75919	723
81433	54	1978
81434	75921	2975
81435	533	1188
81436	75923	1537
81437	75924	261
81438	534	636
81439	1500	6157
81440	75925	1764
81441	1501	1502
81442	534	1377
81443	1503	3371
81444	534	3590
81445	75931	1942
81446	75932	1080
81447	75935	2205
81448	75940	1748
81449	75936	15756
81450	75941	306
81451	1516	2100
81452	75943	534
81453	75924	1947
81454	75944	397
81455	1517	1628
81456	75946	391
81457	75948	15
81458	1518	2502
81459	75950	898
81460	75952	768
81461	75953	186
81462	75953	487
81463	75956	1158
81464	75956	535
81465	1522	1585
81466	75957	1531
81467	1524	4058
81468	75958	33
81469	75959	6482
81470	75960	1177
81471	75960	1116
81472	75961	755
81473	1525	1841
81474	220	2109
81475	1526	2210
81476	75965	8014
81477	75967	227
81478	1528	7454
81479	75970	783
81480	75971	683
81481	75973	58
81482	75973	2132
81483	541	964
81484	539	1334
81485	75977	939
81486	75976	9099
81487	541	2918
81488	75984	17038
81489	542	4230
81490	542	1628
81491	75993	12734
81492	75993	9109
81493	223	911
81494	75998	13653
81495	76000	651
81496	222	386
81497	76003	751
81498	1543	4823
81499	543	645
81500	76005	389
81501	15	67
81502	76007	1410
81503	1544	3702
81504	76012	5192
81505	76016	202
81506	76017	600
81507	76018	716
81508	546	992
81509	546	2086
81510	223	371
81511	1553	3123
81512	76021	3639
81513	76023	17
81514	1555	12958
81515	76024	3492
81516	76042	76025
81517	547	1534
81518	76036	360
81519	55	2776
81520	1580	1632
81521	550	1764
81522	76051	1513
81523	76055	502
81524	76055	3243
81525	76057	238
81526	1590	2023
81527	229	1548
81528	76065	1018
81529	1590	2875
81530	1591	2554
81531	15	784
81532	76073	736
81533	76075	7242
81534	76075	76030
81535	558	3266
81536	76084	31964
81537	76093	75887
81538	1601	5125
81539	76103	176
81540	559	561
81541	76103	75995
81542	559	992
81543	559	719
81544	76106	4775
81545	559	6446
81546	76112	638
81547	1606	2289
81548	1611	9659
81549	1612	2606
81550	561	1383
81551	1617	3736
81552	1621	2503
81553	76142	758
81554	227	1737
81555	76143	27844
81556	1623	7731
81557	76157	2601
81558	1626	2638
81559	1627	1635
81560	76171	1967
81561	113	507
81562	76176	3448
81563	76183	15523
81564	56	2827
81565	229	769
81566	76189	112
81567	76190	36
81568	76062	76012
81569	1634	12734
81570	229	2632
81571	76197	24933
81572	1613	2717
81573	76193	381
81574	76205	3029
81575	1635	4346
81576	76214	2657
81577	76214	2135
81578	76215	2906
81579	229	1993
81580	76225	138
81581	114	116
81582	76236	398
81583	565	1374
81584	114	1783
81585	114	2510
81586	564	1476
81587	114	530
81588	230	615
81589	566	3929
81590	1657	3177
81591	230	10656
81592	76269	75968
81593	27	1678
81594	567	1375
81595	566	2926
81596	76294	1464
81597	76296	438
81598	230	4311
81599	76303	717
81600	1679	9680
81601	15	2426
81602	76333	76019
81603	76337	1063
81604	76346	249
81605	76359	329
81606	76362	75901
81607	76383	75966
81608	76392	76028
81609	1704	8497
81610	76397	1351
81611	569	737
81612	1708	11520
81613	575	2114
81614	231	15507
81615	576	579
81616	576	8360
81617	231	4125
81618	576	4418
81619	76446	6803
81620	76453	842
81621	76452	548
81622	578	2130
81623	76458	1934
81624	232	285
81625	76468	2897
81626	1739	3228
81627	76502	3020
81628	76510	264
81629	1747	9409
81630	76528	76111
81631	1745	2788
81632	1745	2418
81633	76533	15558
81634	1746	2421
81635	76543	3334
81636	76546	2071
81637	232	2003
81638	76554	4535
81639	76565	777
81640	76566	4971
81641	76571	1641
81642	76574	6187
81643	1752	2869
81644	583	8883
81645	115	3917
81646	76596	4026
81647	593	3464
81648	76614	6585
81649	593	1081
81650	1759	8001
81651	1759	4723
81652	594	2392
81653	1760	1972
81654	28	146
81655	28	539
81656	1768	4814
81657	76742	21783
81658	76744	19321
81659	76749	9201
81660	1778	3656
81661	1778	3822
81662	76877	7729
81663	76906	1081
81664	234	4292
81665	598	1542
81666	76870	29506
81667	1783	2210
81668	58	490
81669	76980	3000
81670	77005	12292
81671	77243	21762
81672	77033	2864
81673	1789	2684
81674	1789	3596
81675	236	633
81676	236	1062
81677	77156	3236
81678	77067	27595
81679	601	610
81680	601	3256
81681	237	464
81682	237	492
81683	77256	8893
81684	77290	43285
81685	77282	76167
81686	77281	3428
81687	77298	2714
81688	58	291
81689	602	1542
81690	1811	4325
81691	602	4988
81692	77359	12902
81693	77548	18055
81694	77444	3061
81695	603	9109
81696	604	1110
81697	118	220
81698	77440	3600
81699	1816	2533
81700	77562	9026
81701	77647	2219
81702	77676	34280
81703	77728	76332
81704	77733	76717
81705	1821	3804
81706	1823	1825
81707	77857	12410
81708	77840	25521
81709	77918	3446
81710	77998	417
81711	1825	4593
81712	78055	5961
81713	78090	12468
81714	78107	3714
81715	1825	4464
81716	78163	12670
81717	240	914
81718	240	311
81719	1827	2963
81720	29	141
81721	78373	32532
81722	78454	18120
81723	78433	12460
81724	78443	4880
81725	78448	77949
81726	609	3927
81727	1831	2391
81728	1831	2163
81729	609	2158
81730	78665	30347
81731	78667	7932
81732	1831	3978
81733	241	2609
81734	78796	1697
81735	78799	40198
81736	79086	12483
81737	79120	77727
81738	79219	3122
81739	79238	41514
81740	79262	639
81741	79267	77070
81742	79268	26557
81743	79269	20323
81744	1838	2741
81745	79597	31865
81746	79667	15050
81747	79663	2842
81748	611	1616
81749	79849	77923
81750	79871	23706
81751	79889	3432
81752	1841	2761
81753	80272	13519
81754	80398	39696
81755	1844	5144
81756	59	1456
81757	612	1985
81758	1867	4274
81759	1867	1928
81760	243	652
81761	615	1066
81762	615	7729
81763	1893	3330
81764	29	1189
81765	1890	4554
81766	1895	15504
81767	248	3853
81768	121	3310
81769	249	3325
81770	1930	3065
81771	1901	2928
81772	250	1060
81773	1933	4111
81774	250	277
81775	623	2100
81776	1934	4625
81777	624	943
81778	1936	5129
81779	250	924
81780	625	1850
81781	1941	2688
81782	1941	2955
81783	1948	8496
81784	1944	2978
81785	16	135
81786	1949	2188
81787	16	3065
81788	1948	22252
81789	253	3933
81790	1939	3024
81791	254	3252
81792	629	2921
81793	1954	4345
81794	1960	2188
81795	1960	2122
81796	16	293
81797	631	1010
81798	631	2761
81799	632	663
81800	632	2916
81801	1966	1984
81802	1967	4988
81803	61	945
81804	61	2671
81805	1974	4393
81806	1976	2666
81807	1977	4303
81808	124	2168
81809	1981	3594
81810	1980	4180
81811	1980	7531
81812	124	433
81813	1985	2076
81814	269	2119
81815	643	1414
81816	641	8684
81817	1990	2743
81818	1994	3255
81819	1992	8560
81820	61	1721
81821	1999	16348
81822	2003	2763
81823	647	4276
81824	2004	15606
81825	2011	2160
81826	272	690
81827	649	1198
81828	649	3032
81829	126	1677
81830	2030	2088
81831	650	682
81832	273	1016
81833	273	1781
81834	126	8506
81835	653	1784
81836	274	2474
81837	2075	2872
81838	2075	2189
81839	654	660
81840	2078	2158
81841	2081	6407
81842	275	2875
81843	2081	4085
81844	286	2600
81845	2085	2167
81846	2087	2469
81847	276	3404
81848	128	467
81849	662	2722
81850	128	4720
81851	2098	11808
81852	128	3542
81853	31	98
81854	31	120
81855	31	68
81856	665	946
81857	2101	17071
81858	2104	3826
81859	2107	10138
81860	31	1679
81861	278	643
81862	278	2974
81863	668	3228
81864	671	1841
81865	278	1523
81866	2119	4120
81867	2098	5953
81868	2122	2231
81869	2122	17119
81870	2124	2887
81871	130	2110
81872	2137	2510
81873	280	1364
81874	131	1956
81875	2129	6446
81876	2124	5144
81877	677	3791
81878	131	1283
81879	2137	3875
81880	2136	2650
81881	2139	5772
81882	2139	17302
81883	283	3881
81884	283	1016
81885	2145	3192
81886	683	697
81887	2154	9630
81888	132	500
81889	132	1144
81890	64	2921
81891	2166	2188
81892	132	321
81893	688	2645
81894	2170	3453
81895	2168	8900
81896	2173	2975
81897	693	813
81898	2189	4207
81899	693	2118
81900	694	739
81901	286	826
81902	695	1981
81903	695	2720
81904	2209	3427
81905	2216	8499
81906	2212	7535
81907	2213	11528
81908	288	2195
81909	2216	4202
81910	2217	8378
81911	2217	6744
81912	133	2997
81913	698	1014
81914	2221	2697
81915	2224	5075
81916	2225	3584
81917	2226	2289
81918	2227	2518
81919	134	3272
81920	290	943
81921	2237	6151
81922	291	806
81923	2244	6313
81924	291	735
81925	703	3065
81926	2254	12975
81927	135	1729
81928	2256	4347
81929	135	1429
81930	706	1070
81931	2277	8354
81932	2277	4262
81933	67	74
81934	709	2512
81935	2296	9141
81936	711	2776
81937	293	325
81938	293	476
81939	294	2646
81940	293	17114
81941	10	170
81942	294	1108
81943	2219	6138
81944	67	746
81945	137	3061
81946	2426	24732
81947	2439	2447
81948	137	1129
81949	10	1140
81950	2469	3949
81951	296	3779
81952	18	1323
81953	2495	3451
81954	2496	11416
81955	729	1383
81956	731	1599
81957	2511	2552
81958	140	1063
81959	2494	3988
81960	2518	2668
81961	2517	4345
81962	735	1752
81963	301	864
81964	736	2657
81965	69	310
81966	738	2745
81967	2544	2883
81968	2547	4768
81969	741	2732
81970	303	2474
81971	304	1016
81972	141	269
81973	746	2212
81974	746	3594
81975	746	1530
81976	2609	2932
81977	2609	8681
81978	748	5838
81979	2615	3672
81980	141	2956
81981	751	1500
81982	306	2649
81983	306	4498
81984	70	1103
81985	35	249
81986	756	4438
81987	2646	4960
81988	2647	2668
81989	2648	5763
81990	2649	4549
81991	142	330
81992	763	4604
81993	2660	2924
81994	2660	3595
81995	763	2902
81996	2664	3783
81997	35	4341
81998	311	671
81999	2667	2876
82000	2675	2798
82001	2678	4388
82002	2678	5117
82003	770	839
82004	315	1101
82005	144	215
82006	71	272
82007	20	47
82008	777	1022
82009	317	1677
82010	2720	2974
82011	779	2874
82012	2741	10336
82013	2742	3405
82014	2743	7580
82015	2743	14852
82016	2743	15531
82017	2743	3093
82018	785	956
82019	2753	2869
82020	321	1870
82021	2776	8510
82022	321	503
82023	322	1896
82024	36	157
82025	2787	4887
82026	20	79
82027	322	1167
82028	147	430
82029	798	3162
82030	323	649
82031	323	422
82032	323	535
82033	323	611
82034	799	2141
82035	2805	4058
82036	323	2867
82037	73	1867
82038	73	174
82039	2850	12987
82040	806	3281
82041	325	1138
82042	2868	8524
82043	2870	4150
82044	2870	7047
82045	2870	3252
82046	2874	3802
82047	2874	4662
82048	36	2136
82049	150	292
82050	2916	4346
82051	2916	4960
82052	150	952
82053	330	3618
82054	2926	3600
82055	333	891
82056	334	2213
82057	2968	7617
82058	335	2518
82059	850	10344
82060	73	2125
82061	2993	8918
82062	2987	4831
82063	2999	3571
82064	2977	4082
82065	866	2103
82066	337	435
82067	337	734
82068	338	3917
82069	3027	7385
82070	892	3817
82071	3045	3727
82072	74	4059
82073	3058	7740
82074	897	1265
82075	3089	21889
82076	911	2830
82077	912	955
82078	75	777
82079	3155	4230
82080	38	1283
82081	345	1016
82082	344	3875
82083	920	4262
82084	3196	6161
82085	924	1495
82086	155	3108
82087	75	1255
82088	347	540
82089	3233	3569
82090	347	887
82091	39	53
82092	2	63
82093	3247	8514
82094	934	2608
82095	39	834
82096	39	161
82097	3251	5913
82098	3258	9247
82099	3297	3768
82100	3304	5868
82101	157	368
82102	21	633
82103	3319	17030
82104	945	2515
82105	3330	10888
82106	952	9408
82107	3425	20783
82108	954	4662
82109	158	1537
82110	12	806
82111	3464	18200
82112	3465	9610
82113	957	3444
82114	159	309
82115	3478	6253
82116	962	1867
82117	3486	3506
82118	360	1191
82119	78	540
82120	3498	3499
82121	957	3243
82122	968	2078
82123	3506	4853
82124	972	5021
82125	40	540
82126	972	3858
82127	40	1815
82128	160	2421
82129	3540	9289
82130	981	3971
82131	363	380
82132	363	4557
82133	3559	8397
82134	989	4793
82135	363	1050
82136	992	1978
82137	3595	5284
82138	3595	3981
82139	3600	4453
82140	3598	11784
82141	1002	1781
82142	3602	4615
82143	364	649
82144	3633	3932
82145	3635	7747
82146	3245	4948
82147	3639	11057
82148	162	733
82149	22	86
82150	365	2570
82151	3669	5119
82152	162	4649
82153	1016	1516
82154	1016	2027
82155	3718	4276
82156	368	4340
82157	3707	13300
82158	22	2778
82159	1018	3479
82160	163	3318
82161	162	2519
82162	3727	20907
82163	163	8367
82164	370	1411
82165	1026	1051
82166	1026	2170
82167	1026	3890
82168	3802	4451
82169	3822	5126
82170	81	111
82171	1036	2042
82172	164	838
82173	165	200
82174	1028	9032
82175	372	529
82176	372	1242
82177	3890	3895
82178	1038	2106
82179	1040	4856
82180	3922	4284
82181	1043	6154
82182	3979	3988
82183	3978	4136
82184	1051	2104
82185	1057	1794
82186	4076	8889
82187	4085	4098
82188	1059	1202
82189	4122	14576
82190	4125	6383
82191	1064	1736
82192	1064	1227
82193	4140	17727
82194	4143	21706
82195	4187	12679
82196	171	4112
82197	4218	11647
82198	170	662
82199	170	507
82200	387	1124
82201	387	5858
82202	4230	6407
82203	4275	13382
82204	1077	11077
82205	389	1016
82206	7	35
82207	4280	7296
82208	23	131
82209	4281	9275
82210	1078	1102
82211	389	2018
82212	391	1871
82213	4341	5195
82214	1083	9811
82215	172	519
82216	172	631
82217	173	433
82218	401	1091
82219	173	4435
82220	4459	6999
82221	4463	6680
82222	4455	21769
82223	86	435
82224	405	2950
82225	4597	5128
82226	14	23
82227	407	4379
82228	1108	1186
82229	23	2632
82230	14	60
82231	174	2958
82232	1112	2537
82233	1112	3877
82234	10537	25021
82235	37784	37794
82236	23951	23952
82237	27167	33008
82238	27967	27969
82239	31829	31841
82240	39938	39943
82241	1112	2685
82242	4796	6716
82243	1115	1139
82244	4813	7570
82245	4813	6269
82246	1115	1428
82247	4822	7430
82248	7	1061
82249	1115	2203
82250	14	1516
82251	4828	9690
82252	1115	2289
82253	4846	10420
82254	1116	1832
82255	175	785
82256	1115	4764
82257	413	887
82258	175	3555
82259	1118	2003
82260	413	1014
82261	14	149
82262	4928	16218
82263	176	1135
82264	4938	5910
82265	283	413
82266	415	783
82267	43	892
82268	4953	8510
82269	4953	7535
82270	1121	4451
82271	4953	11760
82272	1122	2788
82273	1122	3474
82274	1121	1466
82275	1123	3319
82276	1123	2119
82277	4960	6190
82278	1123	16244
82279	4964	17431
82280	4964	19036
82281	1124	4415
82282	14	380
82283	1128	1245
82284	4971	9184
82285	4974	23113
82286	44	150
82287	1128	2146
82288	1128	1169
82289	4975	6253
82290	14	2509
82291	14	563
82292	177	1089
82293	88	245
82294	14	566
82295	14	1789
82296	88	172
82297	177	1745
82298	5003	5038
82299	5022	5024
82300	5034	10664
82301	420	1901
82302	1131	1206
82303	5072	9193
82304	44	1815
82305	1132	2791
82306	1132	1582
82307	5111	5117
82308	23	1622
82309	1133	3009
82310	1133	8938
82311	14	2515
82312	14	3104
82313	1133	6803
82314	1134	4162
82315	1134	11824
82316	1132	2924
82317	5129	8338
82318	179	405
82319	422	535
82320	1134	5901
82321	179	203
82322	422	3001
82323	5144	8499
82324	5145	6177
82325	5151	8878
82326	5157	6051
82327	5157	8506
82328	1136	1841
82329	5162	7653
82330	5202	14825
82331	5179	19523
82332	420	1773
82333	89	1050
82334	5237	7160
82335	5237	12225
82336	180	4120
82337	1139	2867
82338	1139	4150
82339	5260	20536
82340	1139	1143
82341	23	3335
82342	1140	1974
82343	88	380
82344	5300	10624
82345	181	506
82346	181	2554
82347	1141	9409
82348	1141	1502
82349	1137	12607
82350	1141	2649
82351	1140	3243
82352	5428	7233
82353	427	1188
82354	5541	16316
82355	5544	31674
82356	1143	2249
82357	1168	1221
82358	5718	9035
82359	1144	2001
82360	1144	3102
82361	1144	9409
82362	5778	12593
82363	5783	9155
82364	181	1612
82365	1145	1161
82366	5853	25645
82367	1144	13448
82368	429	1523
82369	1145	2426
82370	5867	9526
82371	1148	1985
82372	1145	4948
82373	5876	5877
82374	183	2872
82375	1148	3744
82376	430	475
82377	1143	2600
82378	45	132
82379	430	2511
82380	92	104
82381	1149	2039
82382	5938	10425
82383	5964	7040
82384	1150	1211
82385	430	10393
82386	1151	3594
82387	183	567
82388	5952	6553
82389	45	957
82390	1151	3007
82391	5965	7223
82392	92	2146
82393	1152	6303
82394	433	443
82395	433	530
82396	5985	8884
82397	5986	13836
82398	433	2113
82399	5903	25121
82400	6031	6158
82401	6031	16047
82402	433	2794
82403	1153	3924
82404	1154	4646
82405	1154	4115
82406	6050	14606
82407	1154	2875
82408	434	3113
82409	6051	8491
82410	6051	9789
82411	6054	11814
82412	1155	2149
82413	1155	3026
82414	434	799
82415	1156	6397
82416	1157	2672
82417	6129	12583
82418	6133	10655
82419	6133	21321
82420	435	1677
82421	1159	2956
82422	1159	5783
82423	1159	1508
82424	6154	6407
82425	6162	7617
82426	1160	3657
82427	185	317
82428	185	2158
82429	5264	12128
82430	1161	11555
82431	6166	8499
82432	1161	4111
82433	1161	2865
82434	6184	6590
82435	6184	18009
82436	437	1745
82437	1162	1992
82438	6231	7833
82439	6253	8885
82440	1162	3526
82441	1163	1960
82442	6259	7023
82443	6259	16742
82444	185	6446
82445	45	2169
82446	93	205
82447	6322	7619
82448	93	137
82449	185	2136
82450	6323	16998
82451	1165	2866
82452	439	2435
82453	440	842
82454	6383	15523
82455	6388	10664
82456	6397	6686
82457	6407	9791
82458	442	774
82459	1168	7597
82460	1168	2706
82461	443	1282
82462	6461	6463
82463	443	939
82464	6463	17306
82465	6475	15525
82466	6476	7979
82467	1169	3449
82468	1170	1479
82469	6517	25827
82470	6544	15551
82471	6562	18725
82472	6567	27844
82473	6565	27437
82474	186	3444
82475	185	4557
82476	1172	7193
82477	6681	18458
82478	6686	12601
82479	6711	17252
82480	94	138
82481	1174	1990
82482	6840	12661
82483	1174	1503
82484	1174	6589
82485	6937	8918
82486	6829	7201
82487	456	1997
82488	6847	12864
82489	6845	11148
82490	1176	1456
82491	24	717
82492	6913	10956
82493	6919	11296
82494	24	86
82495	456	737
82496	1177	1752
82497	456	750
82498	46	72
82499	1177	14802
82500	1177	2721
82501	24	49
82502	1178	1786
82503	1178	2524
82504	46	83
82505	456	2660
82506	1178	1599
82507	457	693
82508	7047	11888
82509	7220	10430
82510	7220	17018
82511	7254	12736
82512	7246	7766
82513	187	634
82514	7279	7283
82515	1185	1525
82516	24	369
82517	7377	8395
82518	7382	7383
82519	7431	16365
82520	7523	8605
82521	1188	4340
82522	188	833
82523	1188	3092
82524	7525	8489
82525	7527	20746
82526	466	1249
82527	1190	4026
82528	7602	16673
82529	7621	7942
82530	189	3599
82531	7617	16692
82532	7621	10652
82533	7657	16738
82534	7693	18126
82535	189	5158
82536	1197	2605
82537	466	1265
82538	7733	11555
82539	7733	8511
82540	7738	13491
82541	7740	11056
82542	7745	17018
82543	1198	2202
82544	7747	8884
82545	7747	11647
82546	1198	1623
82547	7752	18004
82548	7756	16674
82549	7751	8312
82550	1198	11824
82551	1201	1547
82552	1201	4887
82553	470	1028
82554	7962	9598
82555	7981	11537
82556	96	1657
82557	1203	2705
82558	190	373
82559	8164	25531
82560	8211	37100
82561	8305	18593
82562	1204	9398
82563	8338	14852
82564	1205	2634
82565	24	5075
82566	8354	15756
82567	8354	16253
82568	47	297
82569	8360	8920
82570	8367	8863
82571	8363	8982
82572	1206	1860
82573	1208	1451
82574	475	1180
82575	8459	10636
82576	97	168
82577	1214	1622
82578	1214	2193
82579	1217	1932
82580	475	481
82581	476	1621
82582	479	2727
82583	8499	9789
82584	1219	1999
82585	1219	3228
82586	1219	4340
82587	8506	31864
82588	478	566
82589	8514	9104
82590	8499	9448
82591	8514	15536
82592	8522	11473
82593	8523	21984
82594	192	397
82595	1223	3959
82596	8537	11643
82597	97	243
82598	1226	1249
82599	1226	3917
82600	8601	8607
82601	8605	8884
82602	489	2503
82603	8620	37456
82604	8660	33837
82605	8622	17606
82606	8687	27475
82607	1218	1774
82608	1231	2832
82609	8849	8921
82610	8869	18791
82611	1233	3108
82612	8866	12908
82613	8889	15523
82614	8918	15507
82615	8918	15531
82616	8936	9039
82617	1240	14814
82618	8972	17054
82619	481	955
82620	481	7930
82621	194	812
82622	1243	3816
82623	9103	16841
82624	9107	9751
82625	9108	17846
82626	9116	18893
82627	9160	12500
82628	98	2113
82629	195	17039
82630	196	1051
82631	484	6052
82632	1252	1338
82633	9413	9883
82634	9445	23910
82635	196	208
82636	1255	2686
82637	9462	11824
82638	1256	4253
82639	1257	4250
82640	9481	22402
82641	9499	11654
82642	484	1605
82643	98	100
82644	99	1454
82645	99	2833
82646	9712	25250
82647	9717	15656
82648	9721	35904
82649	1269	16358
82650	198	200
82651	199	439
82652	488	703
82653	99	1104
82654	9908	12581
82655	9942	25062
82656	9986	36898
82657	1272	1273
82658	9462	13380
82659	198	746
82660	10336	24441
82661	10368	22765
82662	489	530
82663	49	519
82664	10437	20765
82665	10452	39068
82666	10406	16020
82667	10518	10851
82668	489	2173
82669	1282	1414
82670	10657	10660
82671	10663	10667
82672	489	8427
82673	10679	17558
82674	49	366
82675	10762	17418
82676	10863	17018
82677	10867	17048
82678	10908	32608
82679	11000	27428
82680	199	713
82681	1292	12078
82682	11237	16947
82683	11290	15995
82684	490	2141
82685	11375	11387
82686	199	3182
82687	11470	21892
82688	0	2820
82689	491	3595
82690	11601	27442
82691	496	703
82692	491	2076
82693	1299	3880
82694	11647	37076
82695	11698	11725
82696	200	213
82697	491	2662
82698	11821	15533
82699	11824	20569
82700	1312	2934
82701	11900	29676
82702	11850	23034
82703	12323	27626
82704	12510	25862
82705	100	711
82706	493	4446
82707	12607	18128
82708	12597	17495
82709	1327	2066
82710	201	1516
82711	494	542
82712	201	349
82713	13032	27905
82714	494	953
82715	201	370
82716	1338	4073
82717	13032	15517
82718	495	1781
82719	201	715
82720	495	2544
82721	1340	3953
82722	13653	17112
82723	13448	16313
82724	495	685
82725	13557	43659
82726	496	2068
82727	496	1994
82728	25	94
82729	25	136
82730	25	569
82731	1351	4262
82732	101	1893
82733	497	564
82734	100	121
82735	50	1176
82736	497	1508
82737	1365	1947
82738	1365	2158
82739	50	643
82740	1368	2177
82741	50	344
82742	498	4140
82743	14537	14972
82744	1372	6111
82745	14656	15977
82746	498	2649
82747	14714	14715
82748	203	464
82749	1375	3531
82750	15022	23195
82751	15064	15160
82752	15041	30759
82753	14873	30777
82754	1379	5240
82755	1379	2936
82756	499	1987
82757	204	214
82758	500	2104
82759	1382	1928
82760	12881	18138
82761	15559	19500
82762	15688	18334
82763	15703	18457
82764	1384	7747
82765	15757	27664
82766	1388	4275
82767	15831	34366
82768	16031	30288
82769	1387	2934
82770	502	666
82771	502	1867
82772	16317	17016
82773	1389	3611
82774	16435	17424
82775	502	9526
82776	16815	20368
82777	205	384
82778	16842	26250
82779	17028	17040
82780	103	1176
82781	1397	2619
82782	1396	1747
82783	50	3451
82784	205	3778
82785	17422	18168
82786	17425	33166
82787	506	1019
82788	17422	21588
82789	17017	21842
82790	17572	44588
82791	103	1931
82792	17959	26518
82793	18128	20020
82794	18148	18149
82795	18169	18172
82796	1402	2426
82797	2	4136
82798	18558	28109
82799	18815	19020
82800	1404	1741
82801	18977	39361
82802	507	755
82803	19021	23723
82804	19075	19710
82805	19260	20732
82806	19321	28907
82807	19506	19578
82808	19518	23010
82809	19521	22282
82810	19543	19544
82811	19660	22352
82812	206	311
82813	103	1999
82814	20000	38981
82815	508	5837
82816	11811	14589
82817	509	962
82818	21427	24218
82819	509	3106
82820	21532	21533
82821	21582	24323
82822	21591	27133
82823	206	2902
82824	21724	21728
82825	21896	30044
82826	22089	22091
82827	21672	21677
82828	1413	1871
82829	510	2827
82830	1413	1821
82831	22457	24303
82832	22571	22756
82833	1414	2419
82834	24019	24024
82835	23940	47289
82836	24721	24727
82837	16995	22133
82838	24730	31339
82839	25305	28798
82840	25540	25542
82841	1420	1871
82842	1420	2193
82843	207	285
82844	8	200
82845	51	204
82846	512	616
82847	51	102
82848	26476	26478
82849	26555	29214
82850	512	4393
82851	512	4132
82852	27131	27135
82853	27705	27706
82854	27447	27449
82855	27888	50000
82856	28347	28350
82857	208	1867
82858	28616	44741
82859	28709	30810
82860	515	663
82861	1428	3181
82862	1428	2137
82863	32003	48882
82864	32126	32127
82865	516	2163
82866	517	9790
82867	1430	2702
82868	32804	39494
82869	1430	3982
82870	1433	6059
82871	34657	39285
82872	1437	2123
82873	519	2776
82874	1438	4196
82875	209	788
82876	36314	43243
82877	36486	36487
82878	105	410
82879	36751	36752
82880	1442	2122
82881	38706	52266
82882	39833	39836
82883	1442	3617
82884	1444	2526
82885	41169	41170
82886	41924	44980
82887	520	1056
82888	1446	1819
82889	521	3515
82890	1448	12383
82891	50316	50318
82892	210	962
82893	26	35
82894	54869	54870
82895	1454	1929
82896	522	7160
82897	63754	63756
82898	75879	480
82899	75879	1091
82900	524	866
82901	524	2471
82902	106	1497
82903	53	190
82904	75880	383
82905	75880	1244
82906	75880	771
82907	211	1411
82908	75880	1311
82909	27	363
82910	526	739
82911	526	957
82912	75881	718
82913	1466	4992
82914	75882	148
82915	1467	3113
82916	75883	134
82917	75883	479
82918	1468	2685
82919	75884	478
82920	75884	62
82921	75884	133
82922	1470	2720
82923	75881	4311
82924	1470	3895
82925	75887	114
82926	75888	1115
82927	75889	10656
82928	75888	1758
82929	1474	7979
82930	1474	18127
82931	1475	5260
82932	529	1124
82933	75893	9020
82934	1476	3002
82935	75894	2518
82936	75894	5102
82937	529	3256
82938	529	2256
82939	75895	274
82940	107	534
82941	75895	1070
82942	75896	148
82943	213	318
82944	1478	2518
82945	1478	2865
82946	1479	12736
82947	54	325
82948	75902	2720
82949	75903	212
82950	530	1948
82951	1482	6074
82952	75903	1103
82953	75903	1090
82954	75902	387
82955	530	1677
82956	107	1912
82957	75906	299
82958	75907	13275
82959	75882	2776
82960	75908	4340
82961	530	4180
82962	75910	124
82963	75910	568
82964	75911	1070
82965	1488	3594
82966	75914	425
82967	531	543
82968	75917	252
82969	1496	3979
82970	75923	300
82971	75918	3727
82972	216	383
82973	216	5909
82974	75920	2277
82975	75921	4311
82976	216	1179
82977	75922	351
82978	75924	357
82979	75925	6
82980	75925	768
82981	75927	661
82982	534	656
82983	75928	338
82984	108	204
82985	1502	1601
82986	1502	2205
82987	534	1826
82988	1503	3538
82989	75931	334
82990	75930	2200
82991	1500	12506
82992	75934	267
82993	75933	1182
82994	75935	2788
82995	1509	2116
82996	75938	535
82997	75940	4230
82998	75940	2685
82999	1515	1584
83000	536	851
83001	1516	1896
83002	75943	1104
83003	536	4076
83004	75944	1549
83005	536	6475
83006	1517	9597
83007	75945	2151
83008	75945	121
83009	219	531
83010	75946	568
83011	75948	4535
83012	219	295
83013	75949	6714
83014	75950	69
83015	75951	964
83016	75951	1111
83017	75952	272
83018	75952	164
83019	75952	368
83020	1521	2667
83021	75953	2974
83022	75953	8482
83023	75954	2928
83024	75954	1417
83025	75955	3600
83026	75955	15977
83027	1521	2678
83028	75956	2999
83029	220	363
83030	220	594
83031	220	717
83032	75960	12748
83033	220	788
83034	75961	3949
83035	75962	518
83036	539	925
83037	75964	351
83038	220	6187
83039	540	2091
83040	75965	692
83041	1528	7160
83042	1528	2178
83043	75967	3341
83044	75968	4513
83045	540	656
83046	1530	7730
83047	109	671
83048	540	1078
83049	75970	1862
83050	75971	4986
83051	541	1814
83052	75974	3230
83053	109	2924
83054	1530	2928
83055	75976	6463
83056	75980	114
83057	75982	1492
83058	75982	4203
83059	1534	2733
83060	75985	522
83061	75985	4760
83062	75979	1048
83063	1535	3032
83064	542	1737
83065	75989	233
83066	75989	3044
83067	55	1120
83068	1536	9780
83069	75992	75912
83070	75994	1017
83071	55	2230
83072	75994	3408
83073	75995	143
83074	55	3245
83075	75998	3744
83076	1541	2653
83077	75999	1072
83078	76000	169
83079	76002	1737
83080	76003	1091
83081	76008	4150
83082	222	3584
83083	1547	4934
83084	546	6382
83085	76018	467
83086	27	519
83087	27	1677
83088	76028	370
83089	76029	3635
83090	15	2537
83091	1564	2960
83092	76035	76005
83093	223	1875
83094	547	3515
83095	55	4118
83096	548	753
83097	1580	2151
83098	76041	773
83099	76040	2533
83100	76042	839
83101	76042	1947
83102	76032	3029
83103	76046	84
83104	76046	1436
83105	76047	229
83106	76050	599
83107	76004	6859
83108	1582	1634
83109	76053	3251
83110	76054	4293
83111	76057	722
83112	551	2477
83113	76059	3032
83114	225	1558
83115	76062	4461
83116	76068	8793
83117	76066	1502
83118	1590	2778
83119	15	150
83120	76071	3515
83121	112	349
83122	557	2749
83123	76074	1027
83124	226	746
83125	76080	2720
83126	76078	13283
83127	76083	7256
83128	76086	3702
83129	76088	2544
83130	558	1066
83131	76090	2507
83132	1601	2180
83133	76090	643
83134	1591	2788
83135	558	2221
83136	558	2646
83137	1601	4859
83138	226	2185
83139	76096	1119
83140	76099	5157
83141	76101	2688
83142	226	6091
83143	76098	76044
83144	76049	7199
83145	559	697
83146	76107	4058
83147	76108	11522
83148	76113	676
83149	76116	7383
83150	76120	1918
83151	559	4807
83152	76121	114
83153	1612	4668
83154	76124	13380
83155	76125	7961
83156	76129	951
83157	1619	7302
83158	76140	3249
83159	563	1961
83160	76138	3444
83161	76146	255
83162	76152	8510
83163	114	231
83164	76143	12882
83165	76163	5236
83166	76116	2082
83167	228	382
83168	1627	6259
83169	76169	623
83170	56	286
83171	56	1014
83172	76173	18165
83173	76176	1479
83174	563	1433
83175	76182	614
83176	1633	2510
83177	563	4287
83178	229	294
83179	563	2135
83180	1633	2133
83181	1634	3275
83182	229	1801
83183	1634	3669
83184	56	351
83185	76195	2811
83186	76195	1495
83187	564	3104
83188	559	1149
83189	1635	2632
83190	1634	2600
83191	76231	2265
83192	76229	69
83193	565	637
83194	565	3186
83195	565	2471
83196	76239	75988
83197	1647	4826
83198	114	1463
83199	566	1143
83200	1657	2497
83201	76263	147
83202	230	2869
83203	76275	75905
83204	76277	163
83205	1677	2660
83206	230	8491
83207	230	2023
83208	567	1162
83209	230	2167
83210	76286	608
83211	76293	31968
83212	76300	76217
83213	76302	116
83214	1677	2614
83215	76308	1985
83216	568	946
83217	76312	1158
83218	76316	9
83219	568	3949
83220	566	3531
83221	1678	2690
83222	76329	18190
83223	76336	7619
83224	76336	76015
83225	76341	13379
83226	76339	58
83227	567	1773
83228	76348	1340
83229	76351	10846
83230	1682	2416
83231	76360	391
83232	569	4026
83233	76373	72
83234	1548	7040
83235	76380	72
83236	230	8921
83237	76380	811
83238	1701	3862
83239	1701	3226
83240	76350	24928
83241	1704	2001
83242	1703	2974
83243	76371	14852
83244	1704	3927
83245	76394	2968
83246	57	142
83247	231	618
83248	76403	600
83249	76412	13379
83250	1714	2416
83251	76428	1728
83252	114	2942
83253	1715	11787
83254	1726	3271
83255	76453	17123
83256	76459	1985
83257	578	3802
83258	578	8500
83259	76489	8620
83260	1741	4051
83261	76495	6
83262	115	136
83263	115	142
83264	76513	2090
83265	579	4446
83266	76521	7261
83267	76531	6405
83268	76539	75882
83269	76458	595
83270	1747	3822
83271	76562	1451
83272	583	6409
83273	76573	1446
83274	76587	92
83275	1752	1814
83276	76588	51
83277	76609	76389
83278	76608	1020
83279	76611	2978
83280	76647	14658
83281	76648	76447
83282	115	520
83283	594	1817
83284	594	2842
83285	594	3596
83286	1762	14577
83287	1760	3474
83288	28	162
83289	1763	2846
83290	76724	8460
83291	76736	2936
83292	233	333
83293	595	1154
83294	76770	76491
83295	28	955
83296	1778	5102
83297	28	832
83298	76829	6339
83299	1775	2003
83300	76852	9156
83301	76865	3806
83302	76872	76174
83303	58	1867
83304	116	227
83305	598	1018
83306	76917	16122
83307	1783	2104
83308	58	1677
83309	1768	2919
83310	598	1984
83311	76977	7302
83312	76996	2088
83313	600	9376
83314	77001	766
83315	77014	7852
83316	77016	20664
83317	77029	10670
83318	77038	3643
83319	77036	9294
83320	77066	13275
83321	77063	76876
83322	77062	76762
83323	77068	19345
83324	77083	2905
83325	77098	13200
83326	77114	2469
83327	77144	20896
83328	77155	20210
83329	77132	7862
83330	1783	1813
83331	601	2096
83332	77199	3988
83333	601	1737
83334	77218	14600
83335	77269	76261
83336	77290	27048
83337	77294	37519
83338	4	246
83339	77362	7891
83340	77401	8789
83341	1813	2468
83342	238	2090
83343	58	758
83344	1814	4283
83345	77439	4280
83346	77505	6152
83347	77515	24922
83348	118	465
83349	77537	76484
83350	1816	2300
83351	118	245
83352	1817	2212
83353	77671	2066
83354	605	4810
83355	239	2660
83356	605	2199
83357	77782	20401
83358	77787	69
83359	77873	43229
83360	77886	1720
83361	1823	21770
83362	77895	12886
83363	77909	76341
83364	77921	76291
83365	78050	4694
83366	59	1010
83367	78065	16998
83368	59	292
83369	78105	22272
83370	78103	11360
83371	78167	18359
83372	1826	1974
83373	78266	20960
83374	78358	34695
83375	78355	11287
83376	78369	45817
83377	78441	77152
83378	78465	19667
83379	119	123
83380	1829	3405
83381	119	1679
83382	609	1014
83383	78542	21304
83384	119	380
83385	1831	2929
83386	78651	10379
83387	78646	10679
83388	78653	43284
83389	78678	78110
83390	78685	77022
83391	78689	31833
83392	78695	40425
83393	78789	3639
83394	78797	22297
83395	78792	13333
83396	78802	29713
83397	78800	26529
83398	78941	4822
83399	79010	7439
83400	78963	4537
83401	79030	76889
83402	79121	31868
83403	79133	37392
83404	79194	77180
83405	79255	13403
83406	79234	78666
83407	79235	4780
83408	79249	77275
83409	79259	78177
83410	79264	10078
83411	79288	4323
83412	79465	10595
83413	79560	8636
83414	79574	6597
83415	79632	40754
83416	79647	8951
83417	611	2124
83418	79656	23292
83419	79660	78075
83420	79683	28525
83421	79834	78924
83422	611	2391
83423	79856	28231
83424	79854	23280
83425	79858	18990
83426	79861	8434
83427	79860	12486
83428	79974	15726
83429	611	1789
83430	80056	76111
83431	80121	24335
83432	80273	21847
83433	80328	16780
83434	80394	44748
83435	80388	25464
83436	80389	33472
83437	80396	26831
83438	80408	24921
83439	80469	8769
83440	80549	3709
83441	80629	3756
83442	80630	50556
83443	80845	2367
83444	80969	6417
83445	81078	79870
83446	613	3013
83447	81236	4183
83448	81324	80136
83449	612	2100
83450	612	1245
83451	612	955
83452	1867	1973
83453	614	2152
83454	614	3802
83455	245	964
83456	245	345
83457	9	126
83458	120	3553
83459	615	2510
83460	120	6374
83461	615	10660
83462	247	262
83463	614	1123
83464	1896	5260
83465	1896	4140
83466	616	2154
83467	1896	2435
83468	617	2866
83469	617	4276
83470	248	2178
83471	9	2916
83472	248	6024
83473	1901	2027
83474	249	383
83475	621	5140
83476	622	1470
83477	60	558
83478	249	373
83479	1928	4554
83480	622	703
83481	60	2509
83482	1933	9291
83483	1937	3506
83484	1937	10548
83485	1941	2130
83486	1942	2421
83487	1942	2723
83488	1942	15769
83489	1948	4225
83490	1949	3636
83491	1949	8491
83492	1950	3249
83493	629	1086
83494	1952	3779
83495	1952	6475
83496	122	16034
83497	630	2391
83498	1956	2519
83499	630	4141
83500	122	1628
83501	30	165
83502	1960	2532
83503	30	173
83504	258	1339
83505	631	2719
83506	1961	4346
83507	123	1327
83508	1942	3256
83509	633	690
83510	1968	4275
83511	1968	40839
83512	9	360
83513	1971	1990
83514	1972	2126
83515	636	637
83516	638	668
83517	9	1410
83518	267	363
83519	1978	2180
83520	1980	3289
83521	1980	3596
83522	1981	2421
83523	639	32594
83524	269	2837
83525	124	1947
83526	269	645
83527	1986	2066
83528	1989	3954
83529	1992	4971
83530	1993	3444
83531	61	7174
83532	1993	7942
83533	269	5982
83534	644	763
83535	1995	4953
83536	644	658
83537	270	4260
83538	643	1440
83539	2001	4111
83540	2000	4261
83541	2003	2071
83542	647	1781
83543	647	1939
83544	647	4340
83545	648	1348
83546	2017	7570
83547	2020	16451
83548	62	106
83549	273	363
83550	126	1162
83551	650	725
83552	2041	3147
83553	2042	2510
83554	651	685
83555	2057	2930
83556	652	1073
83557	652	1382
83558	62	632
83559	659	3611
83560	653	851
83561	2076	2868
83562	656	8180
83563	657	1191
83564	2078	2212
83565	2085	4955
83566	659	4269
83567	2086	2157
83568	2086	4132
83569	2086	6927
83570	276	1613
83571	2092	16097
83572	656	2202
83573	2094	2511
83574	2096	2999
83575	277	328
83576	664	2879
83577	63	74
83578	663	2105
83579	2098	10863
83580	2087	4201
83581	664	4136
83582	63	1164
83583	664	2601
83584	2099	2494
83585	277	335
83586	31	234
83587	31	1642
83588	2106	2915
83589	2106	2510
83590	2106	6756
83591	31	115
83592	2108	4120
83593	666	3598
83594	2109	2419
83595	667	760
83596	129	1455
83597	2111	3046
83598	31	323
83599	2114	12734
83600	2116	4162
83601	2115	11817
83602	2116	2215
83603	2118	3393
83604	31	542
83605	670	1019
83606	2122	8918
83607	2122	8660
83608	280	945
83609	2125	3642
83610	673	1827
83611	2126	3927
83612	131	1022
83613	2130	9155
83614	2130	9291
83615	2132	2787
83616	2135	13380
83617	678	2603
83618	64	1264
83619	2136	8491
83620	282	1835
83621	64	2722
83622	2137	3177
83623	680	735
83624	680	3400
83625	680	695
83626	2139	3233
83627	2139	16695
83628	2141	2515
83629	283	2748
83630	2150	8850
83631	132	2510
83632	2157	12600
83633	686	3061
83634	2165	3182
83635	132	2872
83636	2167	7292
83637	687	1580
83638	688	1073
83639	2170	2200
83640	132	220
83641	65	195
83642	2172	6382
83643	2172	2726
83644	2176	2680
83645	2177	2421
83646	693	2515
83647	2180	4406
83648	691	1468
83649	692	2922
83650	286	1168
83651	287	1227
83652	65	105
83653	287	428
83654	695	2646
83655	696	743
83656	132	2469
83657	2211	2956
83658	2213	6681
83659	697	945
83660	697	2071
83661	697	16798
83662	694	2517
83663	2216	24757
83664	2218	2817
83665	697	3465
83666	2230	2800
83667	288	787
83668	2235	18009
83669	66	3953
83670	291	489
83671	2237	3453
83672	2252	17039
83673	2252	6489
83674	291	2212
83675	2260	6150
83676	704	900
83677	2268	18300
83678	292	2104
83679	2276	2335
83680	292	434
83681	707	2227
83682	10	189
83683	2298	5953
83684	2298	2968
83685	136	1110
83686	2305	2355
83687	2306	2307
83688	711	1677
83689	711	4964
83690	711	5940
83691	136	1099
83692	713	2392
83693	2349	8863
83694	713	922
83695	2355	8878
83696	2391	2585
83697	294	366
83698	140	220
83699	6	58
83700	2416	3010
83701	715	1237
83702	294	4392
83703	2418	3798
83704	293	1058
83705	716	1131
83706	2420	3108
83707	717	4388
83708	294	296
83709	2423	5758
83710	717	2137
83711	0	1073
83712	137	3001
83713	137	3196
83714	295	428
83715	18	70
83716	2457	4371
83717	68	342
83718	33	1453
83719	720	12593
83720	2465	6451
83721	720	1590
83722	68	290
83723	720	1959
83724	2469	4960
83725	2469	7525
83726	720	20488
83727	721	1405
83728	722	4800
83729	2481	5916
83730	296	3281
83731	2494	6475
83732	2494	2666
83733	2495	2741
83734	726	2192
83735	2502	7294
83736	2509	4291
83737	140	170
83738	140	144
83739	2512	2999
83740	733	798
83741	733	3024
83742	733	1627
83743	140	372
83744	140	1010
83745	2515	3961
83746	299	30350
83747	2517	4953
83748	734	1783
83749	300	7022
83750	2518	9408
83751	2519	3251
83752	2519	3926
83753	2518	6166
83754	2524	2626
83755	2520	6742
83756	735	2604
83757	301	898
83758	301	565
83759	2556	13666
83760	140	12877
83761	741	3226
83762	2585	2673
83763	2589	2989
83764	2601	2875
83765	141	1281
83766	2603	2670
83767	141	1954
83768	2603	12283
83769	746	2002
83770	746	1941
83771	746	1105
83772	746	1161
83773	2609	2884
83774	748	2517
83775	748	2922
83776	751	2601
83777	751	4275
83778	70	3066
83779	2623	4090
83780	70	1679
83781	752	2123
83782	755	2089
83783	755	1128
83784	307	3240
83785	756	1110
83786	2646	6589
83787	142	174
83788	308	714
83789	142	1244
83790	2648	3405
83791	308	1163
83792	2649	2867
83793	2649	4270
83794	2650	4308
83795	2650	3104
83796	2651	8730
83797	761	2134
83798	2657	3612
83799	763	778
83800	2660	9162
83801	2662	4059
83802	763	1822
83803	2665	3474
83804	2660	4059
83805	311	957
83806	2667	2668
83807	766	6147
83808	143	1484
83809	2668	13017
83810	768	957
83811	314	438
83812	758	2421
83813	315	639
83814	771	1187
83815	773	784
83816	315	4379
83817	71	1429
83818	2696	3217
83819	776	3822
83820	316	2919
83821	316	746
83822	2705	3683
83823	2707	4557
83824	316	496
83825	146	421
83826	2710	9409
83827	2710	27194
83828	2718	4341
83829	317	4273
83830	778	1232
83831	779	1635
83832	780	1456
83833	145	790
83834	2741	2798
83835	785	3924
83836	2742	9193
83837	2743	9448
83838	318	1580
83839	2745	4887
83840	787	1101
83841	72	83
83842	2752	4946
83843	787	24545
83844	788	1108
83845	321	1332
83846	788	1605
83847	321	4797
83848	2736	19464
83849	2778	10696
83850	2786	4272
83851	322	1993
83852	20	286
83853	147	1228
83854	36	924
83855	2799	20010
83856	2802	5909
83857	323	2173
83858	73	1014
83859	2817	5117
83860	73	593
83861	20	310
83862	148	174
83863	73	1115
83864	2861	11514
83865	2865	3783
83866	148	698
83867	2868	4345
83868	73	335
83869	36	3256
83870	2872	4346
83871	2872	6475
83872	149	422
83873	149	743
83874	2874	3196
83875	149	715
83876	326	1214
83877	326	1387
83878	328	3957
83879	2896	4287
83880	2896	6475
83881	2900	3744
83882	329	10905
83883	2900	3393
83884	2902	4262
83885	2906	16254
83886	840	1961
83887	2957	13279
83888	2899	3929
83889	840	8363
83890	150	693
83891	333	1497
83892	36	2027
83893	2926	6895
83894	2931	5915
83895	334	1825
83896	334	693
83897	334	487
83898	334	2085
83899	2956	4272
83900	2958	4823
83901	848	2924
83902	335	1922
83903	335	547
83904	151	1752
83905	2987	16712
83906	2989	8387
83907	2993	15562
83908	868	1046
83909	3003	3502
83910	337	658
83911	3007	3058
83912	3013	4391
83913	338	363
83914	3024	9680
83915	890	1223
83916	3034	12448
83917	3037	3506
83918	3038	3052
83919	153	541
83920	3067	3094
83921	897	1679
83922	153	812
83923	900	914
83924	75	178
83925	344	609
83926	911	9680
83927	154	1816
83928	913	10013
83929	3159	4555
83930	920	1811
83931	3196	7037
83932	922	4136
83933	155	532
83934	3225	6134
83935	3225	15611
83936	3226	9601
83937	3226	5361
83938	155	1014
83939	348	1009
83940	348	411
83941	3242	3485
83942	3247	4345
83943	348	546
83944	3252	15531
83945	156	595
83946	938	1089
83947	39	1208
83948	2	112
83949	3266	4615
83950	351	789
83951	3269	4116
83952	12	366
83953	3284	10485
83954	3289	4388
83955	157	499
83956	3297	3753
83957	77	172
83958	3319	21316
83959	945	7570
83960	3310	6973
83961	3321	13283
83962	945	9601
83963	354	408
83964	3339	6460
83965	357	1871
83966	3393	4203
83967	952	1406
83968	357	634
83969	357	542
83970	158	183
83971	158	299
83972	157	677
83973	158	564
83974	3420	6916
83975	954	2039
83976	954	10642
83977	3445	5103
83978	955	2419
83979	3451	5158
83980	158	3113
83981	3464	3826
83982	40	49
83983	40	706
83984	957	6187
83985	359	3014
83986	3483	11561
83987	962	1088
83988	3486	3541
83989	3484	12789
83990	3489	3499
83991	40	360
83992	360	3127
83993	40	1132
83994	78	1894
83995	3504	20848
83996	968	2145
83997	972	2196
83998	362	6430
83999	3526	9717
84000	4395	6139
84001	40	2085
84002	3527	3533
84003	974	3251
84004	3540	12446
84005	3544	4109
84006	3554	3783
84007	989	3956
84008	363	1981
84009	992	2068
84010	79	195
84011	363	2027
84012	161	337
84013	161	546
84014	161	3126
84015	1003	4731
84016	364	1525
84017	1010	1365
84018	364	2674
84019	3637	9376
84020	1013	1053
84021	3640	3646
84022	3641	13421
84023	3643	3645
84024	2	3779
84025	365	2039
84026	3660	16705
84027	22	706
84028	1015	1178
84029	3665	6311
84030	162	2070
84031	3695	4231
84032	1018	2604
84033	3725	7738
84034	3768	21840
84035	3718	6591
84036	3778	9193
84037	163	8510
84038	1021	1281
84039	3780	5275
84040	81	2999
84041	40	4132
84042	4182	11361
84043	3802	23660
84044	371	2682
84045	3802	16097
84046	3856	23779
84047	1036	6259
84048	372	490
84049	165	407
84050	1037	2916
84051	372	3182
84052	3925	5311
84053	372	763
84054	374	677
84055	374	1764
84056	1048	3542
84057	1051	1947
84058	1051	1745
84059	3998	4387
84060	4016	4790
84061	1051	16692
84062	82	2942
84063	4076	6475
84064	4076	12734
84065	4076	4086
84066	380	2609
84067	4090	4141
84068	1043	1433
84069	1060	1249
84070	1060	3917
84071	4113	4121
84072	4114	8380
84073	4114	25847
84074	4117	17422
84075	4118	10318
84076	381	1771
84077	168	1302
84078	4129	4131
84079	4125	13382
84080	4134	16013
84081	4138	5129
84082	4139	10425
84083	1066	1428
84084	4201	23114
84085	4187	10427
84086	4196	5113
84087	4202	8427
84088	4197	17418
84089	4207	6261
84090	170	216
84091	170	1048
84092	4247	16390
84093	388	640
84094	170	1922
84095	4275	4346
84096	389	1318
84097	1077	2789
84098	4281	6133
84099	4283	8489
84100	171	316
84101	4287	4782
84102	391	423
84103	171	2683
84104	1082	2509
84105	85	194
84106	4360	9293
84107	85	2418
84108	392	565
84109	392	1780
84110	395	653
84111	1084	1385
84112	1086	34784
84113	4393	4557
84114	4393	5943
84115	4393	37384
84116	4394	6190
84117	4396	7279
84118	4418	53239
84119	42	86
84120	4449	7455
84121	14	73
84122	401	636
84123	401	677
84124	1090	2165
84125	173	229
84126	173	725
84127	401	1126
84128	4481	4807
84129	4513	4964
84130	42	144
84131	1097	1320
84132	4593	9918
84133	4563	4582
84134	4567	5910
84135	1103	3216
84136	4615	8380
84137	407	668
84138	174	1677
84139	407	2089
84140	4669	5284
84141	174	3957
84142	174	3067
84143	1107	2603
84144	1108	1817
84145	4701	20034
84146	4720	7833
84147	4746	8889
84148	14	55
84149	1110	4172
84150	4775	7160
84151	8051	57095
84152	7941	38239
84153	9447	35041
84154	13103	66240
84155	13552	22856
84156	16980	17454
84157	19693	19705
84158	20792	23817
84159	22345	25856
84160	24275	26498
84161	24721	36080
84162	24740	26535
84163	25034	61884
84164	26479	49067
84165	29335	29336
84166	32016	32088
84167	32097	39973
84168	36658	38580
84169	42765	51183
84170	4787	5916
84171	4785	10593
84172	4796	4806
84173	4787	9680
84174	1112	4109
84175	14	362
84176	410	837
84177	1113	1811
84178	4800	9888
84179	411	1997
84180	411	1406
84181	410	756
84182	411	896
84183	4814	7954
84184	4820	27710
84185	4822	7067
84186	87	137
84187	14	671
84188	411	1353
84189	14	277
84190	4827	13061
84191	4831	11747
84192	4842	6380
84193	4833	22055
84194	175	1111
84195	4842	13954
84196	87	241
84197	1116	3528
84198	87	1298
84199	1116	1492
84200	176	301
84201	413	1002
84202	413	3404
84203	4854	7073
84204	413	3922
84205	4861	11260
84206	4861	5128
84207	4868	9685
84208	4886	8491
84209	4887	6239
84210	175	3691
84211	1118	1396
84212	175	4435
84213	1118	2215
84214	414	1075
84215	4900	8499
84216	4905	6043
84217	4915	6223
84218	1119	25532
84219	176	366
84220	176	3187
84221	415	936
84222	1120	1458
84223	1120	3293
84224	1120	2955
84225	415	791
84226	175	464
84227	43	1302
84228	14	162
84229	4946	7733
84230	1121	2645
84231	87	1763
84232	4953	17252
84233	176	3782
84234	4953	13382
84235	416	2433
84236	4953	28812
84237	417	1396
84238	4955	6940
84239	4958	10664
84240	1123	2200
84241	4960	6475
84242	417	1981
84243	417	2547
84244	176	4941
84245	1124	2166
84246	417	734
84247	14	344
84248	4964	6591
84249	1125	1741
84250	4968	9152
84251	14	186
84252	4971	6133
84253	44	339
84254	1126	1321
84255	4971	8491
84256	4971	17252
84257	1126	3104
84258	4971	8879
84259	44	777
84260	1126	2184
84261	1126	11749
84262	4971	12180
84263	4975	8886
84264	1128	4276
84265	4977	29188
84266	1122	1384
84267	1128	5143
84268	418	1407
84269	4984	28542
84270	4988	12734
84271	4988	7044
84272	88	1752
84273	1128	1870
84274	88	651
84275	4988	15977
84276	88	275
84277	4988	29210
84278	4988	20375
84279	1129	1901
84280	177	713
84281	1129	1730
84282	1129	6515
84283	4999	7731
84284	88	2001
84285	4999	9377
84286	5021	5779
84287	14	1961
84288	5021	8937
84289	5022	8382
84290	419	4019
84291	179	311
84292	44	347
84293	1130	1534
84294	5028	5986
84295	5028	17120
84296	5028	17661
84297	420	1284
84298	1134	1139
84299	5060	5064
84300	1130	2509
84301	178	229
84302	5083	14630
84303	88	4960
84304	178	2832
84305	5101	9101
84306	5102	8497
84307	420	3147
84308	5104	7747
84309	421	3537
84310	178	2750
84311	1133	2673
84312	1133	4988
84313	44	1074
84314	14	1949
84315	5116	5117
84316	5117	25071
84317	1133	1332
84318	5123	9409
84319	5124	5864
84320	5124	28650
84321	1134	1146
84322	5126	6380
84323	5128	12504
84324	5129	20536
84325	5129	11824
84326	5130	5151
84327	5138	8360
84328	1134	2999
84329	422	813
84330	5144	8354
84331	422	1283
84332	1134	1476
84333	14	2096
84334	5145	10664
84335	5145	8920
84336	5145	21771
84337	5145	12747
84338	1135	8496
84339	5145	11677
84340	422	1765
84341	179	676
84342	1135	2105
84343	5152	10287
84344	179	410
84345	1135	3929
84346	422	3630
84347	1136	12268
84348	89	95
84349	179	1774
84350	180	280
84351	180	1526
84352	5185	23925
84353	180	1484
84354	423	1268
84355	5192	6589
84356	423	903
84357	180	2510
84358	180	1146
84359	1137	6082
84360	5202	7319
84361	1137	4505
84362	1138	4019
84363	1138	3595
84364	1138	18658
84365	5219	17661
84366	5219	6019
84367	180	2867
84368	1139	1677
84369	425	1444
84370	5260	8336
84371	5260	18629
84372	425	638
84373	5260	58376
84374	5284	7730
84375	5266	7022
84376	5284	13382
84377	5293	5883
84378	1140	2094
84379	1140	3887
84380	14	842
84381	1140	6082
84382	5319	6859
84383	14	576
84384	5328	23550
84385	426	1396
84386	14	1956
84387	5422	17613
84388	181	3639
84389	44	2649
84390	5522	9853
84391	5524	10160
84392	7	1841
84393	427	904
84394	5579	13012
84395	1143	8605
84396	1143	4934
84397	5698	8491
84398	5699	8452
84399	1143	2121
84400	5702	12470
84401	23	3974
84402	5731	7965
84403	1144	1161
84404	1144	4111
84405	428	1069
84406	5781	15636
84407	1145	2749
84408	1144	3444
84409	5806	22570
84410	1145	3445
84411	5852	17113
84412	5854	6604
84413	1146	2696
84414	5858	20081
84415	1146	2608
84416	5862	10696
84417	430	1190
84418	183	339
84419	430	981
84420	5873	8506
84421	5868	6032
84422	183	228
84423	183	1829
84424	5883	9409
84425	5887	6394
84426	430	1761
84427	5906	54769
84428	5909	9938
84429	1149	4886
84430	92	2127
84431	5931	10824
84432	5938	13377
84433	5940	22767
84434	1150	3321
84435	183	14656
84436	431	1403
84437	1151	9954
84438	433	10576
84439	5968	21317
84440	45	1867
84441	5972	9152
84442	45	559
84443	1152	2118
84444	1152	2172
84445	1152	3670
84446	433	622
84447	1153	5184
84448	1153	5833
84449	6037	22567
84450	433	7052
84451	1154	4279
84452	1154	1382
84453	6051	21588
84454	1154	1763
84455	434	2837
84456	6055	17142
84457	6062	17033
84458	6061	15523
84459	6074	9409
84460	6074	9407
84461	1155	2503
84462	1155	1327
84463	14	2169
84464	1156	2871
84465	1156	6128
84466	6094	16544
84467	6106	17032
84468	6109	16364
84469	6129	17729
84470	6130	6146
84471	6131	11780
84472	6132	11776
84473	6135	8611
84474	6136	22879
84475	6140	14656
84476	184	8184
84477	1159	3677
84478	1159	4646
84479	1159	2305
84480	435	1417
84481	1160	1472
84482	185	701
84483	6160	7729
84484	436	934
84485	185	1036
84486	6162	12864
84487	45	690
84488	14	1116
84489	45	799
84490	1161	4076
84491	6166	7435
84492	6166	10024
84493	1161	2867
84494	6174	6476
84495	6174	30668
84496	6184	11784
84497	6188	11519
84498	185	1949
84499	6196	27760
84500	185	337
84501	438	835
84502	1162	1454
84503	6231	6913
84504	185	273
84505	1162	2726
84506	6231	8607
84507	6238	8659
84508	6253	9155
84509	45	751
84510	1164	2646
84511	439	866
84512	1164	6407
84513	1164	2899
84514	1164	9448
84515	6308	10173
84516	6322	12747
84517	185	3252
84518	93	105
84519	439	3537
84520	185	1657
84521	6367	11606
84522	440	1491
84523	1166	5771
84524	440	2942
84525	93	353
84526	1166	1219
84527	1167	2134
84528	1167	3263
84529	1167	2589
84530	1167	4115
84531	1167	3393
84532	1167	20340
84533	441	1416
84534	6397	7619
84535	1167	16692
84536	6407	6476
84537	6407	22838
84538	442	775
84539	1168	2544
84540	6409	16544
84541	442	953
84542	6437	9409
84543	443	4064
84544	443	1562
84545	1165	6937
84546	1169	3599
84547	6482	11706
84548	6483	12597
84549	1170	2137
84550	6488	16739
84551	1167	5102
84552	1170	16243
84553	1170	3539
84554	445	771
84555	6530	13665
84556	186	2743
84557	6544	7037
84558	6561	12445
84559	1172	1444
84560	1172	1993
84561	1172	3324
84562	1172	5219
84563	1172	2180
84564	6598	18299
84565	45	3598
84566	6608	23163
84567	186	2643
84568	1174	3584
84569	6681	8442
84570	6718	16754
84571	6703	33005
84572	94	519
84573	6681	8985
84574	453	5428
84575	94	1048
84576	6749	9787
84577	453	7238
84578	6801	33580
84579	456	1406
84580	6853	23410
84581	456	3266
84582	6864	6867
84583	6870	7257
84584	1176	1634
84585	6898	16212
84586	456	887
84587	6911	14789
84588	1177	1838
84589	6930	15976
84590	456	4360
84591	6937	8928
84592	6967	26874
84593	1178	1477
84594	457	3181
84595	6991	13435
84596	7000	30984
84597	7007	8846
84598	1178	2707
84599	46	57
84600	1179	7730
84601	6829	11537
84602	7049	17036
84603	46	1530
84604	7087	7336
84605	458	3126
84606	187	1562
84607	7117	40705
84608	7194	41729
84609	7196	24294
84610	46	355
84611	7205	30193
84612	7216	17031
84613	1181	5332
84614	2	1795
84615	461	1109
84616	1182	1760
84617	7236	7617
84618	7241	7244
84619	187	1022
84620	461	1105
84621	7254	11808
84622	7292	8929
84623	7292	13382
84624	464	837
84625	464	596
84626	464	734
84627	1185	3639
84628	7311	7736
84629	7345	9061
84630	7330	7332
84631	1186	2289
84632	1186	3595
84633	7412	10312
84634	7424	7426
84635	1186	2997
84636	188	849
84637	7526	11555
84638	1188	4066
84639	1189	1233
84640	188	1841
84641	7527	13384
84642	489	1605
84643	466	5276
84644	7591	11819
84645	7541	10661
84646	7548	16979
84647	7542	7559
84648	7565	16030
84649	7586	27847
84650	7598	9279
84651	7602	12583
84652	95	1600
84653	7544	20907
84654	467	1781
84655	467	1269
84656	7603	11784
84657	1192	4755
84658	467	1442
84659	189	2924
84660	1193	1974
84661	467	3026
84662	7617	7950
84663	96	420
84664	1188	2452
84665	1194	5277
84666	1195	3177
84667	7653	10150
84668	1195	3639
84669	7651	15562
84670	7656	34865
84671	189	1815
84672	7729	9462
84673	1196	2690
84674	96	3881
84675	7730	9039
84676	7731	8969
84677	1198	3247
84678	1198	1825
84679	1198	4988
84680	1198	3635
84681	1198	4203
84682	7747	8889
84683	468	632
84684	1198	3121
84685	7762	10845
84686	7779	32745
84687	7785	16118
84688	468	9342
84689	7833	21592
84690	96	13421
84691	7870	32367
84692	470	1420
84693	1201	2439
84694	470	2628
84695	1201	1220
84696	470	2002
84697	7902	22395
84698	470	676
84699	1202	4276
84700	7961	8597
84701	7945	16061
84702	96	1746
84703	7979	11538
84704	14	2571
84705	7983	17843
84706	190	357
84707	8186	11417
84708	8188	8202
84709	190	4911
84710	1204	1968
84711	1205	1752
84712	1205	2789
84713	8357	9109
84714	8360	9458
84715	1206	1441
84716	1206	4738
84717	8362	9442
84718	8380	8998
84719	1207	1407
84720	8383	18183
84721	1208	1960
84722	8421	16408
84723	1208	3048
84724	47	296
84725	8421	9921
84726	1208	3598
84727	475	2683
84728	8442	18458
84729	8443	15822
84730	47	379
84731	97	159
84732	47	200
84733	475	4498
84734	97	183
84735	8460	17422
84736	8487	16688
84737	97	1103
84738	8491	13381
84739	8491	9108
84740	1216	4718
84741	8494	11648
84742	476	1677
84743	191	1178
84744	191	371
84745	476	711
84746	24	1492
84747	8499	9717
84748	8499	17306
84749	8499	24415
84750	8501	12734
84751	8504	12326
84752	1219	3378
84753	8506	11654
84754	8505	8521
84755	1221	2511
84756	1221	3124
84757	193	300
84758	478	1186
84759	478	2042
84760	8521	56591
84761	8522	23064
84762	192	538
84763	8536	11824
84764	1222	4461
84765	8542	16735
84766	8567	13500
84767	8600	10172
84768	8607	8920
84769	1226	1627
84770	8613	17113
84771	1227	1285
84772	479	2776
84773	479	4809
84774	8622	13302
84775	8633	16216
84776	8660	8730
84777	8504	8514
84778	8711	10199
84779	8723	33760
84780	1228	1286
84781	479	2745
84782	9101	18138
84783	24	743
84784	8792	29156
84785	8794	18194
84786	480	647
84787	8828	11816
84788	480	630
84789	480	511
84790	8852	8853
84791	8850	15607
84792	1232	1383
84793	8863	9452
84794	8863	17433
84795	8863	8900
84796	8884	8918
84797	8884	27416
84798	98	530
84799	98	123
84800	480	1963
84801	8887	10682
84802	8887	10511
84803	8889	15531
84804	8889	12495
84805	194	416
84806	8918	16695
84807	8918	20642
84808	1237	1778
84809	8922	8934
84810	481	2172
84811	8934	15661
84812	98	2100
84813	1240	3831
84814	8975	23895
84815	8982	17108
84816	8982	9099
84817	8999	20723
84818	9099	11648
84819	9099	13380
84820	9102	10532
84821	9104	24989
84822	48	96
84823	9108	11497
84824	9111	9112
84825	1244	4988
84826	9155	11819
84827	9152	16097
84828	9152	11528
84829	483	680
84830	1245	2960
84831	9155	13381
84832	9155	9450
84833	483	1521
84834	483	512
84835	1245	4541
84836	9162	16695
84837	9184	9660
84838	14	5260
84839	1249	2692
84840	9458	13275
84841	9291	9449
84842	483	8344
84843	483	9449
84844	1245	2533
84845	98	6847
84846	1249	7580
84847	9397	22901
84848	484	601
84849	1253	3180
84850	9448	27416
84851	484	9425
84852	196	2686
84853	1237	2519
84854	485	3823
84855	9462	12748
84856	484	3492
84857	9481	11643
84858	9486	25071
84859	197	1539
84860	9505	18996
84861	487	1139
84862	487	2256
84863	1265	1893
84864	487	8889
84865	99	121
84866	487	2217
84867	1265	7023
84868	9687	29755
84869	9662	18757
84870	9666	17126
84871	9677	20340
84872	1268	3863
84873	487	8918
84874	99	155
84875	9751	11784
84876	487	8435
84877	9769	11077
84878	99	370
84879	9769	22571
84880	1257	1804
84881	9798	32548
84882	9802	20163
84883	1272	4604
84884	488	709
84885	488	1960
84886	99	690
84887	1272	1495
84888	1272	2697
84889	198	519
84890	9902	41214
84891	1273	4275
84892	9920	11541
84893	10078	23499
84894	488	2210
84895	1273	4761
84896	9974	18034
84897	9981	34649
84898	1275	5129
84899	99	1486
84900	1275	3074
84901	10173	34905
84902	10189	10190
84903	1279	2471
84904	10365	28489
84905	10366	20798
84906	10255	10656
84907	1280	2887
84908	10545	12500
84909	10545	14990
84910	10564	14656
84911	489	8918
84912	99	2101
84913	1281	1796
84914	10598	31820
84915	10654	18867
84916	489	2875
84917	10647	19326
84918	10652	12502
84919	489	4287
84920	193	1525
84921	10664	15523
84922	199	481
84923	1284	1321
84924	1284	1319
84925	199	3405
84926	199	2510
84927	1285	1973
84928	10846	24951
84929	1286	1869
84930	1286	1821
84931	1286	7833
84932	10943	15692
84933	490	2001
84934	11062	11537
84935	1286	2718
84936	11091	35911
84937	199	2673
84938	11148	15698
84939	490	5116
84940	1296	2423
84941	49	2532
84942	490	1034
84943	1296	4230
84944	519	934
84945	1296	2614
84946	490	2884
84947	11363	11364
84948	1296	4086
84949	490	529
84950	1297	1747
84951	11541	13384
84952	11543	14985
84953	491	2874
84954	491	766
84955	100	111
84956	100	674
84957	1302	2924
84958	223	1015
84959	1304	9190
84960	491	1933
84961	11674	22117
84962	491	1633
84963	11656	13513
84964	11704	40609
84965	11707	16692
84966	76009	12
84967	11747	16689
84968	11749	13101
84969	11648	23113
84970	11772	22251
84971	100	439
84972	11809	12610
84973	11810	18146
84974	11822	15636
84975	492	837
84976	200	1988
84977	11888	13665
84978	12330	22391
84979	11874	17113
84980	11889	15535
84981	200	1786
84982	492	1139
84983	11978	24860
84984	492	1832
84985	1319	4956
84986	12189	12192
84987	1318	4328
84988	492	2697
84989	49	3448
84990	12391	12393
84991	12447	22046
84992	12473	13385
84993	12469	21241
84994	12502	12656
84995	12507	15134
84996	1324	1526
84997	12599	12609
84998	12611	21456
84999	12652	12658
85000	12679	12864
85001	12654	17605
85002	12669	32573
85003	12680	27751
85004	12733	14986
85005	1327	1966
85006	12736	17762
85007	12871	12874
85008	1329	2963
85009	49	502
85010	200	17033
85011	12892	41551
85012	491	1463
85013	201	1996
85014	13020	13022
85015	12749	22085
85016	13032	13387
85017	1333	1965
85018	1333	1875
85019	13110	13122
85020	201	791
85021	13247	14705
85022	13275	22180
85023	13275	13380
85024	13283	14780
85025	1334	3104
85026	13331	20779
85027	1338	4435
85028	13112	19293
85029	13430	19962
85030	13455	22403
85031	13578	46525
85032	496	1083
85033	496	2664
85034	496	1145
85035	49	3504
85036	202	649
85037	1348	9711
85038	1352	7846
85039	101	163
85040	101	1065
85041	1365	1536
85042	1	114
85043	101	2974
85044	1366	1387
85045	497	2682
85046	1368	1896
85047	1367	1369
85048	1368	2508
85049	498	769
85050	498	3249
85051	498	1048
85052	1374	1912
85053	14730	42381
85054	14742	30042
85055	1375	11888
85056	1375	1778
85057	14781	19376
85058	203	345
85059	14835	45315
85060	1365	2589
85061	14947	39697
85062	14600	18384
85063	14983	22105
85064	14993	31910
85065	14973	41479
85066	15092	21184
85067	499	1132
85068	15129	15666
85069	499	643
85070	499	3875
85071	1380	2602
85072	204	232
85073	15507	17304
85074	8	27
85075	1380	2684
85076	500	2865
85077	500	680
85078	15526	16254
85079	0	236
85080	15532	24753
85081	1382	2609
85082	500	954
85083	500	2975
85084	25	1121
85085	15606	15611
85086	204	2928
85087	15666	23053
85088	1384	4607
85089	15693	26517
85090	15737	32591
85091	15749	26228
85092	1384	24362
85093	15756	16838
85094	15772	20364
85095	1	1333
85096	102	715
85097	1385	3402
85098	15800	25849
85099	15940	18070
85100	102	1426
85101	16053	31974
85102	16089	16090
85103	16177	20267
85104	1389	4984
85105	16253	23119
85106	204	2585
85107	1389	2221
85108	16409	27908
85109	502	611
85110	16534	39599
85111	16560	16561
85112	16641	18062
85113	16712	17661
85114	1392	3615
85115	16750	22759
85116	1394	4328
85117	1396	1414
85118	8	1036
85119	16996	22392
85120	15982	20281
85121	205	540
85122	17251	30026
85123	1397	1811
85124	205	661
85125	17418	19558
85126	506	528
85127	103	1428
85128	1399	8613
85129	103	668
85130	17476	44336
85131	17846	27404
85132	17722	17726
85133	17738	22350
85134	17944	18127
85135	18133	18134
85136	18143	18144
85137	1401	2470
85138	18384	18385
85139	18347	18348
85140	18416	29370
85141	18422	40174
85142	18548	29303
85143	18461	20720
85144	18719	57446
85145	507	1241
85146	507	2929
85147	18786	19554
85148	18848	27008
85149	18140	18160
85150	1405	2896
85151	19139	32042
85152	507	1619
85153	19346	19347
85154	19505	19587
85155	1406	3066
85156	19525	20782
85157	507	1764
85158	19696	19775
85159	206	1063
85160	507	6895
85161	20223	27428
85162	20229	30584
85163	1407	2958
85164	20192	28806
85165	508	1814
85166	20279	24702
85167	20367	43334
85168	20448	37704
85169	20484	22446
85170	20581	40111
85171	21208	21209
85172	1410	1985
85173	20536	27579
85174	1410	2123
85175	509	1582
85176	21136	37756
85177	21337	41127
85178	21495	26537
85179	21588	31927
85180	21585	30469
85181	21595	30110
85182	509	4136
85183	509	915
85184	22010	40032
85185	22159	39705
85186	22162	32938
85187	22310	37103
85188	23059	26554
85189	22313	22314
85190	22280	24346
85191	22398	32405
85192	22497	22498
85193	22519	45881
85194	22821	40478
85195	23059	29192
85196	23260	30467
85197	23355	23568
85198	23496	45817
85199	23515	23516
85200	23972	51527
85201	24016	26539
85202	24053	37344
85203	24246	24250
85204	24268	46605
85205	24694	40691
85206	24702	26510
85207	24720	24733
85208	24726	24922
85209	24731	32080
85210	24752	28108
85211	1416	2451
85212	24930	31941
85213	511	761
85214	25067	25068
85215	1426	17495
85216	1417	2455
85217	25256	26545
85218	511	2701
85219	25504	26463
85220	25587	37693
85221	25772	34364
85222	1420	7859
85223	207	1543
85224	207	368
85225	1420	8689
85226	14	13382
85227	0	147
85228	1421	9597
85229	512	2517
85230	1424	2531
85231	512	2688
85232	1424	3798
85233	26245	26553
85234	512	8347
85235	26515	26932
85236	26636	27350
85237	26669	40266
85238	26893	26896
85239	26929	37764
85240	26992	36886
85241	27014	49360
85242	27032	27037
85243	104	160
85244	27341	27343
85245	512	7382
85246	27733	27735
85247	27722	48121
85248	28353	28354
85249	28234	28235
85250	28410	28412
85251	28863	28881
85252	28887	39941
85253	29018	29021
85254	208	2003
85255	208	1405
85256	104	806
85257	29508	34537
85258	29772	47258
85259	30332	30335
85260	30459	32426
85261	1428	6174
85262	30986	46839
85263	31516	70464
85264	31488	35763
85265	1428	9263
85266	31822	38592
85267	31987	48911
85268	516	1977
85269	32042	32053
85270	516	3662
85271	1429	2673
85272	517	1417
85273	1429	2890
85274	1429	4453
85275	517	7289
85276	517	3927
85277	1433	4406
85278	517	1973
85279	518	912
85280	32446	41525
85281	1433	3638
85282	32786	52419
85283	33777	33778
85284	33809	39958
85285	1433	2185
85286	34367	58277
85287	34221	36179
85288	1428	3798
85289	34989	41612
85290	208	4668
85291	518	4755
85292	1437	2170
85293	1438	3478
85294	1438	1789
85295	1438	4861
85296	519	530
85297	1440	3618
85298	105	3067
85299	39838	57917
85300	1441	2123
85301	36901	39626
85302	37786	37795
85303	38498	38500
85304	38628	38629
85305	38814	38824
85306	39481	41527
85307	519	1980
85308	41138	41140
85309	41515	41517
85310	42353	42354
85311	42402	42403
85312	42676	42677
85313	42829	42831
85314	210	335
85315	210	241
85316	210	683
85317	26	89
85318	45231	53096
85319	210	1130
85320	46292	46295
85321	520	1867
85322	1444	9896
85323	1492	4986
85324	48698	48706
85325	50321	65335
85326	1446	1811
85327	520	3968
85328	1446	3162
85329	50525	50526
85330	210	640
85331	0	422
85332	63753	63755
85333	54867	54868
85334	26	208
85335	210	693
85336	522	661
85337	55132	55135
85338	26	77
85339	522	2207
85340	26	623
85341	26	144
85342	59008	59009
85343	59037	59038
85344	59467	70495
85345	522	4250
85346	1456	2512
85347	523	1284
85348	67862	67863
85349	106	456
85350	106	111
85351	1459	5158
85352	106	468
85353	74888	75815
85354	524	3879
85355	1463	3785
85356	75734	75812
85357	75879	1516
85358	75879	1961
85359	1463	3252
85360	524	2103
85361	211	226
85362	75880	4722
85363	75880	1391
85364	75880	520
85365	75880	4823
85366	1464	2740
85367	75880	535
85368	525	5381
85369	525	681
85370	1466	2743
85371	1466	15668
85372	75881	7733
85373	75881	719
85374	1466	3130
85375	526	2794
85376	211	9811
85377	1467	1758
85378	75882	600
85379	26	155
85380	75882	4554
85381	75882	3020
85382	75882	7023
85383	75880	721
85384	1467	4274
85385	106	2811
85386	75882	2906
85387	75883	938
85388	75883	54
85389	526	2116
85390	1468	2260
85391	75884	788
85392	75884	2145
85393	75884	1621
85394	75885	1009
85395	75885	1332
85396	75885	4814
85397	75886	661
85398	1470	1748
85399	75886	743
85400	75886	5836
85401	1471	2605
85402	212	1529
85403	528	529
85404	528	2231
85405	75888	1092
85406	75888	17418
85407	1473	3008
85408	75889	3322
85409	75889	7729
85410	75890	568
85411	75890	1138
85412	75890	1116
85413	75890	1155
85414	75887	4807
85415	75891	3065
85416	1474	2225
85417	75891	289
85418	75891	106
85419	75892	1896
85420	529	569
85421	1475	2706
85422	1475	4180
85423	75893	8496
85424	75893	4960
85425	213	1228
85426	1476	2517
85427	213	1016
85428	107	1075
85429	75894	2720
85430	75894	804
85431	529	2023
85432	213	306
85433	1476	1992
85434	75896	173
85435	75896	1249
85436	75896	9263
85437	75896	769
85438	75897	2974
85439	1478	3464
85440	75897	387
85441	107	2754
85442	1478	7044
85443	75898	232
85444	1478	4986
85445	75899	174
85446	75899	6157
85447	75900	57
85448	54	3217
85449	54	271
85450	530	561
85451	75902	2874
85452	530	954
85453	75903	25
85454	75903	2623
85455	530	6397
85456	75904	231
85457	1482	8826
85458	1484	1537
85459	75904	1198
85460	1484	1704
85461	530	717
85462	214	3326
85463	75908	75899
85464	530	9616
85465	530	3637
85466	530	4454
85467	1486	1935
85468	75910	1627
85469	75911	381
85470	75911	116
85471	75911	19986
85472	75912	24
85473	75912	1140
85474	75912	351
85475	75910	181
85476	1492	4557
85477	75913	722
85478	215	4535
85479	75915	1272
85480	108	230
85481	75915	851
85482	1493	14867
85483	75915	538
85484	1494	2781
85485	1494	3178
85486	75916	1088
85487	75916	128
85488	1495	2447
85489	108	600
85490	75917	75883
85491	532	1244
85492	532	1233
85493	75919	748
85494	1496	12275
85495	532	4727
85496	75919	913
85497	75917	1781
85498	75920	16717
85499	75921	567
85500	75922	761
85501	1498	2178
85502	1498	2512
85503	75923	1529
85504	1499	1534
85505	216	700
85506	75924	1269
85507	216	2645
85508	534	1060
85509	75925	338
85510	75926	2419
85511	1500	4764
85512	75926	891
85513	75927	45
85514	75929	303
85515	75929	944
85516	75930	1480
85517	108	1813
85518	75931	8496
85519	1504	12575
85520	108	3844
85521	75927	155
85522	75932	938
85523	75932	4555
85524	217	1034
85525	75935	622
85526	75937	1819
85527	535	1896
85528	75937	2100
85529	75937	1936
85530	75938	3248
85531	75938	1897
85532	75938	5163
85533	75938	2300
85534	75939	45
85535	535	2878
85536	1513	17016
85537	1514	1544
85538	75940	121
85539	75940	1819
85540	535	2130
85541	1514	2127
85542	75941	788
85543	536	1060
85544	536	2606
85545	1516	2750
85546	1516	3251
85547	1517	2212
85548	75946	1522
85549	1517	5151
85550	75962	656
85551	75947	4275
85552	75947	957
85553	75947	15004
85554	536	1737
85555	536	3971
85556	75948	317
85557	1520	2509
85558	75951	2420
85559	75952	37
85560	75953	615
85561	75953	924
85562	75954	24
85563	1521	2600
85564	1521	6083
85565	75954	4668
85566	75955	15756
85567	75956	1479
85568	538	3802
85569	75956	12460
85570	75957	1775
85571	75957	3042
85572	75958	1070
85573	75958	2203
85574	1524	1585
85575	75960	3595
85576	539	941
85577	220	490
85578	220	559
85579	75963	178
85580	220	2088
85581	75963	674
85582	539	2982
85583	1526	3094
85584	75965	3452
85585	75965	3177
85586	540	6261
85587	1528	2667
85588	540	796
85589	75967	3881
85590	1528	6999
85591	540	5193
85592	75969	359
85593	75969	1993
85594	75969	1148
85595	1530	2393
85596	75970	1062
85597	1530	1933
85598	75973	488
85599	55	121
85600	109	311
85601	75974	1867
85602	75975	3637
85603	541	682
85604	541	1016
85605	75975	4757
85606	541	1124
85607	75977	192
85608	1531	3393
85609	541	2392
85610	75980	8605
85611	75978	12614
85612	75979	1
85613	109	905
85614	75980	3553
85615	75980	2075
85616	1526	1677
85617	75983	2740
85618	75983	2721
85619	1534	1632
85620	1534	2732
85621	1535	1618
85622	1535	1963
85623	75985	1073
85624	1535	2894
85625	75986	1912
85626	1535	3679
85627	542	561
85628	75987	1227
85629	75987	64
85630	75987	1549
85631	542	946
85632	75989	1368
85633	75991	15507
85634	1538	12857
85635	75995	279
85636	542	4668
85637	75996	6476
85638	75997	2890
85639	1542	3961
85640	76000	4058
85641	76001	3330
85642	1543	3226
85643	76004	20892
85644	76005	369
85645	1544	3044
85646	76009	214
85647	76008	230
85648	1545	2510
85649	76010	5908
85650	544	3816
85651	76010	5909
85652	544	1312
85653	76010	2601
85654	76012	1761
85655	76014	1474
85656	76016	687
85657	76017	706
85658	76016	625
85659	76017	6599
85660	76018	1252
85661	76018	1886
85662	223	432
85663	27	1227
85664	76019	3289
85665	55	529
85666	76021	797
85667	76022	27844
85668	546	1037
85669	1556	1819
85670	1559	2039
85671	547	1816
85672	76027	3265
85673	27	144
85674	1561	3067
85675	1562	1923
85676	76030	5185
85677	76035	3113
85678	27	4607
85679	76036	658
85680	76036	3639
85681	1569	4767
85682	1570	1959
85683	76039	11780
85684	548	664
85685	76040	5102
85686	111	644
85687	548	1825
85688	76041	381
85689	76041	374
85690	111	4372
85691	548	634
85692	76043	137
85693	224	627
85694	76045	6973
85695	76045	2109
85696	76046	8682
85697	76053	497
85698	1573	5938
85699	27	356
85700	1582	2129
85701	224	297
85702	76056	677
85703	1585	2668
85704	76057	2127
85705	76059	3177
85706	76058	2917
85707	76059	5783
85708	76060	1154
85709	551	2476
85710	1590	2301
85711	76063	10655
85712	1590	4960
85713	76064	305
85714	76065	2002
85715	225	2580
85716	112	189
85717	552	3661
85718	76066	10667
85719	76068	9247
85720	76070	952
85721	557	1987
85722	76069	2207
85723	76072	4023
85724	557	1590
85725	112	370
85726	1593	7859
85727	76074	534
85728	558	650
85729	76073	23235
85730	76075	6889
85731	55	746
85732	76077	8499
85733	76080	2966
85734	76080	1928
85735	1599	1867
85736	558	652
85737	76083	4810
85738	76085	4076
85739	76085	3411
85740	76086	1371
85741	76087	3040
85742	226	695
85743	558	1947
85744	76092	270
85745	76091	360
85746	76092	1010
85747	76093	1978
85748	1601	13205
85749	76095	18
85750	558	1542
85751	226	3147
85752	76099	957
85753	76100	9118
85754	76101	5901
85755	76096	75908
85756	76103	3879
85757	559	703
85758	1605	3462
85759	76104	762
85760	559	568
85761	559	2127
85762	559	6407
85763	76105	2900
85764	1606	13282
85765	76109	2338
85766	559	3104
85767	1606	1742
85768	76114	790
85769	76114	282
85770	76115	1825
85771	1611	2958
85772	1611	11284
85773	76117	373
85774	76119	221
85775	227	1995
85776	76122	4341
85777	227	2537
85778	76125	710
85779	76126	75940
85780	76127	11522
85781	76134	2659
85782	76133	2355
85783	76134	4117
85784	561	2100
85785	113	701
85786	76138	4225
85787	1619	2878
85788	1619	2042
85789	76139	802
85790	76113	2789
85791	561	711
85792	76140	15131
85793	76132	3009
85794	76141	3617
85795	76144	141
85796	76144	1677
85797	76146	2785
85798	76145	22301
85799	561	4470
85800	113	409
85801	76149	6163
85802	76150	8537
85803	1623	5698
85804	76155	2645
85805	76156	339
85806	76159	9104
85807	1623	2119
85808	76160	75890
85809	562	2723
85810	76162	2749
85811	76164	900
85812	76164	3479
85813	76165	13300
85814	76164	2666
85815	76167	2479
85816	56	77
85817	56	649
85818	563	4275
85819	56	2033
85820	563	4955
85821	563	2646
85822	563	2189
85823	563	2469
85824	76171	40
85825	1628	5943
85826	1628	2211
85827	1628	13414
85828	76180	2136
85829	27	1037
85830	76179	519
85831	1630	2683
85832	76181	886
85833	27	1097
85834	76181	76120
85835	76187	1082
85836	1632	3198
85837	76188	752
85838	1633	4557
85839	76189	771
85840	229	777
85841	229	1103
85842	76193	1400
85843	76195	1065
85844	76197	24721
85845	76199	3228
85846	56	964
85847	229	2600
85848	76210	4554
85849	1635	4859
85850	76214	4340
85851	229	372
85852	76213	783
85853	76219	2137
85854	76221	2085
85855	1642	6973
85856	564	8467
85857	230	364
85858	76231	11520
85859	114	946
85860	76235	5237
85861	76236	3045
85862	1645	4672
85863	76237	326
85864	1645	3286
85865	1646	2886
85866	76248	2660
85867	76248	2125
85868	1646	3409
85869	1647	1739
85870	76251	3242
85871	76252	782
85872	114	702
85873	566	666
85874	76258	4591
85875	566	1677
85876	230	600
85877	76263	76229
85878	1655	3421
85879	576	842
85880	1657	1867
85881	76267	271
85882	230	3104
85883	1657	2732
85884	76273	3112
85885	76274	1897
85886	1658	9883
85887	76275	18004
85888	76276	4281
85889	76278	1026
85890	114	507
85891	56	7297
85892	76296	68
85893	567	864
85894	1677	3066
85895	76307	10884
85896	1677	1704
85897	1677	4114
85898	1677	4274
85899	230	4202
85900	76312	3670
85901	1677	4000
85902	1677	7747
85903	568	12593
85904	1679	1838
85905	568	9384
85906	76326	683
85907	76327	3288
85908	76329	33838
85909	76329	17429
85910	76335	71
85911	1679	4668
85912	1679	4664
85913	1679	3618
85914	76340	755
85915	76340	75989
85916	568	2004
85917	231	735
85918	76349	1720
85919	569	1087
85920	76352	2173
85921	76353	788
85922	1682	5941
85923	1682	7731
85924	76357	76225
85925	76355	18208
85926	76356	1776
85927	76356	667
85928	569	3104
85929	569	3251
85930	1683	1688
85931	76364	6984
85932	569	664
85933	76365	76194
85934	76371	20275
85935	76375	76290
85936	76378	3539
85937	76380	152
85938	76381	479
85939	76381	3106
85940	1703	3890
85941	1704	1956
85942	1704	2999
85943	76399	4513
85944	231	28386
85945	1708	2600
85946	231	623
85947	76407	2671
85948	231	2042
85949	76416	6142
85950	76420	3822
85951	76421	1062
85952	1713	2109
85953	1713	13382
85954	231	6601
85955	76423	2003
85956	576	1936
85957	1714	3326
85958	576	2108
85959	576	2511
85960	576	2158
85961	1714	3004
85962	576	4557
85963	1721	3725
85964	76443	1190
85965	231	628
85966	76448	11848
85967	57	633
85968	578	4274
85969	76436	21792
85970	578	1140
85971	76459	277
85972	76462	2571
85973	1729	3243
85974	76464	694
85975	76466	2076
85976	57	1125
85977	76472	1070
85978	76477	872
85979	76479	3520
85980	76483	349
85981	578	4964
85982	76490	219
85983	1738	4664
85984	76498	122
85985	1741	2003
85986	76506	3322
85987	76508	76050
85988	76508	1616
85989	76510	3924
85990	578	1967
85991	579	2668
85992	115	220
85993	76526	6463
85994	579	1991
85995	76529	2280
85996	115	471
85997	232	295
85998	580	8878
85999	76542	140
86000	76543	920
86001	76547	876
86002	76547	1797
86003	76548	375
86004	76550	9
86005	583	2349
86006	76556	11824
86007	76556	9099
86008	76557	17937
86009	583	15761
86010	1748	3542
86011	586	743
86012	1748	3721
86013	76594	3317
86014	76583	396
86015	76590	1612
86016	76593	3959
86017	76601	18745
86018	593	1463
86019	76623	76314
86020	76625	2145
86021	76628	17943
86022	76639	137
86023	76646	8990
86024	28	153
86025	76644	76023
86026	76649	616
86027	76655	234
86028	233	1399
86029	76662	1996
86030	594	1424
86031	233	250
86032	233	3192
86033	76670	76
86034	76671	1164
86035	76677	628
86036	76677	2526
86037	76705	1436
86038	76684	76068
86039	1767	4793
86040	76737	1781
86041	76742	11061
86042	76746	76511
86043	1759	3195
86044	76750	48
86045	76750	227
86046	595	2518
86047	595	6438
86048	76759	2677
86049	595	16544
86050	1771	5916
86051	76772	2044
86052	76778	1724
86053	76785	1708
86054	76785	161
86055	76787	244
86056	76784	1992
86057	234	1148
86058	1776	2756
86059	596	951
86060	596	1416
86061	76819	6151
86062	76820	1630
86063	76827	161
86064	76837	2449
86065	76837	4592
86066	1779	2196
86067	76842	751
86068	76856	3132
86069	76866	76101
86070	1781	3289
86071	76871	1105
86072	116	338
86073	598	1255
86074	76890	734
86075	28	257
86076	598	709
86077	598	1582
86078	1783	6927
86079	76924	714
86080	116	688
86081	76932	418
86082	76960	8511
86083	76963	31215
86084	76984	1986
86085	1788	2715
86086	77019	12999
86087	1789	2678
86088	77034	17607
86089	77056	48484
86090	77057	2624
86091	77060	76304
86092	77075	2978
86093	1790	7162
86094	77080	2212
86095	77083	4900
86096	236	900
86097	77093	11854
86098	236	347
86099	236	2063
86100	77113	2288
86101	77124	702
86102	15	916
86103	77141	17576
86104	601	2666
86105	77152	26556
86106	77167	925
86107	77162	943
86108	77179	2076
86109	77183	328
86110	77219	16311
86111	77224	3879
86112	237	951
86113	602	3256
86114	77248	2254
86115	77263	171
86116	77263	144
86117	602	2960
86118	1810	8884
86119	77310	1112
86120	77311	15656
86121	77336	76219
86122	1811	1920
86123	77398	951
86124	77390	190
86125	77395	3332
86126	77424	13342
86127	77418	7240
86128	77421	13349
86129	1814	4946
86130	77454	15509
86131	238	1931
86132	1815	2787
86133	77515	24928
86134	604	921
86135	118	350
86136	77510	12221
86137	77510	12184
86138	77501	17090
86139	118	145
86140	77533	1547
86141	604	2881
86142	1817	2088
86143	77613	1059
86144	1819	3322
86145	605	2794
86146	239	479
86147	1819	2696
86148	239	1296
86149	77710	6560
86150	77715	76468
86151	1820	3917
86152	239	1781
86153	77751	286
86154	77515	76158
86155	1821	2195
86156	77803	11289
86157	1823	2817
86158	77819	75959
86159	77837	1453
86160	239	640
86161	77888	135
86162	77907	3308
86163	77905	76780
86164	77940	1978
86165	1824	3949
86166	77943	75966
86167	1824	3233
86168	77982	18981
86169	77983	736
86170	77991	4927
86171	29	217
86172	1825	3575
86173	607	9056
86174	78034	813
86175	78036	3008
86176	78037	74
86177	78048	11784
86178	1825	11824
86179	78093	15527
86180	78111	21678
86181	78138	344
86182	78176	27712
86183	78175	28110
86184	78170	76082
86185	78166	76431
86186	240	305
86187	1826	2116
86188	1826	6591
86189	609	992
86190	609	1454
86191	78353	2934
86192	78423	1472
86193	78434	1675
86194	78450	6805
86195	78537	17028
86196	59	2001
86197	78595	749
86198	78631	17088
86199	78630	20956
86200	119	746
86201	78687	22195
86202	29	1800
86203	78728	833
86204	78751	31780
86205	78772	870
86206	78780	11385
86207	78782	3548
86208	78793	75901
86209	78791	76942
86210	78898	22754
86211	78844	36564
86212	78934	3641
86213	78936	11348
86214	78949	2309
86215	79080	10377
86216	79042	25247
86217	79062	15754
86218	1834	1839
86219	79082	3961
86220	79084	7988
86221	79101	5815
86222	79105	22391
86223	79127	14935
86224	79223	1706
86225	79242	22720
86226	79250	9396
86227	1838	2869
86228	79575	32796
86229	79616	77110
86230	79640	3657
86231	79659	16396
86232	79559	77533
86233	79666	77039
86234	79680	31743
86235	79791	76437
86236	241	2770
86237	79829	18474
86238	79836	11362
86239	79844	6073
86240	79848	28088
86241	79835	78643
86242	79868	23037
86243	79995	18707
86244	80089	1184
86245	608	2633
86246	80144	77249
86247	80188	27349
86248	80230	4524
86249	80351	16296
86250	80378	32931
86251	611	8398
86252	80576	25181
86253	80608	12653
86254	80627	14771
86255	80717	1353
86256	80827	10864
86257	80833	10523
86258	80956	762
86259	59	864
86260	81219	21083
86261	81277	80329
86262	81313	21168
86263	81331	22585
86264	81658	38632
86265	81686	78239
86266	81687	78805
86267	81724	15972
86268	81737	78333
86269	81738	14612
86270	81751	18032
86271	614	6591
86272	81869	8382
86273	81954	79833
86274	82189	9264
86275	82593	21978
86276	82831	30116
86277	82854	80961
86278	82871	47452
86279	83328	10870
86280	83388	81684
86281	83405	13398
86282	243	3968
86283	1865	15028
86284	84164	30957
86285	1867	2609
86286	1867	3256
86287	1867	5237
86288	613	2126
86289	1867	5284
86290	1867	2435
86291	59	4346
86292	1869	4265
86293	614	2685
86294	245	398
86295	615	719
86296	120	2223
86297	615	3247
86298	9	649
86299	1886	3537
86300	119	281
86301	615	2987
86302	29	1415
86303	247	3404
86304	1896	3064
86305	616	5192
86306	1896	4775
86307	248	4340
86308	617	2077
86309	1899	11654
86310	60	2137
86311	1894	3330
86312	618	7531
86313	1901	8005
86314	248	372
86315	1901	15596
86316	4	260
86317	1912	3997
86318	1913	7631
86319	121	1331
86320	121	222
86321	1926	25200
86322	121	4435
86323	248	2705
86324	622	2503
86325	9	481
86326	121	608
86327	60	717
86328	1928	3306
86329	622	1987
86330	1937	8491
86331	121	1999
86332	1933	3196
86333	250	674
86334	1933	3798
86335	121	2814
86336	623	690
86337	1935	2507
86338	1935	3181
86339	1936	2130
86340	622	2722
86341	250	4664
86342	250	559
86343	60	1961
86344	1937	2866
86345	1937	4125
86346	121	2875
86347	624	814
86348	0	120
86349	1939	2482
86350	29	4249
86351	625	1063
86352	625	866
86353	60	2093
86354	16	70
86355	252	942
86356	16	202
86357	626	1912
86358	9	3248
86359	1942	4787
86360	252	443
86361	1944	10442
86362	1948	2416
86363	627	1304
86364	252	685
86365	122	954
86366	628	736
86367	628	2722
86368	1949	4109
86369	1948	11824
86370	1950	2125
86371	1950	1968
86372	254	787
86373	1941	2601
86374	629	1886
86375	30	190
86376	1954	2094
86377	255	3325
86378	1954	11915
86379	255	1302
86380	255	1218
86381	1956	3612
86382	255	2244
86383	630	1625
86384	1959	4026
86385	1960	3320
86386	30	226
86387	1960	4960
86388	1960	9449
86389	630	1867
86390	258	1835
86391	123	1322
86392	1962	1992
86393	632	2509
86394	632	4960
86395	1965	2428
86396	1966	9291
86397	1967	8819
86398	30	609
86399	1968	3322
86400	1968	2929
86401	264	280
86402	1968	4140
86403	61	136
86404	30	1037
86405	61	1333
86406	264	1945
86407	1969	4284
86408	264	3147
86409	1971	2645
86410	1971	11299
86411	124	183
86412	636	1822
86413	267	1084
86414	636	1749
86415	267	357
86416	61	1413
86417	1972	2645
86418	638	744
86419	1980	3265
86420	124	3249
86421	1981	2510
86422	1981	2868
86423	1981	3635
86424	1983	2866
86425	1984	4272
86426	1984	2076
86427	1984	6044
86428	268	916
86429	1984	10694
86430	124	8789
86431	30	2479
86432	269	3917
86433	1986	9448
86434	1986	2851
86435	1986	3642
86436	641	4073
86437	1987	2968
86438	1990	4062
86439	1992	3243
86440	643	1941
86441	1993	2212
86442	643	3955
86443	1994	4076
86444	644	753
86445	1996	2170
86446	1997	9938
86447	645	671
86448	1997	3617
86449	1999	7378
86450	2000	17202
86451	646	2974
86452	647	9787
86453	647	7730
86454	647	1949
86455	271	914
86456	2011	7747
86457	272	322
86458	2017	2245
86459	2023	3256
86460	126	2686
86461	649	1897
86462	62	2788
86463	2027	2705
86464	126	2495
86465	126	2600
86466	649	3150
86467	649	2202
86468	650	1192
86469	126	1074
86470	2037	16579
86471	62	711
86472	2039	2747
86473	2041	5219
86474	2042	3877
86475	2042	2526
86476	2047	3465
86477	651	1056
86478	2057	6259
86479	651	1323
86480	274	2647
86481	2066	5946
86482	274	334
86483	2071	3331
86484	2073	3462
86485	2075	2699
86486	2075	7945
86487	275	5858
86488	275	1609
86489	2077	4964
86490	2077	3252
86491	2078	2289
86492	2079	4082
86493	127	3545
86494	2081	4720
86495	2080	4287
86496	2081	8499
86497	2081	4125
86498	2078	2256
86499	127	4369
86500	659	664
86501	659	663
86502	659	1826
86503	2086	2687
86504	16	1715
86505	2086	2515
86506	276	301
86507	128	1128
86508	2087	4117
86509	128	1264
86510	2088	2798
86511	2088	2211
86512	661	5240
86513	661	5200
86514	276	1283
86515	2090	2184
86516	2090	6610
86517	662	1552
86518	663	4388
86519	2091	3647
86520	128	1779
86521	663	1275
86522	663	812
86523	2092	15761
86524	277	414
86525	2096	3444
86526	2096	10652
86527	664	2662
86528	277	6741
86529	2104	3464
86530	277	2144
86531	63	568
86532	2104	7743
86533	2104	3449
86534	2105	5882
86535	277	4464
86536	666	7303
86537	2108	3034
86538	2109	2137
86539	2109	3822
86540	667	703
86541	129	2906
86542	129	11647
86543	2113	3318
86544	2114	2277
86545	668	1413
86546	668	3400
86547	668	4451
86548	2116	9853
86549	278	2610
86550	668	2189
86551	2119	2123
86552	669	7304
86553	2122	14852
86554	130	9409
86555	2122	2975
86556	671	1214
86557	2122	10310
86558	2122	15826
86559	2123	2188
86560	2123	17224
86561	130	694
86562	280	318
86563	672	9324
86564	673	843
86565	2125	6940
86566	2124	3949
86567	674	962
86568	2127	6259
86569	131	2743
86570	17	713
86571	131	630
86572	676	683
86573	676	3554
86574	17	295
86575	676	1922
86576	2129	4960
86577	131	487
86578	2130	4125
86579	677	1255
86580	2124	2153
86581	281	298
86582	2132	3193
86583	2133	14676
86584	64	167
86585	678	766
86586	131	3225
86587	2136	3484
86588	282	415
86589	2136	58094
86590	282	1187
86591	2137	4593
86592	2136	4125
86593	1	637
86594	282	723
86595	2139	12582
86596	2139	4117
86597	2139	3997
86598	2143	2606
86599	2146	3192
86600	682	2160
86601	683	3779
86602	2150	9448
86603	132	2666
86604	2157	12609
86605	2158	2202
86606	2158	3393
86607	2160	16412
86608	2167	3642
86609	2166	9442
86610	132	566
86611	687	2027
86612	132	515
86613	2168	2349
86614	2169	3196
86615	688	2494
86616	688	1526
86617	2170	17021
86618	286	2678
86619	690	2515
86620	691	2509
86621	691	2517
86622	691	2794
86623	2180	4111
86624	65	181
86625	2180	4280
86626	65	349
86627	65	1040
86628	2183	4099
86629	2185	2647
86630	692	6166
86631	692	3785
86632	2188	4231
86633	2189	2645
86634	2189	17420
86635	693	1208
86636	65	1115
86637	2185	4276
86638	287	2743
86639	692	1272
86640	2203	17799
86641	696	1110
86642	696	2956
86643	2212	2672
86644	697	2517
86645	2212	6895
86646	2212	5838
86647	134	530
86648	2213	4120
86649	2216	4557
86650	698	1101
86651	2217	2687
86652	698	1456
86653	2219	8510
86654	2225	6792
86655	134	1239
86656	289	4637
86657	134	357
86658	2230	3289
86659	2231	8363
86660	2235	4284
86661	2235	5284
86662	2235	6254
86663	32	7022
86664	134	2570
86665	703	3323
86666	2248	6173
86667	2249	2657
86668	717	6166
86669	135	143
86670	2254	4971
86671	2256	11647
86672	2256	9458
86673	2260	11785
86674	292	323
86675	706	1014
86676	2268	2533
86677	706	2623
86678	2270	4446
86679	2277	6318
86680	2277	3659
86681	2280	6407
86682	707	1424
86683	2289	18343
86684	2289	4287
86685	709	1345
86686	2301	5144
86687	2301	2776
86688	2301	7668
86689	2305	8354
86690	2305	3528
86691	136	2623
86692	2306	11108
86693	711	3001
86694	2318	3978
86695	711	9975
86696	2335	4111
86697	2338	4114
86698	2340	4129
86699	2341	3806
86700	2354	4831
86701	2355	9751
86702	713	1922
86703	2392	3479
86704	2393	2753
86705	33	419
86706	136	3946
86707	715	1241
86708	2416	4948
86709	2418	4668
86710	2419	2457
86711	717	1159
86712	2422	2426
86713	33	345
86714	717	10015
86715	295	1466
86716	295	2966
86717	2443	3934
86718	2446	3073
86719	718	6161
86720	295	468
86721	68	201
86722	6	363
86723	295	9955
86724	720	5772
86725	2468	4341
86726	296	2601
86727	720	2527
86728	10	512
86729	721	4799
86730	722	974
86731	2477	3961
86732	2477	4960
86733	2478	2866
86734	724	2722
86735	2482	4950
86736	727	891
86737	68	237
86738	296	4204
86739	297	1561
86740	2502	2507
86741	297	875
86742	726	6530
86743	726	4761
86744	138	2605
86745	728	2091
86746	2507	3012
86747	2509	2722
86748	2508	16712
86749	2509	3594
86750	298	1599
86751	733	739
86752	18	955
86753	2509	3679
86754	2510	4388
86755	18	363
86756	2511	2916
86757	299	20571
86758	2511	3717
86759	140	701
86760	733	1037
86761	140	478
86762	2515	2660
86763	2515	3544
86764	301	2127
86765	2518	5144
86766	140	1130
86767	2520	4418
86768	2519	4761
86769	2524	3320
86770	10	502
86771	2519	4393
86772	34	366
86773	2532	6083
86774	2532	2997
86775	2533	6730
86776	69	89
86777	2537	6859
86778	737	938
86779	737	2646
86780	2524	3531
86781	2537	6275
86782	301	2721
86783	737	4846
86784	739	3251
86785	2550	4210
86786	2550	3009
86787	2553	2928
86788	2555	2638
86789	303	1060
86790	741	2757
86791	741	1117
86792	10	517
86793	303	636
86794	2589	4397
86795	2589	3806
86796	34	1680
86797	743	3615
86798	743	1082
86799	303	2662
86800	141	465
86801	2601	2776
86802	746	1010
86803	746	5116
86804	10	2215
86805	746	3310
86806	304	1975
86807	304	540
86808	2610	3521
86809	2614	4632
86810	2619	5115
86811	751	2154
86812	70	2683
86813	2624	3492
86814	2623	2705
86815	70	317
86816	70	2743
86817	2629	6037
86818	2632	3598
86819	753	53106
86820	70	1838
86821	755	9883
86822	2646	4276
86823	2645	4067
86824	2645	4992
86825	142	3822
86826	306	4453
86827	2648	3814
86828	2649	3155
86829	2651	8863
86830	2653	7222
86831	2657	8496
86832	2660	9787
86833	2666	8482
86834	2666	4190
86835	311	3067
86836	35	1283
86837	2669	8810
86838	143	174
86839	768	1197
86840	313	931
86841	769	6508
86842	769	6590
86843	2668	2695
86844	2679	2963
86845	315	347
86846	2684	4451
86847	19	1996
86848	2688	4874
86849	773	3330
86850	774	1386
86851	144	1239
86852	71	421
86853	71	677
86854	316	1067
86855	2702	12350
86856	316	435
86857	2666	3322
86858	2706	3293
86859	2706	2730
86860	776	1226
86861	777	962
86862	777	4668
86863	779	2426
86864	2720	6074
86865	317	1025
86866	2722	3032
86867	2726	4907
86868	2743	9680
86869	145	2773
86870	2745	3251
86871	2751	4683
86872	146	596
86873	2757	19625
86874	2759	8681
86875	321	3584
86876	146	781
86877	36	1758
86878	36	1392
86879	2776	4887
86880	322	1478
86881	2783	2784
86882	36	296
86883	795	4436
86884	2788	2936
86885	36	542
86886	796	914
86887	20	527
86888	2789	3022
86889	796	4059
86890	322	15524
86891	2793	3186
86892	798	1447
86893	323	2710
86894	323	345
86895	799	2787
86896	799	1611
86897	20	123
86898	2808	4891
86899	73	338
86900	2810	9939
86901	802	4400
86902	20	3404
86903	20	288
86904	73	511
86905	804	2080
86906	806	4498
86907	73	2891
86908	20	787
86909	323	2684
86910	2842	10889
86911	148	715
86912	148	2127
86913	324	1181
86914	148	1402
86915	73	7637
86916	2870	4467
86917	2871	3250
86918	2871	11582
86919	2872	6159
86920	149	381
86921	2875	12272
86922	2875	4070
86923	822	858
86924	826	898
86925	2886	3720
86926	2887	5719
86927	328	2550
86928	2889	6463
86929	2891	13332
86930	328	2764
86931	20	1611
86932	834	1629
86933	2897	8935
86934	2897	20744
86935	837	942
86936	2900	4142
86937	2908	11537
86938	839	11648
86939	150	287
86940	839	4435
86941	2908	11772
86942	2908	5034
86943	840	5059
86944	840	5236
86945	840	4109
86946	150	673
86947	842	1168
86948	842	9458
86949	330	4616
86950	2924	3866
86951	842	3256
86952	2921	7018
86953	842	7381
86954	333	1010
86955	843	3246
86956	843	1269
86957	333	2564
86958	2930	4619
86959	2943	20533
86960	3037	11537
86961	2960	3529
86962	335	1971
86963	2966	3479
86964	2966	6653
86965	2968	3010
86966	335	2710
86967	335	1063
86968	2968	20570
86969	851	2771
86970	2975	8499
86971	2974	3639
86972	74	1027
86973	2977	11108
86974	2977	8435
86975	2960	3515
86976	2986	3928
86977	335	2908
86978	2989	3250
86979	864	2926
86980	866	3104
86981	336	972
86982	866	7383
86983	3001	18119
86984	335	3637
86985	152	179
86986	3009	9619
86987	875	938
86988	3011	6859
86989	3013	3718
86990	3013	4782
86991	338	1133
86992	3026	3128
86993	3022	7955
86994	3026	20837
86995	3028	20846
86996	3034	13331
86997	338	23860
86998	37	56
86999	3044	4156
87000	3037	3061
87001	842	1365
87002	3057	8497
87003	3059	10662
87004	342	1416
87005	3048	12550
87006	3066	3073
87007	153	479
87008	3067	3230
87009	3071	27883
87010	3074	3282
87011	75	2833
87012	3093	4059
87013	3102	4438
87014	344	5143
87015	898	3575
87016	3099	3584
87017	154	323
87018	3104	39890
87019	3104	3254
87020	3108	8005
87021	3122	3134
87022	344	1204
87023	909	3717
87024	3113	8459
87025	3115	4535
87026	911	2126
87027	3121	40705
87028	3129	3478
87029	3130	3134
87030	3147	14809
87031	912	1130
87032	3153	3332
87033	154	1965
87034	914	4912
87035	3166	17240
87036	345	1179
87037	914	2428
87038	3196	7617
87039	3182	3433
87040	3196	3483
87041	3196	7195
87042	921	1704
87043	3202	3642
87044	3207	4452
87045	21	941
87046	3215	21405
87047	347	372
87048	75	2614
87049	347	972
87050	38	896
87051	3225	3798
87052	924	5001
87053	347	492
87054	3230	3595
87055	348	628
87056	3236	4869
87057	348	1520
87058	930	1530
87059	39	123
87060	348	2227
87061	39	624
87062	348	714
87063	12	531
87064	348	3155
87065	934	2495
87066	40	363
87067	3249	5831
87068	3250	4076
87069	3252	6383
87070	3254	6937
87071	21	4956
87072	39	2778
87073	938	3407
87074	351	3400
87075	939	1988
87076	157	194
87077	352	373
87078	352	851
87079	941	3782
87080	77	144
87081	3298	3887
87082	3306	45549
87083	943	2673
87084	77	358
87085	3318	15656
87086	353	3180
87087	77	953
87088	945	2113
87089	3322	4662
87090	946	1788
87091	3328	3399
87092	354	926
87093	946	2601
87094	945	2601
87095	3334	4262
87096	3335	10874
87097	3337	7023
87098	947	5200
87099	3402	8682
87100	357	1833
87101	158	163
87102	952	9807
87103	954	1463
87104	3446	18801
87105	3449	3677
87106	3449	3978
87107	3451	11537
87108	358	2917
87109	956	1078
87110	358	1040
87111	3465	4418
87112	957	4343
87113	40	50
87114	21	363
87115	40	154
87116	359	1535
87117	3478	4218
87118	3478	6135
87119	3489	5953
87120	3483	3499
87121	3486	16311
87122	964	1256
87123	965	1312
87124	3500	14586
87125	3505	6054
87126	3506	4501
87127	968	2675
87128	362	2646
87129	362	1396
87130	362	1537
87131	3516	26197
87132	974	1242
87133	3528	10785
87134	160	1227
87135	3538	16034
87136	3540	17018
87137	3550	3698
87138	3552	3648
87139	3553	3875
87140	363	952
87141	160	2451
87142	363	4435
87143	3584	5883
87144	992	1677
87145	79	109
87146	79	141
87147	160	287
87148	3594	3656
87149	998	2644
87150	998	1088
87151	161	200
87152	3596	6259
87153	3598	7603
87154	161	1176
87155	1010	1016
87156	3618	4775
87157	1010	2106
87158	79	1089
87159	3626	9087
87160	364	10040
87161	162	1073
87162	3638	13279
87163	162	316
87164	162	245
87165	3642	8506
87166	1014	2686
87167	162	3182
87168	3651	8988
87169	3656	11503
87170	3661	3924
87171	1016	3256
87172	1016	1586
87173	162	2795
87174	367	397
87175	1016	3925
87176	3695	9601
87177	368	1232
87178	3717	3724
87179	1018	1758
87180	22	335
87181	3719	3726
87182	3727	12864
87183	163	2125
87184	3747	23009
87185	1019	2955
87186	3759	3767
87187	22	272
87188	1020	2851
87189	3785	11555
87190	1025	2178
87191	1025	6159
87192	1022	3113
87193	1026	6589
87194	3802	7747
87195	3798	8607
87196	81	530
87197	1028	5952
87198	1028	3020
87199	371	541
87200	1036	1867
87201	372	1139
87202	3875	4343
87203	3887	15510
87204	1037	5126
87205	165	2902
87206	1038	1146
87207	81	1694
87208	165	1783
87209	1040	1112
87210	3917	5909
87211	1040	4470
87212	373	1144
87213	1043	4136
87214	374	398
87215	3951	7326
87216	1047	1594
87217	3959	5324
87218	22	3179
87219	3978	4761
87220	165	563
87221	3982	4141
87222	3982	6074
87223	1050	1119
87224	4021	6141
87225	166	1244
87226	1051	30720
87227	167	196
87228	1052	5003
87229	167	2468
87230	1054	1677
87231	378	657
87232	4082	8918
87233	1057	2961
87234	4082	8490
87235	1057	1089
87236	4076	4470
87237	4110	4785
87238	4110	16122
87239	4111	6082
87240	4111	25842
87241	4114	16057
87242	4115	4308
87243	83	222
87244	4116	13331
87245	1061	1073
87246	4117	18778
87247	1061	6268
87248	4125	8886
87249	4131	15606
87250	383	1115
87251	4132	8499
87252	383	1392
87253	1066	3642
87254	4151	18696
87255	4166	4732
87256	41	1022
87257	4176	5319
87258	1067	6446
87259	385	422
87260	4187	4557
87261	170	489
87262	4201	12189
87263	4203	6254
87264	1072	2864
87265	4228	9628
87266	387	2133
87267	1073	1580
87268	4247	15789
87269	84	2419
87270	170	6188
87271	1073	3217
87272	1074	3027
87273	4261	4262
87274	388	535
87275	4262	6728
87276	4272	6382
87277	388	542
87278	4275	26632
87279	388	4775
87280	4276	8899
87281	4276	5028
87282	389	1087
87283	13	589
87284	4285	15525
87285	41	3511
87286	4291	6446
87287	4293	15970
87288	4296	28476
87289	4297	13547
87290	171	1211
87291	4308	8432
87292	1081	2872
87293	4311	4393
87294	1081	14656
87295	171	4388
87296	392	1211
87297	1081	3978
87298	392	2172
87299	171	488
87300	4343	6476
87301	1082	8496
87302	4343	9386
87303	4345	8813
87304	1082	4859
87305	4346	4351
87306	4346	9102
87307	4347	4906
87308	171	2721
87309	1084	6330
87310	4379	4600
87311	4385	5909
87312	1075	1382
87313	4387	6438
87314	1086	1392
87315	4388	6622
87316	396	1553
87317	23	283
87318	4400	9479
87319	4395	8609
87320	4398	12741
87321	4443	17422
87322	1090	3797
87323	1090	2518
87324	1090	1831
87325	173	563
87326	1091	2169
87327	173	252
87328	173	837
87329	86	345
87330	1092	4230
87331	1092	2927
87332	42	564
87333	42	1061
87334	1092	6095
87335	4513	4761
87336	173	2005
87337	86	3182
87338	4501	17559
87339	4515	4554
87340	86	2547
87341	4550	16341
87342	405	701
87343	173	4109
87344	86	1775
87345	1101	9408
87346	13	4347
87347	173	17120
87348	23	843
87349	407	974
87350	174	467
87351	407	3286
87352	174	1205
87353	4657	20777
87354	4662	12710
87355	23	1972
87356	4669	7552
87357	174	4119
87358	4709	6665
87359	1108	6481
87360	1109	3590
87361	14	31
87362	409	1474
87363	4760	4813
87364	23	13202
87365	409	1048
87366	86	5975
87367	1111	5346
87368	4782	4999
87369	174	4250
87370	5226	34794
87371	89	46836
87372	6943	32356
87373	7594	17109
87374	7818	39493
87375	9687	47253
87376	9775	32717
87377	10201	41183
87378	10246	29558
87379	10409	29526
87380	11681	54924
87381	11883	11886
87382	13457	13458
87383	14538	30786
87384	14871	53676
87385	15570	36828
87386	21732	23065
87387	17427	36431
87388	18651	33311
87389	19723	19724
87390	21529	39799
87391	21666	34190
87392	22292	33161
87393	22143	43538
87394	24558	45773
87395	24707	61088
87396	26243	36034
87397	26328	36803
87398	26915	61023
87399	27438	27441
87400	27625	27627
87401	28616	30083
87402	29425	29426
87403	31023	31024
87404	32522	33323
87405	35602	62839
87406	35869	35870
87407	37525	39809
87408	38126	63718
87409	44750	70026
87410	43588	57605
87411	53369	53370
87412	53443	53444
87413	1717	1723
87414	77328	26472
87415	77512	31337
87416	81232	37084
87417	84060	4789
87418	85252	39940
87419	1913	66717
87420	2030	13125
87421	2160	39281
87422	692	21705
87423	2511	13508
87424	3063	36729
87425	3269	32557
87426	3737	32563
87427	3940	27191
87428	4101	4103
87429	4785	8482
87430	1112	13421
87431	4785	28054
87432	14	1198
87433	1112	12314
87434	4795	5763
87435	4796	5828
87436	4797	6989
87437	4797	20085
87438	1112	13341
87439	4800	4912
87440	1112	10700
87441	4801	48551
87442	4807	7412
87443	4807	8789
87444	4808	20142
87445	1113	3490
87446	84167	11789
87447	411	768
87448	4811	7570
87449	1114	5258
87450	411	4859
87451	1114	1379
87452	4824	8338
87453	4823	7310
87454	175	4886
87455	14	1424
87456	4826	18117
87457	4831	17119
87458	175	248
87459	4831	10310
87460	175	368
87461	175	407
87462	1115	7044
87463	42	4508
87464	4842	9681
87465	4842	11529
87466	4843	10893
87467	4843	22855
87468	4844	4847
87469	4844	8461
87470	87	491
87471	4847	6230
87472	4847	13665
87473	1116	1901
87474	1116	1162
87475	1116	3318
87476	1116	3477
87477	1116	2145
87478	4849	12583
87479	1116	1382
87480	1116	4785
87481	4850	6883
87482	7	1012
87483	413	1061
87484	175	1128
87485	4851	5916
87486	413	601
87487	4853	7764
87488	4853	22342
87489	413	1613
87490	4853	9805
87491	4853	11521
87492	175	3002
87493	4854	5763
87494	4854	19399
87495	87	2609
87496	1116	4249
87497	1117	2647
87498	4861	22124
87499	1117	2109
87500	1117	1383
87501	413	1181
87502	413	2106
87503	4864	17422
87504	413	3066
87505	14	4086
87506	1117	3217
87507	14	3822
87508	4871	12601
87509	1118	2773
87510	4874	6396
87511	4874	25036
87512	4877	4878
87513	4886	17251
87514	413	1453
87515	1118	4672
87516	1118	2942
87517	1118	8014
87518	4887	9453
87519	4888	5124
87520	4888	5699
87521	4888	8793
87522	4902	7305
87523	4902	6329
87524	414	1403
87525	414	479
87526	4904	16563
87527	4915	9787
87528	4905	6293
87529	4912	6269
87530	4912	6039
87531	1119	3250
87532	1119	2533
87533	1120	1139
87534	176	533
87535	176	1530
87536	1120	3033
87537	4920	5117
87538	176	646
87539	87	799
87540	4925	6151
87541	1120	6918
87542	4928	14995
87543	1120	2506
87544	4928	5113
87545	176	379
87546	1120	4341
87547	1120	2797
87548	1120	6157
87549	4939	14676
87550	415	1679
87551	4941	10865
87552	415	839
87553	1120	8561
87554	14	165
87555	4946	8885
87556	1121	1997
87557	415	5250
87558	4948	9448
87559	1121	2027
87560	4948	11825
87561	4948	7597
87562	1121	4501
87563	4948	9376
87564	1121	1807
87565	4952	5102
87566	43	2435
87567	1122	1345
87568	4953	18280
87569	4953	28776
87570	4953	24302
87571	4953	26555
87572	4953	23358
87573	1122	4258
87574	417	422
87575	416	1622
87576	1122	1126
87577	14	327
87578	417	434
87579	4955	16705
87580	417	1394
87581	4955	9462
87582	176	1034
87583	4955	8899
87584	4955	11647
87585	0	363
87586	1123	1936
87587	1123	2003
87588	4955	8900
87589	417	1838
87590	1123	5219
87591	4958	5112
87592	1123	5136
87593	4958	21276
87594	4960	6173
87595	23	837
87596	4960	13032
87597	4960	6155
87598	4960	11549
87599	14	7023
87600	14	4562
87601	4962	9247
87602	417	840
87603	4963	8682
87604	1124	4787
87605	4964	8514
87606	4963	11445
87607	1124	2305
87608	4964	9104
87609	4964	4968
87610	4964	10803
87611	4964	6907
87612	14	199
87613	4964	20241
87614	1124	4668
87615	4964	11300
87616	4971	7617
87617	4968	5022
87618	4971	10591
87619	4971	11648
87620	4971	9659
87621	417	3634
87622	23	1065
87623	1126	2887
87624	4971	13454
87625	1126	4347
87626	417	1004
87627	88	116
87628	1126	7747
87629	4974	18179
87630	14	2660
87631	1128	1264
87632	1128	1145
87633	1128	1429
87634	4975	8354
87635	4975	29047
87636	4975	15656
87637	4975	5178
87638	4975	7383
87639	4979	4980
87640	4980	14825
87641	14	561
87642	4984	5144
87643	4983	9787
87644	418	766
87645	4984	6395
87646	1128	3336
87647	4986	4997
87648	4986	6974
87649	4988	5356
87650	88	1244
87651	4988	6407
87652	14	157
87653	14	600
87654	177	1451
87655	4988	6885
87656	1129	2415
87657	1129	2899
87658	177	3074
87659	4997	7596
87660	4999	8496
87661	1129	2968
87662	14	618
87663	1129	1976
87664	14	1115
87665	1129	1339
87666	4999	9172
87667	177	2197
87668	5006	5699
87669	5007	29257
87670	5015	8805
87671	5021	6803
87672	44	631
87673	5021	5060
87674	88	2016
87675	5022	11745
87676	1129	2138
87677	1130	2146
87678	5024	7150
87679	1130	2644
87680	5030	18190
87681	44	962
87682	420	25200
87683	5034	9481
87684	5034	5125
87685	88	1612
87686	5057	7046
87687	420	4720
87688	1131	1134
87689	1131	2956
87690	178	704
87691	5064	19357
87692	178	596
87693	1131	4026
87694	14	5158
87695	1131	1319
87696	1131	2089
87697	5074	7968
87698	5075	9752
87699	1131	1385
87700	1132	3669
87701	5028	31822
87702	178	3312
87703	420	5196
87704	5075	6848
87705	1132	1384
87706	5104	6803
87707	421	1056
87708	5106	20085
87709	178	1062
87710	5109	17346
87711	5110	9790
87712	5110	5351
87713	5113	16047
87714	14	506
87715	1133	3310
87716	5115	8014
87717	1133	16705
87718	5116	7742
87719	5123	6154
87720	5123	53708
87721	5123	5722
87722	1133	2213
87723	44	887
87724	1133	8283
87725	1134	3594
87726	5125	10564
87727	1134	2904
87728	5125	9787
87729	5126	5883
87730	1132	1940
87731	5126	7901
87732	7	4210
87733	5126	10187
87734	5129	7729
87735	5129	13380
87736	1134	3246
87737	1134	2675
87738	5130	6169
87739	5134	11901
87740	1134	2875
87741	1134	5876
87742	179	1467
87743	1134	4176
87744	5139	7383
87745	5139	6253
87746	5139	10015
87747	422	691
87748	5142	8613
87749	5144	5219
87750	5144	9442
87751	88	2858
87752	23	1949
87753	5144	7150
87754	5144	7747
87755	422	1065
87756	422	528
87757	23	2002
87758	5142	6374
87759	5144	16120
87760	179	3696
87761	5151	8501
87762	1135	1999
87763	5157	8488
87764	5157	12357
87765	5158	8600
87766	1135	5806
87767	1136	3797
87768	5161	6509
87769	5162	14989
87770	1136	5195
87771	5163	9616
87772	89	121
87773	5164	6413
87774	5170	12478
87775	180	287
87776	180	223
87777	180	467
87778	5179	17112
87779	5192	9680
87780	5192	28387
87781	5195	9792
87782	423	1022
87783	5195	6189
87784	1137	3319
87785	5195	11826
87786	1137	11643
87787	423	3797
87788	423	3179
87789	423	1562
87790	5211	21823
87791	423	3225
87792	14	8491
87793	5219	7899
87794	89	725
87795	1138	2181
87796	5151	9152
87797	5226	6446
87798	5233	12737
87799	5233	12439
87800	1138	4941
87801	5236	6540
87802	5236	26537
87803	180	506
87804	1138	13276
87805	5237	5415
87806	5237	6032
87807	1139	1985
87808	5243	29048
87809	5249	7524
87810	5249	10242
87811	1139	2585
87812	5252	5878
87813	5257	5942
87814	5260	10564
87815	5260	6446
87816	425	1181
87817	5260	10655
87818	425	789
87819	5260	27269
87820	5267	9176
87821	5270	7449
87822	5284	8918
87823	5284	7940
87824	1139	4287
87825	5287	12975
87826	5288	24732
87827	5288	20604
87828	1140	3217
87829	425	2234
87830	5314	6605
87831	181	7023
87832	181	358
87833	181	1758
87834	1140	5978
87835	5322	5828
87836	5324	9744
87837	5342	7580
87838	181	323
87839	426	1406
87840	1141	1159
87841	1140	2906
87842	181	4435
87843	5370	8611
87844	5362	13382
87845	1141	2270
87846	44	3867
87847	1141	7222
87848	5388	10798
87849	14	1838
87850	5396	10138
87851	1141	3929
87852	5418	22135
87853	1141	3445
87854	5421	18348
87855	14	1606
87856	5428	27263
87857	5493	13282
87858	5498	22117
87859	181	3949
87860	5522	6397
87861	1142	1781
87862	1142	3325
87863	5522	5962
87864	5538	5541
87865	5540	7972
87866	5541	17052
87867	185	492
87868	5548	29486
87869	1142	2999
87870	5568	11586
87871	5596	5597
87872	5626	7456
87873	1142	6530
87874	5653	31706
87875	1143	3004
87876	5698	10139
87877	1143	8180
87878	1143	7942
87879	1143	2743
87880	1143	1899
87881	428	1680
87882	5702	5771
87883	1143	12326
87884	5713	8427
87885	5718	6558
87886	89	3029
87887	5757	37589
87888	5758	9409
87889	1144	2619
87890	1144	3325
87891	1144	6722
87892	5759	14656
87893	1144	4557
87894	23	8919
87895	5763	6730
87896	5763	7526
87897	5783	8605
87898	1144	4859
87899	428	1050
87900	1144	14983
87901	428	837
87902	1144	20747
87903	5774	5785
87904	428	3403
87905	5783	17661
87906	5783	6530
87907	183	2509
87908	5784	22424
87909	1145	7523
87910	5810	28728
87911	1145	1155
87912	1145	1994
87913	429	1539
87914	5836	10007
87915	5838	8467
87916	5846	5847
87917	14	18778
87918	90	2779
87919	5856	7570
87920	1146	1195
87921	1146	1333
87922	5854	33206
87923	1146	1757
87924	430	473
87925	183	1250
87926	430	806
87927	430	600
87928	5867	9769
87929	14	610
87930	430	1019
87931	5868	7780
87932	430	3094
87933	5875	9789
87934	5875	7984
87935	5877	7439
87936	183	1437
87937	183	2124
87938	430	8352
87939	183	2647
87940	5881	7439
87941	45	68
87942	5883	7271
87943	430	1143
87944	5885	6076
87945	430	864
87946	1148	6183
87947	45	205
87948	183	8509
87949	430	709
87950	1149	4700
87951	5917	27124
87952	5921	6711
87953	5922	9195
87954	183	784
87955	5935	7902
87956	183	711
87957	1149	5240
87958	5938	13357
87959	5938	17033
87960	5939	9448
87961	183	3411
87962	92	177
87963	5940	7653
87964	1150	2800
87965	5941	5946
87966	1150	4495
87967	5942	16744
87968	431	912
87969	1151	1427
87970	431	771
87971	183	699
87972	5953	6870
87973	1151	9469
87974	1157	2678
87975	92	1196
87976	5954	14609
87977	183	576
87978	5960	6070
87979	432	4340
87980	45	140
87981	92	601
87982	5965	16313
87983	45	1871
87984	5972	11747
87985	5959	12947
87986	183	326
87987	5977	8338
87988	5980	6143
87989	5966	7049
87990	5985	15661
87991	5985	8358
87992	45	347
87993	433	702
87994	5985	8928
87995	433	813
87996	45	668
87997	433	1434
87998	433	1502
87999	6016	18691
88000	1153	2863
88001	6031	11824
88002	1151	6477
88003	6031	9616
88004	1153	16077
88005	6032	16344
88006	1153	2042
88007	6039	7117
88008	6043	13989
88009	1154	2086
88010	1154	1960
88011	1154	4051
88012	6050	16312
88013	6045	11558
88014	6045	6088
88015	6049	12741
88016	6048	6060
88017	6050	9377
88018	1154	1332
88019	6051	24786
88020	6051	17661
88021	433	7787
88022	434	526
88023	6052	11565
88024	6053	6076
88025	6059	8497
88026	6055	20392
88027	6055	6847
88028	6054	7260
88029	434	1973
88030	434	2067
88031	6057	20571
88032	434	2518
88033	434	2248
88034	6057	14705
88035	1154	3531
88036	6060	20848
88037	6062	10430
88038	1155	1202
88039	6074	8889
88040	1155	4438
88041	6077	18168
88042	434	715
88043	6082	6094
88044	434	837
88045	1156	3542
88046	6088	38184
88047	6088	6532
88048	6089	23884
88049	6090	11582
88050	92	992
88051	1156	12504
88052	6091	12743
88053	1156	1202
88054	6093	12881
88055	14	2975
88056	45	4960
88057	6091	8609
88058	6109	18151
88059	1157	1829
88060	6098	6589
88061	1157	5970
88062	1157	1424
88063	6109	8972
88064	1157	2158
88065	6127	28599
88066	6128	10905
88067	6128	7534
88068	434	3888
88069	6129	11302
88070	6130	16244
88071	6130	10694
88072	6131	10291
88073	6131	14852
88074	6132	18991
88075	6131	18004
88076	6132	11706
88077	6133	14986
88078	184	1226
88079	6133	7377
88080	1158	3602
88081	1158	3521
88082	1158	3596
88083	1158	2096
88084	6137	7833
88085	6137	9291
88086	6138	13540
88087	6140	13292
88088	6141	13292
88089	1159	2085
88090	6146	12067
88091	6147	12734
88092	6147	15531
88093	6148	13291
88094	6148	13284
88095	6150	17495
88096	6150	22612
88097	435	1374
88098	1159	1580
88099	1159	48687
88100	184	11236
88101	185	641
88102	6157	6885
88103	185	525
88104	1160	3067
88105	436	1063
88106	14	2865
88107	185	335
88108	6160	8826
88109	185	1939
88110	6161	11824
88111	6160	6320
88112	6161	7733
88113	6162	11823
88114	6161	6888
88115	6136	12472
88116	436	843
88117	1161	1399
88118	185	756
88119	1161	1948
88120	185	1414
88121	6163	13287
88122	1161	1831
88123	6166	13381
88124	6166	9526
88125	185	2130
88126	6173	8514
88127	436	525
88128	1161	6409
88129	6174	12604
88130	6184	11772
88131	6183	18120
88132	6184	7942
88133	45	709
88134	185	15507
88135	436	1367
88136	6187	21840
88137	1161	1326
88138	436	12980
88139	1162	1972
88140	6197	29476
88141	6223	10593
88142	1162	7150
88143	6227	54717
88144	437	1678
88145	1162	2105
88146	1162	2919
88147	1162	28138
88148	6233	11782
88149	6238	56676
88150	6239	11529
88151	6245	8865
88152	6253	9785
88153	6253	15968
88154	1163	2512
88155	438	953
88156	6254	10331
88157	1161	9787
88158	185	2189
88159	14	612
88160	1163	1672
88161	185	2519
88162	439	1014
88163	6238	6978
88164	185	2451
88165	439	893
88166	185	238
88167	1164	4274
88168	6269	9423
88169	6269	6911
88170	6283	34783
88171	6286	13209
88172	6286	9451
88173	6291	24281
88174	6301	6302
88175	1164	3612
88176	439	946
88177	6309	11522
88178	6314	6381
88179	6321	11239
88180	93	247
88181	6341	29125
88182	440	778
88183	6363	9481
88184	185	3618
88185	1165	3922
88186	1165	2977
88187	1165	10331
88188	6374	7523
88189	1165	2651
88190	14	6143
88191	440	2145
88192	1166	1365
88193	1166	3927
88194	6382	12582
88195	1166	3445
88196	6383	15507
88197	6383	13382
88198	440	2667
88199	6388	27180
88200	440	3972
88201	93	1103
88202	6396	9376
88203	1167	1778
88204	1167	4388
88205	1167	1826
88206	6396	7535
88207	6396	22665
88208	6397	7979
88209	6397	9291
88210	6397	16311
88211	1167	4345
88212	6404	21114
88213	1167	4203
88214	6404	7598
88215	6405	7621
88216	6404	9410
88217	6407	11359
88218	185	13382
88219	6407	10199
88220	442	3863
88221	1168	1931
88222	6430	6707
88223	1168	1633
88224	93	4814
88225	6437	11979
88226	6446	8491
88227	6446	9853
88228	6446	7983
88229	6446	29190
88230	6487	12604
88231	6446	9938
88232	1168	17024
88233	1168	10425
88234	443	725
88235	443	1125
88236	1169	1205
88237	6475	8607
88238	6475	9499
88239	6476	6478
88240	1169	2118
88241	443	5064
88242	6476	39277
88243	6482	18145
88244	6487	17035
88245	1170	1983
88246	6506	8374
88247	6508	15661
88248	1170	1682
88249	1170	3256
88250	6510	8810
88251	6516	22424
88252	445	7866
88253	445	627
88254	1170	10884
88255	1170	3443
88256	6544	8499
88257	6539	7022
88258	6540	14729
88259	1171	6261
88260	93	2129
88261	1171	6044
88262	186	4848
88263	186	2001
88264	6561	20892
88265	186	250
88266	186	1961
88267	186	495
88268	186	1073
88269	186	1082
88270	6562	7764
88271	6563	18374
88272	6584	9236
88273	1171	17935
88274	14	1163
88275	6589	30919
88276	6590	7531
88277	6590	10654
88278	186	2723
88279	1172	2554
88280	1172	4988
88281	6598	16156
88282	1172	9407
88283	1172	1752
88284	1172	11647
88285	6602	13049
88286	451	3378
88287	1172	6978
88288	451	1470
88289	6647	32969
88290	451	3783
88291	451	2955
88292	6680	17122
88293	6681	7381
88294	6681	16306
88295	1173	4984
88296	6711	17722
88297	6711	16721
88298	6712	12470
88299	6711	27013
88300	6712	13319
88301	1173	2114
88302	1173	4113
88303	1173	7525
88304	6716	9886
88305	1173	5880
88306	453	5232
88307	6724	17721
88308	6726	20565
88309	6731	17836
88310	6731	10803
88311	6736	8459
88312	6736	9487
88313	1174	1197
88314	6741	18226
88315	94	142
88316	451	709
88317	94	1105
88318	94	1515
88319	453	7988
88320	6759	11163
88321	6763	16692
88322	1174	1778
88323	1174	2002
88324	6792	12581
88325	6799	11077
88326	1174	3489
88327	6799	7380
88328	455	1415
88329	455	855
88330	94	9680
88331	94	3159
88332	186	1628
88333	6810	20722
88334	6811	9594
88335	6818	8968
88336	6829	22129
88337	94	272
88338	6843	33327
88339	1175	7023
88340	6859	17729
88341	6859	17089
88342	1177	3255
88343	456	1413
88344	1175	9848
88345	456	1122
88346	6883	11103
88347	6877	6878
88348	456	5192
88349	94	1553
88350	6884	11055
88351	94	1560
88352	1176	2722
88353	6884	11772
88354	6884	11522
88355	45	8378
88356	6889	12275
88357	6893	21839
88358	6895	8883
88359	456	1296
88360	1176	2426
88361	1176	2129
88362	456	1542
88363	6918	12679
88364	6920	11611
88365	1177	2603
88366	6927	8813
88367	1177	1478
88368	6930	9462
88369	186	4067
88370	6930	13381
88371	6863	6865
88372	24	46
88373	1177	7523
88374	6930	11551
88375	6937	8889
88376	1177	2874
88377	6937	7259
88378	6937	23119
88379	6939	8367
88380	6940	16673
88381	6940	8879
88382	1177	7747
88383	6940	57457
88384	6940	33339
88385	6961	10772
88386	6967	9038
88387	6968	9073
88388	6970	21582
88389	457	3515
88390	1178	4842
88391	24	277
88392	457	2692
88393	6993	14779
88394	456	3378
88395	457	1752
88396	7001	13878
88397	1178	1622
88398	7013	9794
88399	7023	13049
88400	1179	1703
88401	46	1226
88402	1179	2675
88403	7048	9458
88404	458	1544
88405	7065	17789
88406	458	1472
88407	7092	36150
88408	458	1739
88409	7100	12594
88410	458	641
88411	187	354
88412	7117	11654
88413	7124	7570
88414	7142	11647
88415	1180	1783
88416	1180	6091
88417	1179	2872
88418	7178	11780
88419	7178	14910
88420	7194	45164
88421	7195	18119
88422	7196	10673
88423	1181	3067
88424	461	955
88425	7216	7251
88426	7216	7255
88427	7216	17018
88428	7201	11538
88429	1182	4723
88430	461	932
88431	1181	1539
88432	1182	1487
88433	7223	7254
88434	7223	17029
88435	7232	30367
88436	1182	2426
88437	7233	7242
88438	7236	12679
88439	7237	17021
88440	1182	1656
88441	461	2742
88442	461	1100
88443	7253	30366
88444	95	1014
88445	7256	13495
88446	7261	17043
88447	461	6605
88448	7270	9616
88449	461	1898
88450	7278	10889
88451	1184	6090
88452	1184	1484
88453	1184	2678
88454	46	543
88455	462	1035
88456	7292	8855
88457	7292	17399
88458	7292	11705
88459	7296	46432
88460	462	33327
88461	7296	13237
88462	187	3341
88463	7296	12735
88464	1185	2067
88465	464	3591
88466	464	1894
88467	95	1841
88468	7309	45873
88469	464	1416
88470	7319	47150
88471	7323	7325
88472	7323	9786
88473	7336	34549
88474	1185	1957
88475	7377	7432
88476	7336	21734
88477	24	506
88478	7381	8382
88479	7292	28081
88480	24	204
88481	1186	3669
88482	1186	2874
88483	1186	7930
88484	7387	7403
88485	7405	7757
88486	187	4454
88487	7412	11654
88488	7412	7591
88489	7431	14577
88490	188	209
88491	7417	9734
88492	7439	21593
88493	46	1211
88494	465	1238
88495	7524	7742
88496	7525	9407
88497	188	372
88498	7525	9799
88499	7526	9342
88500	1189	1476
88501	1189	13815
88502	24	741
88503	7527	18962
88504	466	1059
88505	7531	8597
88506	7531	15970
88507	7535	9792
88508	7535	49917
88509	1190	1835
88510	7548	9086
88511	7565	11613
88512	7570	10941
88513	1190	4952
88514	7584	11857
88515	466	3878
88516	466	1625
88517	466	5785
88518	7591	8878
88519	7591	18190
88520	7591	8367
88521	7595	8836
88522	7595	16995
88523	1191	2473
88524	7603	12580
88525	7605	7617
88526	1192	2481
88527	189	943
88528	7614	9014
88529	7627	15086
88530	7631	9104
88531	464	898
88532	1193	12049
88533	467	8460
88534	7621	9184
88535	467	1070
88536	7636	9446
88537	1195	6263
88538	7674	23703
88539	7668	24751
88540	7685	10336
88541	7683	30664
88542	467	2724
88543	1195	1771
88544	1195	6613
88545	1196	1646
88546	1196	1745
88547	1196	2005
88548	7730	8613
88549	7730	10664
88550	1197	1747
88551	1197	10273
88552	189	9275
88553	7733	8514
88554	1197	2705
88555	467	17073
88556	1198	1536
88557	7740	21343
88558	7741	21341
88559	1198	2799
88560	7742	19701
88561	96	2421
88562	7743	8813
88563	468	2169
88564	7747	15591
88565	468	2680
88566	189	2173
88567	1198	2116
88568	1198	2158
88569	7751	8972
88570	7749	11814
88571	7758	9662
88572	7764	11820
88573	24	1463
88574	24	2519
88575	7773	22963
88576	7777	9799
88577	1198	3589
88578	7785	15967
88579	7833	9785
88580	1202	2789
88581	7833	9244
88582	7839	9451
88583	7859	11698
88584	7859	8014
88585	7865	7902
88586	7855	22088
88587	1201	2967
88588	470	3177
88589	1201	6312
88590	470	3225
88591	7932	18131
88592	7935	20025
88593	1202	2968
88594	470	1507
88595	7950	9665
88596	1202	1622
88597	471	1404
88598	471	1132
88599	8041	19716
88600	7983	15977
88601	7765	8634
88602	7982	12266
88603	471	1786
88604	1203	1742
88605	7	1319
88606	7986	17113
88607	1203	3697
88608	471	1736
88609	8005	13068
88610	7979	8863
88611	190	1340
88612	8052	10312
88613	8063	42201
88614	8076	10212
88615	1204	5939
88616	8094	18546
88617	190	407
88618	190	955
88619	1204	7293
88620	8178	37090
88621	1202	3637
88622	8302	37116
88623	8304	33326
88624	190	650
88625	8313	10052
88626	8323	20929
88627	473	1484
88628	8338	9488
88629	8338	9506
88630	47	362
88631	1205	3193
88632	473	1217
88633	1205	3169
88634	47	665
88635	96	483
88636	190	3064
88637	8360	26197
88638	1206	3067
88639	8362	15716
88640	8367	24535
88641	1206	4497
88642	8372	9802
88643	8373	8885
88644	8372	8849
88645	8374	19439
88646	8378	11824
88647	8380	16717
88648	8382	16689
88649	8383	9610
88650	8383	33812
88651	14	748
88652	1208	1437
88653	97	201
88654	475	4340
88655	1208	3979
88656	475	1166
88657	8413	31381
88658	8418	8454
88659	8427	8790
88660	8432	8538
88661	475	3696
88662	8435	15667
88663	8460	12605
88664	8462	9617
88665	8475	8479
88666	24	4451
88667	8482	9193
88668	8482	9342
88669	1214	3870
88670	8488	15763
88671	1214	10024
88672	97	1203
88673	191	1273
88674	8491	15507
88675	475	8841
88676	191	1069
88677	8496	9376
88678	1217	2884
88679	476	2609
88680	476	1488
88681	191	2126
88682	1217	2675
88683	476	600
88684	476	3044
88685	1218	1526
88686	8497	15536
88687	1218	1562
88688	476	3322
88689	476	1960
88690	1218	1779
88691	8499	8889
88692	8499	9462
88693	8499	15765
88694	8499	22755
88695	8502	33877
88696	1219	1959
88697	1219	2184
88698	1219	3191
88699	8505	27339
88700	1219	1816
88701	477	4055
88702	8509	18190
88703	477	658
88704	478	2986
88705	8510	11272
88706	1220	3424
88707	1221	1410
88708	97	258
88709	1221	1823
88710	1221	2509
88711	1221	1473
88712	8514	8605
88713	192	1833
88714	192	624
88715	8520	15656
88716	8522	17228
88717	1222	2665
88718	8522	37375
88719	478	1237
88720	192	437
88721	478	1748
88722	8499	9458
88723	192	223
88724	8536	15517
88725	8539	9102
88726	8536	15516
88727	1223	2982
88728	8572	37388
88729	478	530
88730	8597	9375
88731	8597	32594
88732	8597	13388
88733	8603	18127
88734	1226	1820
88735	24	2099
88736	97	1928
88737	8607	17496
88738	1226	4755
88739	1227	1896
88740	1227	1531
88741	479	1786
88742	1227	1869
88743	479	1062
88744	8622	10909
88745	8633	9275
88746	8634	31853
88747	8650	17251
88748	1227	3966
88749	8660	9442
88750	8662	35892
88751	8668	35890
88752	8681	11218
88753	47	1238
88754	8684	13202
88755	479	4941
88756	8705	22800
88757	1228	7032
88758	8728	11465
88759	8730	15147
88760	1228	1357
88761	1228	10377
88762	1228	3169
88763	1229	1377
88764	1229	4753
88765	8813	25231
88766	1229	2469
88767	1231	2919
88768	8815	17240
88769	480	3856
88770	480	10652
88771	8826	11590
88772	8831	20614
88773	8836	25231
88774	8846	17963
88775	8849	15660
88776	1232	2739
88777	8863	15761
88778	2	3791
88779	1233	1893
88780	1233	6380
88781	1234	1391
88782	8884	10371
88783	8884	9163
88784	1234	3207
88785	8886	15753
88786	1231	2452
88787	480	6050
88788	98	1013
88789	98	222
88790	8889	11148
88791	8889	18474
88792	8889	16581
88793	8889	17943
88794	8889	13032
88795	1236	1896
88796	2	3226
88797	1236	1317
88798	8900	16117
88799	8903	40862
88800	8912	36929
88801	1236	1326
88802	8918	10548
88803	8918	19501
88804	8918	44632
88805	8918	11770
88806	8918	16718
88807	8918	67849
88808	1237	1612
88809	1237	2614
88810	8926	32111
88811	1237	2673
88812	194	668
88813	481	720
88814	8928	11647
88815	98	1120
88816	8928	34673
88817	481	490
88818	8935	9920
88819	481	2787
88820	481	4256
88821	8936	23119
88822	8964	14629
88823	1240	1544
88824	8969	10427
88825	1241	2692
88826	8978	9786
88827	8978	21437
88828	1241	2458
88829	8985	17419
88830	9022	9107
88831	9039	21670
88832	9039	19519
88833	9039	29165
88834	9039	37781
88835	1243	7116
88836	9056	23113
88837	9085	17650
88838	9099	10659
88839	1244	2632
88840	9099	12975
88841	9102	37548
88842	9104	9789
88843	195	409
88844	482	687
88845	9105	13340
88846	9109	9110
88847	9109	15607
88848	48	939
88849	9118	15558
88850	9118	15535
88851	14	2589
88852	1244	5335
88853	483	702
88854	9099	15006
88855	483	1437
88856	9155	11175
88857	483	3478
88858	1245	1737
88859	9162	15607
88860	9161	26916
88861	9162	10024
88862	9184	21437
88863	483	1044
88864	9184	21564
88865	9246	24736
88866	1247	4078
88867	9250	17660
88868	98	3035
88869	1248	3954
88870	483	2802
88871	9275	9481
88872	9286	13388
88873	48	1011
88874	483	2256
88875	9291	15679
88876	9311	23579
88877	9376	16721
88878	98	2748
88879	9376	16243
88880	9377	9793
88881	484	733
88882	9408	40900
88883	1251	4265
88884	1251	8062
88885	196	430
88886	196	1397
88887	1252	2423
88888	9417	32370
88889	196	315
88890	9424	40484
88891	9426	9523
88892	98	5354
88893	9440	18726
88894	196	1928
88895	1252	4611
88896	9446	22611
88897	1253	1909
88898	9451	9458
88899	1253	3515
88900	1253	6723
88901	196	1890
88902	9450	12365
88903	9451	23178
88904	1253	4266
88905	1254	4119
88906	9457	24926
88907	484	6160
88908	9458	20610
88909	1255	5917
88910	485	664
88911	485	2721
88912	485	3186
88913	485	4463
88914	9468	20338
88915	1257	2645
88916	9478	10905
88917	9481	12473
88918	1257	1795
88919	9489	18181
88920	9488	21737
88921	9494	65075
88922	9496	22199
88923	487	1677
88924	9501	9525
88925	487	2865
88926	9509	32426
88927	98	6055
88928	487	2136
88929	9513	9519
88930	1264	9597
88931	9520	16244
88932	9526	12189
88933	1264	33869
88934	487	2349
88935	9598	13357
88936	9603	13016
88937	9603	11259
88938	9610	23158
88939	99	1530
88940	9616	12732
88941	9616	10865
88942	9660	9853
88943	9660	22611
88944	1268	5246
88945	1266	10216
88946	197	4375
88947	487	4481
88948	9699	11067
88949	9687	13885
88950	9702	15765
88951	1268	3074
88952	1269	2928
88953	9751	17252
88954	9751	16342
88955	9769	12732
88956	1269	3266
88957	9781	14779
88958	1271	2924
88959	9787	17958
88960	9787	17202
88961	198	299
88962	48	410
88963	198	623
88964	1272	4340
88965	198	1116
88966	487	3515
88967	9853	18801
88968	9855	10702
88969	1272	2205
88970	99	1433
88971	9903	11916
88972	9913	16256
88973	1273	2284
88974	1273	3950
88975	1273	5076
88976	9940	22840
88977	9975	37160
88978	9970	18196
88979	9976	11178
88980	9992	32024
88981	1275	1425
88982	9717	15523
88983	10061	21948
88984	488	5859
88985	10078	23497
88986	10105	13715
88987	10150	19564
88988	488	2041
88989	10312	17202
88990	10269	53764
88991	10310	23399
88992	10331	17935
88993	10331	15606
88994	10317	39157
88995	1278	1377
88996	10333	26996
88997	10333	11929
88998	489	3595
88999	10353	10886
89000	489	511
89001	489	1825
89002	10380	29334
89003	198	3092
89004	10394	54523
89005	198	2068
89006	49	55
89007	10425	12601
89008	489	4111
89009	10512	14629
89010	10474	17407
89011	1280	1866
89012	10497	28475
89013	1280	6312
89014	10532	34247
89015	10545	10672
89016	1280	6895
89017	10548	24702
89018	10566	21264
89019	10564	11604
89020	10537	24730
89021	489	14656
89022	10593	20055
89023	1282	5864
89024	10656	28321
89025	10656	13032
89026	10656	21838
89027	10658	20746
89028	10659	15013
89029	10663	13377
89030	10664	11555
89031	199	219
89032	199	943
89033	1283	3919
89034	10667	11543
89035	10667	22089
89036	1283	7012
89037	489	5172
89038	1283	31555
89039	10674	19021
89040	49	174
89041	10863	17020
89042	10694	24074
89043	10694	12482
89044	10730	24596
89045	10763	25882
89046	10771	44392
89047	199	701
89048	10803	44324
89049	10804	27566
89050	10812	25043
89051	199	1099
89052	10848	15022
89053	10867	20397
89054	1286	1560
89055	10876	19125
89056	10888	24401
89057	10905	20455
89058	10912	32594
89059	1286	4668
89060	10956	28637
89061	11055	19036
89062	11055	13032
89063	11060	12445
89064	11075	14825
89065	11077	19436
89066	11092	30989
89067	11107	18601
89068	11112	11466
89069	490	1729
89070	11150	32094
89071	1296	2788
89072	11284	31988
89073	199	291
89074	1296	8828
89075	11310	15662
89076	11328	17085
89077	1296	1323
89078	11349	13442
89079	1296	2184
89080	11148	28730
89081	11410	21450
89082	11450	12437
89083	11465	15660
89084	11446	20848
89085	1296	4992
89086	11466	15517
89087	11486	28646
89088	11369	11377
89089	1297	1941
89090	11089	33559
89091	11521	16317
89092	199	3553
89093	1297	2419
89094	199	972
89095	1297	18117
89096	11538	22854
89097	11539	18168
89098	491	558
89099	199	7598
89100	11555	21535
89101	11562	12490
89102	491	594
89103	491	2533
89104	11601	21239
89105	11604	24869
89106	491	1552
89107	11823	17035
89108	49	10652
89109	11644	17074
89110	11647	11824
89111	11647	15531
89112	1299	9905
89113	100	1406
89114	11651	11821
89115	11651	11819
89116	11654	22578
89117	11706	17039
89118	11674	24296
89119	11687	15730
89120	100	4722
89121	11706	18136
89122	1306	3842
89123	11743	19534
89124	11746	16810
89125	11746	17202
89126	1306	3107
89127	11782	13292
89128	491	567
89129	11783	16971
89130	11783	45728
89131	11797	11806
89132	11811	18893
89133	1308	3108
89134	11819	17419
89135	11816	20632
89136	11819	23895
89137	11819	15606
89138	11821	17702
89139	11820	16097
89140	11823	18136
89141	11824	12734
89142	492	1134
89143	492	2924
89144	49	782
89145	1312	4761
89146	11824	13276
89147	11828	38253
89148	11845	25122
89149	11855	13445
89150	11858	12652
89151	492	1080
89152	11888	16255
89153	1312	8792
89154	11891	37058
89155	492	3064
89156	11915	18185
89157	11929	16033
89158	11963	24690
89159	1316	1420
89160	12051	16810
89161	12056	17235
89162	12101	35974
89163	12144	13049
89164	492	2719
89165	49	1473
89166	492	1599
89167	12195	28430
89168	12196	16259
89169	12227	20080
89170	1318	8061
89171	12275	12747
89172	1319	2002
89173	12326	21706
89174	200	507
89175	12366	34992
89176	12370	26201
89177	12476	22880
89178	12450	19242
89179	12490	14984
89180	12448	18672
89181	12504	14991
89182	12504	12505
89183	12508	14802
89184	12537	21771
89185	12583	15531
89186	12582	16038
89187	12582	20446
89188	1326	1495
89189	12593	23106
89190	100	1111
89191	1326	1407
89192	12599	18128
89193	12600	12614
89194	12601	18893
89195	12607	25495
89196	12610	12615
89197	12613	20020
89198	12618	17027
89199	12641	12642
89200	1326	1838
89201	12655	17605
89202	493	6601
89203	1327	2788
89204	12669	12670
89205	14	4616
89206	1327	4345
89207	493	1964
89208	12708	14723
89209	493	4604
89210	1327	5862
89211	12732	12741
89212	12734	19436
89213	200	11145
89214	1328	3068
89215	1329	1383
89216	12747	18119
89217	12746	17125
89218	12747	13378
89219	12747	16031
89220	12748	16733
89221	12791	34652
89222	12832	12833
89223	12862	51285
89224	12883	29403
89225	12881	21504
89226	494	3596
89227	12939	18200
89228	12949	12950
89229	494	955
89230	13002	17635
89231	13016	16097
89232	1332	2125
89233	13032	19075
89234	13032	26574
89235	13063	24916
89236	13077	42251
89237	201	272
89238	1333	1970
89239	13138	13145
89240	13150	31297
89241	13197	25722
89242	76004	11057
89243	13275	13277
89244	1333	4278
89245	13275	18194
89246	494	2963
89247	201	1621
89248	13302	13309
89249	13352	28245
89250	494	2794
89251	1338	4231
89252	495	1074
89253	1339	4025
89254	13382	21565
89255	13382	16021
89256	13409	24229
89257	13421	17112
89258	13492	16311
89259	495	1116
89260	13511	22180
89261	1	69
89262	13626	28856
89263	495	1759
89264	13686	33469
89265	1344	1671
89266	201	2997
89267	1344	2701
89268	13784	33522
89269	25	65
89270	1345	9445
89271	13858	49669
89272	13962	34594
89273	14042	14043
89274	14106	14107
89275	496	4086
89276	496	2426
89277	25	189
89278	100	11857
89279	202	2950
89280	1348	2044
89281	101	2742
89282	202	1426
89283	202	687
89284	496	19632
89285	1353	2618
89286	202	3395
89287	497	517
89288	1358	3971
89289	1363	1703
89290	1364	1945
89291	101	2805
89292	1365	3797
89293	1365	4360
89294	497	2764
89295	1365	6320
89296	496	12460
89297	202	2568
89298	202	5252
89299	25	288
89300	1367	1370
89301	497	15536
89302	1368	7160
89303	1368	5021
89304	498	6128
89305	498	1936
89306	25	346
89307	1368	9247
89308	1368	27237
89309	14585	21563
89310	1371	1785
89311	14619	34930
89312	14585	22253
89313	14600	22339
89314	1374	2692
89315	1374	4905
89316	1375	1814
89317	1375	1974
89318	1375	2118
89319	203	228
89320	203	346
89321	14806	14807
89322	1375	4905
89323	1375	4498
89324	1375	5946
89325	14990	22124
89326	14999	21761
89327	1377	2731
89328	50	2870
89329	499	611
89330	1379	2673
89331	1379	7829
89332	15146	21156
89333	14650	17021
89334	101	2458
89335	1379	8364
89336	204	292
89337	15517	19500
89338	15517	24415
89339	15521	17438
89340	1380	2789
89341	15517	16717
89342	204	788
89343	204	1429
89344	500	1019
89345	500	2213
89346	15532	15554
89347	1382	3950
89348	500	1101
89349	204	1997
89350	500	1327
89351	15572	26555
89352	15590	17097
89353	8	69
89354	15655	21092
89355	15656	19523
89356	102	103
89357	1383	7106
89358	204	391
89359	1384	3069
89360	204	478
89361	1384	3854
89362	15719	17418
89363	15730	34025
89364	15748	15778
89365	1384	3112
89366	1384	6328
89367	15763	17425
89368	1385	3895
89369	1385	4261
89370	15779	16544
89371	15784	19503
89372	15787	19569
89373	15801	15843
89374	102	902
89375	15829	15850
89376	15926	24161
89377	501	665
89378	50	1231
89379	15972	24291
89380	0	1631
89381	204	2874
89382	16013	26432
89383	1387	1764
89384	25	2512
89385	102	4948
89386	1387	8964
89387	16077	18629
89388	1388	1975
89389	1388	3000
89390	50	837
89391	16114	23581
89392	16119	16122
89393	16066	20795
89394	502	2833
89395	16143	37596
89396	1389	2926
89397	16200	17422
89398	16226	16230
89399	1389	5975
89400	16297	16752
89401	16322	16323
89402	16345	19726
89403	16312	21531
89404	16404	44503
89405	16411	24559
89406	16439	20185
89407	16544	19519
89408	16668	25827
89409	1392	4721
89410	16705	22180
89411	16716	38288
89412	25	3289
89413	16760	21582
89414	16760	25175
89415	16815	39484
89416	1394	1413
89417	205	1010
89418	16844	16845
89419	16818	16819
89420	16823	19356
89421	16824	22425
89422	16825	46006
89423	16875	16894
89424	50	356
89425	503	2773
89426	1396	1421
89427	16996	17088
89428	205	1255
89429	205	1534
89430	1396	6089
89431	1396	1601
89432	17026	17042
89433	503	7225
89434	17031	17040
89435	17047	21794
89436	17062	17063
89437	205	3802
89438	17095	38363
89439	1396	21537
89440	17106	30009
89441	500	1051
89442	1397	4887
89443	17118	37717
89444	1397	1739
89445	103	1467
89446	17136	17139
89447	17129	26579
89448	17159	30491
89449	1397	6587
89450	17155	17162
89451	17240	22887
89452	17277	17282
89453	17274	17417
89454	1398	2928
89455	17341	58348
89456	505	4391
89457	505	742
89458	17429	18190
89459	17428	23846
89460	506	530
89461	506	1825
89462	17490	22944
89463	1399	10946
89464	17607	21619
89465	17608	27581
89466	17614	30138
89467	17762	22808
89468	17836	21670
89469	17900	17901
89470	17810	21727
89471	17944	18146
89472	17931	42781
89473	17933	45850
89474	17928	17963
89475	17935	23119
89476	17954	50919
89477	18003	40370
89478	18010	25478
89479	1401	2439
89480	18045	27111
89481	18077	18078
89482	103	3684
89483	18297	18298
89484	18118	23280
89485	18125	61843
89486	18131	18152
89487	18151	20034
89488	18168	46432
89489	1402	5864
89490	18175	18176
89491	1402	1420
89492	18179	23118
89493	506	3445
89494	18306	18307
89495	18321	19424
89496	18354	18358
89497	18382	18383
89498	18401	41171
89499	1403	2537
89500	18433	18434
89501	18460	58612
89502	18540	24426
89503	18590	22830
89504	18613	18614
89505	18660	23113
89506	18682	18683
89507	18703	18704
89508	18725	26685
89509	507	540
89510	18725	23039
89511	17959	44721
89512	1403	1404
89513	18753	18754
89514	18811	28376
89515	18839	32449
89516	18889	25404
89517	18890	24823
89518	1404	1549
89519	18963	18987
89520	18968	18969
89521	18994	43436
89522	1404	1805
89523	19046	33803
89524	19065	19677
89525	1405	4345
89526	1405	1726
89527	1405	4051
89528	19153	21485
89529	19252	27283
89530	19344	27487
89531	19373	19379
89532	19351	42566
89533	19461	30178
89534	19497	31392
89535	507	2875
89536	19524	33494
89537	1406	2749
89538	19577	22602
89539	1406	1890
89540	19658	21291
89541	507	1761
89542	19580	36362
89543	19680	19698
89544	19683	46742
89545	19701	52277
89546	19752	24101
89547	1406	2750
89548	1406	4534
89549	1406	2786
89550	206	276
89551	206	564
89552	206	843
89553	1407	3093
89554	19961	34736
89555	1407	3066
89556	19989	22216
89557	20070	20071
89558	20166	31333
89559	20151	25495
89560	20187	29975
89561	19776	19778
89562	20307	38578
89563	20303	24704
89564	20309	45963
89565	20364	25305
89566	20432	29095
89567	20448	27001
89568	1409	1420
89569	1409	1477
89570	20491	20492
89571	1409	2798
89572	509	2867
89573	20608	36365
89574	1409	2719
89575	509	1010
89576	21165	44338
89577	21197	23539
89578	21190	21193
89579	21252	37687
89580	509	1778
89581	21290	33558
89582	21423	31965
89583	21437	24783
89584	1410	1961
89585	21462	21463
89586	21475	21478
89587	21484	22753
89588	21588	24758
89589	21583	28616
89590	206	543
89591	206	1026
89592	21703	59808
89593	509	1351
89594	509	1704
89595	21927	30173
89596	509	540
89597	22003	29975
89598	22040	22041
89599	509	9453
89600	22181	22847
89601	22161	22171
89602	22195	24923
89603	22331	24415
89604	22321	24925
89605	50	5867
89606	22424	39666
89607	22438	35064
89608	22457	22989
89609	510	2126
89610	22673	51182
89611	22742	60723
89612	22779	26869
89613	22764	26502
89614	22870	22871
89615	22789	43380
89616	22827	46074
89617	22831	22832
89618	22907	58134
89619	22938	22942
89620	22936	50589
89621	22959	33475
89622	1414	2794
89623	23031	25508
89624	1414	5342
89625	23273	54922
89626	1414	2459
89627	23435	61037
89628	23480	25839
89629	23471	46594
89630	511	1783
89631	23506	23507
89632	511	615
89633	23681	24923
89634	23723	41142
89635	23778	43609
89636	23595	23599
89637	23988	24013
89638	24082	24083
89639	1416	3668
89640	24259	57928
89641	24289	29057
89642	24437	31832
89643	24482	34701
89644	23568	24709
89645	24727	31977
89646	24849	24851
89647	24727	31962
89648	24929	31968
89649	25002	27167
89650	25094	25097
89651	25096	25100
89652	1417	7865
89653	511	20207
89654	1417	21004
89655	25358	43828
89656	25484	47065
89657	25613	25614
89658	25729	25730
89659	25757	38873
89660	25798	47213
89661	25926	25927
89662	1420	1635
89663	207	2603
89664	25972	48006
89665	207	1939
89666	512	1074
89667	512	1677
89668	512	2100
89669	512	1928
89670	51	934
89671	26250	42014
89672	1423	5308
89673	1424	2968
89674	1424	3951
89675	51	1424
89676	51	1478
89677	512	3979
89678	1424	3677
89679	26239	26240
89680	207	2601
89681	1424	2200
89682	208	938
89683	104	952
89684	26451	47380
89685	26514	44711
89686	26632	31486
89687	512	8673
89688	26843	44942
89689	51	168
89690	1426	4999
89691	51	371
89692	27003	40700
89693	512	11475
89694	27017	42517
89695	27100	29846
89696	27131	27134
89697	51	1411
89698	27476	29929
89699	27717	27719
89700	27709	46985
89701	27734	37251
89702	28349	28355
89703	207	2589
89704	1426	4281
89705	28280	28283
89706	28331	35183
89707	28426	30607
89708	28441	38035
89709	28801	28802
89710	1427	7731
89711	28407	28408
89712	1427	1598
89713	29304	61656
89714	29508	29510
89715	29596	29601
89716	1428	2510
89717	51	1070
89718	29857	42810
89719	29918	29922
89720	515	3903
89721	51	1116
89722	30331	41557
89723	30516	31787
89724	30603	30604
89725	30765	30767
89726	30887	30888
89727	30920	30925
89728	30967	48926
89729	31031	66239
89730	208	2146
89731	31080	31082
89732	31107	31110
89733	31243	31244
89734	31304	31309
89735	30677	53222
89736	31432	52265
89737	31733	40178
89738	516	4272
89739	31579	31697
89740	31652	31653
89741	516	736
89742	31728	31729
89743	516	1101
89744	32019	32020
89745	32136	32137
89746	516	2922
89747	1429	3485
89748	51	761
89749	208	1070
89750	1429	2883
89751	517	1822
89752	517	3249
89753	25	2220
89754	32394	32395
89755	208	3702
89756	32599	32602
89757	32627	42531
89758	32627	42532
89759	32889	35129
89760	32951	49061
89761	33194	33195
89762	33431	42907
89763	33486	47904
89764	33534	46069
89765	33814	33821
89766	33894	33898
89767	33941	33942
89768	33946	33947
89769	33993	33996
89770	34087	38687
89771	34578	34579
89772	34892	35173
89773	34909	62930
89774	34935	34936
89775	34962	34963
89776	208	3856
89777	1436	1633
89778	518	3881
89779	1437	4557
89780	1437	2669
89781	1437	1703
89782	519	1524
89783	519	2544
89784	1438	2510
89785	1438	12460
89786	1438	3516
89787	105	429
89788	519	1322
89789	1440	3889
89790	1440	3147
89791	519	563
89792	1441	3066
89793	1440	1936
89794	36009	48369
89795	36238	36241
89796	36246	36269
89797	36368	67103
89798	36432	42491
89799	36499	49095
89800	36662	36663
89801	36653	44062
89802	36695	36696
89803	36856	59117
89804	36991	36993
89805	37102	37104
89806	37026	37027
89807	37016	37017
89808	37260	51582
89809	1442	1899
89810	209	709
89811	1442	2181
89812	37548	38883
89813	37555	43815
89814	37557	37559
89815	37562	44743
89816	37764	44700
89817	37714	72396
89818	37785	37793
89819	38116	38121
89820	38240	38242
89821	38295	52027
89822	38340	38341
89823	1442	8969
89824	38645	38646
89825	38847	38848
89826	39026	43496
89827	39104	39105
89828	39172	52520
89829	39356	39359
89830	39835	39837
89831	39607	39610
89832	40020	40022
89833	40176	40177
89834	40235	60456
89835	40338	40339
89836	40423	49219
89837	40497	50251
89838	40832	40845
89839	51	8814
89840	41499	44123
89841	41560	41561
89842	41977	41978
89843	1444	1502
89844	40268	40269
89845	1443	4059
89846	43695	57788
89847	43636	43637
89848	43672	43674
89849	43722	44282
89850	210	599
89851	43958	70042
89852	44513	65375
89853	45006	45007
89854	45276	45278
89855	45320	45321
89856	45328	45330
89857	45399	51873
89858	1444	4785
89859	45854	45855
89860	45990	45991
89861	520	1014
89862	46379	46381
89863	520	848
89864	210	2439
89865	46803	46805
89866	520	2786
89867	47752	56331
89868	47891	71530
89869	1445	4323
89870	48800	48801
89871	1446	6424
89872	521	1021
89873	50319	50320
89874	49793	49796
89875	49985	49990
89876	521	1365
89877	51782	51783
89878	210	273
89879	1451	2605
89880	26	30
89881	52437	67245
89882	1451	1822
89883	52800	52801
89884	52819	53122
89885	52886	63561
89886	53097	53098
89887	210	311
89888	53921	53923
89889	54036	54037
89890	1446	2649
89891	55267	55268
89892	522	4604
89893	1454	1643
89894	55818	55832
89895	51	3026
89896	56022	56023
89897	56208	56209
89898	56524	69287
89899	56534	56535
89900	56703	56704
89901	57265	57269
89902	51	3318
89903	54864	54866
89904	1454	4138
89905	522	924
89906	58816	58817
89907	522	1804
89908	1455	2232
89909	59145	59146
89910	522	3106
89911	1455	11548
89912	59454	59455
89913	59694	59697
89914	60136	60137
89915	60530	60532
89916	522	3515
89917	61286	61297
89918	61356	61357
89919	61436	61437
89920	61885	61886
89921	1456	4960
89922	61935	61936
89923	62972	62973
89924	61976	61980
89925	62264	62265
89926	63751	63752
89927	1456	1815
89928	63768	63769
89929	65627	65630
89930	66255	66259
89931	66494	66505
89932	66836	66837
89933	1457	2479
89934	66967	66968
89935	67007	67008
89936	67329	67332
89937	67624	67625
89938	68055	73543
89939	68120	68127
89940	1458	2884
89941	210	4858
89942	523	1078
89943	523	3785
89944	69533	69534
89945	71127	71128
89946	70596	70597
89947	70868	70869
89948	70787	70788
89949	71740	71741
89950	106	1518
89951	72784	72787
89952	1459	3553
89953	73306	73307
89954	524	1246
89955	74618	74620
89956	74890	74891
89957	74894	75815
89958	1461	1768
89959	1463	3783
89960	1463	3897
89961	524	901
89962	524	1947
89963	75506	75507
89964	75794	75796
89965	75879	641
89966	75879	593
89967	75879	3177
89968	75879	3447
89969	524	3592
89970	211	280
89971	211	228
89972	525	956
89973	1464	3162
89974	75880	1820
89975	525	808
89976	211	756
89977	540	1972
89978	526	1135
89979	1466	2081
89980	211	3061
89981	1466	4125
89982	75881	2300
89983	75881	4275
89984	75881	3256
89985	75881	3891
89986	526	4393
89987	1466	6897
89988	526	8727
89989	75882	565
89990	26	626
89991	75882	19681
89992	1467	3644
89993	211	1762
89994	106	4346
89995	75883	15
89996	211	3035
89997	526	2685
89998	53	1901
89999	1468	1746
90000	106	1612
90001	75884	2670
90002	1468	8512
90003	75884	5761
90004	1469	5126
90005	75885	1525
90006	1469	2515
90007	1469	1819
90008	1469	2225
90009	75885	954
90010	75884	64
90011	106	3582
90012	75886	813
90013	527	2602
90014	75886	2477
90015	1470	3646
90016	1470	29753
90017	75886	5073
90018	1471	4272
90019	75887	1961
90020	527	7930
90021	527	3492
90022	528	608
90023	528	2416
90024	1472	3037
90025	75887	7541
90026	75888	3531
90027	1473	2001
90028	1473	1977
90029	1473	3275
90030	75889	806
90031	75888	3691
90032	212	2696
90033	75889	36
90034	53	389
90035	1474	3400
90036	75890	3669
90037	528	3644
90038	528	3230
90039	212	3595
90040	75891	341
90041	75891	2125
90042	75891	4071
90043	1475	2627
90044	1475	3196
90045	1475	1981
90046	528	31766
90047	75893	1967
90048	75892	1507
90049	75892	2904
90050	75892	616
90051	529	3822
90052	529	1102
90053	75893	8491
90054	75893	2087
90055	75893	487
90056	213	1867
90057	75894	73
90058	529	2130
90059	75894	372
90060	529	2122
90061	75894	1040
90062	1476	2512
90063	1476	3639
90064	1476	2426
90065	213	9680
90066	1476	7037
90067	75895	1250
90068	213	1025
90069	75895	806
90070	529	2837
90071	53	1731
90072	75896	140
90073	75896	1487
90074	75896	275
90075	1477	3670
90076	1477	2497
90077	75896	1244
90078	75897	2524
90079	75897	2554
90080	529	20465
90081	75898	4211
90082	75898	298
90083	75898	380
90084	75899	924
90085	1479	21890
90086	1479	4948
90087	75900	338
90088	75882	743
90089	1480	3889
90090	1480	8460
90091	54	598
90092	1481	1806
90093	1480	4150
90094	0	3451
90095	530	683
90096	530	952
90097	530	4345
90098	75902	4727
90099	54	806
90100	54	756
90101	1482	4625
90102	54	1203
90103	75903	382
90104	530	2130
90105	75903	534
90106	530	4823
90107	530	4275
90108	75904	9
90109	75904	6254
90110	75904	1155
90111	214	246
90112	1484	2537
90113	1484	3826
90114	75905	3247
90115	1484	2879
90116	214	280
90117	75905	1979
90118	530	3024
90119	75907	173
90120	530	2205
90121	75907	4111
90122	214	1196
90123	75907	2118
90124	530	2307
90125	107	991
90126	75908	701
90127	75909	680
90128	75908	4470
90129	75909	1517
90130	75909	1970
90131	75910	3170
90132	75910	955
90133	1487	5075
90134	75910	631
90135	75910	1424
90136	530	48605
90137	3	32
90138	75908	1955
90139	75911	1044
90140	107	9927
90141	1488	7730
90142	75912	29
90143	75912	3004
90144	75912	1746
90145	75912	4375
90146	75912	318
90147	75912	3571
90148	75912	75896
90149	1491	2270
90150	75913	430
90151	108	286
90152	215	766
90153	530	27123
90154	1492	1783
90155	531	1378
90156	75914	1598
90157	1493	4785
90158	1493	1621
90159	75914	2626
90160	75915	3067
90161	108	363
90162	75915	569
90163	108	126
90164	215	814
90165	75916	337
90166	1495	6259
90167	75917	536
90168	1496	4076
90169	216	1528
90170	532	1064
90171	216	832
90172	216	652
90173	216	380
90174	75918	2974
90175	532	4026
90176	216	1190
90177	216	808
90178	216	783
90179	75919	1701
90180	75918	631
90181	1497	2723
90182	216	1867
90183	216	559
90184	75920	2656
90185	75920	617
90186	532	1054
90187	75920	15756
90188	75921	1072
90189	75921	4842
90190	75921	1161
90191	75921	1932
90192	75921	14852
90193	75921	75908
90194	75921	4453
90195	75921	1952
90196	75921	12710
90197	75922	777
90198	533	7865
90199	54	1991
90200	75922	325
90201	75922	13202
90202	1499	2146
90203	75924	274
90204	75924	912
90205	1496	6597
90206	75924	4934
90207	75924	4341
90208	75925	943
90209	75925	42
90210	534	1824
90211	1500	1896
90212	75925	633
90213	75925	75891
90214	75926	119
90215	1500	19448
90216	75926	768
90217	75926	658
90218	75926	2667
90219	75926	6967
90220	75926	7831
90221	1501	2666
90222	75927	2670
90223	75927	1528
90224	534	2116
90225	54	2803
90226	75928	7089
90227	75929	215
90228	1502	3449
90229	108	5157
90230	75930	1066
90231	1503	10671
90232	75931	4120
90233	108	2185
90234	75931	2870
90235	534	4611
90236	75932	662
90237	75932	688
90238	75932	323
90239	75932	338
90240	75932	2212
90241	108	2884
90242	75933	287
90243	75933	2001
90244	75934	715
90245	75934	286
90246	1507	3320
90247	75935	6407
90248	535	697
90249	535	1484
90250	75935	114
90251	75936	1737
90252	1509	1896
90253	75937	4110
90254	75937	17103
90255	75938	2955
90256	75938	346
90257	75938	4372
90258	1513	6478
90259	1510	4136
90260	75938	3677
90261	535	4775
90262	75939	1074
90263	75939	2136
90264	1513	12601
90265	75939	991
90266	75940	2544
90267	1514	1601
90268	75941	144
90269	536	2609
90270	536	2672
90271	75941	4535
90272	75943	647
90273	75943	2086
90274	1502	3485
90275	1516	1679
90276	1516	4554
90277	1516	2776
90278	1516	1754
90279	536	1185
90280	1516	3802
90281	1516	2027
90282	75944	1178
90283	1517	12300
90284	1517	1562
90285	75945	1048
90286	75945	4566
90287	1517	3473
90288	75945	4288
90289	1517	1993
90290	75946	1152
90291	75946	3027
90292	75947	5028
90293	75948	735
90294	75948	1012
90295	75948	3978
90296	75948	546
90297	536	2937
90298	1519	9769
90299	1520	3404
90300	75950	690
90301	1520	2925
90302	75951	1198
90303	1520	46006
90304	75951	3400
90305	75951	1715
90306	75952	188
90307	75953	60
90308	75953	1986
90309	75953	2544
90310	75953	663
90311	75953	3106
90312	75954	1867
90313	1521	2129
90314	75954	3108
90315	75954	1973
90316	538	1112
90317	75955	12734
90318	75955	2139
90319	538	1469
90320	75955	15659
90321	538	3957
90322	75952	1244
90323	75956	4822
90324	8	3272
90325	1522	12461
90326	1523	1604
90327	75957	137
90328	1522	20807
90329	1523	16563
90330	220	405
90331	220	297
90332	75958	6090
90333	220	322
90334	1524	1671
90335	220	1476
90336	75960	4948
90337	75960	1178
90338	75952	4
90339	75960	3447
90340	75964	1002
90341	75961	724
90342	75961	2916
90343	75962	734
90344	1525	3997
90345	1525	1590
90346	1525	13330
90347	1525	1965
90348	1525	2118
90349	539	3272
90350	75962	720
90351	75963	465
90352	75963	974
90353	75964	296
90354	1526	1971
90355	75964	284
90356	540	1781
90357	220	1612
90358	1526	4156
90359	220	9408
90360	1526	5396
90361	75966	3604
90362	1527	1622
90363	1527	3326
90364	220	4393
90365	220	3265
90366	75967	363
90367	75967	2100
90368	75967	4549
90369	75968	1944
90370	1528	3886
90371	75968	3249
90372	540	1949
90373	540	2675
90374	1530	6883
90375	75969	4888
90376	109	362
90377	1530	4007
90378	75971	1997
90379	75971	1164
90380	109	2600
90381	75971	271
90382	75972	137
90383	220	5117
90384	75972	156
90385	1530	6828
90386	75972	1435
90387	220	336
90388	1530	3483
90389	75972	1205
90390	75973	2532
90391	75973	725
90392	75973	2759
90393	75973	1177
90394	75973	3451
90395	75973	5702
90396	75973	26
90397	75973	230
90398	109	1066
90399	75974	318
90400	75974	2537
90401	75974	1547
90402	75975	13384
90403	75970	75934
90404	1531	1586
90405	75976	11260
90406	109	7023
90407	541	2043
90408	1531	5785
90409	541	2632
90410	541	4801
90411	1532	8596
90412	75979	2609
90413	75980	4764
90414	75980	1628
90415	55	198
90416	75975	22252
90417	75983	1244
90418	75982	392
90419	75979	790
90420	541	3109
90421	75985	2645
90422	541	2000
90423	75985	3469
90424	75986	846
90425	75987	1333
90426	542	1110
90427	75988	1416
90428	542	2152
90429	1536	11655
90430	1536	2680
90431	75989	10813
90432	109	696
90433	75991	616
90434	542	2039
90435	75992	178
90436	75992	148
90437	75992	1323
90438	75993	3248
90439	75994	3242
90440	109	1369
90441	1538	7637
90442	75987	75922
90443	75995	1413
90444	55	3485
90445	75997	3929
90446	1539	1653
90447	75997	6132
90448	1541	3124
90449	1541	5952
90450	75999	602
90451	75998	14802
90452	1542	2968
90453	1542	4593
90454	76000	147
90455	1542	2867
90456	221	13004
90457	1542	2469
90458	76000	1912
90459	76002	678
90460	76002	1623
90461	1542	5781
90462	76002	2124
90463	543	929
90464	3	831
90465	76003	650
90466	76003	1099
90467	1543	3620
90468	76004	2968
90469	76005	281
90470	1543	2601
90471	76005	232
90472	76007	4455
90473	543	6842
90474	76008	6940
90475	543	4089
90476	76009	61
90477	1545	4508
90478	1546	1580
90479	76010	171
90480	76010	3069
90481	1547	1870
90482	544	1191
90483	76011	211
90484	545	1420
90485	15	30
90486	1547	8595
90487	544	3896
90488	15	776
90489	110	8600
90490	76014	75889
90491	76016	6
90492	76016	785
90493	1549	8919
90494	1549	4814
90495	76017	62
90496	546	1016
90497	27	39
90498	15	643
90499	27	29
90500	547	2158
90501	110	4325
90502	76018	2863
90503	1552	2793
90504	76019	9191
90505	546	2199
90506	1552	2802
90507	1552	2758
90508	76019	2496
90509	1553	1636
90510	76021	2767
90511	76021	7324
90512	76022	12617
90513	76024	3058
90514	76023	29
90515	76023	166
90516	223	1920
90517	546	4464
90518	76025	790
90519	547	1091
90520	76024	6070
90521	76025	1268
90522	547	2515
90523	76027	1542
90524	547	1542
90525	547	2817
90526	76029	1955
90527	76029	14743
90528	76032	3037
90529	1562	6429
90530	76031	1104
90531	688	2088
90532	76035	75963
90533	76035	1729
90534	76038	2993
90535	76036	1062
90536	111	797
90537	76039	4964
90538	1569	3207
90539	76038	8863
90540	76038	2229
90541	1572	1582
90542	76039	1962
90543	76040	2883
90544	76041	1187
90545	76041	308
90546	1573	1617
90547	1573	1720
90548	76042	293
90549	76043	2599
90550	548	659
90551	76044	160
90552	76044	76005
90553	548	726
90554	76044	370
90555	1577	1599
90556	76045	321
90557	76045	1180
90558	76045	562
90559	1579	4211
90560	1579	3865
90561	76046	7433
90562	76047	2212
90563	76047	643
90564	548	1446
90565	1580	3125
90566	76047	2136
90567	76050	2225
90568	76051	12611
90569	111	1590
90570	76053	1214
90571	1582	3177
90572	27	434
90573	76053	172
90574	550	684
90575	76053	453
90576	76042	381
90577	1582	2618
90578	62	171
90579	76055	2099
90580	76056	2537
90581	111	681
90582	111	3862
90583	76056	75958
90584	76057	1812
90585	76057	4592
90586	76057	5739
90587	76057	1078
90588	76058	835
90589	224	4611
90590	1587	3879
90591	76059	4180
90592	550	3996
90593	76060	3861
90594	76061	9
90595	76060	128
90596	76063	20085
90597	225	7290
90598	1590	3881
90599	76064	2525
90600	76065	751
90601	76065	392
90602	552	766
90603	111	3302
90604	112	192
90605	1591	3071
90606	557	1965
90607	112	1997
90608	76068	292
90609	1593	2776
90610	76070	317
90611	76070	1838
90612	76070	3996
90613	76070	3885
90614	76071	379
90615	1593	8500
90616	76071	623
90617	557	1826
90618	1593	3856
90619	55	2676
90620	76071	359
90621	76071	4400
90622	76073	1642
90623	1593	1760
90624	27	1281
90625	76075	5960
90626	226	433
90627	76073	485
90628	226	3448
90629	76076	4597
90630	1596	13326
90631	1596	3226
90632	76076	964
90633	76077	502
90634	76077	735
90635	76077	155
90636	112	481
90637	76078	3669
90638	1597	1990
90639	226	1961
90640	76080	3887
90641	76080	4616
90642	1598	1776
90643	76081	3225
90644	1598	4292
90645	558	626
90646	558	1135
90647	15	434
90648	76085	237
90649	76088	4453
90650	76089	597
90651	558	697
90652	1600	9628
90653	76090	2513
90654	1601	3181
90655	76091	59
90656	558	3602
90657	1599	6380
90658	76093	2173
90659	76095	843
90660	76095	3330
90661	76096	1482
90662	76097	2067
90663	1602	3065
90664	1602	5124
90665	76099	5428
90666	76101	5879
90667	1603	4392
90668	1603	1680
90669	76102	1437
90670	76102	1105
90671	76103	318
90672	1605	2136
90673	76103	337
90674	76104	640
90675	1605	3926
90676	559	5119
90677	76105	6893
90678	76105	2636
90679	76105	4395
90680	76105	6859
90681	559	2153
90682	559	2163
90683	76106	1679
90684	76106	136
90685	76107	4070
90686	226	4020
90687	76109	31382
90688	76112	288
90689	76112	2116
90690	1607	9787
90691	76113	1103
90692	76115	7296
90693	76116	5985
90694	76117	2643
90695	76117	1176
90696	559	3544
90697	76118	25885
90698	76118	28405
90699	76119	1405
90700	76120	26
90701	76120	262
90702	76121	230
90703	76122	9885
90704	76122	13032
90705	1612	3934
90706	560	806
90707	76123	528
90708	76126	4394
90709	561	3104
90710	76126	7037
90711	76126	1119
90712	76129	253
90713	1613	2891
90714	76131	275
90715	560	3064
90716	1613	4311
90717	560	2814
90718	76131	1801
90719	76131	4733
90720	76132	692
90721	1616	11077
90722	76134	9104
90723	76134	15656
90724	76136	2120
90725	1617	3275
90726	561	4720
90727	227	1657
90728	227	4230
90729	561	5299
90730	76137	3922
90731	76137	10662
90732	1619	2017
90733	76138	6590
90734	76138	2896
90735	76139	75887
90736	76138	6483
90737	113	121
90738	76139	15763
90739	561	1795
90740	561	992
90741	561	1704
90742	113	1677
90743	76140	738
90744	76142	70
90745	76142	2017
90746	76143	2265
90747	76144	3310
90748	113	1867
90749	76145	11812
90750	1620	7328
90751	76146	1840
90752	76148	147
90753	1622	3233
90754	1622	3080
90755	76150	5264
90756	76150	31766
90757	15	1132
90758	76151	15531
90759	76153	281
90760	1623	8491
90761	76157	392
90762	76159	13380
90763	76159	8388
90764	228	1514
90765	76160	885
90766	76160	155
90767	1625	4261
90768	76161	972
90769	76162	3559
90770	1626	4387
90771	76150	23398
90772	1627	3009
90773	76166	997
90774	76166	29553
90775	563	2130
90776	563	2152
90777	1627	4090
90778	76168	2688
90779	563	4276
90780	76169	6741
90781	76169	335
90782	76170	2764
90783	1628	6187
90784	76172	76099
90785	76172	600
90786	76172	1961
90787	76171	3318
90788	563	23235
90789	76174	15667
90790	228	1569
90791	1628	12470
90792	76175	323
90793	56	1229
90794	76175	612
90795	1628	12128
90796	76176	15003
90797	228	3702
90798	76177	3979
90799	76179	3487
90800	1629	11169
90801	76180	3822
90802	563	2872
90803	76182	3242
90804	1630	3310
90805	1630	2929
90806	76187	1428
90807	76187	2530
90808	76186	17096
90809	1632	1999
90810	229	456
90811	76189	1035
90812	76190	1091
90813	1634	2955
90814	1634	2956
90815	76193	180
90816	76193	76057
90817	564	1139
90818	76194	604
90819	1634	17091
90820	76195	2204
90821	76196	21456
90822	76197	24695
90823	564	1045
90824	76199	1763
90825	76199	1378
90826	564	1950
90827	564	2392
90828	76202	2135
90829	76206	4284
90830	76204	6318
90831	76205	1714
90832	76206	1962
90833	76207	2538
90834	1635	2734
90835	76208	703
90836	564	1253
90837	76212	372
90838	76214	620
90839	76212	59
90840	76214	173
90841	76215	11647
90842	76215	8992
90843	76215	8421
90844	76216	1318
90845	76216	898
90846	76217	17202
90847	76213	3663
90848	564	2748
90849	76219	15976
90850	76221	751
90851	564	5319
90852	76224	72
90853	76227	3595
90854	76223	109
90855	76229	3123
90856	1642	4249
90857	76233	11299
90858	76233	2552
90859	76234	1443
90860	1645	3780
90861	76235	4114
90862	76236	6060
90863	76236	10273
90864	229	12980
90865	565	911
90866	565	1087
90867	114	1867
90868	565	2474
90869	114	2041
90870	76237	76010
90871	76238	2114
90872	1645	5939
90873	1645	9375
90874	114	173
90875	76242	15712
90876	76244	64
90877	76244	2419
90878	76244	569
90879	1646	3000
90880	76245	2144
90881	76245	385
90882	76247	43566
90883	1647	4058
90884	76248	4466
90885	565	4267
90886	114	290
90887	76251	201
90888	1647	6382
90889	76251	1152
90890	76241	8186
90891	76253	2749
90892	3	215
90893	76254	3230
90894	76255	818
90895	56	2126
90896	76255	73
90897	76255	2934
90898	76258	2924
90899	76258	3933
90900	566	3404
90901	27	758
90902	76260	16039
90903	566	717
90904	76267	4463
90905	76262	2235
90906	566	2585
90907	1656	3779
90908	76265	18167
90909	76265	3822
90910	1657	2674
90911	76267	1438
90912	566	3251
90913	76267	174
90914	76268	75889
90915	76268	7899
90916	76269	960
90917	1657	3600
90918	566	2820
90919	76271	19613
90920	76271	2268
90921	76271	3575
90922	76274	1754
90923	76275	8494
90924	76275	5779
90925	1660	2683
90926	1660	3927
90927	230	4953
90928	1661	10873
90929	566	3652
90930	1661	1759
90931	76277	904
90932	76277	2902
90933	76278	4113
90934	76278	2999
90935	76280	2883
90936	1657	2750
90937	76285	5006
90938	76283	683
90939	76284	2089
90940	76284	10176
90941	76285	740
90942	1675	3136
90943	114	29015
90944	76288	685
90945	76289	1958
90946	76364	20300
90947	230	1992
90948	76290	1269
90949	567	3325
90950	230	1124
90951	76292	192
90952	76292	168
90953	76292	65
90954	567	1939
90955	76295	498
90956	114	1679
90957	567	2837
90958	76296	876
90959	76297	3679
90960	76297	4482
90961	1675	2741
90962	76298	309
90963	230	2646
90964	567	1351
90965	76300	2656
90966	76302	3543
90967	76302	143
90968	1676	3187
90969	76304	3875
90970	1677	13049
90971	230	3330
90972	1677	8499
90973	76308	17649
90974	76309	7598
90975	1677	9680
90976	76310	1925
90977	76310	5202
90978	76310	3180
90979	76312	3321
90980	1677	2978
90981	114	2874
90982	230	1365
90983	76313	76026
90984	76314	75961
90985	1677	8684
90986	1677	1821
90987	76316	3637
90988	76317	595
90989	76318	1823
90990	76322	3726
90991	568	2105
90992	76326	317
90993	1677	1764
90994	76327	1067
90995	568	2665
90996	114	1628
90997	1679	2210
90998	114	3252
90999	1679	3108
91000	76330	4279
91001	1679	12980
91002	76331	8611
91003	76333	268
91004	76333	632
91005	76336	6160
91006	1679	1979
91007	1680	2778
91008	1680	3072
91009	76342	1960
91010	76343	7729
91011	76344	8789
91012	1680	4922
91013	76345	22173
91014	76346	1811
91015	76347	1480
91016	1680	4412
91017	1681	3885
91018	76351	4467
91019	76351	2733
91020	569	1136
91021	76352	2479
91022	76353	652
91023	1682	3393
91024	76352	275
91025	76355	4120
91026	76355	4173
91027	76355	1952
91028	569	2134
91029	76357	686
91030	76360	63
91031	76366	75996
91032	569	5498
91033	76362	335
91034	76367	3511
91035	76367	3298
91036	1689	7988
91037	76369	1942
91038	76370	1817
91039	1693	6836
91040	1695	1711
91041	76371	10664
91042	76372	75943
91043	76372	84
91044	76377	102
91045	76379	227
91046	114	2977
91047	76381	141
91048	76382	3879
91049	76383	10674
91050	1701	3700
91051	76385	76005
91052	1703	3424
91053	76388	317
91054	76388	4125
91055	1703	2833
91056	76389	74
91057	76391	2646
91058	76391	3515
91059	76391	7383
91060	57	190
91061	1704	5909
91062	76396	4369
91063	76397	1252
91064	76399	748
91065	76402	10504
91066	231	364
91067	76402	3477
91068	231	1867
91069	1707	1718
91070	76405	676
91071	1708	3723
91072	231	1365
91073	1710	1942
91074	76409	11528
91075	1710	2193
91076	76412	3371
91077	76413	7940
91078	76414	4162
91079	76414	4262
91080	57	174
91081	76418	2101
91082	231	3933
91083	76415	5144
91084	76419	14656
91085	231	12273
91086	76421	763
91087	1713	3256
91088	76421	713
91089	1713	7381
91090	76424	2520
91091	76425	83
91092	576	18179
91093	576	1961
91094	576	4775
91095	576	1466
91096	76427	3604
91097	76427	3585
91098	1714	3134
91099	76430	12335
91100	1715	7953
91101	1715	9610
91102	1715	2137
91103	76434	1081
91104	231	422
91105	114	1961
91106	576	6245
91107	76441	6805
91108	231	2081
91109	1721	13491
91110	76444	869
91111	1723	2756
91112	76448	11789
91113	76448	11497
91114	76449	76196
91115	76451	4201
91116	1726	2430
91117	57	843
91118	577	4807
91119	1728	2120
91120	76457	266
91121	76458	8923
91122	76462	75993
91123	578	2075
91124	76463	629
91125	76463	1761
91126	1729	5147
91127	76467	2196
91128	578	1463
91129	76461	1476
91130	76471	3991
91131	76471	2800
91132	76474	1875
91133	76477	2393
91134	1730	4296
91135	231	457
91136	76478	4120
91137	1730	4665
91138	76481	1228
91139	76482	780
91140	76482	548
91141	76494	6037
91142	578	4557
91143	76487	14600
91144	76488	3706
91145	578	15732
91146	76493	76018
91147	76496	4287
91148	76496	566
91149	76498	3978
91150	76502	3043
91151	76502	6847
91152	76502	3497
91153	76506	2524
91154	76507	21456
91155	1741	4722
91156	115	1890
91157	76479	3318
91158	76512	17
91159	76514	1932
91160	579	2000
91161	579	1972
91162	579	2684
91163	76516	76045
91164	76517	15936
91165	1741	3406
91166	76518	1012
91167	76522	2690
91168	76522	76174
91169	15	1960
91170	579	676
91171	1743	6407
91172	76530	76225
91173	76534	846
91174	76538	2277
91175	1745	3124
91176	579	3858
91177	580	34623
91178	1746	2600
91179	580	1949
91180	76545	3324
91181	76545	125
91182	76545	13454
91183	76545	8524
91184	1746	4388
91185	232	2075
91186	1747	2000
91187	1747	3669
91188	1747	3242
91189	232	2872
91190	76553	2978
91191	76554	511
91192	583	2150
91193	76555	1617
91194	583	2510
91195	76561	1515
91196	76561	6293
91197	583	12679
91198	583	2589
91199	583	8831
91200	76569	20569
91201	76567	2308
91202	586	7616
91203	76579	2477
91204	76581	4415
91205	76582	1012
91206	1752	3538
91207	76583	245
91208	76582	76239
91209	76586	2290
91210	76585	8937
91211	76587	704
91212	1752	4275
91213	76587	314
91214	76588	2999
91215	76593	76444
91216	1752	2890
91217	76594	76448
91218	76595	9099
91219	76596	345
91220	76596	1421
91221	76597	76432
91222	76599	2116
91223	76600	8595
91224	76605	2134
91225	76608	799
91226	76608	405
91227	76611	974
91228	76614	2516
91229	76617	1166
91230	76621	972
91231	1754	2507
91232	76627	389
91233	76631	4464
91234	593	1949
91235	76632	383
91236	76633	1101
91237	76633	87
91238	1758	3065
91239	76638	940
91240	76640	2884
91241	76641	535
91242	76641	550
91243	76643	2080
91244	233	2134
91245	76651	109
91246	593	5264
91247	76653	18354
91248	76654	1004
91249	76518	22275
91250	233	2668
91251	76666	15977
91252	76661	786
91253	76667	4067
91254	594	4557
91255	76668	16104
91256	594	2193
91257	76673	1786
91258	233	2127
91259	76674	217
91260	1760	8336
91261	76679	76391
91262	1760	2553
91263	594	6404
91264	76684	8602
91265	76685	1081
91266	28	2916
91267	76685	9160
91268	76686	89
91269	76686	76675
91270	76689	2496
91271	76690	5064
91272	76691	3324
91273	76691	6598
91274	233	4086
91275	1761	4723
91276	76694	3955
91277	76696	2063
91278	76698	597
91279	594	622
91280	76699	4851
91281	76702	76420
91282	76702	5122
91283	76704	23681
91284	76704	4529
91285	76710	1636
91286	76712	2723
91287	76713	293
91288	76723	359
91289	76722	76246
91290	1764	2776
91291	76725	76717
91292	76726	2532
91293	76731	15761
91294	76731	2150
91295	1764	5138
91296	76738	681
91297	1764	6223
91298	76735	648
91299	1766	4619
91300	76737	3589
91301	1767	3956
91302	76742	6883
91303	595	8491
91304	233	526
91305	76748	3445
91306	76752	2678
91307	1770	4435
91308	76766	372
91309	76768	3946
91310	76758	3247
91311	595	3322
91312	595	4887
91313	76768	2296
91314	1773	42575
91315	1773	1827
91316	1768	4058
91317	1774	1946
91318	1775	3856
91319	76794	3950
91320	76795	3960
91321	76796	145
91322	76803	136
91323	76804	1409
91324	76807	2808
91325	76810	8789
91326	234	2926
91327	1778	13063
91328	76814	7566
91329	76817	12605
91330	76817	7586
91331	596	714
91332	76829	6896
91333	76828	630
91334	76829	2538
91335	76830	2518
91336	76832	21840
91337	76830	2736
91338	76836	779
91339	76839	351
91340	76845	4646
91341	76844	8978
91342	76847	13086
91343	76847	3683
91344	1780	4986
91345	76849	3455
91346	1781	2787
91347	1781	1867
91348	76857	23028
91349	76859	2916
91350	76865	1274
91351	1778	4775
91352	76869	483
91353	76869	344
91354	76870	34538
91355	1779	3066
91356	76827	496
91357	76872	6787
91358	1781	11915
91359	1782	36574
91360	76884	4725
91361	76885	23499
91362	76886	2742
91363	234	3449
91364	234	743
91365	76898	4273
91366	76900	3452
91367	76902	646
91368	76904	296
91369	76908	7766
91370	1783	12523
91371	598	2469
91372	76913	1047
91373	1783	3621
91374	76920	6744
91375	76922	128
91376	76925	1915
91377	76926	1480
91378	76927	6820
91379	76927	76050
91380	598	17775
91381	76928	76108
91382	76931	696
91383	76932	57
91384	76940	2512
91385	76942	34470
91386	76944	1896
91387	76957	17073
91388	76969	40
91389	76972	10402
91390	599	3115
91391	76973	8460
91392	76973	21504
91393	76974	76521
91394	76975	777
91395	76976	2452
91396	1784	47034
91397	76978	7899
91398	1786	6429
91399	76962	76818
91400	76987	1072
91401	76989	7747
91402	76991	4998
91403	600	1132
91404	600	2130
91405	76994	614
91406	1786	3926
91407	600	2157
91408	600	2896
91409	77000	79
91410	77000	8
91411	1786	6032
91412	77003	3159
91413	600	2537
91414	77006	267
91415	1788	1829
91416	235	1841
91417	1788	10008
91418	77027	417
91419	77029	18156
91420	77038	11177
91421	77041	62
91422	77045	2685
91423	77045	3798
91424	1789	3612
91425	77047	4859
91426	77049	2555
91427	77051	76007
91428	77052	967
91429	77053	3571
91430	77060	17022
91431	77061	946
91432	77064	4807
91433	236	258
91434	77082	7006
91435	77082	1499
91436	1789	1948
91437	77086	330
91438	77089	76610
91439	77092	648
91440	77100	3720
91441	77099	23
91442	77107	813
91443	77106	102
91444	77113	6967
91445	77113	3984
91446	77164	18151
91447	77119	4451
91448	236	20883
91449	77133	78
91450	77140	76312
91451	77144	7745
91452	601	1824
91453	1800	35056
91454	77154	3484
91455	77154	6322
91456	77174	2753
91457	1789	1819
91458	77194	3106
91459	601	3556
91460	237	533
91461	77203	4966
91462	77205	10941
91463	77207	1156
91464	77210	9908
91465	1804	4114
91466	77222	4800
91467	77220	64
91468	77221	3124
91469	77225	3237
91470	601	1715
91471	1806	4444
91472	77246	76377
91473	601	12599
91474	77250	28430
91475	77255	76640
91476	77277	383
91477	77282	286
91478	77285	8312
91479	77284	1996
91480	77288	3065
91481	1810	2865
91482	77289	3602
91483	237	3956
91484	77298	9690
91485	1810	2163
91486	77283	76049
91487	77302	76255
91488	77179	4202
91489	77314	1122
91490	602	3318
91491	77333	25863
91492	77345	2894
91493	77350	492
91494	77353	2190
91495	77355	291
91496	77369	76832
91497	77365	4716
91498	77369	3769
91499	77377	1258
91500	77372	3143
91501	77376	75962
91502	77392	3181
91503	58	953
91504	77411	76299
91505	77402	782
91506	77406	5781
91507	238	492
91508	602	4221
91509	238	489
91510	77428	193
91511	77441	629
91512	603	3104
91513	77442	3322
91514	238	3618
91515	77453	950
91516	77484	920
91517	118	1391
91518	1814	2071
91519	1814	2205
91520	238	758
91521	77485	76179
91522	1815	3046
91523	77495	17964
91524	77499	6320
91525	77499	3635
91526	77504	75976
91527	77517	76729
91528	77523	8496
91529	77524	2690
91530	238	1816
91531	77526	76161
91532	1815	5739
91533	1815	11315
91534	118	1092
91535	1816	3115
91536	604	2140
91537	77578	4498
91538	77578	76941
91539	118	1288
91540	77592	12448
91541	77602	588
91542	77603	1977
91543	1817	3089
91544	77612	896
91545	1817	16191
91546	77622	76773
91547	77634	76681
91548	1819	2647
91549	605	1442
91550	77645	968
91551	77654	622
91552	77659	3287
91553	77628	690
91554	77673	76903
91555	118	1434
91556	77699	479
91557	605	1780
91558	77704	1131
91559	77715	76136
91560	77721	21417
91561	77722	717
91562	77731	7528
91563	77732	3553
91564	77734	8920
91565	605	5263
91566	77749	1927
91567	77752	351
91568	77757	18170
91569	77762	5724
91570	77763	76368
91571	77770	711
91572	77770	12707
91573	77775	4819
91574	77778	12102
91575	58	8315
91576	77757	12329
91577	77800	2656
91578	77811	10148
91579	77810	1971
91580	77813	7975
91581	77814	11549
91582	77831	3707
91583	77843	848
91584	77850	77356
91585	77858	11383
91586	77861	12395
91587	77867	600
91588	77871	19075
91589	606	3934
91590	77875	35763
91591	77886	1890
91592	77889	4351
91593	1823	5125
91594	606	9291
91595	606	3093
91596	29	330
91597	77908	374
91598	77917	4515
91599	77928	4150
91600	239	1299
91601	77938	370
91602	77939	1613
91603	77947	1088
91604	77951	75894
91605	77951	23128
91606	118	3881
91607	77955	629
91608	77962	75913
91609	1824	2875
91610	77975	614
91611	77985	77020
91612	78009	76609
91613	607	1993
91614	78012	3367
91615	78024	3888
91616	78033	8477
91617	78035	717
91618	78041	11647
91619	78060	3464
91620	78066	17045
91621	78067	11528
91622	78071	19704
91623	78069	3026
91624	78088	10656
91625	607	4130
91626	78082	4076
91627	78085	76766
91628	78077	15799
91629	78098	76433
91630	78097	77549
91631	608	1899
91632	78129	3187
91633	78133	2678
91634	78135	2138
91635	78140	1167
91636	78155	22129
91637	78168	76442
91638	78161	76243
91639	78172	76243
91640	78163	32573
91641	1826	2601
91642	78186	20341
91643	78187	1841
91644	78194	706
91645	78195	1409
91646	240	1866
91647	78198	2926
91648	240	724
91649	1826	3615
91650	78219	740
91651	78224	143
91652	78238	76732
91653	78239	77080
91654	78248	10139
91655	78250	4118
91656	78256	232
91657	78259	3248
91658	608	1748
91659	78272	24426
91660	240	1232
91661	240	562
91662	78212	3029
91663	78310	7028
91664	78320	4118
91665	78325	2289
91666	78326	5246
91667	78327	4781
91668	1827	2960
91669	78347	15742
91670	1827	4646
91671	78344	9407
91672	78335	12196
91673	78050	4692
91674	78369	23512
91675	78382	76549
91676	29	955
91677	78405	20020
91678	78408	730
91679	78416	3590
91680	78425	3799
91681	1828	2193
91682	78422	758
91683	609	773
91684	78175	11929
91685	1829	3782
91686	609	2902
91687	78497	8435
91688	78509	4611
91689	1829	2318
91690	78512	911
91691	609	1410
91692	78541	17641
91693	78574	27731
91694	78583	76477
91695	78585	2181
91696	78600	2105
91697	78599	76919
91698	78618	75960
91699	1831	3252
91700	1831	3289
91701	78637	6839
91702	78662	14898
91703	78668	2353
91704	78675	76242
91705	78680	2114
91706	78691	6482
91707	78690	387
91708	78709	1658
91709	78767	77496
91710	78769	3034
91711	78450	6984
91712	78777	314
91713	78800	16295
91714	78799	38249
91715	78817	76132
91716	78818	22196
91717	78830	3951
91718	78857	3094
91719	78861	1092
91720	78869	124
91721	1832	4892
91722	78878	76405
91723	1832	2004
91724	1832	6291
91725	78896	77404
91726	78909	763
91727	78912	3065
91728	78916	2842
91729	78932	2732
91730	241	5116
91731	78976	408
91732	78964	10675
91733	78965	603
91734	610	1149
91735	78979	1476
91736	79013	4555
91737	79028	1454
91738	79045	10429
91739	79053	76219
91740	79057	25777
91741	79075	24358
91742	79087	11446
91743	79110	77666
91744	79129	0
91745	241	518
91746	79217	300
91747	79216	6159
91748	610	2137
91749	79239	4136
91750	79252	5938
91751	79256	43228
91752	79271	37799
91753	79284	612
91754	610	16253
91755	79302	2683
91756	610	3618
91757	1838	3193
91758	79343	734
91759	79351	7414
91760	79376	19292
91761	79353	692
91762	79356	785
91763	79370	76797
91764	79374	2866
91765	79391	77017
91766	79413	291
91767	79421	75964
91768	79427	3245
91769	79429	1773
91770	79430	76489
91771	79446	6471
91772	79511	4001
91773	79505	187
91774	1838	5850
91775	79530	13853
91776	79549	4211
91777	79548	11522
91778	79588	13679
91779	79613	11382
91780	79654	5951
91781	79657	68901
91782	79658	78879
91783	79665	78674
91784	119	6973
91785	79725	77517
91786	79759	859
91787	79826	12947
91788	79824	76390
91789	79832	79233
91790	79839	17613
91791	79851	3500
91792	79859	16026
91793	79866	3667
91794	1840	3834
91795	79869	7855
91796	1840	7580
91797	79952	9714
91798	79960	3981
91799	79968	12564
91800	79986	2999
91801	80028	17089
91802	80045	3968
91803	80049	79032
91804	80109	368
91805	611	4451
91806	80194	77610
91807	80309	40325
91808	80275	4425
91809	80301	78677
91810	80361	23036
91811	80365	18819
91812	80370	3758
91813	80373	31699
91814	80390	29887
91815	80397	79853
91816	80475	33
91817	80493	2252
91818	80511	76901
91819	80514	77321
91820	611	3708
91821	80582	15712
91822	80618	3780
91823	80617	77030
91824	80692	9847
91825	80740	16233
91826	80790	3946
91827	80857	15220
91828	611	2797
91829	80872	77841
91830	80880	35
91831	80886	2776
91832	80898	77045
91833	80953	714
91834	81048	299
91835	59	799
91836	81025	2265
91837	81038	61648
91838	81045	78300
91839	81050	2890
91840	81118	404
91841	81192	38961
91842	81223	22103
91843	81241	15536
91844	81258	2434
91845	81307	79274
91846	81334	80621
91847	81309	26995
91848	81382	6712
91849	81411	57634
91850	612	674
91851	81571	32083
91852	81580	3761
91853	81581	3102
91854	81585	479
91855	81607	77445
91856	81612	4871
91857	81636	77604
91858	1844	2897
91859	81685	10663
91860	81701	6163
91861	81710	3821
91862	81721	32529
91863	81723	6078
91864	81740	25504
91865	81766	19504
91866	1844	4230
91867	1844	5103
91868	81910	2335
91869	81989	3413
91870	82039	13007
91871	82045	76183
91872	82237	8474
91873	82285	29163
91874	82383	3639
91875	82416	6885
91876	82519	16469
91877	82548	78030
91878	82577	1875
91879	82579	1951
91880	82648	49469
91881	82649	23603
91882	82675	17494
91883	82482	12653
91884	82751	25120
91885	82765	15781
91886	82799	8445
91887	82810	80909
91888	82840	25541
91889	82876	79116
91890	83041	1298
91891	83217	6157
91892	83245	3040
91893	83323	4669
91894	83336	36979
91895	83337	78697
91896	83355	17
91897	83358	79273
91898	83362	481
91899	83377	78367
91900	612	2820
91901	83409	9116
91902	83424	31823
91903	83432	81262
91904	83437	47433
91905	83439	8771
91906	83442	50945
91907	83485	3402
91908	83601	77025
91909	1850	4412
91910	83646	7570
91911	612	1456
91912	83746	7215
91913	83974	2502
91914	1850	4261
91915	84135	11336
91916	84162	26536
91917	88773	80600
91918	84373	54801
91919	84414	77995
91920	84638	4504
91921	84670	12525
91922	84996	10026
91923	85002	1983
91924	85023	76329
91925	85026	20778
91926	85108	78365
91927	85138	79814
91928	85151	76442
91929	85197	24714
91930	85203	3833
91931	85219	22478
91932	85253	29020
91933	85267	78049
91934	85870	4149
91935	87353	43202
91936	87373	2529
91937	85930	3386
91938	86185	78785
91939	86881	2782
91940	86823	4734
91941	86228	83396
91942	86656	4640
91943	86233	6152
91944	86261	83411
91945	86488	2674
91946	1867	3917
91947	1867	2761
91948	243	3240
91949	1937	15507
91950	119	3240
91951	1867	3959
91952	1867	1873
91953	614	788
91954	243	3920
91955	59	2685
91956	614	1365
91957	614	1975
91958	614	3464
91959	119	10376
91960	1869	1874
91961	614	17722
91962	1869	7180
91963	1870	3450
91964	120	207
91965	245	1288
91966	1875	3948
91967	615	2986
91968	1878	5909
91969	615	4196
91970	245	9059
91971	1879	1912
91972	120	5772
91973	1886	4980
91974	1887	3092
91975	59	4394
91976	615	4138
91977	1890	4951
91978	615	13382
91979	1890	7178
91980	120	840
91981	616	1388
91982	1896	1931
91983	1896	4435
91984	616	9408
91985	616	16273
91986	247	3799
91987	247	2039
91988	617	4109
91989	617	2650
91990	618	702
91991	621	9171
91992	120	21972
91993	618	1123
91994	618	4279
91995	618	4141
91996	1901	8903
91997	1909	2552
91998	618	4287
91999	1909	5735
92000	618	3293
92001	618	5986
92002	121	2600
92003	60	137
92004	617	4988
92005	1918	5758
92006	620	3600
92007	121	1437
92008	249	787
92009	1922	5916
92010	249	626
92011	249	5200
92012	1925	21890
92013	9	483
92014	622	678
92015	1928	2570
92016	622	4720
92017	622	1379
92018	1930	2244
92019	1930	3018
92020	622	1978
92021	1931	7603
92022	60	2872
92023	1931	9801
92024	9	348
92025	1932	2684
92026	623	1392
92027	1933	15591
92028	60	4915
92029	1934	2224
92030	623	2189
92031	1935	3275
92032	4	1893
92033	1936	1949
92034	1936	2392
92035	1936	3247
92036	1936	2189
92037	624	7863
92038	1936	2874
92039	1937	2080
92040	1937	2987
92041	250	813
92042	1937	5023
92043	1937	13380
92044	1937	8389
92045	1937	15562
92046	1937	4400
92047	1939	7535
92048	1939	4453
92049	1940	4723
92050	251	864
92051	1941	6396
92052	625	650
92053	626	911
92054	252	323
92055	1941	11166
92056	252	2587
92057	1942	4082
92058	1942	2085
92059	1942	2129
92060	1942	2041
92061	1942	6388
92062	1943	3251
92063	16	932
92064	60	337
92065	60	1446
92066	122	141
92067	1948	2166
92068	16	938
92069	1948	11784
92070	1948	16031
92071	122	8517
92072	253	305
92073	1949	9680
92074	1950	3607
92075	254	1110
92076	123	155
92077	1951	4822
92078	254	7591
92079	1952	3009
92080	629	1382
92081	30	103
92082	1953	4076
92083	1952	3182
92084	1953	2267
92085	30	364
92086	122	1066
92087	1954	17433
92088	255	464
92089	1954	2133
92090	60	2975
92091	1956	3449
92092	1956	2426
92093	255	3924
92094	255	7126
92095	630	3584
92096	630	5226
92097	630	4125
92098	630	4760
92099	1957	2817
92100	1958	9445
92101	1954	2646
92102	1960	1978
92103	1960	2305
92104	1960	4387
92105	1960	3624
92106	631	660
92107	631	875
92108	258	638
92109	61	142
92110	258	1286
92111	631	1894
92112	1961	3230
92113	1961	8886
92114	1961	7731
92115	123	1996
92116	16	510
92117	260	783
92118	1961	7292
92119	16	684
92120	1962	7524
92121	632	2626
92122	1962	10590
92123	1963	2902
92124	1963	1987
92125	1962	16087
92126	1964	6154
92127	632	2865
92128	1964	6927
92129	1964	2468
92130	261	521
92131	9	2601
92132	30	170
92133	1966	3559
92134	632	1068
92135	1967	2355
92136	1967	15907
92137	633	5769
92138	30	746
92139	1969	4275
92140	634	3106
92141	1970	4722
92142	61	2495
92143	123	2707
92144	30	1207
92145	264	3933
92146	635	703
92147	61	1867
92148	635	914
92149	1972	3785
92150	635	2735
92151	636	1368
92152	266	1344
92153	267	763
92154	1974	18382
92155	1973	2531
92156	637	668
92157	636	3515
92158	1975	4991
92159	1976	3718
92160	1976	6562
92161	1976	2105
92162	1976	6923
92163	638	6190
92164	124	341
92165	1977	2163
92166	1978	12460
92167	638	4853
92168	124	1063
92169	1980	2124
92170	1980	3979
92171	124	3181
92172	1981	3652
92173	639	2896
92174	639	2837
92175	639	3026
92176	124	8360
92177	1981	3907
92178	640	1201
92179	1984	2135
92180	1981	4960
92181	640	1379
92182	61	1935
92183	1978	12290
92184	1984	8848
92185	1984	3250
92186	640	2690
92187	269	813
92188	269	1072
92189	639	4159
92190	124	1066
92191	1985	4454
92192	1984	2256
92193	269	4340
92194	124	924
92195	124	1952
92196	124	734
92197	1987	2609
92198	641	1795
92199	1990	4444
92200	124	2906
92201	641	4250
92202	269	4250
92203	269	2657
92204	1992	2926
92205	643	2618
92206	1993	2138
92207	1993	3013
92208	1994	3319
92209	644	1781
92210	1995	16544
92211	644	1532
92212	1994	3034
92213	644	5771
92214	1997	2632
92215	1999	3044
92216	1999	2129
92217	1999	2134
92218	645	1918
92219	2000	4953
92220	271	1198
92221	2000	6225
92222	2000	4120
92223	2001	3020
92224	271	957
92225	2001	4785
92226	2002	12680
92227	2002	2145
92228	2002	17409
92229	2002	19615
92230	2003	6240
92231	271	316
92232	2003	11876
92233	124	992
92234	647	1601
92235	2003	4569
92236	647	761
92237	2016	3783
92238	2016	3182
92239	2016	3791
92240	648	2544
92241	647	1089
92242	647	737
92243	2023	5763
92244	2023	4308
92245	649	4722
92246	649	5119
92247	649	3639
92248	649	2116
92249	126	148
92250	649	2042
92251	2027	2600
92252	126	2968
92253	2029	12227
92254	126	578
92255	273	763
92256	2033	2614
92257	273	492
92258	126	666
92259	2035	16571
92260	16	1040
92261	273	321
92262	126	2986
92263	2039	2106
92264	650	1476
92265	2039	6449
92266	650	6379
92267	2041	2068
92268	650	695
92269	126	7413
92270	2043	11447
92271	650	943
92272	126	690
92273	126	1119
92274	2051	2075
92275	651	782
92276	0	58
92277	16	1018
92278	2057	7310
92279	2059	2069
92280	274	1760
92281	62	559
92282	126	2119
92283	2066	2210
92284	2066	2869
92285	274	659
92286	652	848
92287	652	3537
92288	2068	3000
92289	126	7833
92290	2072	2468
92291	2072	2392
92292	2072	7289
92293	2072	17612
92294	2075	4451
92295	2075	11699
92296	274	2229
92297	2076	2230
92298	654	2648
92299	2076	2081
92300	275	3230
92301	62	2814
92302	2077	3266
92303	656	2660
92304	2077	2928
92305	2077	9039
92306	275	374
92307	2077	17574
92308	655	3590
92309	2077	2482
92310	655	762
92311	2078	2975
92312	2078	4764
92313	656	1043
92314	2077	7193
92315	656	4535
92316	2078	2478
92317	656	2687
92318	2075	8849
92319	2079	4831
92320	2079	37822
92321	657	2471
92322	2080	11702
92323	127	6082
92324	2081	4114
92325	658	1040
92326	275	559
92327	2081	11112
92328	127	1941
92329	31	322
92330	128	1400
92331	62	6314
92332	62	2713
92333	660	811
92334	2086	20220
92335	660	885
92336	2086	5982
92337	660	1371
92338	276	3065
92339	276	335
92340	661	7865
92341	661	734
92342	2088	2495
92343	661	2284
92344	659	4992
92345	2088	8636
92346	2089	4452
92347	276	989
92348	276	916
92349	662	1497
92350	2092	3802
92351	276	10285
92352	2092	2915
92353	663	706
92354	2093	8360
92355	2093	3252
92356	2093	7381
92357	2096	4202
92358	663	3024
92359	2096	3641
92360	2096	6407
92361	128	13382
92362	277	2837
92363	664	6532
92364	2098	3552
92365	2099	2317
92366	2091	2536
92367	2100	3684
92368	31	530
92369	2100	3181
92370	2099	3670
92371	31	113
92372	2100	4593
92373	2100	10821
92374	63	4604
92375	2100	4292
92376	665	1060
92377	2101	2802
92378	2102	3546
92379	63	347
92380	2104	6397
92381	277	2202
92382	665	3230
92383	129	1016
92384	2098	3030
92385	129	325
92386	665	9613
92387	2105	5856
92388	129	2687
92389	2106	3292
92390	2108	3007
92391	666	4136
92392	2107	9446
92393	2108	6859
92394	2108	3638
92395	2109	6259
92396	129	19615
92397	2113	2437
92398	129	2884
92399	2114	7940
92400	668	1096
92401	668	1244
92402	2114	11112
92403	668	1741
92404	667	6312
92405	2114	6031
92406	668	3069
92407	2114	17145
92408	31	720
92409	2114	2906
92410	2114	17149
92411	2115	2683
92412	2116	5887
92413	2117	3881
92414	2118	6051
92415	2119	3256
92416	669	1429
92417	671	1515
92418	279	1062
92419	670	3451
92420	130	943
92421	63	2451
92422	671	3315
92423	2122	4700
92424	671	727
92425	2122	15822
92426	2123	4120
92427	130	4385
92428	2124	4604
92429	280	4026
92430	2125	3009
92431	31	1219
92432	673	1475
92433	674	2655
92434	2126	2468
92435	2126	4859
92436	674	2776
92437	2127	2794
92438	131	628
92439	131	2696
92440	131	911
92441	131	1047
92442	280	6803
92443	2130	2256
92444	2130	3469
92445	2132	2250
92446	2133	11522
92447	2133	4346
92448	2135	2660
92449	2135	4308
92450	131	3265
92451	2136	2189
92452	2136	13380
92453	2136	2735
92454	31	2902
92455	2136	5713
92456	2137	4960
92457	2137	2158
92458	2137	8889
92459	282	2660
92460	2137	4662
92461	2137	4276
92462	679	27530
92463	680	2585
92464	2135	4131
92465	2138	8499
92466	2138	15661
92467	131	2985
92468	680	2874
92469	680	4346
92470	2139	3569
92471	2139	34982
92472	2141	2256
92473	2141	6032
92474	682	2793
92475	2144	5117
92476	682	8938
92477	2145	4388
92478	64	166
92479	2146	2869
92480	2146	5072
92481	2146	7302
92482	283	1796
92483	64	1232
92484	2149	8181
92485	2149	3329
92486	2149	2799
92487	2150	4529
92488	64	2606
92489	2151	6591
92490	283	915
92491	132	4557
92492	132	286
92493	132	1014
92494	2153	3598
92495	2153	3726
92496	132	622
92497	685	1371
92498	685	911
92499	2163	6591
92500	2158	3256
92501	686	6130
92502	285	3111
92503	132	8504
92504	2161	11596
92505	2163	4960
92506	2166	8001
92507	2166	8884
92508	2167	3600
92509	2167	4481
92510	2167	12734
92511	132	1710
92512	688	1933
92513	2168	2977
92514	688	4902
92515	2168	6044
92516	132	4125
92517	2168	3252
92518	688	5354
92519	2170	4343
92520	286	365
92521	2170	6161
92522	2172	2632
92523	286	653
92524	2172	3966
92525	2173	2177
92526	2173	3595
92527	2173	11521
92528	132	4668
92529	17	709
92530	132	1326
92531	691	945
92532	2180	17306
92533	286	13331
92534	2181	11654
92535	65	287
92536	65	372
92537	2187	6308
92538	692	2205
92539	2188	8510
92540	2188	16031
92541	2188	4953
92542	692	2469
92543	65	4025
92544	2192	2876
92545	693	2471
92546	17	728
92547	2193	3917
92548	2195	2500
92549	693	1873
92550	2195	4449
92551	2175	12993
92552	693	4705
92553	693	4195
92554	694	1947
92555	694	1981
92556	65	4272
92557	694	2721
92558	2199	17346
92559	694	6398
92560	287	433
92561	2202	4632
92562	2189	3528
92563	695	17837
92564	695	3875
92565	2205	4775
92566	2205	15976
92567	2210	8604
92568	287	8669
92569	2211	2902
92570	697	1867
92571	697	962
92572	697	1082
92573	2211	2929
92574	2211	3978
92575	697	1466
92576	2212	8343
92577	2212	4125
92578	2212	17869
92579	288	907
92580	2213	28920
92581	2214	17170
92582	2215	8921
92583	288	992
92584	696	1176
92585	2216	3580
92586	2216	3636
92587	2216	2653
92588	698	1386
92589	133	2169
92590	698	3321
92591	698	3492
92592	2219	2822
92593	2222	3033
92594	699	1038
92595	289	2933
92596	134	2600
92597	2226	6253
92598	134	333
92599	2227	5332
92600	701	938
92601	2227	4922
92602	701	1140
92603	289	3076
92604	290	414
92605	290	940
92606	701	1035
92607	290	2418
92608	134	1055
92609	2234	9247
92610	701	4204
92611	2236	3611
92612	2244	4426
92613	2244	2745
92614	134	2532
92615	703	2085
92616	2245	4372
92617	703	4115
92618	2248	3656
92619	2249	6098
92620	2255	4150
92621	2256	3254
92622	2248	3595
92623	2256	6031
92624	2260	7730
92625	704	3518
92626	2260	29016
92627	292	1105
92628	2263	2657
92629	2265	4685
92630	292	932
92631	292	401
92632	706	2100
92633	706	3822
92634	706	5852
92635	2270	2764
92636	2270	13843
92637	2271	10320
92638	135	226
92639	135	2212
92640	706	962
92641	2277	2589
92642	2277	7381
92643	2277	4962
92644	2277	2875
92645	67	649
92646	67	278
92647	2280	3679
92648	292	3798
92649	2283	3407
92650	2286	4121
92651	709	2999
92652	2286	7616
92653	2284	9887
92654	709	3445
92655	709	10655
92656	2270	3147
92657	2301	4284
92658	136	1399
92659	2301	8381
92660	2303	20607
92661	2305	5838
92662	710	9672
92663	711	1016
92664	2307	8920
92665	136	3485
92666	711	7940
92667	2307	22842
92668	293	1174
92669	711	2680
92670	2325	10255
92671	712	14675
92672	713	756
92673	2347	3929
92674	713	751
92675	67	323
92676	713	2158
92677	713	43055
92678	2391	2609
92679	294	311
92680	294	476
92681	2392	2832
92682	294	15523
92683	714	1274
92684	714	3249
92685	2393	5143
92686	33	164
92687	2416	3949
92688	2416	8011
92689	715	3181
92690	294	4687
92691	2418	5778
92692	67	2997
92693	2418	4985
92694	2418	9927
92695	716	4340
92696	137	943
92697	137	9598
92698	137	4345
92699	716	2284
92700	717	3444
92701	2421	2531
92702	717	2042
92703	717	2687
92704	2421	4549
92705	294	1134
92706	2423	3888
92707	137	600
92708	2423	2685
92709	33	1018
92710	2426	2929
92711	2435	5230
92712	2439	3886
92713	718	2130
92714	718	17935
92715	2419	3875
92716	18	37
92717	137	1114
92718	2447	2701
92719	2447	3554
92720	2450	5316
92721	719	2044
92722	2452	4343
92723	2453	2459
92724	296	763
92725	146	160
92726	68	118
92727	296	1208
92728	68	277
92729	296	4076
92730	2468	2701
92731	720	2169
92732	2469	3642
92733	2469	2566
92734	2469	2656
92735	296	3584
92736	6	763
92737	2477	3779
92738	2477	2647
92739	722	2207
92740	722	3202
92741	296	6079
92742	2478	4347
92743	2479	5116
92744	2479	6404
92745	2479	2773
92746	2480	6085
92747	723	3237
92748	2480	6382
92749	2481	3064
92750	296	4595
92751	296	3108
92752	2485	2609
92753	2494	3243
92754	2494	12582
92755	725	1062
92756	725	1677
92757	297	1525
92758	2495	6088
92759	2497	28295
92760	725	5828
92761	2500	25872
92762	138	3720
92763	726	1950
92764	726	5831
92765	298	2033
92766	728	2833
92767	2508	3750
92768	728	2520
92769	2509	8488
92770	18	159
92771	2509	3478
92772	729	2743
92773	2509	3240
92774	2510	4276
92775	731	2743
92776	299	3826
92777	2510	3001
92778	2510	4118
92779	2510	3393
92780	140	174
92781	140	167
92782	2510	5427
92783	2510	7657
92784	2510	3169
92785	2511	8681
92786	140	413
92787	733	4274
92788	140	733
92789	299	13377
92790	733	11780
92791	2515	4670
92792	2517	2890
92793	734	3974
92794	2518	3597
92795	2518	7377
92796	2519	4775
92797	2519	6396
92798	735	2968
92799	2524	2706
92800	2525	5758
92801	34	152
92802	301	316
92803	18	1257
92804	301	2018
92805	301	1886
92806	2532	2638
92807	301	734
92808	69	138
92809	736	6261
92810	301	924
92811	301	826
92812	2541	18133
92813	301	2471
92814	737	8600
92815	2538	11150
92816	69	1240
92817	69	1049
92818	2542	6053
92819	2544	3479
92820	739	1139
92821	2547	4260
92822	302	2749
92823	302	1746
92824	739	30012
92825	2554	3182
92826	739	4397
92827	740	1086
92828	740	3207
92829	741	1679
92830	303	1677
92831	741	2697
92832	2578	3592
92833	2585	6591
92834	2585	2685
92835	2589	6061
92836	303	2469
92837	743	1950
92838	2589	8889
92839	2600	2997
92840	2600	2787
92841	2600	6259
92842	2600	7902
92843	141	187
92844	141	206
92845	141	1064
92846	2601	4960
92847	2602	4438
92848	141	250
92849	2603	11062
92850	2604	7942
92851	746	2884
92852	746	4276
92853	304	768
92854	141	598
92855	746	3894
92856	141	2740
92857	2607	4859
92858	2608	4843
92859	2608	3001
92860	746	16366
92861	304	544
92862	2608	8603
92863	304	4610
92864	2617	8811
92865	142	3778
92866	2617	43742
92867	750	866
92868	2619	6261
92869	750	7435
92870	751	3927
92871	751	3065
92872	751	2687
92873	306	432
92874	306	374
92875	35	706
92876	2627	3404
92877	2628	2761
92878	752	1097
92879	752	2160
92880	752	8493
92881	746	2537
92882	752	3266
92883	2632	8682
92884	2632	3411
92885	753	5772
92886	70	1493
92887	2635	7294
92888	755	2526
92889	306	4639
92890	755	842
92891	2638	2686
92892	2645	3249
92893	756	1747
92894	2646	6859
92895	70	1238
92896	308	1241
92897	308	351
92898	35	6024
92899	2649	7833
92900	2650	6409
92901	760	1612
92902	309	916
92903	142	2145
92904	2653	8660
92905	142	2195
92906	0	1348
92907	2655	10687
92908	2657	16222
92909	35	5910
92910	142	4288
92911	2659	6529
92912	763	2034
92913	2660	4463
92914	2666	3245
92915	2666	7647
92916	765	804
92917	2667	3185
92918	2668	3249
92919	143	411
92920	766	2103
92921	2669	5075
92922	2671	4388
92923	2671	8669
92924	766	1698
92925	767	10115
92926	768	1516
92927	313	1265
92928	313	1416
92929	2674	3193
92930	35	1999
92931	314	1274
92932	314	1930
92933	769	779
92934	2678	3447
92935	143	2106
92936	19	141
92937	2679	3265
92938	2679	4446
92939	2684	3520
92940	771	773
92941	315	2532
92942	315	8061
92943	2685	24362
92944	315	1066
92945	2687	5352
92946	773	1194
92947	2688	4607
92948	315	6308
92949	2692	19331
92950	144	158
92951	2696	2930
92952	71	1003
92953	775	4619
92954	316	374
92955	775	1871
92956	2699	3464
92957	316	1454
92958	71	529
92959	776	5143
92960	144	413
92961	2706	3269
92962	71	2236
92963	2710	2997
92964	2711	19416
92965	777	3226
92966	777	2027
92967	2717	11169
92968	2719	5857
92969	2721	3643
92970	2721	3612
92971	778	5298
92972	317	937
92973	778	3934
92974	317	2710
92975	2722	5143
92976	2723	2869
92977	779	6409
92978	71	9381
92979	317	1821
92980	2731	12395
92981	317	3531
92982	2741	4960
92983	2739	5101
92984	2740	3618
92985	2741	3230
92986	2741	3027
92987	2742	2884
92988	784	939
92989	784	1976
92990	2743	3371
92991	6	1272
92992	2743	4557
92993	2743	2891
92994	2743	2916
92995	784	4006
92996	2743	3486
92997	785	8001
92998	2743	9853
92999	786	2925
93000	2748	3330
93001	146	214
93002	320	778
93003	787	4051
93004	2750	7930
93005	320	1133
93006	2753	2761
93007	2754	4322
93008	2754	6259
93009	787	3881
93010	320	872
93011	72	1679
93012	787	3611
93013	2761	4501
93014	2762	19642
93015	788	4345
93016	146	1010
93017	321	3249
93018	2775	3779
93019	2776	8491
93020	2776	3199
93021	2776	4090
93022	2776	7524
93023	321	4241
93024	791	845
93025	322	407
93026	791	1758
93027	322	826
93028	322	1873
93029	322	4557
93030	36	198
93031	2787	2788
93032	2788	5072
93033	147	3101
93034	796	3067
93035	796	2675
93036	2791	4388
93037	2795	7324
93038	2795	9680
93039	36	529
93040	323	715
93041	323	664
93042	2797	3571
93043	323	3180
93044	323	3877
93045	2798	4785
93046	323	720
93047	2799	2999
93048	323	2617
93049	2805	7982
93050	2806	20078
93051	20	353
93052	73	2931
93053	802	2902
93054	2822	7195
93055	323	1657
93056	2823	4534
93057	2827	4498
93058	2817	2955
93059	73	358
93060	73	1219
93061	36	494
93062	805	892
93063	11	942
93064	148	706
93065	2851	12401
93066	2851	4180
93067	148	1067
93068	2862	3728
93069	148	2609
93070	2867	12583
93071	2865	3901
93072	324	1073
93073	2866	16339
93074	811	837
93075	2867	3275
93076	2868	3997
93077	325	2710
93078	2869	4446
93079	2869	4775
93080	2869	6589
93081	2869	4296
93082	814	874
93083	325	1981
93084	73	2519
93085	814	940
93086	2874	2956
93087	326	540
93088	326	35056
93089	2875	22813
93090	2881	9263
93091	326	2933
93092	826	9598
93093	2883	4809
93094	2884	4276
93095	2886	3639
93096	827	2416
93097	829	42963
93098	2890	4115
93099	2890	3779
93100	2890	13454
93101	834	925
93102	329	366
93103	835	2671
93104	2900	20766
93105	837	1057
93106	73	6895
93107	2902	3334
93108	2902	4250
93109	2902	4539
93110	2902	3036
93111	329	512
93112	838	848
93113	839	1331
93114	2906	7037
93115	2906	15977
93116	2906	13275
93117	834	2820
93118	2909	3444
93119	150	210
93120	2909	17118
93121	2896	6591
93122	2897	5264
93123	840	4117
93124	150	631
93125	150	683
93126	841	3615
93127	150	3669
93128	2917	20488
93129	330	3799
93130	842	7412
93131	333	2776
93132	333	1298
93133	333	1916
93134	843	1194
93135	333	4090
93136	2928	5219
93137	844	2241
93138	334	1405
93139	334	565
93140	150	2936
93141	2956	5157
93142	2955	3656
93143	335	363
93144	847	1950
93145	2956	3457
93146	848	870
93147	2960	4388
93148	2960	4746
93149	2963	4249
93150	335	1677
93151	2967	2971
93152	2968	9448
93153	74	178
93154	851	1497
93155	74	663
93156	2975	17661
93157	854	3693
93158	855	5240
93159	2977	31373
93160	3003	3725
93161	855	3325
93162	2977	5982
93163	856	1474
93164	2977	17206
93165	856	7631
93166	2986	3524
93167	2986	18629
93168	151	284
93169	2987	2995
93170	2987	8660
93171	2987	7023
93172	2987	8884
93173	2989	4287
93174	151	2515
93175	2989	7631
93176	862	1784
93177	2989	4176
93178	2991	16695
93179	2997	4541
93180	2998	10024
93181	865	2846
93182	3001	12735
93183	3001	3639
93184	868	2675
93185	3004	4824
93186	3004	3743
93187	2998	5028
93188	870	2748
93189	152	288
93190	337	3515
93191	337	643
93192	872	2510
93193	151	1037
93194	3008	3782
93195	873	2195
93196	875	1090
93197	875	1050
93198	875	1901
93199	3013	4196
93200	3013	3515
93201	876	1046
93202	3017	3179
93203	338	2671
93204	152	1066
93205	2989	3822
93206	3020	7942
93207	882	899
93208	3022	11284
93209	338	387
93210	3024	3858
93211	3026	16379
93212	3027	10897
93213	3029	4076
93214	3029	8510
93215	3030	3572
93216	3030	11329
93217	338	2458
93218	887	1062
93219	888	10438
93220	3037	7729
93221	3039	4086
93222	6	1047
93223	153	2439
93224	74	5974
93225	341	1060
93226	3061	3509
93227	341	537
93228	3058	3989
93229	3065	3256
93230	896	4323
93231	897	3917
93232	153	1004
93233	153	1341
93234	153	2671
93235	3071	10576
93236	75	1417
93237	75	95
93238	898	922
93239	945	2609
93240	3101	4956
93241	344	4076
93242	344	3886
93243	3104	23939
93244	3104	6937
93245	905	1057
93246	3104	22578
93247	907	4058
93248	3111	3187
93249	75	4754
93250	3115	3380
93251	911	1677
93252	3136	3379
93253	3140	21198
93254	3153	5951
93255	3155	4249
93256	3159	3336
93257	914	1958
93258	3162	8005
93259	914	3554
93260	907	3330
93261	345	1026
93262	345	1314
93263	345	1736
93264	917	29622
93265	3183	6963
93266	3185	9291
93267	3186	4902
93268	3191	5152
93269	346	1996
93270	3195	4292
93271	3196	10024
93272	3207	3879
93273	6	1020
93274	3214	21401
93275	155	177
93276	3217	5854
93277	75	4668
93278	924	2688
93279	155	944
93280	347	2039
93281	3228	3599
93282	347	734
93283	3229	6240
93284	3230	4501
93285	155	1555
93286	347	7000
93287	155	1382
93288	926	2518
93289	3232	9675
93290	348	1040
93291	3242	3657
93292	12	774
93293	3243	8506
93294	3243	4720
93295	3243	6098
93296	348	910
93297	3245	3447
93298	3245	14995
93299	39	2665
93300	3246	12490
93301	3246	6133
93302	932	10817
93303	3248	3656
93304	934	3130
93305	934	6259
93306	3249	3807
93307	934	5097
93308	3250	3744
93309	934	4125
93310	3251	7032
93311	3252	6913
93312	3252	3575
93313	3252	17251
93314	935	16968
93315	3256	4275
93316	3256	17418
93317	3255	7223
93318	3256	4109
93319	937	4073
93320	349	4527
93321	938	1131
93322	156	782
93323	350	5252
93324	156	1188
93325	3264	7044
93326	3275	3503
93327	3272	3823
93328	157	1333
93329	941	1238
93330	157	295
93331	3287	5126
93332	352	466
93333	3252	3858
93334	3289	22180
93335	3293	6147
93336	352	1383
93337	3317	11854
93338	3315	7309
93339	157	2002
93340	77	1201
93341	944	1302
93342	944	4341
93343	353	8166
93344	157	1923
93345	945	1083
93346	3320	3980
93347	945	3230
93348	3322	3577
93349	3324	4759
93350	3325	3979
93351	354	1363
93352	3327	5233
93353	946	7747
93354	946	2541
93355	3329	21947
93356	3367	12661
93357	3371	5783
93358	77	498
93359	950	1869
93360	950	1320
93361	950	3582
93362	3393	17112
93363	952	1886
93364	3405	5828
93365	158	243
93366	158	397
93367	357	1370
93368	953	2918
93369	3424	6780
93370	954	1499
93371	954	4888
93372	954	4771
93373	954	3598
93374	3445	4180
93375	3448	4142
93376	3453	12448
93377	955	3523
93378	359	364
93379	3453	10437
93380	3454	6227
93381	40	1677
93382	358	2606
93383	3486	10426
93384	957	2277
93385	3474	3612
93386	40	202
93387	3475	8491
93388	40	1164
93389	3476	5911
93390	957	14656
93391	40	2788
93392	3482	3484
93393	159	164
93394	159	357
93395	40	291
93396	3485	6803
93397	40	296
93398	360	903
93399	3486	7044
93400	40	337
93401	3493	4162
93402	3493	4849
93403	3495	4150
93404	159	1241
93405	3499	4116
93406	3500	3548
93407	3501	14598
93408	3503	30402
93409	3504	14592
93410	968	2245
93411	3506	4076
93412	3506	17108
93413	3506	5319
93414	361	1838
93415	3508	5103
93416	40	2187
93417	362	1428
93418	3516	7979
93419	362	834
93420	3520	3677
93421	362	2715
93422	3513	5858
93423	360	3646
93424	3528	22416
93425	972	1153
93426	3536	16110
93427	362	2902
93428	977	3267
93429	40	3851
93430	981	1292
93431	363	4501
93432	362	3589
93433	362	4261
93434	3569	21517
93435	363	413
93436	3580	4343
93437	40	6051
93438	3584	12341
93439	3584	6605
93440	363	992
93441	991	2652
93442	992	2779
93443	3589	6413
93444	40	7747
93445	992	9155
93446	363	896
93447	992	3001
93448	992	3240
93449	79	1105
93450	363	925
93451	3595	15531
93452	3595	6160
93453	3595	10369
93454	3600	4714
93455	3602	16200
93456	1004	2949
93457	3607	7636
93458	364	2720
93459	3616	48426
93460	364	5125
93461	364	392
93462	3615	4941
93463	364	1103
93464	3618	5072
93465	3618	11915
93466	1010	1762
93467	364	3040
93468	364	12275
93469	1010	2902
93470	3625	35301
93471	3633	3853
93472	3635	12434
93473	3635	8427
93474	3635	8528
93475	364	12188
93476	162	1525
93477	3641	13378
93478	3641	19399
93479	3263	11773
93480	161	3643
93481	1014	4230
93482	3643	12655
93483	3643	13378
93484	1014	2754
93485	3653	17020
93486	3659	8825
93487	365	1761
93488	3659	26513
93489	162	776
93490	1015	2778
93491	1015	21195
93492	3663	3941
93493	3670	6599
93494	1016	1063
93495	1016	1970
93496	3677	5073
93497	1016	3879
93498	3677	8067
93499	366	474
93500	3679	7073
93501	163	530
93502	3683	4387
93503	1016	3862
93504	1016	1928
93505	1016	2100
93506	1016	3881
93507	1016	4927
93508	1016	2735
93509	162	8152
93510	3691	6051
93511	1017	3001
93512	3697	26572
93513	3697	4748
93514	3701	5188
93515	163	1346
93516	3715	15970
93517	368	1080
93518	163	957
93519	1018	1515
93520	368	3853
93521	368	2552
93522	3720	7202
93523	0	1048
93524	3728	20782
93525	163	2215
93526	3742	3749
93527	163	2304
93528	3727	17040
93529	3745	4257
93530	3747	17022
93531	3749	11582
93532	3756	8001
93533	3754	17438
93534	3763	5950
93535	40	9717
93536	3779	6259
93537	1021	2661
93538	40	758
93539	1022	4604
93540	3787	6464
93541	1024	3179
93542	3788	6150
93543	3797	5289
93544	1026	1476
93545	3802	9751
93546	3816	5833
93547	3806	4379
93548	3809	6712
93549	163	15716
93550	81	1019
93551	1028	3067
93552	371	2798
93553	1028	1041
93554	3836	8497
93555	1034	1087
93556	3848	3850
93557	1034	1920
93558	1034	1063
93559	3858	5920
93560	1036	1596
93561	1036	6024
93562	3875	6149
93563	3875	7946
93564	372	373
93565	1036	4058
93566	3877	4683
93567	1036	1081
93568	372	1037
93569	1036	4415
93570	3879	13016
93571	372	481
93572	165	269
93573	1037	2706
93574	1037	1492
93575	165	1082
93576	3890	44160
93577	1038	1472
93578	3889	7292
93579	1038	1487
93580	3897	20664
93581	1039	4084
93582	3907	4597
93583	1040	10576
93584	1040	1206
93585	3914	4552
93586	3917	7023
93587	165	3408
93588	3920	7281
93589	165	2829
93590	1041	3865
93591	3922	16794
93592	373	4064
93593	165	3093
93594	3926	4856
93595	3927	4112
93596	3927	5263
93597	3927	5908
93598	1037	2426
93599	3949	11519
93600	373	27803
93601	374	991
93602	1048	1748
93603	1048	2210
93604	3974	4596
93605	374	6589
93606	3980	4692
93607	374	2039
93608	1050	12503
93609	1051	2827
93610	1050	4470
93611	1051	1972
93612	3997	9909
93613	4008	10812
93614	4010	7106
93615	4010	25654
93616	4020	13292
93617	82	1240
93618	1051	8421
93619	167	347
93620	1055	2750
93621	4076	4964
93622	4076	13698
93623	379	1112
93624	1057	1064
93625	379	1958
93626	4076	16096
93627	4082	6978
93628	4085	14989
93629	380	2675
93630	4100	8499
93631	4100	10660
93632	4109	6004
93633	1060	1384
93634	380	7289
93635	4082	10371
93636	4114	11696
93637	4115	4999
93638	4115	4481
93639	4117	31486
93640	4117	11647
93641	4119	11820
93642	1062	1089
93643	4121	12679
93644	1062	3068
93645	4125	8509
93646	4125	24969
93647	4126	15523
93648	4131	17418
93649	4131	15507
93650	1063	3192
93651	4132	18208
93652	383	662
93653	4138	7730
93654	1065	1086
93655	4140	4276
93656	13	7730
93657	1066	1077
93658	4142	14986
93659	1066	1474
93660	1066	2515
93661	4142	6147
93662	169	391
93663	1066	3036
93664	41	651
93665	1067	1491
93666	4162	29051
93667	384	5251
93668	4163	39924
93669	4187	17722
93670	4187	5319
93671	4197	24546
93672	4197	9610
93673	386	1083
93674	4201	24751
93675	170	223
93676	84	1467
93677	4201	25365
93678	4203	4275
93679	4203	13279
93680	170	1635
93681	1070	2113
93682	4204	15979
93683	84	321
93684	4205	22181
93685	4211	4959
93686	41	9193
93687	84	641
93688	387	4594
93689	4227	9086
93690	1072	1478
93691	170	766
93692	4229	11549
93693	387	956
93694	4250	6272
93695	170	1154
93696	1074	2041
93697	1074	6589
93698	1074	2106
93699	1075	3782
93700	4274	4435
93701	4275	4343
93702	4274	9787
93703	4275	4296
93704	7	16
93705	1077	5124
93706	4278	4825
93707	1077	4262
93708	4279	6913
93709	389	3966
93710	1077	4207
93711	171	356
93712	1078	5917
93713	4287	16408
93714	4287	6589
93715	391	532
93716	388	697
93717	4308	8848
93718	4311	7603
93719	4313	4316
93720	1081	14852
93721	1081	4124
93722	4325	11299
93723	41	3890
93724	1081	8660
93725	1082	4406
93726	392	3670
93727	4346	8499
93728	4346	15507
93729	4346	6182
93730	1083	1275
93731	4384	10426
93732	171	1627
93733	4387	4549
93734	4388	4850
93735	396	530
93736	172	1255
93737	1087	4325
93738	1087	1101
93739	4393	5111
93740	23	114
93741	4396	7859
93742	4401	8507
93743	4415	8904
93744	1089	4902
93745	173	185
93746	4425	19023
93747	4435	6741
93748	4435	7278
93749	4435	25723
93750	398	3058
93751	4445	17418
93752	4451	8608
93753	173	357
93754	4452	5226
93755	1091	1378
93756	4453	5175
93757	4454	8810
93758	23	164
93759	4464	5035
93760	4466	6684
93761	4467	16358
93762	23	220
93763	86	598
93764	4481	58271
93765	4481	7381
93766	1092	1600
93767	42	1841
93768	404	4077
93769	4539	12690
93770	1098	3919
93771	42	7580
93772	1101	7731
93773	4577	4578
93774	4593	8503
93775	405	7829
93776	4598	5200
93777	1102	3804
93778	4601	9169
93779	1103	4071
93780	4607	6173
93781	407	1764
93782	407	1051
93783	4615	27774
93784	407	1989
93785	4615	16266
93786	4615	23809
93787	4615	23730
93788	4615	12345
93789	1105	2608
93790	4632	4856
93791	174	292
93792	4669	19359
93793	407	1936
93794	4680	18629
93795	1108	1960
93796	1108	2118
93797	4685	8886
93798	1108	3982
93799	4685	12521
93800	4691	4695
93801	174	715
93802	4696	5181
93803	4716	5422
93804	408	986
93805	408	3828
93806	23	2967
93807	1109	25727
93808	4775	4866
93809	409	488
93810	409	4853
93811	1110	4464
93812	409	13283
93813	1111	1556
93814	4782	10320
93815	4784	4872
93816	4785	8681
93817	4785	44110
93818	1112	12719
93819	4810	9266
93820	4832	4834
93821	4825	56596
93822	4846	59079
93823	4894	17879
93824	4938	13982
93825	4950	6977
93826	4960	68197
93827	4963	19938
93828	1124	19579
93829	5014	5019
93830	5031	63559
93831	5044	53046
93832	5093	30834
93833	5122	14559
93834	5137	24785
93835	5140	55118
93836	5154	14741
93837	5161	56734
93838	5162	5173
93839	85324	48709
93840	5179	40842
93841	5226	30721
93842	5233	5629
93843	5266	30364
93844	5270	18024
93845	5288	29539
93846	5290	23640
93847	5299	59966
93848	425	47768
93849	5352	58722
93850	5373	5566
93851	5401	5402
93852	5418	5587
93853	5460	5584
93854	5468	19757
93855	5505	5609
93856	5514	52496
93857	5524	27694
93858	5522	19537
93859	5552	25850
93860	5555	5627
93861	5704	48825
93862	5723	24608
93863	5739	6785
93864	5745	49083
93865	5757	26830
93866	5768	5803
93867	5780	5826
93868	5783	36563
93869	5829	74041
93870	5841	5843
93871	5842	49380
93872	5852	71148
93873	1147	27041
93874	1148	73833
93875	5923	48493
93876	5924	29064
93877	5930	31014
93878	5949	5956
93879	5957	49859
93880	5975	7682
93881	5982	51965
93882	6014	38192
93883	6133	34484
93884	6152	9547
93885	6156	15227
93886	6157	26282
93887	6165	42214
93888	6167	71613
93889	6219	52385
93890	6240	13749
93891	6268	14885
93892	6287	16650
93893	6295	54948
93894	6325	51052
93895	6381	38389
93896	6395	36550
93897	6396	24142
93898	6406	56435
93899	6424	7139
93900	6456	52364
93901	6461	48881
93902	443	10079
93903	6519	9198
93904	185	31440
93905	6536	37006
93906	6572	60874
93907	6590	50595
93908	6610	31577
93909	6613	6624
93910	6614	6615
93911	6616	51271
93912	6705	61951
93913	6722	59726
93914	6737	42917
93915	6741	65263
93916	6794	12519
93917	6812	13257
93918	6836	12723
93919	6851	68897
93920	6890	18163
93921	6936	31342
93922	6971	74515
93923	7014	54572
93924	1179	41284
93925	7106	62534
93926	7180	16535
93927	7189	16507
93928	7192	60451
93929	459	74136
93930	7217	48761
93931	7221	22976
93932	7245	7250
93933	7419	7423
93934	7297	43681
93935	7301	65160
93936	7319	46891
93937	7338	7351
93938	7362	59289
93939	7417	34488
93940	7457	36669
93941	7501	7505
93942	7507	61295
93943	7528	14919
93944	7535	64786
93945	7535	19791
93946	7538	61045
93947	7547	49328
93948	7602	27186
93949	7631	37773
93950	7695	34196
93951	7743	17435
93952	7751	61987
93953	7859	50470
93954	7884	7887
93955	7943	58016
93956	7951	7958
93957	7980	31795
93958	8064	43678
93959	8171	9091
93960	8180	53074
93961	1204	42906
93962	8277	8284
93963	8349	73825
93964	8352	26746
93965	8354	33581
93966	8360	63762
93967	8364	39792
93968	8365	23440
93969	8384	55203
93970	8431	19715
93971	8435	67700
93972	8462	14638
93973	1212	15181
93974	8491	67945
93975	8491	64998
93976	8493	41751
93977	8499	44752
93978	8502	39279
93979	8527	28055
93980	8547	28849
93981	8569	65602
93982	8622	30140
93983	8626	56890
93984	8629	8639
93985	8730	33856
93986	8737	41981
93987	8763	36134
93988	8795	19079
93989	8819	61699
93990	8831	52820
93991	8841	23635
93992	8884	17174
93993	8920	56547
93994	8971	49051
93995	9055	53613
93996	9098	55753
93997	9108	53978
93998	9162	17503
93999	9162	59794
94000	9167	39749
94001	9171	60394
94002	9255	56152
94003	9260	19557
94004	9419	14839
94005	9435	46232
94006	9453	19760
94007	9482	9483
94008	9504	17868
94009	9509	37367
94010	9542	45824
94011	9600	9602
94012	9603	49107
94013	9695	9698
94014	487	31130
94015	9785	24829
94016	9790	49121
94017	9791	57086
94018	9792	38821
94019	9902	41145
94020	9799	67906
94021	9820	9825
94022	9903	43031
94023	9919	45535
94024	9953	54421
94025	9975	54435
94026	10015	36497
94027	10038	11949
94028	10040	74687
94029	10042	10075
94030	10045	10046
94031	10139	46261
94032	10420	25830
94033	10425	30353
94034	10510	51690
94035	10564	46026
94036	10640	36510
94037	10650	40863
94038	10698	36242
94039	10721	27292
94040	10765	10767
94041	10785	10786
94042	10820	10829
94043	10822	46912
94044	10863	23955
94045	10888	57812
94046	10970	30991
94047	11066	60263
94048	11086	50956
94049	11148	70775
94050	11151	48418
94051	11228	11229
94052	11240	25791
94053	11296	22945
94054	11395	11396
94055	11396	13219
94056	11460	14959
94057	11494	45669
94058	11524	23670
94059	11178	12397
94060	1297	56484
94061	11598	11599
94062	11600	55010
94063	11617	22992
94064	11627	11635
94065	1303	33092
94066	11659	55194
94067	11659	45880
94068	11667	58740
94069	11736	11737
94070	11742	60524
94071	11749	62525
94072	1306	4252
94073	11850	69280
94074	11861	11862
94075	11889	66065
94076	11914	47063
94077	11929	45893
94078	12116	43320
94079	12152	12153
94080	12156	55214
94081	12192	25943
94082	12325	12532
94083	12339	52114
94084	12373	24407
94085	12362	35820
94086	12363	59577
94087	12370	13855
94088	12387	55522
94089	12398	71333
94090	12434	36951
94091	12436	58633
94092	1321	54897
94093	12525	12533
94094	12557	35444
94095	12628	71340
94096	12655	37746
94097	12670	12671
94098	12734	38380
94099	12741	29902
94100	12822	31824
94101	12864	33357
94102	12886	12897
94103	12895	12905
94104	12987	38653
94105	12991	21680
94106	13004	17636
94107	13027	14335
94108	13049	46030
94109	13059	35577
94110	100	28691
94111	13146	13162
94112	13153	13154
94113	13294	13296
94114	13299	13310
94115	13333	55664
94116	13335	13336
94117	13377	32412
94118	13380	38266
94119	13410	13966
94120	13440	46191
94121	13473	59243
94122	13602	73116
94123	13629	57425
94124	13665	14075
94125	13757	35153
94126	13848	14451
94127	13868	14105
94128	13883	13884
94129	14001	59564
94130	14062	35984
94131	14090	14091
94132	1353	5575
94133	1357	47888
94134	14554	18643
94135	14789	37694
94136	14648	40756
94137	14749	22878
94138	14779	34987
94139	14796	55385
94140	14821	25031
94141	14837	41344
94142	14870	56086
94143	14946	72551
94144	14947	62093
94145	14969	14977
94146	14984	43248
94147	15002	32128
94148	15031	15365
94149	15057	15107
94150	15068	15291
94151	15079	18722
94152	15117	15180
94153	15141	37778
94154	15159	52263
94155	15201	15253
94156	15213	15284
94157	13206	35209
94158	15507	23684
94159	15507	34059
94160	15523	24484
94161	15531	29269
94162	15564	33825
94163	15613	34682
94164	15621	56300
94165	15631	26845
94166	15652	40621
94167	15715	62445
94168	15656	22223
94169	15667	55373
94170	15680	15698
94171	15687	15847
94172	15719	34093
94173	15732	15830
94174	15733	15767
94175	15774	17147
94176	30958	30959
94177	15980	31957
94178	16117	53330
94179	16118	20410
94180	16146	29910
94181	16298	22562
94182	16381	33465
94183	16385	16386
94184	16563	49769
94185	16660	56494
94186	16678	51791
94187	16689	69975
94188	16701	42874
94189	16734	39422
94190	16735	56102
94191	1392	9963
94192	16755	28853
94193	16771	38449
94194	16988	16992
94195	16997	17001
94196	17004	32706
94197	17041	20780
94198	17054	25545
94199	17065	21085
94200	17112	43370
94201	17118	25364
94202	17152	45934
94203	17168	72916
94204	17243	24279
94205	17251	55205
94206	17280	58078
94207	17307	17308
94208	17335	63713
94209	17404	19646
94210	17420	64061
94211	17443	54337
94212	17500	32603
94213	17509	58943
94214	17526	46207
94215	17585	17587
94216	17686	61701
94217	17722	46217
94218	17775	38503
94219	17813	57887
94220	17860	17861
94221	17928	45651
94222	17964	31932
94223	18040	18041
94224	18094	27968
94225	18117	51661
94226	18117	24722
94227	18129	18162
94228	18158	20234
94229	18180	68080
94230	18421	55884
94231	18464	18465
94232	18466	34020
94233	18538	56163
94234	18558	38727
94235	18576	49319
94236	18651	51295
94237	18779	18782
94238	18910	56445
94239	18921	18924
94240	18939	41452
94241	18999	19001
94242	19020	58153
94243	18172	18177
94244	19057	19058
94245	19071	35871
94246	19139	46311
94247	19170	54194
94248	19367	19368
94249	19379	43233
94250	19517	61300
94251	19528	40407
94252	19539	19540
94253	19550	19570
94254	19550	59111
94255	19629	51165
94256	19690	19691
94257	19787	62862
94258	19800	46601
94259	19954	45061
94260	19968	33345
94261	20021	20022
94262	20120	56043
94263	20130	20138
94264	20215	33031
94265	20266	47480
94266	20220	37725
94267	20284	28880
94268	20294	20295
94269	20311	38581
94270	20314	22136
94271	20333	42837
94272	20334	20335
94273	20362	35302
94274	20388	21607
94275	20390	58848
94276	20406	20421
94277	20456	31679
94278	20616	20629
94279	20637	72037
94280	20650	43904
94281	20902	20913
94282	20958	38508
94283	20961	20962
94284	21082	37133
94285	21119	59321
94286	21217	21218
94287	21239	70891
94288	21243	63197
94289	21335	36358
94290	21342	44371
94291	21427	21434
94292	21446	40704
94293	21453	31457
94294	21480	57063
94295	21536	58957
94296	21604	21605
94297	21614	30142
94298	21620	21623
94299	21712	41393
94300	21894	38419
94301	21804	21806
94302	22076	31216
94303	22122	38903
94304	22149	44815
94305	22151	44341
94306	22320	35812
94307	22351	23049
94308	22444	22445
94309	22455	22456
94310	22614	30470
94311	22666	22676
94312	22669	22689
94313	22722	22727
94314	22854	41209
94315	22804	22805
94316	22874	22876
94317	23005	23692
94318	23024	23025
94319	23145	29970
94320	23163	49361
94321	1414	74399
94322	23173	28489
94323	23258	23266
94324	23277	23287
94325	23362	55281
94326	23489	23492
94327	23517	23519
94328	23603	30634
94329	23615	28694
94330	23679	51848
94331	23728	41130
94332	23847	61571
94333	24056	24059
94334	24199	24200
94335	24320	57067
94336	24321	25415
94337	24326	46651
94338	24457	28507
94339	24513	66432
94340	24534	61749
94341	24541	70632
94342	24628	43679
94343	24547	70884
94344	24741	24750
94345	24765	26214
94346	24776	57099
94347	24783	36319
94348	24800	24815
94349	24856	24857
94350	24920	37721
94351	24930	32022
94352	23513	45262
94353	25007	25011
94354	25071	44571
94355	25092	25099
94356	25468	52145
94357	1417	49812
94358	25529	45271
94359	25557	25558
94360	25573	56270
94361	25596	25597
94362	25631	62301
94363	25687	25690
94364	25700	44833
94365	25724	50352
94366	25732	25743
94367	25811	49881
94368	25884	28735
94369	25941	25986
94370	24118	24119
94371	26455	26457
94372	26491	31766
94373	27085	52299
94374	26639	37521
94375	26688	39091
94376	26812	28818
94377	26812	33338
94378	26822	61013
94379	26927	66400
94380	26928	66374
94381	26993	38004
94382	27004	40522
94383	27007	43239
94384	27133	37901
94385	27160	44249
94386	27164	37992
94387	27311	68973
94388	27486	43994
94389	26903	26912
94390	27678	55295
94391	27764	47915
94392	27830	27831
94393	27852	67888
94394	27946	27950
94395	27964	63113
94396	28107	29082
94397	28268	28269
94398	28535	28536
94399	28543	28544
94400	28609	40615
94401	28608	28625
94402	28726	47439
94403	28867	28868
94404	28910	28977
94405	29031	29034
94406	29078	56284
94407	29560	29564
94408	29826	29828
94409	29528	30705
94410	29822	64158
94411	29755	56251
94412	29757	29770
94413	29807	48642
94414	29844	31021
94415	29944	48680
94416	30006	40185
94417	30021	30022
94418	30067	54158
94419	30399	30400
94420	30502	48540
94421	30567	30568
94422	30610	62255
94423	30611	30619
94424	30929	30939
94425	30994	38395
94426	31067	31068
94427	31149	75872
94428	31346	64056
94429	31358	68189
94430	31423	31425
94431	31494	59387
94432	31583	36887
94433	31640	31642
94434	31767	34570
94435	31781	41763
94436	31823	31838
94437	31873	31893
94438	31964	32084
94439	32002	37483
94440	32025	32026
94441	32420	34711
94442	32369	37249
94443	32553	37468
94444	32681	32682
94445	32704	55846
94446	32746	32750
94447	32881	64349
94448	33038	35803
94449	33053	33069
94450	33128	37223
94451	33202	33203
94452	33287	50366
94453	33328	33329
94454	33489	33490
94455	33615	38940
94456	33771	35956
94457	33902	33906
94458	33927	33928
94459	34005	34006
94460	34408	34414
94461	34474	34880
94462	34456	34457
94463	34700	34703
94464	34757	34760
94465	35038	35039
94466	35818	52165
94467	35822	37508
94468	35934	68035
94469	36039	67808
94470	36074	47325
94471	36122	36128
94472	36136	36137
94473	36171	36180
94474	36202	44060
94475	36258	36266
94476	36260	36271
94477	36273	43900
94478	37000	57452
94479	37264	37265
94480	37389	64468
94481	37505	61345
94482	38674	38675
94483	37718	37722
94484	37775	42800
94485	37813	37816
94486	37955	37957
94487	37900	55902
94488	38149	56585
94489	38384	40447
94490	38441	40384
94491	38497	38524
94492	38552	38554
94493	38927	39500
94494	38930	38931
94495	39036	39037
94496	39141	39142
94497	39270	39273
94498	39310	55700
94499	39694	39698
94500	39679	39681
94501	41516	41519
94502	40044	40045
94503	40051	64331
94504	40753	68173
94505	40127	43921
94506	40180	40205
94507	40320	53373
94508	40485	52843
94509	40487	66630
94510	40545	53579
94511	40578	40580
94512	40859	40860
94513	40848	44495
94514	41524	41528
94515	41295	41302
94516	41400	41401
94517	41629	41630
94518	41798	54978
94519	41812	64994
94520	41873	74002
94521	41959	41961
94522	42120	42128
94523	42129	49748
94524	42132	54522
94525	42764	66146
94526	42883	56731
94527	42908	58600
94528	42973	45250
94529	43040	43050
94530	43334	61351
94531	43376	43378
94532	43791	47454
94533	43869	43874
94534	43920	60525
94535	43947	65698
94536	44095	44103
94537	46294	61804
94538	44585	51243
94539	44602	49538
94540	44739	44740
94541	44943	70440
94542	45232	67772
94543	45306	45307
94544	45354	56595
94545	45369	59893
94546	45539	54683
94547	45602	74699
94548	45662	45670
94549	45985	68442
94550	46394	65580
94551	47649	47652
94552	48530	48531
94553	48529	71449
94554	48661	48662
94555	48949	48950
94556	48951	48953
94557	49035	58539
94558	49686	49688
94559	49985	73270
94560	51646	55150
94561	51992	59867
94562	52633	67431
94563	52642	52703
94564	52669	52694
94565	53129	57636
94566	53329	53331
94567	53608	53609
94568	58097	58099
94569	55566	57631
94570	55631	72840
94571	55650	55663
94572	55908	71431
94573	56247	66274
94574	57128	61355
94575	58641	58642
94576	59223	62940
94577	59767	59769
94578	60374	73658
94579	61092	61094
94580	522	7186
94581	62687	73183
94582	66150	69791
94583	68533	68537
94584	71442	71444
94585	74492	74493
94586	75810	75811
94587	75812	75817
94588	75881	12344
94589	529	57924
94590	1481	53671
94591	75905	21571
94592	75905	25818
94593	1492	40951
94594	1496	60332
94595	75943	28921
94596	1517	45678
94597	75947	64442
94598	1524	20046
94599	538	27458
94600	1525	13474
94601	1533	44049
94602	547	59622
94603	1572	14556
94604	1584	60589
94605	76064	13670
94606	76112	10835
94607	76133	56648
94608	76152	33230
94609	76164	51908
94610	76165	13306
94611	1647	57845
94612	229	18051
94613	76259	36147
94614	76456	47073
94615	76479	30271
94616	1734	49393
94617	76499	44836
94618	1742	36309
94619	76551	62942
94620	583	29548
94621	1749	56071
94622	76596	54761
94623	590	25851
94624	232	17701
94625	76758	33353
94626	76760	10681
94627	79504	23014
94628	76792	19427
94629	1777	74453
94630	76840	52337
94631	76875	48770
94632	76883	22686
94633	76916	34795
94634	76950	24879
94635	599	21855
94636	77030	36084
94637	77054	51007
94638	77109	6503
94639	77124	55270
94640	1796	15289
94641	77156	10441
94642	77172	50358
94643	77179	59934
94644	1801	57976
94645	77231	47214
94646	77318	47758
94647	77357	28967
94648	77378	39381
94649	77420	45628
94650	1813	57225
94651	77474	61358
94652	77492	19553
94653	77534	7149
94654	77565	47141
94655	77662	73874
94656	77759	25142
94657	78066	34575
94658	78164	47928
94659	78233	61320
94660	78254	49927
94661	78494	25317
94662	78671	69332
94663	78786	30339
94664	79006	32552
94665	79366	48997
94666	79529	31846
94667	241	47775
94668	80297	67169
94669	80391	36829
94670	80402	7836
94671	82673	43102
94672	80648	4035
94673	80704	33413
94674	80727	21048
94675	81603	46885
94676	82008	9065
94677	82439	29175
94678	82610	33979
94679	93515	44926
94680	82683	22079
94681	82792	44723
94682	82821	55272
94683	82838	34852
94684	82890	28502
94685	83176	46942
94686	91566	55400
94687	91795	22095
94688	89920	61887
94689	89945	71126
94690	83749	35052
94691	89844	40267
94692	89452	17281
94693	89650	25093
94694	89808	51580
94695	89480	31209
94696	89520	57972
94697	89558	31793
94698	89224	29404
94699	89401	16321
94700	89262	39922
94701	89264	47146
94702	84153	64836
94703	84179	18844
94704	84476	8189
94705	88602	48377
94706	88347	12961
94707	88275	42257
94708	88242	42344
94709	88140	57609
94710	84837	62389
94711	85011	41552
94712	85111	56322
94713	85198	45835
94714	87812	8649
94715	85342	59006
94716	85343	70290
94717	85621	2148
94718	87378	29586
94719	87384	40769
94720	87407	61646
94721	86279	39223
94722	243	49381
94723	613	56673
94724	1870	1884
94725	1878	38817
94726	1896	28879
94727	1902	52855
94728	1909	28753
94729	1931	15853
94730	1940	53151
94731	625	48316
94732	2026	7429
94733	1950	8655
94734	1955	20164
94735	258	42971
94736	1961	67334
94737	1968	19286
94738	264	11971
94739	638	47336
94740	1989	47745
94741	643	43119
94742	643	73533
94743	270	74381
94744	1999	42697
94745	2029	17877
94746	650	50375
94747	2063	47362
94748	2077	65909
94749	655	6754
94750	656	30544
94751	2087	36825
94752	2096	46200
94753	2114	58265
94754	2130	51031
94755	2136	21112
94756	2136	35996
94757	2139	33682
94758	681	13818
94759	131	54754
94760	2159	54882
94761	2166	55139
94762	2166	28722
94763	2168	33958
94764	2172	73645
94765	132	51955
94766	2181	35485
94767	694	20494
94768	2202	24031
94769	2213	66588
94770	699	68341
94771	2230	52224
94772	2240	46726
94773	2246	31471
94774	2251	31132
94775	2274	7816
94776	2277	67438
94777	2281	9531
94778	2303	64664
94779	2318	16472
94780	2318	44500
94781	2355	20451
94782	2420	53891
94783	717	43406
94784	2461	47271
94785	2475	4244
94786	2503	73721
94787	138	16271
94788	2513	18995
94789	2532	17616
94790	2541	18164
94791	140	22916
94792	738	9730
94793	2550	44841
94794	2578	10003
94795	746	61642
94796	141	11242
94797	2643	21618
94798	2647	73999
94799	760	9965
94800	2662	21936
94801	2673	40815
94802	2673	38351
94803	2678	55045
94804	2696	54059
94805	2734	50020
94806	2734	46308
94807	2741	18030
94808	2743	31950
94809	2743	68020
94810	2747	30710
94811	2756	36740
94812	2760	48549
94813	2772	55582
94814	19	53937
94815	2785	51660
94816	2790	55843
94817	2798	42911
94818	2803	8534
94819	2818	44227
94820	2848	58616
94821	806	25547
94822	2908	25014
94823	822	50562
94824	2908	25523
94825	2912	4196
94826	2918	27386
94827	2924	40811
94828	2928	13846
94829	2933	48060
94830	73	19548
94831	2954	47578
94832	2959	18624
94833	334	36262
94834	2976	22707
94835	865	10569
94836	2998	38595
94837	889	3819
94838	3042	44792
94839	3067	51539
94840	3080	16491
94841	3121	30076
94842	3192	14831
94843	3217	12691
94844	3225	13028
94845	3235	46049
94846	3243	30326
94847	3244	18857
94848	3264	26109
94849	3266	50907
94850	76	17544
94851	3319	11179
94852	3324	32605
94853	948	44958
94854	3399	45604
94855	3400	45709
94856	3402	20103
94857	3406	12431
94858	3420	25285
94859	3465	29788
94860	3475	31490
94861	3481	42640
94862	3485	27108
94863	3510	54280
94864	3521	59786
94865	3526	24288
94866	974	27199
94867	3541	32555
94868	982	48823
94869	3579	74423
94870	3582	49351
94871	3586	46010
94872	1002	28237
94873	3610	50082
94874	363	27519
94875	363	27337
94876	3634	38210
94877	3642	62084
94878	3671	46158
94879	3683	24901
94880	1016	60598
94881	3700	63434
94882	1018	12754
94883	3751	43527
94884	3799	23662
94885	3843	62773
94886	3866	26595
94887	3881	46004
94888	1037	11152
94889	3889	12569
94890	3892	45279
94891	1038	7489
94892	3899	36255
94893	3981	21635
94894	1049	54833
94895	4019	24329
94896	4059	31650
94897	4067	13114
94898	4080	51694
94899	4086	51036
94900	4090	17506
94901	4100	8994
94902	4132	37331
94903	4132	71005
94904	4276	63433
94905	170	48808
94906	4281	21904
94907	4291	15270
94908	4293	18014
94909	1079	36481
94910	4301	61309
94911	4323	9870
94912	4325	23406
94913	4325	16523
94914	4340	26044
94915	1081	36638
94916	4346	64743
94917	4398	70545
94918	4399	24666
94919	4400	18455
94920	4400	31839
94921	4445	38448
94922	4460	48578
94923	4464	22894
94924	4481	6011
94925	4498	57025
94926	403	44339
94927	4529	61447
94928	4585	4588
94929	1104	9611
94930	4663	55309
94931	4688	11172
94932	4690	7197
94933	407	52144
94934	4728	45144
94935	4755	57385
94936	4766	24566
94937	4771	17923
94938	1112	16038
94939	174	3756
94940	42	4519
94941	4785	11299
94942	409	12314
94943	1112	1679
94944	4786	10491
94945	1112	1475
94946	4787	9409
94947	4787	10814
94948	409	8385
94949	4787	11780
94950	1112	2675
94951	409	15666
94952	1112	1812
94953	410	473
94954	4792	4795
94955	4793	4984
94956	174	11521
94957	4793	9077
94958	4794	5314
94959	6511	29303
94960	1112	2300
94961	4795	7036
94962	1112	4853
94963	82292	7301
94964	4796	7456
94965	87396	29214
94966	87374	82868
94967	4797	23178
94968	410	1841
94969	1112	5941
94970	4797	9430
94971	4797	6319
94972	4787	4887
94973	4797	5219
94974	4797	35003
94975	4799	15907
94976	4799	7289
94977	87428	4102
94978	87427	83448
94979	87409	66854
94980	4800	9904
94981	4800	6245
94982	87419	12491
94983	410	1183
94984	4801	7407
94985	4801	12470
94986	410	1753
94987	4801	6975
94988	4801	11713
94989	4803	8496
94990	87416	37083
94991	4803	23446
94992	4806	7570
94993	4804	5236
94994	4809	11555
94995	4806	4868
94996	4806	10507
94997	87434	428
94998	87426	22999
94999	410	3043
95000	4807	6217
95001	87418	79677
95002	410	3722
95003	4808	10138
95004	23	5758
95005	410	7853
95006	14	769
95007	1112	7805
95008	4809	12268
95009	1112	55974
95010	79542	7222
95011	4809	20374
95012	1113	3404
95013	4809	15610
95014	4809	6091
95015	1113	2965
95016	4809	7114
95017	1113	1928
95018	4810	4915
95019	4810	5136
95020	4810	9039
95021	4810	6076
95022	4800	5237
95023	4810	18131
95024	411	1770
95025	87440	104
95026	87438	7729
95027	4810	10700
95028	411	2918
95029	4811	10843
95030	1113	2814
95031	411	4557
95032	87411	40318
95033	87412	40320
95034	84170	10224
95035	1113	2791
95036	4811	55848
95037	4811	9385
95038	14	944
95039	4813	6185
95040	4812	6373
95041	4813	5178
95042	86	12989
95043	4813	4958
95044	4813	6923
95045	4813	9406
95046	4806	4912
95047	411	6722
95048	4814	42806
95049	4814	13002
95050	4816	5332
95051	4816	6337
95052	77087	15512
95053	174	20548
95054	4821	11602
95055	411	693
95056	4821	8350
95057	4821	7945
95058	4821	6288
95059	4821	8932
95060	4822	23100
95061	4822	6758
95062	411	1440
95063	1114	3822
95064	4823	6430
95065	42	5986
95066	1114	2814
95067	1115	1630
95068	87410	15826
95069	42	45072
95070	4823	6884
95071	4823	7044
95072	1115	2800
95073	4823	5761
95074	1115	3000
95075	4823	6999
95076	411	4270
95077	4823	6602
95078	87	1390
95079	4824	8605
95080	411	1701
95081	1115	15653
95082	4824	20941
95083	87	3797
95084	4824	17072
95085	4825	6399
95086	4825	4826
95087	87446	21031
95088	175	1237
95089	4825	16225
95090	4825	6376
95091	4826	6308
95092	4826	4984
95093	4826	5272
95094	175	362
95095	4826	6051
95096	4826	6530
95097	4827	25209
95098	4828	8343
95099	4831	5791
95100	4831	6527
95101	4831	8906
95102	4831	12039
95103	84185	7035
95104	87449	1294
95105	4831	8841
95106	1115	3265
95107	4835	4837
95108	4837	11713
95109	4835	11286
95110	4838	8557
95111	87452	27346
95112	4842	5774
95113	4842	5704
95114	4842	6969
95115	175	683
95116	4842	8180
95117	4842	6445
95118	1115	3611
95119	87454	284
95120	4842	50008
95121	1115	3767
95122	4843	10887
95123	4844	6859
95124	4844	12352
95125	4844	15820
95126	87467	4471
95127	87405	62841
95128	4845	10195
95129	4844	8956
95130	4844	20955
95131	175	4026
95132	4845	22388
95133	1115	7190
95134	412	24919
95135	4846	5391
95136	84184	9851
95137	14	1997
95138	175	21631
95139	1115	25133
95140	412	596
95141	4847	29540
95142	4847	19463
95143	4847	25748
95144	1116	2647
95145	87481	6130
95146	87404	15661
95147	412	2235
95148	4848	5234
95149	1116	9603
95150	4848	5834
95151	1116	2154
95152	1116	1956
95153	4848	13623
95154	4849	19486
95155	412	2064
95156	1116	1612
95157	2	1560
95158	1116	1385
95159	42	2207
95160	175	457
95161	4849	5139
95162	412	742
95163	87403	31025
95164	87399	27440
95165	4849	16742
95166	4850	8499
95167	1116	1922
95168	175	2801
95169	4850	5861
95170	4850	7535
95171	175	7032
95172	1116	4591
95173	1116	6308
95174	1116	20883
95175	1116	2212
95176	175	1458
95177	1116	2156
95178	4847	18890
95179	84188	4739
95180	1116	8878
95181	4851	7992
95182	4851	7278
95183	4852	4862
95184	4852	5885
95185	87400	37738
95186	14	2742
95187	87401	30082
95188	1116	5129
95189	4853	12733
95190	87485	4342
95191	413	1547
95192	413	1317
95193	87398	65726
95194	4853	5060
95195	413	2570
95196	87482	2513
95197	42	2201
95198	84190	674
95199	413	3251
95200	85753	78093
95201	87491	6286
95202	4854	12943
95203	4854	22570
95204	84220	1970
95205	4856	47272
95206	4856	5186
95207	87	2832
95208	1116	4906
95209	413	6024
95210	1117	1933
95211	4861	18373
95212	1117	1288
95213	4860	51817
95214	1117	1292
95215	413	414
95216	4861	9449
95217	1117	1331
95218	4861	21562
95219	4861	5130
95220	4861	18871
95221	175	2608
95222	4861	16215
95223	4862	16996
95224	1117	3816
95225	87393	37270
95226	4863	4874
95227	87372	11217
95228	87376	32715
95229	4864	5244
95230	4864	5761
95231	4864	8905
95232	0	174
95233	4864	11421
95234	413	1382
95235	4864	7452
95236	4864	29714
95237	4866	4958
95238	4866	5284
95239	7	1207
95240	87392	20937
95241	4866	7213
95242	413	1944
95243	4866	20150
95244	4868	9193
95245	4866	12548
95246	4867	42614
95247	4867	4952
95248	4868	7324
95249	4868	16671
95250	4868	18910
95251	4869	5396
95252	4869	6055
95253	4869	5102
95254	4871	5122
95255	4871	51711
95256	4871	8537
95257	1117	4668
95258	4871	8460
95259	413	3207
95260	1118	1429
95261	42	11934
95262	1118	6183
95263	87498	12500
95264	4871	25529
95265	4872	13049
95266	4874	6225
95267	4874	8490
95268	4874	25034
95269	4874	5978
95270	4876	48151
95271	4879	6480
95272	4880	14874
95273	4880	9493
95274	1118	2178
95275	4881	25454
95276	4885	18555
95277	85752	41214
95278	1119	1960
95279	1118	2966
95280	4886	5859
95281	413	8090
95282	4886	22157
95283	4886	9462
95284	4886	12188
95285	43	141
95286	1118	2606
95287	4886	9496
95288	4887	8602
95289	1117	1766
95290	4887	9847
95291	43	1176
95292	4887	5237
95293	85741	992
95294	85744	284
95295	4888	4889
95296	4888	12939
95297	413	8839
95298	414	780
95299	1118	9711
95300	4888	14761
95301	4889	7407
95302	414	4506
95303	4894	6245
95304	4894	17591
95305	4895	9969
95306	4895	51530
95307	4896	50089
95308	4900	4906
95309	87513	2871
95310	4900	16410
95311	4900	21338
95312	414	4340
95313	4900	22061
95314	1119	1840
95315	1119	2133
95316	4902	6264
95317	4854	5961
95318	414	822
95319	1119	3600
95320	1119	1157
95321	1119	7303
95322	4903	5024
95323	4903	9273
95324	87529	2609
95325	87517	2078
95326	1119	2289
95327	4905	8483
95328	1119	3506
95329	1119	5970
95330	4905	5237
95331	1119	1731
95332	84219	897
95333	4906	5145
95334	4906	6404
95335	4906	20274
95336	4906	15666
95337	82257	655
95338	4907	56045
95339	4910	13908
95340	43	3069
95341	4915	19667
95342	4913	48183
95343	4915	18566
95344	4915	5158
95345	0	24850
95346	414	1070
95347	1119	9455
95348	4912	7561
95349	4915	45484
95350	78317	8905
95351	87523	7109
95352	1119	4443
95353	85738	1978
95354	4916	8963
95355	87528	1078
95356	1120	2127
95357	4916	29868
95358	4919	9780
95359	80973	13965
95360	4920	5852
95361	4920	6540
95362	1120	1806
95363	1120	2042
95364	4920	8889
95365	1120	2800
95366	1120	1420
95367	176	1867
95368	87525	667
95369	176	532
95370	4920	16201
95371	4921	4948
95372	176	1514
95373	43	398
95374	4921	30523
95375	4922	11257
95376	4922	18191
95377	4926	9616
95378	1120	9811
95379	414	2888
95380	4928	7307
95381	80142	1960
95382	87	1560
95383	85706	1198
95384	85717	4638
95385	4928	15036
95386	4928	6893
95387	85707	9060
95388	4928	13379
95389	4928	14998
95390	87535	788
95391	1120	2811
95392	4929	4931
95393	87	4367
95394	1120	1813
95395	4935	38267
95396	4935	7988
95397	4936	9623
95398	4936	10576
95399	4936	5073
95400	4937	15510
95401	415	1250
95402	4937	16968
95403	4937	9382
95404	4939	18975
95405	85658	2697
95406	14	148
95407	4939	7758
95408	4940	9076
95409	4941	5976
95410	1120	3616
95411	4941	35148
95412	415	724
95413	4941	6584
95414	1120	3800
95415	4941	6513
95416	415	853
95417	4942	11154
95418	4942	10593
95419	415	1283
95420	4943	48250
95421	4944	21887
95422	4944	16738
95423	4946	7730
95424	84216	2161
95425	4946	11648
95426	4946	6516
95427	4946	5104
95428	176	2928
95429	4946	6382
95430	4946	11611
95431	4946	6162
95432	415	1776
95433	4946	6099
95434	4946	11055
95435	1121	1424
95436	4946	7034
95437	4946	6146
95438	176	5346
95439	87	2006
95440	4946	6255
95441	4948	4960
95442	4955	4975
95443	4948	11611
95444	415	1379
95445	1121	2614
95446	87551	3826
95447	4948	6475
95448	1121	4764
95449	4948	9793
95450	1121	3036
95451	4948	6544
95452	4948	47399
95453	4948	5264
95454	87	3555
95455	43	1317
95456	1121	1480
95457	1121	3656
95458	87608	8904
95459	4949	6162
95460	4949	21356
95461	4950	7270
95462	4950	8613
95463	4950	8982
95464	4951	27227
95465	23	492
95466	4951	10253
95467	4951	14622
95468	4952	5033
95469	4952	12567
95470	4952	11700
95471	4952	7760
95472	4952	9498
95473	23	529
95474	4953	8981
95475	4953	5287
95476	81916	20379
95477	4953	9039
95478	4953	8816
95479	4953	9614
95480	4953	6607
95481	87561	80545
95482	1122	2223
95483	416	7863
95484	1122	2178
95485	1122	3615
95486	1122	4604
95487	416	626
95488	1122	4629
95489	14	253
95490	4953	11747
95491	4953	6744
95492	4953	15791
95493	1122	3072
95494	1122	2163
95495	1122	2207
95496	416	9383
95497	1122	2260
95498	87565	1741
95499	1121	2589
95500	14	321
95501	416	2976
95502	85634	10579
95503	4954	17422
95504	4954	19502
95505	417	2151
95506	4955	17294
95507	4955	5852
95508	85631	7863
95509	417	1677
95510	1122	5240
95511	417	2720
95512	1122	4986
95513	4955	18179
95514	87568	8382
95515	4955	11148
95516	4953	16050
95517	1122	1321
95518	4955	17722
95519	1122	2930
95520	4955	8841
95521	4955	6004
95522	417	1179
95523	417	578
95524	417	2443
95525	82267	2049
95526	1123	2866
95527	84231	4755
95528	23	1986
95529	23	1580
95530	4955	20580
95531	4955	5754
95532	23	851
95533	4956	12636
95534	4958	5284
95535	87583	4117
95536	4958	21974
95537	4958	12733
95538	87582	35
95539	4958	13382
95540	4959	5192
95541	4960	10144
95542	4960	9155
95543	4960	12268
95544	1123	2308
95545	1123	1503
95546	4964	9408
95547	2	5916
95548	4960	17113
95549	4960	8482
95550	4960	7940
95551	4960	5129
95552	14	3111
95553	4960	6061
95554	4960	6937
95555	23	896
95556	4960	11521
95557	4960	28951
95558	4961	5202
95559	4962	5700
95560	417	1072
95561	4962	6374
95562	4962	6918
95563	4962	9811
95564	417	1841
95565	417	1152
95566	4962	34623
95567	4962	16995
95568	14	337
95569	4963	11888
95570	84240	481
95571	417	1167
95572	4963	10336
95573	4963	4970
95574	1124	2127
95575	1124	8499
95576	4963	12020
95577	1124	3476
95578	23	953
95579	43	4885
95580	4964	9155
95581	4964	17418
95582	1124	4120
95583	23	4341
95584	4964	28864
95585	4964	17251
95586	85569	77408
95587	4964	10291
95588	84239	22869
95589	4964	9451
95590	4964	18202
95591	87	15193
95592	87	2458
95593	87600	6279
95594	1124	6032
95595	87606	19124
95596	4966	16010
95597	4966	5858
95598	4968	4969
95599	1124	13852
95600	4968	24546
95601	44	99
95602	14	383
95603	4968	7785
95604	87605	18354
95605	1125	3953
95606	1125	4499
95607	84237	622
95608	4971	9787
95609	4971	5158
95610	4971	6476
95611	4971	6446
95612	4971	18190
95613	84283	6577
95614	4971	8390
95615	84252	81059
95616	4971	9099
95617	84253	1728
95618	4971	6188
95619	4971	10905
95620	4971	6937
95621	1126	1227
95622	44	157
95623	1126	1954
95624	1126	1896
95625	14	413
95626	4971	5021
95627	84246	3650
95628	1126	1992
95629	1126	4118
95630	1126	13237
95631	1126	1972
95632	4971	22944
95633	4971	5319
95634	44	624
95635	1126	1590
95636	79489	4162
95637	44	1036
95638	1126	2960
95639	177	520
95640	4972	13840
95641	4972	12111
95642	88	130
95643	4973	6272
95644	177	322
95645	1126	19306
95646	177	341
95647	1126	9702
95648	1127	13253
95649	87618	4403
95650	4974	15714
95651	177	1244
95652	1128	1747
95653	1128	1680
95654	87631	543
95655	88	647
95656	4975	8496
95657	1128	2752
95658	417	5113
95659	4975	6939
95660	177	442
95661	177	3333
95662	4975	5073
95663	1128	5856
95664	78573	2127
95665	1128	3887
95666	4977	5006
95667	4977	17241
95668	4977	26226
95669	1128	1739
95670	4979	14650
95671	4979	9105
95672	4979	24609
95673	1128	7613
95674	4983	7747
95675	84255	15140
95676	4983	11857
95677	4988	9458
95678	4984	7524
95679	4984	6730
95680	4984	7591
95681	4984	13380
95682	418	426
95683	85518	78482
95684	87635	76361
95685	1128	2649
95686	4984	26902
95687	1128	5978
95688	4985	40900
95689	4986	6110
95690	1123	1482
95691	4986	5164
95692	4986	6405
95693	4986	22489
95694	4986	6513
95695	4986	5765
95696	4988	4999
95697	4988	16688
95698	87637	8357
95699	4988	9448
95700	4988	6685
95701	4988	11511
95702	4988	7764
95703	4988	8889
95704	4988	12583
95705	1128	17667
95706	4988	6937
95707	84282	735
95708	4988	18629
95709	1128	7780
95710	4988	5021
95711	88	148
95712	44	181
95713	1129	2646
95714	14	481
95715	14	616
95716	88	1282
95717	14	2542
95718	84267	1754
95719	85501	5795
95720	44	421
95721	4988	22218
95722	87643	2284
95723	4988	29675
95724	4989	5717
95725	4989	14584
95726	4989	5124
95727	4990	5715
95728	87667	763
95729	4990	7315
95730	4991	5021
95731	1129	1867
95732	4991	13382
95733	4992	8682
95734	1129	4607
95735	88	534
95736	4992	9787
95737	1129	4632
95738	177	1909
95739	88	1134
95740	4992	8981
95741	14	1960
95742	1129	3639
95743	85492	286
95744	4991	5359
95745	4993	43643
95746	418	1052
95747	4995	8518
95748	4995	13421
95749	1129	1215
95750	4995	9412
95751	78286	22123
95752	4997	23246
95753	4999	6913
95754	1129	1180
95755	4998	7094
95756	4999	6074
95757	4999	6971
95758	4997	6544
95759	87650	2017
95760	1129	1810
95761	4999	9450
95762	4999	6859
95763	4999	8522
95764	177	562
95765	85482	78058
95766	84272	12188
95767	1129	1139
95768	1129	2651
95769	4999	16289
95770	4999	18911
95771	4999	5060
95772	4999	9408
95773	84277	29208
95774	1129	7150
95775	44	360
95776	419	534
95777	1129	6380
95778	4999	24218
95779	5000	6291
95780	5001	6229
95781	5001	5023
95782	1129	3626
95783	5001	6601
95784	5001	7316
95785	5003	9685
95786	5006	10642
95787	88	3553
95788	5006	8863
95789	5007	8626
95790	5011	11658
95791	1129	2141
95792	5015	18305
95793	5017	9488
95794	5021	9020
95795	5020	44605
95796	419	7598
95797	5021	11648
95798	5021	8511
95799	5021	15756
95800	5021	6884
95801	85427	1027
95802	5021	9105
95803	1129	2643
95804	88	1110
95805	1129	23087
95806	419	2869
95807	5022	7610
95808	5022	9717
95809	84278	2788
95810	419	1806
95811	14	2868
95812	5023	6919
95813	5023	20365
95814	5023	17723
95815	75873	75874
95816	84303	2686
95817	84290	21673
95818	5024	17426
95819	5025	16261
95820	5025	29181
95821	419	2957
95822	5026	42402
95823	5027	7343
95824	5027	5116
95825	5028	5219
95826	1130	2420
95827	5028	9443
95828	1130	1371
95829	1130	2731
95830	1130	1414
95831	1130	3104
95832	1130	4279
95833	84285	1482
95834	5028	10426
95835	5028	21481
95836	14	4276
95837	5031	8497
95838	5031	17431
95839	7	798
95840	87760	78024
95841	5031	19023
95842	80177	163
95843	420	942
95844	5033	12409
95845	178	292
95846	5034	11643
95847	5034	5960
95848	5034	9109
95849	5034	7747
95850	1130	1582
95851	84288	21446
95852	5035	8371
95853	77191	456
95854	5036	16244
95855	5037	31532
95856	178	287
95857	5049	5050
95858	5051	5052
95859	5053	5054
95860	5057	5337
95861	85399	348
95862	178	1752
95863	5059	6613
95864	5059	16236
95865	5059	9037
95866	5059	9193
95867	5060	5119
95868	5060	6043
95869	5060	6957
95870	5060	8388
95871	5061	8962
95872	420	851
95873	1131	2623
95874	178	490
95875	5064	9300
95876	87682	75883
95877	5064	8824
95878	5066	5069
95879	5067	24910
95880	5070	48572
95881	5071	5193
95882	5071	8092
95883	5072	34504
95884	88	832
95885	5072	10173
95886	178	2740
95887	84291	79360
95888	420	637
95889	5072	7316
95890	5072	7289
95891	1131	1305
95892	5072	5074
95893	5072	17445
95894	5072	42375
95895	5072	5565
95896	5073	5855
95897	5073	5282
95898	1131	3823
95899	5074	15963
95900	5074	47001
95901	5075	5157
95902	5075	5862
95903	5075	17022
95904	5076	9698
95905	23	1873
95906	5076	6406
95907	5079	9489
95908	1132	1536
95909	85377	76259
95910	5079	5917
95911	1132	1870
95912	84294	9448
95913	5080	6160
95914	1132	4953
95915	5090	12727
95916	5090	16229
95917	5091	5100
95918	5093	6842
95919	420	5354
95920	5093	30245
95921	5096	10069
95922	5096	5718
95923	1132	2066
95924	5097	7950
95925	178	2967
95926	5101	6159
95927	5102	8459
95928	1132	3744
95929	87691	82867
95930	88	3793
95931	5102	30527
95932	44	615
95933	5102	26684
95934	5102	34538
95935	5102	13538
95936	5103	5232
95937	5103	5260
95938	5103	5940
95939	84296	76124
95940	5103	6397
95941	5103	7453
95942	1132	13032
95943	5104	6476
95944	5104	9103
95945	5104	6599
95946	5103	7199
95947	5104	17836
95948	5106	9376
95949	5104	6529
95950	5104	9449
95951	421	458
95952	421	1011
95953	5105	7279
95954	1132	3281
95955	5105	5421
95956	1132	4086
95957	5106	8487
95958	5106	17089
95959	87698	11148
95960	88	46006
95961	5106	6159
95962	5106	6480
95963	1132	11521
95964	5107	9409
95965	1132	5123
95966	5107	5943
95967	1132	5353
95968	5107	11541
95969	5107	10465
95970	5108	20801
95971	80167	3615
95972	82302	5192
95973	5108	13292
95974	5108	5977
95975	5109	24642
95976	5109	7413
95977	5110	6308
95978	5110	9250
95979	5111	7747
95980	5111	5883
95981	5112	8506
95982	1132	3594
95983	1132	3291
95984	5113	12504
95985	5113	8794
95986	5113	7902
95987	1133	2773
95988	1133	3537
95989	5114	6589
95990	178	6045
95991	5115	7954
95992	5115	9711
95993	5115	53908
95994	87706	8057
95995	5116	7491
95996	5116	7760
95997	5116	9408
95998	5116	22919
95999	5116	22802
96000	14	598
96001	5117	7150
96002	5117	5293
96003	5117	9291
96004	5117	8841
96005	87720	1844
96006	5117	7603
96007	421	762
96008	1133	3008
96009	421	1079
96010	1135	3322
96011	84311	4393
96012	5118	12967
96013	5119	6074
96014	1133	20085
96015	5120	8990
96016	87710	78521
96017	5122	6509
96018	5122	7524
96019	5123	9407
96020	5123	7833
96021	1133	8369
96022	5123	13331
96023	85344	81239
96024	1133	2039
96025	85374	20753
96026	5123	12582
96027	5123	19426
96028	5124	6510
96029	421	1694
96030	5124	7757
96031	5124	26509
96032	5124	6976
96033	5124	10179
96034	1134	1154
96035	5124	51291
96036	5124	31810
96037	5123	7178
96038	1134	2447
96039	5125	8608
96040	5125	7344
96041	5125	30607
96042	85365	9441
96043	5125	7383
96044	5126	11614
96045	1134	4814
96046	1134	4016
96047	178	1387
96048	5126	12409
96049	1134	13685
96050	88	4510
96051	5126	6758
96052	5126	7945
96053	87722	593
96054	5128	6326
96055	5129	9279
96056	5129	8969
96057	5129	5759
96058	5129	9020
96059	5129	9204
96060	5129	18170
96061	87727	3485
96062	5129	12188
96063	5129	10331
96064	1134	2511
96065	5129	8849
96066	87724	11857
96067	1134	2183
96068	5129	9109
96069	5129	15995
96070	1134	19681
96071	1134	1590
96072	87726	2111
96073	5130	9908
96074	5131	41637
96075	5133	9197
96076	5133	16563
96077	5134	9939
96078	5136	10905
96079	5136	6643
96080	1134	40699
96081	5136	9786
96082	5136	10847
96083	5137	6237
96084	5137	16030
96085	5137	9376
96086	5137	20209
96087	84314	4132
96088	179	1059
96089	5138	8491
96090	1134	2775
96091	14	1657
96092	422	624
96093	85345	4569
96094	5138	17844
96095	82308	4915
96096	1134	5940
96097	422	1177
96098	5142	5237
96099	5142	5383
96100	5143	8494
96101	1134	7178
96102	422	851
96103	5143	11145
96104	87738	26994
96105	5144	8650
96106	85330	83810
96107	85339	1820
96108	5144	9717
96109	5144	12975
96110	5144	10664
96111	1134	11525
96112	179	2439
96113	5144	8505
96114	422	1747
96115	422	3243
96116	1134	11145
96117	1135	1955
96118	5144	28341
96119	1135	1474
96120	5145	7794
96121	1135	2722
96122	1135	2086
96123	14	2517
96124	5145	11784
96125	5145	15525
96126	84323	3516
96127	5145	15977
96128	422	2668
96129	1135	4451
96130	5145	9053
96131	5146	23157
96132	5147	5970
96133	84334	2717
96134	422	2688
96135	5148	7729
96136	5148	7743
96137	5148	15732
96138	5149	20282
96139	5151	6475
96140	422	3395
96141	5151	6166
96142	5151	8918
96143	5151	5877
96144	5151	18724
96145	5148	5982
96146	81009	938
96147	5150	26477
96148	5153	5155
96149	5154	5752
96150	5154	5788
96151	5157	12738
96152	5157	17647
96153	5157	27827
96154	5157	15472
96155	5157	31942
96156	1136	1424
96157	5158	18183
96158	422	2189
96159	5158	21564
96160	5158	6475
96161	5158	18055
96162	5158	7047
96163	422	2524
96164	1135	13455
96165	5158	5938
96166	5161	5217
96167	1136	3822
96168	5161	9608
96169	87810	76738
96170	82329	3265
96171	1136	3000
96172	84354	427
96173	88	11658
96174	1136	1381
96175	82322	81405
96176	179	4334
96177	1136	3046
96178	5163	9114
96179	5163	6764
96180	5185	10429
96181	5163	6053
96182	5163	8523
96183	5163	29753
96184	5164	10023
96185	14	4453
96186	5164	13152
96187	5165	7023
96188	85303	79674
96189	1136	1932
96190	5170	15006
96191	5170	6312
96192	5179	8510
96193	84342	3642
96194	180	426
96195	5172	9687
96196	5175	7033
96197	5175	7195
96198	5176	48776
96199	5176	7744
96200	5179	7523
96201	82321	77690
96202	14	6429
96203	87768	3332
96204	85312	52345
96205	5179	11828
96206	1136	6082
96207	5179	6622
96208	5181	27367
96209	5181	6741
96210	5182	5183
96211	14	6913
96212	180	548
96213	5186	7433
96214	5185	14650
96215	5189	28151
96216	5186	46730
96217	84344	210
96218	5186	5407
96219	5187	5341
96220	422	18289
96221	5189	10144
96222	5189	5235
96223	5190	24380
96224	87769	77677
96225	5192	10024
96226	1136	3647
96227	423	434
96228	5192	12724
96229	5192	7032
96230	5192	9853
96231	1136	2008
96232	85283	29366
96233	85301	3104
96234	5192	11288
96235	84353	840
96236	1136	5982
96237	5192	11145
96238	5192	10498
96239	5193	10024
96240	5193	5203
96241	5194	7154
96242	1136	6952
96243	5194	50836
96244	1137	2986
96245	85292	4291
96246	5195	7527
96247	5195	7790
96248	1137	1141
96249	5195	18727
96250	180	493
96251	1137	1783
96252	180	2837
96253	5195	55108
96254	5195	8536
96255	180	323
96256	5195	5240
96257	180	252
96258	5195	6597
96259	5196	14809
96260	5196	47052
96261	89	1525
96262	1137	1500
96263	5200	8185
96264	5200	13064
96265	5192	6262
96266	5201	27130
96267	5202	8681
96268	1137	1459
96269	1137	7759
96270	1137	18128
96271	5203	7136
96272	5211	12490
96273	5211	6460
96274	5217	13443
96275	84361	12470
96276	5217	11705
96277	84356	76482
96278	89	13646
96279	1138	2129
96280	5219	8509
96281	5219	6292
96282	5219	8918
96283	1138	1178
96284	1138	2104
96285	5257	8599
96286	1138	3538
96287	180	2079
96288	85274	3258
96289	14	5698
96290	5219	17040
96291	5219	20445
96292	5219	12670
96293	5224	7048
96294	5224	5976
96295	1138	2750
96296	1138	14802
96297	1138	1172
96298	5226	9343
96299	5226	10230
96300	5227	6918
96301	5229	15031
96302	423	6809
96303	5233	28295
96304	85273	25207
96305	5233	6130
96306	87786	4196
96307	5234	5735
96308	424	37169
96309	424	1188
96310	5236	49378
96311	5236	48560
96312	5237	10026
96313	5237	6738
96314	5237	5312
96315	5237	20258
96316	5237	6680
96317	5237	9806
96318	87793	17417
96319	5238	11109
96320	5239	9146
96321	1138	4616
96322	5240	9628
96323	5240	27607
96324	5240	22915
96325	5240	10160
96326	5240	12579
96327	1138	12335
96328	5243	8180
96329	1138	3734
96330	1138	15761
96331	5243	11753
96332	1139	1148
96333	1139	4557
96334	5246	18204
96335	425	2452
96336	5246	8059
96337	425	1014
96338	5249	10074
96339	1139	1386
96340	425	25200
96341	5249	7272
96342	5249	14814
96343	5249	7094
96344	1139	2125
96345	1139	3266
96346	425	2675
96347	1139	2204
96348	87808	9154
96349	5252	5913
96350	87800	76879
96351	5256	5313
96352	5252	8428
96353	1139	4451
96354	5257	7733
96355	5257	17422
96356	5257	9623
96357	1139	6051
96358	5257	6100
96359	5258	8059
96360	5258	5783
96361	5260	5270
96362	1139	18778
96363	87802	17427
96364	1139	2213
96365	5260	27804
96366	425	6562
96367	87806	77051
96368	87801	78
96369	5260	17252
96370	5260	15923
96371	84357	2145
96372	180	567
96373	5261	5278
96374	5264	10110
96375	87816	78756
96376	84366	8511
96377	5266	6227
96378	5266	14907
96379	5269	12065
96380	5269	5776
96381	5269	13339
96382	5270	7034
96383	5270	13210
96384	5270	13250
96385	5271	5277
96386	5272	5490
96387	5273	31478
96388	5272	9620
96389	5272	8785
96390	5273	6599
96391	5273	12495
96392	5274	16168
96393	5276	5828
96394	5276	13200
96395	5277	6406
96396	425	9408
96397	5279	26880
96398	5282	6136
96399	5283	47016
96400	5284	9792
96401	5284	8605
96402	180	2278
96403	5284	18778
96404	5284	9426
96405	85251	75936
96406	5284	13032
96407	5284	12583
96408	5284	9853
96409	5284	15977
96410	5284	30102
96411	425	2006
96412	5287	6476
96413	1139	2808
96414	5287	6446
96415	5287	6920
96416	5287	15977
96417	5287	19519
96418	5287	21288
96419	5288	17738
96420	87819	12861
96421	5288	10495
96422	5288	20340
96423	1139	17713
96424	1139	20190
96425	87817	13395
96426	1140	2001
96427	5290	5544
96428	1140	2672
96429	1140	2867
96430	5291	17637
96431	5292	8003
96432	5293	10576
96433	5293	32709
96434	5293	13213
96435	5293	18258
96436	5294	8064
96437	5294	9597
96438	5294	51117
96439	5297	7015
96440	1140	1157
96441	5298	14880
96442	5298	9609
96443	5298	30042
96444	5299	5700
96445	5299	7294
96446	5299	12583
96447	5299	45327
96448	1140	3479
96449	5299	9077
96450	5299	32795
96451	5300	6967
96452	5300	5952
96453	1140	2124
96454	5306	8093
96455	5307	5352
96456	77821	311
96457	5309	12340
96458	5311	18651
96459	5311	14876
96460	5311	14955
96461	5312	5985
96462	181	333
96463	1140	2606
96464	5314	5405
96465	1140	1221
96466	5316	5321
96467	5317	6268
96468	181	2666
96469	5319	12868
96470	5319	12268
96471	5319	24783
96472	5319	23568
96473	181	671
96474	181	528
96475	5319	10652
96476	5284	8525
96477	5319	5850
96478	5319	13141
96479	5321	5839
96480	5322	13034
96481	5322	10062
96482	5323	5436
96483	5327	5390
96484	5327	6224
96485	5324	5524
96486	5327	23426
96487	5331	6373
96488	5333	5515
96489	5335	47964
96490	5335	9382
96491	5335	15934
96492	5336	5347
96493	181	1469
96494	5340	5410
96495	1140	16266
96496	5338	5339
96497	5342	22570
96498	5342	22157
96499	1140	2337
96500	5342	8995
96501	5346	40139
96502	426	1016
96503	5347	14929
96504	5350	42611
96505	426	1343
96506	5351	13050
96507	44	4249
96508	5353	5533
96509	87827	76395
96510	181	2687
96511	5356	8489
96512	5356	11337
96513	5357	13045
96514	5359	21411
96515	5361	8917
96516	1141	2085
96517	5362	18012
96518	5362	27848
96519	5363	5432
96520	5363	5778
96521	5364	6585
96522	181	3683
96523	1141	3684
96524	5370	15128
96525	14	613
96526	87833	4230
96527	1141	5864
96528	1141	8360
96529	5380	5839
96530	1141	8879
96531	426	6769
96532	1141	7047
96533	5380	5934
96534	5381	5704
96535	1141	20282
96536	5381	50549
96537	5381	10012
96538	5382	47049
96539	5385	7302
96540	5387	5408
96541	5388	13685
96542	5388	6839
96543	5389	13206
96544	5389	17490
96545	5390	9408
96546	1141	2542
96547	426	637
96548	5392	19155
96549	5395	5490
96550	5395	11116
96551	87835	2922
96552	5396	7445
96553	5396	9598
96554	87836	77597
96555	5399	5400
96556	5403	15497
96557	5405	5413
96558	5405	5740
96559	5407	51575
96560	5409	8789
96561	1141	2189
96562	5412	10296
96563	5414	5419
96564	5415	5470
96565	426	566
96566	5418	8922
96567	87841	76303
96568	5420	9908
96569	5421	9083
96570	5421	6179
96571	5423	5424
96572	5427	15631
96573	5422	6598
96574	426	1003
96575	5428	13440
96576	1141	4964
96577	5428	16692
96578	5429	5882
96579	5429	5592
96580	5429	10069
96581	5429	9885
96582	87844	16364
96583	5437	5440
96584	5447	5448
96585	5450	5456
96586	5455	10497
96587	5457	5461
96588	5459	31242
96589	5462	5513
96590	5464	5465
96591	5466	5469
96592	5471	5472
96593	5473	17722
96594	5474	5475
96595	5478	5482
96596	5485	13828
96597	5488	5631
96598	89	22315
96599	5491	16097
96600	5491	12582
96601	85209	3709
96602	5491	9499
96603	5493	18005
96604	5496	5558
96605	5505	6431
96606	5514	8353
96607	5519	16088
96608	5519	20449
96609	5522	9155
96610	87870	81044
96611	84384	26584
96612	181	484
96613	1142	2747
96614	1142	2793
96615	5522	5814
96616	5522	13853
96617	84559	38340
96618	5522	39413
96619	89	1922
96620	5524	21963
96621	5526	8194
96622	5528	16057
96623	5528	8921
96624	5532	5916
96625	5534	6433
96626	1144	1657
96627	5538	6049
96628	5541	7733
96629	427	839
96630	5541	14590
96631	23	5277
96632	427	1268
96633	181	405
96634	5543	8600
96635	427	891
96636	5549	9883
96637	5549	15159
96638	1172	5161
96639	87942	2798
96640	5553	5594
96641	5553	33701
96642	87858	11443
96643	5557	7729
96644	5559	15473
96645	427	934
96646	1142	3618
96647	5570	16294
96648	1142	3258
96649	5573	7833
96650	5578	8387
96651	5581	17739
96652	5632	5633
96653	5634	5635
96654	5636	5637
96655	87864	79182
96656	5638	5639
96657	5640	5641
96658	427	4953
96659	5642	5643
96660	1142	2727
96661	5644	5645
96662	5646	5647
96663	5648	5649
96664	5650	5651
96665	5652	5654
96666	1143	4999
96667	5655	5656
96668	5657	5658
96669	5659	5660
96670	5661	5662
96671	1143	1151
96672	5663	5664
96673	1143	1156
96674	5665	5666
96675	87862	79123
96676	5667	5668
96677	5669	5670
96678	5672	5674
96679	84385	3556
96680	5675	5677
96681	427	2670
96682	5679	5680
96683	1143	2868
96684	5681	5682
96685	5683	5684
96686	5687	5689
96687	5690	5691
96688	5692	5694
96689	85201	13836
96690	5696	74886
96691	5697	44581
96692	5697	21733
96693	1143	3594
96694	14	4125
96695	1143	9853
96696	5698	6363
96697	1143	1804
96698	1143	2286
96699	5698	6930
96700	84387	76586
96701	5698	11821
96702	5698	10661
96703	5699	6099
96704	5699	10040
96705	89	2169
96706	5699	15772
96707	5699	14852
96708	87865	7970
96709	5699	8866
96710	1143	3247
96711	5702	9458
96712	5702	55333
96713	5702	16743
96714	5702	18383
96715	87872	2057
96716	5704	15049
96717	5704	7046
96718	427	5926
96719	5706	32806
96720	427	3817
96721	181	1111
96722	5711	14852
96723	5711	17933
96724	427	3139
96725	5713	13033
96726	87873	752
96727	5713	9452
96728	181	667
96729	1143	2337
96730	5714	5832
96731	5715	8509
96732	5717	46500
96733	1143	2160
96734	5718	7895
96735	82348	6603
96736	5718	7648
96737	5719	6844
96738	5720	9909
96739	5720	10443
96740	5721	5730
96741	5723	7764
96742	5723	52215
96743	5723	14781
96744	5724	7536
96745	5726	5727
96746	5728	9468
96747	5729	36769
96748	428	548
96749	5731	20100
96750	5733	7930
96751	5735	12159
96752	5736	27699
96753	87876	77085
96754	5739	6190
96755	5739	10624
96756	1143	6553
96757	5740	8352
96758	5740	6159
96759	5742	12099
96760	5743	75356
96761	5745	12739
96762	5745	9443
96763	5746	6859
96764	5748	20566
96765	5748	11648
96766	5748	26537
96767	5748	33015
96768	428	2723
96769	1143	13962
96770	5751	19682
96771	1144	1454
96772	5752	7202
96773	1144	1208
96774	5752	12586
96775	5756	5770
96776	5756	6085
96777	5757	8376
96778	1144	2078
96779	87898	3424
96780	1144	2457
96781	1144	2684
96782	5758	6052
96783	1144	2928
96784	1144	3046
96785	5758	9415
96786	1144	3400
96787	1144	18725
96788	5699	8826
96789	5758	20602
96790	428	7128
96791	5759	14996
96792	85191	34448
96793	5759	35967
96794	5760	18203
96795	85192	82133
96796	5762	6601
96797	5762	10144
96798	5763	21867
96799	1144	2606
96800	5763	13200
96801	5763	6147
96802	85183	12246
96803	428	2789
96804	5764	5911
96805	1144	2823
96806	5765	6723
96807	5765	46279
96808	5766	30007
96809	1144	5107
96810	5767	12062
96811	5768	6429
96812	5768	11245
96813	1144	2149
96814	85190	20937
96815	1144	15535
96816	5768	8673
96817	5769	10880
96818	5769	9688
96819	5769	12146
96820	5770	7523
96821	5770	19396
96822	5770	12186
96823	5771	7523
96824	5771	40839
96825	5772	8878
96826	5775	8615
96827	5776	7369
96828	5778	7903
96829	428	4323
96830	5779	7731
96831	5779	8475
96832	1144	7256
96833	1144	7240
96834	5781	10024
96835	5781	8524
96836	5781	26434
96837	5783	9160
96838	87895	13103
96839	5783	5940
96840	5783	10659
96841	5783	12330
96842	5783	22531
96843	87891	3677
96844	1145	2668
96845	5774	12996
96846	5783	24232
96847	5783	13333
96848	5784	10024
96849	1145	14722
96850	82354	2298
96851	5785	28344
96852	5789	15177
96853	6478	12470
96854	429	1148
96855	429	1226
96856	1145	4593
96857	5798	5802
96858	5806	11542
96859	5806	8791
96860	5806	6097
96861	5806	14728
96862	5810	27764
96863	429	455
96864	429	1582
96865	5814	15552
96866	5815	27416
96867	429	3123
96868	89	16110
96869	5817	8602
96870	5824	5825
96871	5827	49284
96872	1145	1992
96873	5828	5857
96874	429	1101
96875	5828	12044
96876	1145	17091
96877	87900	1801
96878	5830	45148
96879	5832	12829
96880	5836	14779
96881	5838	6224
96882	5838	16971
96883	5838	6622
96884	5839	10048
96885	5839	7969
96886	5844	5849
96887	5845	7413
96888	85173	30251
96889	5851	9599
96890	5851	20085
96891	5852	8185
96892	90	667
96893	5852	21297
96894	5853	30563
96895	1146	1222
96896	5854	5910
96897	5854	18777
96898	1146	3066
96899	5854	17089
96900	5854	5978
96901	5854	9298
96902	5855	32346
96903	5855	21948
96904	5856	6532
96905	429	1070
96906	5856	47335
96907	84403	10110
96908	5856	24969
96909	5857	6605
96910	1146	11262
96911	5858	9660
96912	429	3232
96913	182	4003
96914	5859	17930
96915	5860	9849
96916	5860	8802
96917	5860	10289
96918	5860	7381
96919	5861	11302
96920	90	2974
96921	85169	24530
96922	429	4399
96923	5862	20632
96924	87912	20941
96925	429	14765
96926	430	778
96927	430	1419
96928	430	1421
96929	1146	4813
96930	5865	52551
96931	5865	14505
96932	84412	7306
96933	5867	11647
96934	430	2421
96935	430	483
96936	1147	1680
96937	87918	2576
96938	5867	7738
96939	430	1520
96940	430	1478
96941	5869	20097
96942	5870	7319
96943	5871	17953
96944	5871	28333
96945	5872	9642
96946	5873	6680
96947	1147	2670
96948	85167	43333
96949	183	753
96950	1147	10015
96951	183	804
96952	1147	37306
96953	1147	3133
96954	5873	14986
96955	183	1137
96956	5874	7782
96957	1148	9409
96958	5876	5878
96959	183	1331
96960	1148	7730
96961	5875	23628
96962	90	48677
96963	5875	57038
96964	5875	20214
96965	5876	5881
96966	430	4406
96967	85165	5922
96968	183	1429
96969	183	1948
96970	5877	25121
96971	1148	4119
96972	183	2178
96973	183	2153
96974	5878	5904
96975	5879	25316
96976	87926	292
96977	1148	3642
96978	430	10336
96979	7	2516
96980	5882	18871
96981	87930	2195
96982	82368	3035
96983	5883	9909
96984	430	3780
96985	5883	6974
96986	5883	17399
96987	5883	47151
96988	87933	19303
96989	5884	6531
96990	45	79
96991	45	88
96992	87939	704
96993	87935	25132
96994	5887	7940
96995	5887	25129
96996	5888	8811
96997	5888	19326
96998	5889	8502
96999	5889	35061
97000	5892	13206
97001	5894	18750
97002	5894	20214
97003	5896	5907
97004	5908	33400
97005	5908	8595
97006	2	4720
97007	14	2212
97008	45	364
97009	45	373
97010	1148	4562
97011	430	2298
97012	5909	13103
97013	1149	2423
97014	92	131
97015	1149	3182
97016	1149	3249
97017	5910	61292
97018	5910	42674
97019	92	118
97020	5911	11280
97021	5912	15512
97022	92	649
97023	5913	7780
97024	5915	8467
97025	5916	11411
97026	5916	48494
97027	5919	9908
97028	1149	1195
97029	5922	36895
97030	5922	8694
97031	1149	2985
97032	92	519
97033	5924	11217
97034	5925	8884
97035	5926	37080
97036	5926	23428
97037	5926	12282
97038	5931	26632
97039	5931	19685
97040	5932	5933
97041	5935	6312
97042	5935	23884
97043	5937	10698
97044	45	9409
97045	5938	6987
97046	5938	13496
97047	5938	9505
97048	5938	10669
97049	5939	9446
97050	5939	17744
97051	5940	12734
97052	5940	6032
97053	87952	48657
97054	1149	2011
97055	5940	7731
97056	45	4406
97057	87951	27123
97058	1150	1806
97059	5940	7251
97060	1150	2636
97061	87949	2750
97062	84430	1488
97063	5941	12300
97064	5942	10212
97065	5942	5966
97066	1150	3889
97067	5942	17016
97068	5943	9792
97069	5943	6261
97070	92	1531
97071	5943	13032
97072	5943	22029
97073	5944	6515
97074	5945	6510
97075	5945	23235
97076	5945	57076
97077	5946	19519
97078	5946	9108
97079	1151	23030
97080	87960	6885
97081	5946	16096
97082	5946	12156
97083	5947	12394
97084	5948	7224
97085	5948	12452
97086	87957	54
97087	5948	38422
97088	5948	13377
97089	5950	7049
97090	5951	12449
97091	5951	16244
97092	5952	9247
97093	5952	9378
97094	45	955
97095	1151	5924
97096	5953	15970
97097	5960	13492
97098	85120	52056
97099	431	2928
97100	5957	8633
97101	5958	49847
97102	77238	2718
97103	431	4373
97104	1151	4203
97105	5960	20571
97106	85110	79265
97107	5965	20974
97108	5964	16995
97109	5960	39235
97110	5965	6057
97111	5966	6479
97112	5967	9415
97113	5968	6460
97114	87969	2134
97115	5968	34562
97116	432	4728
97117	87982	3758
97118	5970	7944
97119	5970	8879
97120	1152	1455
97121	432	1323
97122	1152	6396
97123	5971	7048
97124	5971	10524
97125	87973	76238
97126	432	3135
97127	5974	6919
97128	5974	15653
97129	5974	5977
97130	1152	2099
97131	1152	4764
97132	5975	14910
97133	87976	17017
97134	5977	37085
97135	5977	43643
97136	5977	12595
97137	5977	17112
97138	5977	22887
97139	183	324
97140	45	620
97141	1152	4401
97142	433	457
97143	5978	14853
97144	5980	8378
97145	5981	9698
97146	84434	8599
97147	1152	2156
97148	5982	27649
97149	183	3254
97150	5982	17251
97151	5985	6937
97152	433	491
97153	433	676
97154	5985	8878
97155	1152	2732
97156	5985	54472
97157	82386	76550
97158	5986	7833
97159	5986	17936
97160	5986	16949
97161	92	2799
97162	433	3069
97163	7	3249
97164	1152	2274
97165	433	1301
97166	87998	280
97167	5988	28915
97168	5991	6014
97169	5996	6000
97170	6007	17663
97171	6009	26818
97172	433	1067
97173	6007	14655
97174	1153	5073
97175	6015	6017
97176	6018	7047
97177	6018	8849
97178	1153	1944
97179	433	7302
97180	6021	10371
97181	6021	16098
97182	6022	50840
97183	1153	3240
97184	1153	3718
97185	6024	36038
97186	1153	3251
97187	6030	50931
97188	1153	2449
97189	6031	15636
97190	6031	6169
97191	1153	3941
97192	6031	8489
97193	6031	9610
97194	1153	3457
97195	6031	10426
97196	6031	7525
97197	1153	1968
97198	433	1012
97199	6031	8608
97200	6031	10659
97201	6031	18394
97202	6031	15769
97203	6033	16290
97204	6033	6195
97205	6033	19356
97206	6037	44278
97207	6037	6596
97208	6039	19008
97209	6039	7945
97210	6039	12194
97211	1153	4437
97212	6039	8500
97213	85004	78155
97214	88012	6070
97215	88006	6787
97216	84436	1393
97217	1153	3185
97218	6039	8404
97219	82408	1405
97220	6043	18916
97221	1154	1597
97222	6043	19251
97223	433	3112
97224	433	5942
97225	1154	3669
97226	6044	6309
97227	6044	31864
97228	183	29051
97229	88005	11078
97230	88002	79615
97231	6044	15765
97232	6045	17091
97233	6045	12508
97234	6047	38422
97235	6047	6053
97236	6048	7220
97237	6048	7049
97238	6050	7242
97239	84441	36656
97240	1154	2897
97241	6050	22272
97242	1154	1795
97243	6051	9103
97244	1154	1978
97245	6051	20565
97246	88008	2902
97247	6051	9610
97248	1154	3538
97249	1154	9808
97250	0	10139
97251	1154	16222
97252	434	784
97253	6051	31990
97254	6051	6616
97255	45	2136
97256	6052	17252
97257	1154	4084
97258	88026	17835
97259	6053	11658
97260	6060	7740
97261	6053	34407
97262	82403	242
97263	6054	10426
97264	6054	14768
97265	88023	732
97266	85040	766
97267	6055	9598
97268	6055	12655
97269	6055	20864
97270	6055	22349
97271	85044	4370
97272	6056	11217
97273	6058	8846
97274	85038	12168
97275	6059	6312
97276	6059	8992
97277	6059	6711
97278	6061	8684
97279	6061	8826
97280	6061	7382
97281	6061	11538
97282	434	2419
97283	434	4322
97284	6061	22188
97285	6061	28109
97286	6061	16793
97287	6062	18382
97288	6071	7801
97289	6062	21580
97290	6063	14650
97291	6071	6072
97292	84451	76372
97293	6063	13440
97294	6074	15636
97295	6048	17018
97296	1155	10564
97297	88027	3486
97298	1155	2601
97299	6074	14897
97300	1155	2719
97301	1155	2667
97302	6074	6190
97303	85030	1167
97304	1155	3660
97305	6074	29650
97306	6075	16244
97307	23	8839
97308	183	10847
97309	6076	20341
97310	6076	23620
97311	6077	12743
97312	84460	6939
97313	6080	11618
97314	6080	9711
97315	1157	1983
97316	6082	6091
97317	6082	11145
97318	6083	8504
97319	1156	5145
97320	6083	6475
97321	14	677
97322	6083	9193
97323	6083	15002
97324	6084	11629
97325	1156	3196
97326	14	3641
97327	6086	6101
97328	6086	13812
97329	6087	13414
97330	6087	6805
97331	1156	2997
97332	6088	51752
97333	6089	9195
97334	84456	453
97335	1156	2896
97336	1156	2123
97337	85027	82568
97338	6090	12736
97339	6090	7942
97340	6091	6130
97341	434	1942
97342	6091	7730
97343	6092	11811
97344	6093	11522
97345	6093	11706
97346	6093	18287
97347	6093	8052
97348	88041	30226
97349	6094	29822
97350	88061	1787
97351	6095	7297
97352	6095	54418
97353	6096	14887
97354	85025	7864
97355	6098	9160
97356	6097	10248
97357	6098	16212
97358	1157	2001
97359	434	2429
97360	6098	8636
97361	1156	20798
97362	14	492
97363	88052	11290
97364	6099	12587
97365	6102	7919
97366	92	237
97367	6102	10074
97368	1157	19667
97369	6103	15000
97370	6106	23008
97371	6106	6805
97372	6106	22593
97373	6107	7433
97374	6107	7353
97375	6108	7646
97376	1157	2532
97377	6109	6154
97378	85010	9446
97379	6109	8974
97380	1157	11548
97381	6109	7205
97382	6109	16317
97383	6109	6487
97384	183	8394
97385	1157	1479
97386	6111	31727
97387	6113	15996
97388	14	479
97389	6115	9375
97390	6117	6157
97391	6126	25405
97392	6126	11500
97393	84458	21894
97394	6128	24377
97395	6128	15525
97396	88058	76082
97397	6128	42461
97398	6128	11279
97399	6128	15531
97400	6128	18777
97401	6129	21131
97402	6129	19437
97403	85007	20918
97404	6129	7037
97405	84466	16794
97406	84558	3698
97407	82427	2458
97408	6132	11244
97409	6132	15525
97410	6132	6161
97411	6132	52814
97412	6132	9555
97413	6132	9244
97414	6133	10590
97415	6133	29370
97416	6133	13281
97417	85000	2968
97418	1158	2636
97419	1158	2789
97420	88068	2103
97421	1158	11608
97422	6133	6939
97423	6134	13278
97424	6134	6805
97425	6135	8383
97426	6135	6826
97427	88076	12480
97428	88074	10366
97429	6135	15446
97430	6135	7755
97431	1158	2671
97432	1158	8682
97433	1158	1517
97434	1158	3637
97435	1158	2077
97436	6135	18353
97437	6136	12477
97438	1158	3108
97439	6137	13287
97440	6137	13285
97441	6137	8631
97442	88073	2101
97443	1158	10593
97444	6139	6165
97445	1158	4125
97446	6140	7112
97447	435	2632
97448	435	1062
97449	6140	9458
97450	6141	20273
97451	6142	9506
97452	6142	11654
97453	435	726
97454	6143	9103
97455	6143	19491
97456	6143	30288
97457	1158	16747
97458	6143	8413
97459	1159	1899
97460	6144	15977
97461	6145	7290
97462	6146	17700
97463	6145	16263
97464	6145	17704
97465	1159	3822
97466	1158	3001
97467	6147	9751
97468	6147	6476
97469	1159	1993
97470	6147	8848
97471	6147	8613
97472	6148	6516
97473	6148	16038
97474	1159	2679
97475	6150	18140
97476	88090	78825
97477	6151	12275
97478	92	502
97479	1159	3155
97480	1159	11820
97481	184	2459
97482	6154	8934
97483	1159	10537
97484	1159	11672
97485	23	47129
97486	6156	31864
97487	6156	10605
97488	1160	3242
97489	185	202
97490	6157	7531
97491	6157	15970
97492	84481	2799
97493	6158	11888
97494	6158	7619
97495	84480	2546
97496	6158	11660
97497	185	564
97498	6158	15160
97499	1160	2640
97500	1160	3571
97501	6159	25862
97502	436	540
97503	88094	11647
97504	1160	3001
97505	6159	7254
97506	84474	3247
97507	6160	21134
97508	185	686
97509	84986	15795
97510	6161	9155
97511	185	529
97512	185	930
97513	1161	1931
97514	1161	2085
97515	1161	3595
97516	45	681
97517	6163	13295
97518	185	1831
97519	6164	20340
97520	6164	6167
97521	6164	28158
97522	45	1704
97523	6161	8929
97524	6165	6724
97525	82420	436
97526	185	2166
97527	88112	3247
97528	82422	76454
97529	6166	8283
97530	6166	12975
97531	6166	18867
97532	6166	13193
97533	185	3071
97534	6169	8828
97535	436	1040
97536	185	3251
97537	185	954
97538	6170	18190
97539	6169	8989
97540	6170	8496
97541	6170	11654
97542	6169	11577
97543	6170	8604
97544	45	837
97545	6170	10545
97546	436	693
97547	6170	30304
97548	6171	7605
97549	84482	3246
97550	6171	21739
97551	6171	8998
97552	6172	11175
97553	6174	6334
97554	6174	14656
97555	6178	20379
97556	84484	9240
97557	6179	37638
97558	6183	25289
97559	6183	12353
97560	1161	4201
97561	88126	8905
97562	1161	4262
97563	6185	8170
97564	6186	42402
97565	6186	7524
97566	84483	8597
97567	6187	6446
97568	6187	7222
97569	436	3932
97570	45	240
97571	6187	8869
97572	6187	12582
97573	6188	7414
97574	6188	10659
97575	6189	9409
97576	6189	58791
97577	6189	6883
97578	437	1423
97579	437	1926
97580	45	2961
97581	6190	12437
97582	6190	7764
97583	6190	49645
97584	6191	6604
97585	6192	6273
97586	6191	7868
97587	6191	10901
97588	6192	53562
97589	88136	3744
97590	6218	24482
97591	6194	17095
97592	6198	17022
97593	1162	2723
97594	6207	6208
97595	6215	6222
97596	6221	19401
97597	6190	11565
97598	6221	18658
97599	185	658
97600	6226	12434
97601	6225	9141
97602	6227	6239
97603	6226	27431
97604	185	725
97605	1162	2875
97606	1162	3246
97607	6227	22741
97608	6228	9445
97609	6228	7926
97610	1162	2043
97611	185	1942
97612	438	820
97613	6230	22342
97614	84490	9247
97615	6230	35764
97616	1162	4557
97617	88143	1227
97618	6231	8833
97619	6231	11300
97620	6232	45452
97621	88135	1826
97622	6238	8388
97623	84495	8930
97624	6239	8515
97625	438	649
97626	84871	1611
97627	6241	6429
97628	6241	8596
97629	6242	19375
97630	6245	16822
97631	6245	23087
97632	6245	7964
97633	6247	8704
97634	6247	23092
97635	6249	47566
97636	6252	7347
97637	6253	6397
97638	6253	8879
97639	6253	11655
97640	1162	49157
97641	88141	8604
97642	185	2678
97643	1163	2018
97644	84870	78330
97645	6253	19361
97646	6254	8503
97647	6254	26632
97648	6254	23900
97649	6255	29862
97650	6255	9457
97651	1163	3007
97652	6255	15003
97653	6255	19577
97654	1163	1887
97655	6257	8878
97656	6257	15667
97657	6257	10850
97658	6257	15556
97659	6258	53143
97660	1163	3071
97661	88149	17400
97662	1163	2550
97663	185	2229
97664	439	938
97665	6259	8364
97666	6259	22547
97667	6261	9275
97668	1164	3329
97669	88181	79568
97670	6261	7955
97671	6261	6425
97672	1164	3009
97673	84850	2889
97674	1164	3543
97675	1164	7570
97676	6266	7294
97677	1164	2609
97678	6268	11234
97679	84864	2150
97680	6268	10943
97681	6269	9269
97682	6269	18035
97683	14	2289
97684	6271	9947
97685	6273	12409
97686	439	4541
97687	6273	6704
97688	439	924
97689	6275	30250
97690	6281	11299
97691	6284	15912
97692	6286	10268
97693	1164	2154
97694	6269	8842
97695	6286	8575
97696	6289	10631
97697	6289	7613
97698	1164	2776
97699	6291	8483
97700	84847	61292
97701	6292	20495
97702	6293	11146
97703	6295	13877
97704	6297	15031
97705	1164	2963
97706	88165	116
97707	6298	6299
97708	6279	34782
97709	6306	6339
97710	1164	1446
97711	45	2170
97712	6308	40078
97713	88169	77877
97714	185	1153
97715	6309	17485
97716	6312	9031
97717	6312	7445
97718	6313	13140
97719	6314	7014
97720	6318	15772
97721	6318	9785
97722	6318	48501
97723	6318	10665
97724	6318	15976
97725	6319	8849
97726	440	443
97727	6319	27675
97728	6319	8510
97729	6319	24074
97730	88171	16156
97731	6321	8904
97732	6321	9442
97733	6322	7731
97734	6322	14986
97735	45	388
97736	93	1227
97737	1164	1332
97738	1164	8092
97739	6323	26710
97740	6323	36500
97741	1165	2166
97742	1165	3887
97743	84509	5967
97744	6323	8990
97745	6323	15677
97746	1165	11608
97747	1165	2061
97748	6324	47844
97749	6325	24375
97750	6328	12314
97751	6330	59916
97752	88179	28570
97753	6339	11522
97754	6333	6374
97755	6334	8990
97756	6334	7382
97757	6338	6407
97758	185	6147
97759	6336	7627
97760	6339	11823
97761	6339	28232
97762	6339	9457
97763	439	21320
97764	88174	6300
97765	6341	8918
97766	6346	6348
97767	6350	6351
97768	6352	6362
97769	6357	16435
97770	439	13978
97771	1165	8863
97772	6363	7475
97773	6363	9462
97774	6363	18139
97775	93	2127
97776	6363	12469
97777	6363	6931
97778	440	716
97779	440	771
97780	6369	56346
97781	440	903
97782	440	1681
97783	440	1894
97784	88281	2741
97785	84518	80483
97786	6374	25207
97787	6377	10285
97788	6378	9594
97789	1165	17559
97790	1165	7417
97791	185	4173
97792	84557	2280
97793	1166	2924
97794	93	372
97795	6381	9290
97796	6381	6792
97797	440	1622
97798	6380	15147
97799	6382	11603
97800	1166	4501
97801	88183	76454
97802	6382	6522
97803	6382	11653
97804	6382	17422
97805	93	318
97806	88230	76094
97807	6382	7780
97808	84516	22251
97809	6383	8343
97810	6383	7983
97811	45	2867
97812	440	3194
97813	93	1244
97814	1166	7160
97815	6383	15625
97816	6383	15972
97817	88187	76317
97818	6388	8459
97819	6388	7833
97820	88189	75936
97821	6388	35420
97822	1166	1674
97823	6388	9790
97824	6382	6591
97825	6388	16813
97826	6391	20330
97827	1166	12434
97828	6394	12508
97829	1166	49984
97830	88207	22681
97831	7	7731
97832	6396	6858
97833	440	4387
97834	6396	11772
97835	6396	9275
97836	1167	3778
97837	1167	2896
97838	1167	2153
97839	84787	77924
97840	1167	2189
97841	84817	4217
97842	6397	9155
97843	84522	77379
97844	1167	4915
97845	1167	8497
97846	6397	18119
97847	6397	9769
97848	93	832
97849	185	3946
97850	6397	17112
97851	1167	1379
97852	440	20210
97853	1167	9414
97854	6397	24243
97855	6399	6605
97856	82446	154
97857	6400	25319
97858	88200	2690
97859	441	791
97860	93	1905
97861	84525	80913
97862	1167	3929
97863	6404	11000
97864	6404	24320
97865	1167	7997
97866	1167	2305
97867	84785	15536
97868	6406	6927
97869	6406	11613
97870	6407	9788
97871	88209	1444
97872	79533	80
97873	6407	11055
97874	1167	11773
97875	23	7977
97876	6407	15907
97877	442	447
97878	1167	6686
97879	441	18211
97880	84533	876
97881	1167	20329
97882	442	1419
97883	6407	11780
97884	1168	1306
97885	6407	30566
97886	6409	14986
97887	6409	18179
97888	6409	17252
97889	6409	9977
97890	93	3319
97891	93	3395
97892	442	882
97893	442	905
97894	6416	34939
97895	1168	3887
97896	6418	6419
97897	6423	58550
97898	6424	6760
97899	6425	14792
97900	185	8380
97901	6427	6428
97902	6429	6591
97903	1168	9794
97904	6429	17075
97905	1168	7195
97906	6430	11771
97907	6433	24007
97908	6433	13209
97909	6437	17722
97910	1168	3007
97911	185	11745
97912	6438	12470
97913	6438	7641
97914	6440	7451
97915	6440	17303
97916	6440	10682
97917	6443	30552
97918	6446	10216
97919	443	466
97920	6446	17089
97921	82450	22838
97922	6446	17427
97923	6446	24801
97924	6446	7385
97925	6446	11854
97926	6446	8921
97927	84761	76844
97928	443	1528
97929	6449	6964
97930	443	625
97931	6450	23178
97932	443	653
97933	6451	8682
97934	6454	7760
97935	6455	15553
97936	6459	6464
97937	88219	1316
97938	443	1063
97939	6460	20339
97940	443	1025
97941	1169	1886
97942	443	531
97943	6461	21495
97944	6461	26212
97945	443	1741
97946	1169	3779
97947	6462	10526
97948	6463	9462
97949	6463	15517
97950	6463	17422
97951	1169	4283
97952	443	3160
97953	6463	28521
97954	1169	4393
97955	6473	6474
97956	6463	36353
97957	1169	7291
97958	6475	11848
97959	6475	18005
97960	1169	18763
97961	6475	6529
97962	88232	83394
97963	84554	472
97964	443	2664
97965	6476	8604
97966	6476	13387
97967	1168	3732
97968	1169	7595
97969	6476	8930
97970	6476	16794
97971	6476	16036
97972	6487	12601
97973	6477	12480
97974	6478	8928
97975	6479	11549
97976	6479	21448
97977	6479	20273
97978	6479	8991
97979	6480	8393
97980	6481	16011
97981	6482	28226
97982	6482	12602
97983	6483	16317
97984	185	3489
97985	6483	12582
97986	84760	2231
97987	6484	9398
97988	6486	30092
97989	6486	28732
97990	6488	17243
97991	6488	23912
97992	1170	2899
97993	6488	26664
97994	1170	4076
97995	1170	5003
97996	6496	6498
97997	6500	9605
97998	6507	6509
97999	1170	2253
98000	6508	9050
98001	6509	12635
98002	444	2839
98003	6510	10908
98004	6511	22531
98005	6512	9416
98006	6512	11293
98007	6514	6845
98008	6514	42350
98009	6515	6599
98010	6515	22818
98011	445	640
98012	88239	83164
98013	6516	12895
98014	445	895
98015	1170	3503
98016	6516	11541
98017	6516	6869
98018	6518	6523
98019	6522	15207
98020	6529	8934
98021	6529	22667
98022	6529	10589
98023	6529	45775
98024	6530	7935
98025	6530	18786
98026	445	520
98027	1170	11848
98028	6531	25114
98029	6531	8504
98030	1170	6889
98031	6532	17077
98032	6533	18120
98033	6533	8349
98034	6533	10588
98035	6534	13428
98036	6535	48519
98037	6536	7605
98038	88264	875
98039	6538	29332
98040	84716	313
98041	14	14852
98042	6537	15510
98043	6537	41395
98044	6540	8650
98045	1171	2124
98046	1171	2870
98047	82463	4812
98048	6544	17500
98049	81088	16364
98050	186	838
98051	6544	27574
98052	6544	34073
98053	1171	4680
98054	6548	6549
98055	6550	14858
98056	6551	7905
98057	6553	18911
98058	88252	77020
98059	6553	9664
98060	6553	36070
98061	6556	43982
98062	6557	12939
98063	186	614
98064	446	764
98065	445	5237
98066	1171	1991
98067	6558	18666
98068	6561	7260
98069	6561	17713
98070	6562	7377
98071	1171	13665
98072	1171	4273
98073	6562	9260
98074	6562	11874
98075	93	7927
98076	186	683
98077	6565	18595
98078	6565	33580
98079	6565	29368
98080	186	1437
98081	6567	9448
98082	78313	362
98083	6569	6570
98084	6574	6579
98085	84707	77200
98086	6584	6592
98087	6586	22056
98088	6586	12301
98089	6588	9786
98090	6588	18259
98091	6589	53872
98092	6589	13200
98093	6589	11540
98094	447	10005
98095	6589	25891
98096	6589	16169
98097	6589	7937
98098	6590	9448
98099	88262	79119
98100	84705	77939
98101	1171	45079
98102	6591	12593
98103	6590	9163
98104	6591	8533
98105	1171	19493
98106	6591	26993
98107	14	736
98108	448	1358
98109	186	4722
98110	75896	5359
98111	6593	13428
98112	6595	8201
98113	88270	76096
98114	6596	21437
98115	1172	2305
98116	6598	7546
98117	6598	17935
98118	1172	4125
98119	6598	10873
98120	1172	13032
98121	88272	78244
98122	1172	4391
98123	449	1559
98124	6599	11695
98125	449	1729
98126	88278	214
98127	6601	8511
98128	1172	10884
98129	1172	2638
98130	84702	42032
98131	84702	839
98132	6603	19523
98133	6603	9413
98134	451	1916
98135	451	3519
98136	6606	29016
98137	6606	6677
98138	6608	8663
98139	451	4960
98140	6612	27422
98141	451	1019
98142	6613	8601
98143	6613	9925
98144	6617	32941
98145	6620	8074
98146	6622	19517
98147	6622	30740
98148	6622	10511
98149	6623	8354
98150	6625	29419
98151	6626	7748
98152	6630	26508
98153	6632	6683
98154	6633	32958
98155	6639	8631
98156	6640	34492
98157	6622	15978
98158	6644	6648
98159	6649	6650
98160	6651	6652
98161	83086	1440
98162	6655	6667
98163	6658	8354
98164	6658	32048
98165	6660	8527
98166	6665	9838
98167	451	530
98168	6653	9278
98169	6669	6670
98170	6671	6698
98171	6680	9505
98172	6680	9154
98173	1172	8992
98174	6681	15562
98175	6681	8730
98176	6681	6755
98177	6681	18953
98178	6681	40035
98179	6681	34836
98180	6683	16697
98181	6682	9244
98182	6684	26993
98183	6684	29051
98184	6685	8360
98185	6685	12747
98186	6685	17112
98187	6685	17935
98188	6685	34664
98189	6685	20570
98190	6700	6701
98191	6702	49070
98192	6703	9249
98193	186	479
98194	6705	10018
98195	6705	29782
98196	6706	9289
98197	6707	9039
98198	6708	15067
98199	452	3186
98200	84688	3225
98201	6713	32379
98202	6714	11874
98203	93	3651
98204	6716	9408
98205	1173	5879
98206	6718	21360
98207	6722	13279
98208	453	2862
98209	6722	8684
98210	453	4211
98211	88304	1590
98212	6722	23086
98213	6723	10034
98214	6723	11696
98215	6724	20622
98216	6725	16119
98217	6726	9162
98218	6728	7731
98219	6728	62431
98220	453	1875
98221	88298	79108
98222	6730	7598
98223	6731	12700
98224	88299	23120
98225	6736	22342
98226	6737	7683
98227	6737	20968
98228	1174	1466
98229	6741	17230
98230	1174	1400
98231	1174	1521
98232	1174	2180
98233	88301	4284
98234	186	3121
98235	6742	16113
98236	88336	7222
98237	6742	8939
98238	6743	10212
98239	6744	8914
98240	6745	6751
98241	6746	6749
98242	6747	10905
98243	6747	8974
98244	1174	5960
98245	6747	20976
98246	6750	27677
98247	6755	13393
98248	88306	77385
98249	453	21863
98250	88311	3635
98251	1174	4455
98252	88307	1475
98253	1174	3246
98254	1174	3648
98255	6760	28916
98256	6762	30451
98257	6763	12610
98258	6769	7294
98259	6772	6773
98260	6774	6775
98261	6776	49419
98262	6779	7649
98263	6779	13430
98264	6780	36865
98265	1174	2207
98266	6787	10589
98267	6788	7279
98268	1174	2936
98269	6792	13392
98270	6793	49447
98271	6798	49477
98272	1174	3225
98273	6799	7266
98274	6800	13064
98275	1174	2600
98276	6801	30025
98277	6801	12515
98278	88318	76005
98279	6802	8604
98280	6803	17119
98281	6803	15655
98282	6803	15716
98283	6804	7000
98284	6804	24586
98285	6805	12131
98286	6805	9037
98287	94	1540
98288	6811	8968
98289	6811	15517
98290	6812	9818
98291	6815	12019
98292	6816	45305
98293	6820	7561
98294	94	386
98295	6829	9660
98296	6824	6825
98297	456	622
98298	456	624
98299	6827	9407
98300	456	938
98301	456	1082
98302	6828	10116
98303	6829	12909
98304	88324	1997
98305	6833	6839
98306	6832	9939
98307	6836	50457
98308	6841	12864
98309	6842	49925
98310	6842	16825
98311	6843	8529
98312	6843	10369
98313	6843	53649
98314	6847	18672
98315	88335	19163
98316	456	558
98317	6858	23235
98318	6858	9449
98319	6858	12596
98320	6858	22331
98321	1175	6605
98322	84633	20163
98323	6859	10427
98324	6859	7743
98325	6859	20088
98326	94	2680
98327	456	1596
98328	1175	11447
98329	6859	7997
98330	6811	16286
98331	6860	7044
98332	6860	7740
98333	6860	8460
98334	1175	3578
98335	6860	20767
98336	84569	7548
98337	6865	7598
98338	6867	6872
98339	88341	20231
98340	6870	22461
98341	6876	6879
98342	6870	17605
98343	1175	4885
98344	6882	10950
98345	1176	5003
98346	84614	76010
98347	6883	14606
98348	6884	38153
98349	6884	10291
98350	456	5388
98351	1176	2778
98352	6884	18185
98353	6884	15731
98354	6885	16957
98355	1176	6603
98356	6890	10905
98357	6891	6892
98358	6895	7647
98359	6895	8623
98360	1176	1443
98361	6894	18130
98362	6895	13494
98363	6897	8616
98364	88349	79775
98365	6900	6904
98366	6901	6902
98367	6907	9204
98368	84609	12606
98369	6911	7570
98370	6907	18512
98371	6908	6910
98372	6911	15763
98373	6911	20581
98374	6911	28271
98375	6911	18686
98376	84577	17058
98377	1176	3049
98378	6913	15550
98379	84580	23413
98380	6918	11178
98381	456	11410
98382	6919	12275
98383	6919	17438
98384	6919	31766
98385	6919	24547
98386	6920	7346
98387	1177	2745
98388	6923	18027
98389	6923	57659
98390	6923	47690
98391	6926	34495
98392	94	2845
98393	1177	4111
98394	1177	3982
98395	6927	15059
98396	6927	10803
98397	6927	7730
98398	6927	7455
98399	6929	8917
98400	84599	203
98401	456	2225
98402	1177	7112
98403	1177	3449
98404	1177	2919
98405	456	3878
98406	6931	19634
98407	6931	14729
98408	6931	51685
98409	6933	40603
98410	6933	8466
98411	6933	7271
98412	6934	15192
98413	6937	8650
98414	88366	2154
98415	6937	12193
98416	6937	15140
98417	6937	16345
98418	6937	25415
98419	1177	6388
98420	6937	28341
98421	6937	8818
98422	6938	19761
98423	6939	8920
98424	6939	16835
98425	1177	10655
98426	1177	7037
98427	6939	40599
98428	88371	6866
98429	6940	9526
98430	6941	15590
98431	88378	75879
98432	6944	7339
98433	6945	11826
98434	6946	6947
98435	6948	11148
98436	6949	7789
98437	6949	17744
98438	6950	50074
98439	6951	8863
98440	6955	27331
98441	6957	8510
98442	6962	50086
98443	1177	4293
98444	6966	9915
98445	6967	11813
98446	6968	18634
98447	1177	17300
98448	6969	10138
98449	6969	9005
98450	6969	25175
98451	6970	24702
98452	6970	6994
98453	456	10447
98454	457	640
98455	1178	1899
98456	1178	2871
98457	6973	10138
98458	1178	2720
98459	84587	5767
98460	457	1192
98461	6975	31767
98462	6976	25503
98463	457	641
98464	6979	6980
98465	6981	7021
98466	6982	6996
98467	88380	19109
98468	6989	9883
98469	6989	7547
98470	6991	8486
98471	6998	12686
98472	6998	10025
98473	6998	55982
98474	6999	7837
98475	88387	2638
98476	84586	282
98477	6999	8871
98478	6999	21637
98479	7006	18958
98480	7008	13841
98481	7008	32986
98482	7010	11785
98483	7012	7609
98484	1178	2705
98485	457	1997
98486	6968	18974
98487	7022	12567
98488	88388	4988
98489	1178	9786
98490	1178	3032
98491	1178	20892
98492	457	1432
98493	46	84
98494	457	1381
98495	7025	12409
98496	7029	7303
98497	7029	9446
98498	7030	7100
98499	7033	18537
98500	24	1454
98501	7034	7943
98502	7037	10187
98503	7037	19680
98504	7037	11874
98505	88390	83458
98506	1179	1399
98507	1179	1206
98508	1179	1280
98509	7040	12830
98510	7041	7059
98511	7043	12272
98512	7044	20282
98513	7044	10664
98514	7196	11596
98515	1179	3684
98516	94	2176
98517	7047	10653
98518	7047	28321
98519	458	1380
98520	457	3156
98521	457	3303
98522	458	1267
98523	7047	12975
98524	88399	3122
98525	7047	18641
98526	7048	9184
98527	7048	32511
98528	7048	11824
98529	7048	19491
98530	84593	522
98531	1179	2801
98532	7050	7051
98533	7055	7056
98534	7058	7061
98535	1179	4660
98536	0	60
98537	7059	24863
98538	458	2209
98539	7064	7075
98540	1179	2434
98541	7065	20536
98542	7066	9376
98543	7066	21592
98544	7066	11379
98545	7067	12943
98546	7067	9942
98547	7067	11360
98548	7069	20016
98549	458	564
98550	7076	7312
98551	7076	15143
98552	7076	8521
98553	7078	19986
98554	7084	50170
98555	7085	10905
98556	187	192
98557	7087	20285
98558	7090	11093
98559	7091	17290
98560	7097	7098
98561	88397	80022
98562	46	157
98563	7100	9603
98564	88499	8867
98565	84596	30985
98566	7105	7107
98567	7106	11249
98568	7106	19056
98569	7111	14479
98570	7108	15078
98571	7111	7441
98572	7111	42037
98573	7112	19632
98574	7112	16244
98575	187	4340
98576	46	98
98577	7114	11177
98578	7117	9445
98579	7117	19024
98580	7117	19659
98581	24	4003
98582	1180	3246
98583	7124	10362
98584	1180	42034
98585	7128	40849
98586	7129	7132
98587	7134	17717
98588	7137	24111
98589	7140	15759
98590	7143	9339
98591	7147	50995
98592	1180	2891
98593	7150	13133
98594	7151	11262
98595	7153	24547
98596	7155	7156
98597	187	1245
98598	7160	21450
98599	7160	7529
98600	187	706
98601	7167	7170
98602	7174	42032
98603	88404	76901
98604	1180	4119
98605	7178	12911
98606	7178	32932
98607	7182	36060
98608	7191	51058
98609	88407	3798
98610	7192	8357
98611	7153	8710
98612	7193	19399
98613	88410	76659
98614	7195	7527
98615	7195	7201
98616	7195	47008
98617	7199	18890
98618	187	2746
98619	1181	1245
98620	7202	28259
98621	7205	12388
98622	7203	11176
98623	7205	19475
98624	7206	7212
98625	7208	7209
98626	7213	13202
98627	7219	13141
98628	7219	12460
98629	7220	7236
98630	461	1974
98631	461	6259
98632	88416	3034
98633	24	147
98634	88420	8355
98635	461	1074
98636	7222	7227
98637	76463	3853
98638	461	3094
98639	461	3325
98640	1182	2839
98641	7225	14592
98642	1182	1552
98643	7227	21137
98644	7229	7249
98645	7230	18893
98646	84566	31202
98647	7230	22277
98648	1182	3113
98649	7233	11361
98650	7233	17031
98651	7236	7749
98652	7235	19981
98653	7238	7260
98654	7236	22138
98655	7237	17018
98656	1182	2172
98657	7240	10430
98658	7244	7662
98659	1182	8968
98660	7247	7254
98661	84614	2039
98662	7247	22325
98663	7248	22314
98664	7252	48764
98665	1182	1795
98666	7256	30513
98667	7256	18204
98668	461	929
98669	7258	13444
98670	187	3170
98671	187	890
98672	7259	40368
98673	1183	7863
98674	1183	5214
98675	1183	3126
98676	7259	17243
98677	7260	14592
98678	7261	11707
98679	7265	48785
98680	7267	7523
98681	7268	50619
98682	7271	21674
98683	7271	25573
98684	7274	50656
98685	7275	7277
98686	88448	24754
98687	88447	76946
98688	461	2518
98689	7279	29016
98690	1184	1528
98691	7283	18117
98692	7284	10017
98693	461	32976
98694	7289	7902
98695	1184	2495
98696	7288	7590
98697	1184	2219
98698	7290	43121
98699	24	358
98700	7290	7299
98701	1184	3449
98702	7292	8491
98703	462	830
98704	24	453
98705	7292	38345
98706	95	385
98707	7294	12275
98708	7294	30428
98709	84620	1886
98710	7295	17421
98711	7296	10969
98712	464	7863
98713	7296	16695
98714	1184	4172
98715	46	997
98716	1185	1825
98717	24	173
98718	88449	1642
98719	1185	2136
98720	7296	23340
98721	464	1034
98722	88451	3293
98723	1185	2547
98724	95	1389
98725	7300	7362
98726	84541	78527
98727	464	2391
98728	1185	8600
98729	7302	18633
98730	7302	16344
98731	7305	10886
98732	7305	9457
98733	7305	10358
98734	46	1070
98735	7308	42996
98736	7308	7310
98737	1185	6616
98738	7309	17439
98739	7309	18321
98740	7309	27174
98741	7309	28015
98742	1185	7202
98743	7315	8691
98744	7317	13049
98745	7317	9469
98746	7318	8945
98747	7319	13710
98748	7319	12234
98749	464	1182
98750	7323	9765
98751	7328	9472
98752	7336	9792
98753	7342	7345
98754	7337	16467
98755	7352	7372
98756	7353	12335
98757	7354	16797
98758	7358	19697
98759	7361	7971
98760	1185	4693
98761	7374	7375
98762	7377	21823
98763	7378	12393
98764	7379	46955
98765	7380	11219
98766	7381	9734
98767	7381	17429
98768	1186	6736
98769	464	1940
98770	7381	9107
98771	7382	8386
98772	7382	8380
98773	1186	1466
98774	7382	20273
98775	7382	15521
98776	464	4747
98777	7383	11829
98778	1198	2137
98779	7385	16829
98780	7385	8603
98781	7386	7390
98782	7388	7389
98783	7392	7394
98784	7405	25798
98785	7405	23178
98786	7405	29650
98787	7411	51150
98788	7412	9769
98789	7412	10647
98790	7413	11528
98791	7417	9792
98792	84630	32905
98793	7415	17906
98794	7416	8660
98795	7418	12908
98796	7420	7422
98797	7425	9493
98798	7416	8907
98799	1186	49238
98800	7434	10576
98801	7434	8762
98802	7435	58481
98803	7437	33284
98804	7439	8510
98805	7441	7903
98806	7450	12543
98807	7445	15444
98808	7447	7477
98809	7455	7460
98810	1186	1743
98811	7456	8764
98812	7457	25573
98813	465	469
98814	7460	13524
98815	7461	13200
98816	7462	7465
98817	7468	7469
98818	7470	7471
98819	7472	7476
98820	7483	7485
98821	7506	11720
98822	7494	7497
98823	7498	7508
98824	7499	7503
98825	7499	9601
98826	7505	19251
98827	7505	10821
98828	7507	16042
98829	1187	27174
98830	7509	7512
98831	7517	7518
98832	7519	7520
98833	465	645
98834	188	263
98835	7523	14802
98836	14	1928
98837	1187	4785
98838	14	2987
98839	24	1073
98840	1188	1842
98841	1188	4623
98842	465	1321
98843	188	914
98844	7524	10495
98845	7525	16435
98846	188	1242
98847	7525	20273
98848	7525	9184
98849	84629	9067
98850	7525	13836
98851	7525	22196
98852	1188	1947
98853	84628	4229
98854	7526	14779
98855	1189	1559
98856	7526	25062
98857	88486	894
98858	84627	15169
98859	7526	17422
98860	1189	1245
98861	7526	26636
98862	1189	3367
98863	1189	3451
98864	7527	8343
98865	7527	26905
98866	466	7865
98867	88490	79693
98868	7527	26508
98869	7527	22984
98870	1189	2207
98871	7527	18020
98872	7528	9141
98873	7528	8499
98874	7528	16141
98875	466	1298
98876	7529	10586
98877	7530	11614
98878	466	1784
98879	7529	9247
98880	7531	9409
98881	1189	7945
98882	1189	3135
98883	7531	13384
98884	24	517
98885	88493	798
98886	466	2742
98887	84653	77798
98888	1189	7082
98889	7535	8794
98890	84738	11540
98891	1190	1941
98892	7535	8382
98893	7535	8892
98894	88503	13331
98895	466	13034
98896	7539	23331
98897	7541	31449
98898	7543	7549
98899	7544	8599
98900	1190	1415
98901	1190	1220
98902	1190	35911
98903	7548	10314
98904	7535	9853
98905	7535	8435
98906	7553	7554
98907	7555	7556
98908	7558	13107
98909	95	10926
98910	466	1570
98911	1190	33284
98912	466	826
98913	466	731
98914	84636	189
98915	7573	7575
98916	7574	13113
98917	7580	8772
98918	1190	5788
98919	7580	33580
98920	7580	14848
98921	7585	9683
98922	84493	2899
98923	88504	7831
98924	7586	10884
98925	95	3189
98926	7588	15085
98927	96	107
98928	7590	9603
98929	7336	21736
98930	7531	12128
98931	88510	80582
98932	7593	11858
98933	1191	13701
98934	7594	24511
98935	7595	7639
98936	7596	18604
98937	7597	20482
98938	466	2721
98939	96	1164
98940	96	1010
98941	7597	23917
98942	7598	7601
98943	7598	17420
98944	1191	1940
98945	7602	9039
98946	88516	77244
98947	7602	23477
98948	7602	21342
98949	1192	3897
98950	7603	10663
98951	467	519
98952	7604	7664
98953	7604	16545
98954	467	844
98955	467	954
98956	189	213
98957	7610	22276
98958	7611	11360
98959	7612	12940
98960	7613	9450
98961	7613	47958
98962	84644	79043
98963	467	1950
98964	7616	8673
98965	189	2720
98966	7617	13359
98967	189	476
98968	467	4615
98969	7617	22366
98970	1193	4608
98971	7617	24716
98972	7618	10875
98973	7619	7656
98974	7619	12732
98975	7619	13387
98976	7619	13032
98977	7619	29056
98978	7620	37424
98979	7620	47557
98980	7620	16625
98981	7619	18660
98982	1193	1417
98983	7621	9669
98984	7621	14677
98985	2	1972
98986	7622	7650
98987	7622	8355
98988	7624	14881
98989	7628	7629
98990	7631	17417
98991	7631	16097
98992	1196	3582
98993	84457	4273
98994	88522	5287
98995	1194	7089
98996	7631	41525
98997	1194	1930
98998	88523	78011
98999	7632	7633
99000	7634	7692
99001	7635	12999
99002	1195	2749
99003	1195	3014
99004	189	973
99005	7636	7680
99006	467	950
99007	7639	8482
99008	7645	7669
99009	7646	10691
99010	1195	2145
99011	1195	1462
99012	7647	19152
99013	7651	17650
99014	1195	2865
99015	7655	19450
99016	7655	12856
99017	1195	6514
99018	7657	31489
99019	7659	7722
99020	7660	18827
99021	7661	22264
99022	7662	20025
99023	84660	1275
99024	88527	4446
99025	46	44166
99026	88544	2682
99027	88538	10807
99028	466	1105
99029	1195	3219
99030	7702	7703
99031	7704	7706
99032	7707	7708
99033	7709	7711
99034	7712	7713
99035	7714	7715
99036	7716	7718
99037	7719	7721
99038	7720	7727
99039	7723	7724
99040	7725	7726
99041	7728	48791
99042	7729	18179
99043	96	653
99044	7729	24546
99045	7729	9155
99046	14	2524
99047	1195	5325
99048	189	3604
99049	7729	14900
99050	1196	1510
99051	88537	78620
99052	96	223
99053	1197	2684
99054	7731	9039
99055	7731	16544
99056	7731	8499
99057	7731	8623
99058	7731	7937
99059	88590	81284
99060	1197	1554
99061	7731	21346
99062	7733	18201
99063	1197	7627
99064	7733	24748
99065	1197	6089
99066	1198	3797
99067	467	10863
99068	7736	17467
99069	1198	1736
99070	7738	20892
99071	7740	13331
99072	7740	19499
99073	7740	18007
99074	88546	1585
99075	88548	1994
99076	7742	9114
99077	7743	10655
99078	1198	7023
99079	7743	9378
99080	7743	11888
99081	7743	32471
99082	1198	8812
99083	88557	18046
99084	88554	1643
99085	468	945
99086	7747	11824
99087	468	7979
99088	96	4639
99089	7747	7785
99090	7747	13380
99091	7747	30288
99092	1198	37126
99093	7747	18321
99094	468	1145
99095	88556	5887
99096	468	3245
99097	7749	28275
99098	7750	7751
99099	7751	18598
99100	7751	17617
99101	7752	8611
99102	468	7942
99103	24	1819
99104	7757	27473
99105	7757	24752
99106	7758	10267
99107	84675	480
99108	82536	80948
99109	7764	22252
99110	189	7598
99111	7767	7770
99112	7769	10165
99113	7772	7820
99114	1198	8393
99115	7774	31477
99116	7776	7799
99117	7777	28794
99118	1198	9717
99119	468	7443
99120	7778	18666
99121	7790	11654
99122	7785	11551
99123	7787	28728
99124	7790	11514
99125	7790	20220
99126	7790	15704
99127	7794	16031
99128	468	50007
99129	7794	19041
99130	7794	10763
99131	96	1873
99132	7810	22219
99133	7811	9493
99134	7812	48682
99135	7819	8360
99136	7822	7823
99137	7824	7825
99138	7827	7828
99139	7831	8065
99140	7833	8506
99141	7833	12501
99142	1198	11783
99143	7833	11522
99144	7833	11888
99145	7833	22350
99146	7839	16063
99147	7844	7937
99148	7857	50276
99149	189	10008
99150	1199	3668
99151	469	1190
99152	7859	10212
99153	7861	9495
99154	7863	7902
99155	7864	16563
99156	469	1319
99157	7865	8343
99158	88573	9162
99159	7868	27607
99160	7876	7877
99161	7880	50889
99162	1201	2041
99163	1201	2833
99164	14	2872
99165	7894	13206
99166	1201	2925
99167	7894	27326
99168	7895	15607
99169	7899	16544
99170	7899	16034
99171	7899	23005
99172	1201	9687
99173	7899	15144
99174	7899	29016
99175	7901	9429
99176	7901	10202
99177	1201	1363
99178	7904	24409
99179	7905	15493
99180	7906	11643
99181	7909	12283
99182	1201	3906
99183	7914	7917
99184	1201	2003
99185	7918	7925
99186	7930	8518
99187	7930	11310
99188	470	18727
99189	7930	10807
99190	88588	1083
99191	7931	8236
99192	7931	8505
99193	7935	29325
99194	7936	7993
99195	7938	9599
99196	7941	7942
99197	7941	24740
99198	7942	14985
99199	84690	8482
99200	1202	1544
99201	470	3242
99202	84689	32567
99203	7942	20753
99204	7944	20536
99205	470	604
99206	7961	9920
99207	1202	4680
99208	1202	5503
99209	7945	9565
99210	7946	7948
99211	7950	12318
99212	7950	17126
99213	7953	16297
99214	1202	6190
99215	7954	19990
99216	7955	8509
99217	7957	51375
99218	7961	12473
99219	7961	20572
99220	7961	9377
99221	7962	11855
99222	7962	12758
99223	1202	1327
99224	1202	2633
99225	7969	13786
99226	7971	9084
99227	7979	8607
99228	7979	22272
99229	7979	13653
99230	7979	11543
99231	1202	1326
99232	88604	2756
99233	1202	2298
99234	471	1841
99235	7979	17943
99236	7980	20215
99237	84709	998
99238	7981	21531
99239	7981	10663
99240	7982	21985
99241	7983	24823
99242	7983	15472
99243	1203	1555
99244	7983	8790
99245	2	3044
99246	7984	9465
99247	7984	8599
99248	88594	6045
99249	7983	17418
99250	7986	11539
99251	96	4377
99252	7988	16592
99253	7990	8164
99254	7989	8180
99255	7990	10826
99256	7997	11519
99257	7997	21592
99258	7997	14802
99259	471	6380
99260	1203	5236
99261	8014	9938
99262	8005	9908
99263	84400	1803
99264	1203	1323
99265	8009	44972
99266	8010	18607
99267	8010	10977
99268	7981	11562
99269	8014	12583
99270	8014	8883
99271	8019	8020
99272	8023	8024
99273	8026	8027
99274	8029	8031
99275	8034	8036
99276	1203	4066
99277	8037	8040
99278	190	1726
99279	1203	1965
99280	8042	8044
99281	8046	8047
99282	8052	9155
99283	471	851
99284	7980	34933
99285	8054	8120
99286	8057	18202
99287	8057	17260
99288	8059	12372
99289	88639	26867
99290	8061	9486
99291	8061	26632
99292	8063	8065
99293	8066	15653
99294	471	1874
99295	8069	13451
99296	190	197
99297	190	1867
99298	8077	8393
99299	471	2946
99300	8077	19020
99301	8081	15122
99302	8085	8086
99303	8105	12355
99304	8123	8124
99305	8125	8126
99306	8127	8128
99307	190	359
99308	8130	8132
99309	8133	8134
99310	8136	8137
99311	8138	8139
99312	8140	8141
99313	8143	8145
99314	8149	8151
99315	8152	10110
99316	8152	12226
99317	8153	9711
99318	8153	8790
99319	8158	20872
99320	8157	22299
99321	1204	4009
99322	1204	4369
99323	8161	13085
99324	81128	75994
99325	8166	22767
99326	8166	21447
99327	1204	42091
99328	8174	8176
99329	8180	8352
99330	8180	12593
99331	88606	6044
99332	8183	51442
99333	84394	13009
99334	8185	19654
99335	8186	55092
99336	8205	8208
99337	8204	8206
99338	8209	8215
99339	8210	8369
99340	8217	29022
99341	8218	8220
99342	8221	8224
99343	1204	4141
99344	8227	8229
99345	8232	8233
99346	8238	8240
99347	8241	8243
99348	8283	10669
99349	8245	8246
99350	8248	8249
99351	8252	8253
99352	8258	8259
99353	8260	8262
99354	8264	8266
99355	8267	8268
99356	8272	8274
99357	8276	8279
99358	8280	8287
99359	84389	501
99360	8288	8290
99361	8291	8293
99362	8294	8297
99363	84393	2459
99364	8296	11418
99365	8299	51461
99366	8302	10620
99367	8307	51479
99368	8312	11520
99369	8321	19037
99370	8324	12522
99371	8324	18419
99372	8327	25533
99373	8334	37134
99374	8336	24935
99375	96	3571
99376	1204	5814
99377	473	1083
99378	1205	1296
99379	473	1157
99380	1205	1437
99381	8338	21575
99382	1205	1602
99383	8338	22350
99384	1205	2127
99385	1205	2001
99386	8338	24513
99387	8339	17623
99388	8343	15517
99389	473	3033
99390	1205	4090
99391	8343	17972
99392	8344	56659
99393	88627	4019
99394	8352	25028
99395	8347	9291
99396	8347	8918
99397	8352	51397
99398	8352	23803
99399	190	1522
99400	8354	18179
99401	1205	2955
99402	8354	9452
99403	8354	19502
99404	1205	1762
99405	8354	17418
99406	8354	8905
99407	190	21446
99408	8348	9029
99409	1205	1935
99410	8354	17580
99411	8357	16767
99412	8355	17142
99413	8357	9377
99414	473	4375
99415	88622	79566
99416	8359	16057
99417	1206	1867
99418	8360	19491
99419	1206	1985
99420	1206	3783
99421	1206	2832
99422	8361	16834
99423	8363	16738
99424	8363	8382
99425	8363	9056
99426	8363	28533
99427	8363	23912
99428	8363	17132
99429	8367	8789
99430	8367	10674
99431	8367	9475
99432	8367	18871
99433	8370	8977
99434	8370	46432
99435	8370	50311
99436	474	7866
99437	88630	1515
99438	8373	10172
99439	1207	1634
99440	8373	56844
99441	1207	1897
99442	8374	13049
99443	1207	2629
99444	8375	48521
99445	8375	15632
99446	8376	17062
99447	8378	8849
99448	8378	23116
99449	8380	9719
99450	8380	30102
99451	8382	8390
99452	474	494
99453	1207	2888
99454	8383	8969
99455	1207	1232
99456	1207	1382
99457	8383	8891
99458	474	1101
99459	1207	2862
99460	8383	16998
99461	8385	11745
99462	8384	19333
99463	1207	2682
99464	8385	18209
99465	8386	15606
99466	8386	13275
99467	8386	17591
99468	8386	9086
99469	8387	8918
99470	1208	2720
99471	8387	41812
99472	8388	18200
99473	14	1580
99474	8389	8883
99475	8389	10312
99476	47	346
99477	1208	3783
99478	97	115
99479	97	1227
99480	475	787
99481	97	1758
99482	1208	20273
99483	8390	8728
99484	8393	8891
99485	97	847
99486	1208	7902
99487	8394	23060
99488	8395	40647
99489	8395	21592
99490	8395	29859
99491	8396	8402
99492	8398	9093
99493	1208	1488
99494	8403	29837
99495	8407	9241
99496	8408	8411
99497	8412	8420
99498	8413	8883
99499	8413	15566
99500	190	5965
99501	8413	18190
99502	8414	18458
99503	8416	8436
99504	8421	23113
99505	8421	19159
99506	8422	12165
99507	8425	23549
99508	8426	8456
99509	475	565
99510	84720	76159
99511	8427	9809
99512	8431	10576
99513	190	4825
99514	8432	9479
99515	81139	76387
99516	8433	8863
99517	8433	10642
99518	8433	12582
99519	8434	28851
99520	8435	15782
99521	8435	21479
99522	8435	23943
99523	8434	16396
99524	8442	25853
99525	8443	12729
99526	8447	20636
99527	97	276
99528	1211	1246
99529	1211	1244
99530	84717	80645
99531	1211	1897
99532	1211	2887
99533	8457	8458
99534	8459	10863
99535	8459	13494
99536	475	2786
99537	8460	11875
99538	8460	17433
99539	1211	11173
99540	8461	28684
99541	8461	10268
99542	191	201
99543	1211	3492
99544	191	3780
99545	8463	24972
99546	8467	17239
99547	8471	8515
99548	8472	8473
99549	8475	8974
99550	8475	19436
99551	191	1392
99552	8476	9378
99553	8477	12210
99554	191	1520
99555	1211	5371
99556	191	2495
99557	1212	2523
99558	8483	13034
99559	8484	51716
99560	8486	19500
99561	1213	2748
99562	97	1063
99563	1214	1811
99564	1214	1826
99565	1214	4607
99566	8488	17425
99567	84728	15632
99568	8489	9407
99569	8489	8889
99570	191	1505
99571	191	2137
99572	1214	1972
99573	1214	8486
99574	8489	8884
99575	191	405
99576	84308	82310
99577	1214	3113
99578	475	11561
99579	8490	50800
99580	475	3957
99581	8491	9799
99582	8491	8864
99583	8491	30464
99584	1214	6402
99585	8491	8884
99586	8491	28830
99587	8491	15004
99588	191	3984
99589	1214	4470
99590	8491	21716
99591	8491	23807
99592	84729	9823
99593	47	1951
99594	8494	9458
99595	8494	9451
99596	191	12314
99597	8494	32101
99598	88675	2525
99599	84731	915
99600	191	7202
99601	1217	2669
99602	476	1484
99603	8496	11647
99604	1217	5778
99605	476	2610
99606	1217	3447
99607	8496	13274
99608	476	2137
99609	1217	6757
99610	97	3831
99611	476	2447
99612	1218	1241
99613	84755	75909
99614	8497	8818
99615	8497	15719
99616	88680	69
99617	8499	10318
99618	8499	11409
99619	1218	4518
99620	8499	10656
99621	1218	9786
99622	8499	29056
99623	8499	21668
99624	88682	7307
99625	8499	13381
99626	8499	28684
99627	8499	20313
99628	8499	27167
99629	8499	36867
99630	8499	39409
99631	476	3520
99632	8499	43440
99633	8500	32986
99634	8501	21318
99635	8501	10884
99636	1219	5910
99637	1219	12734
99638	88686	3247
99639	8503	22759
99640	8504	9103
99641	191	3147
99642	8504	10333
99643	8504	41966
99644	1219	1528
99645	8505	18185
99646	8505	23722
99647	8506	11648
99648	8506	12830
99649	477	779
99650	8499	9616
99651	8506	16689
99652	477	3862
99653	477	9786
99654	1219	2748
99655	8508	9968
99656	8508	9796
99657	1219	10335
99658	478	480
99659	1220	2421
99660	478	1081
99661	1220	1923
99662	1220	2933
99663	88693	34203
99664	1220	4531
99665	88695	45424
99666	8511	17103
99667	1221	3635
99668	1221	5714
99669	8514	13279
99670	84753	78196
99671	1221	2164
99672	478	4960
99673	478	1817
99674	1221	9376
99675	84756	1224
99676	81149	19714
99677	8514	16747
99678	478	4134
99679	8514	8985
99680	8514	20641
99681	8515	12623
99682	8516	8532
99683	8517	13448
99684	8517	12735
99685	8518	27316
99686	8520	15653
99687	1221	1576
99688	478	2121
99689	192	4064
99690	478	2190
99691	8521	26244
99692	8521	32598
99693	1221	20539
99694	8521	23123
99695	1221	12190
99696	84226	351
99697	1222	3193
99698	478	4765
99699	192	222
99700	8523	21987
99701	192	1015
99702	8525	9250
99703	8525	11237
99704	8525	17022
99705	8526	9734
99706	8529	15036
99707	192	2439
99708	8529	13704
99709	8529	17204
99710	8529	9408
99711	8529	46968
99712	8530	8537
99713	1222	5773
99714	478	2757
99715	8531	48946
99716	8532	15555
99717	1222	19345
99718	8536	8885
99719	192	314
99720	192	293
99721	47	6967
99722	192	1257
99723	8537	14605
99724	8537	18108
99725	8538	16288
99726	8539	11819
99727	8538	31429
99728	84218	8355
99729	8542	8789
99730	8551	18203
99731	8556	8582
99732	478	5024
99733	8563	19429
99734	1223	4481
99735	8564	17039
99736	8564	18150
99737	47	3288
99738	1224	2722
99739	8565	8570
99740	1223	13837
99741	1223	10589
99742	8571	17127
99743	8583	8584
99744	8585	8586
99745	8587	8588
99746	8590	9804
99747	8591	8593
99748	8592	51740
99749	8594	12420
99750	8594	10013
99751	8595	8634
99752	8596	10593
99753	8597	9481
99754	8597	9184
99755	1226	1782
99756	8599	15636
99757	1226	3339
99758	1226	4615
99759	8599	14987
99760	8600	17729
99761	8600	13629
99762	82594	76044
99763	1226	9848
99764	8601	9478
99765	84766	3487
99766	478	10662
99767	8602	40052
99768	8603	11497
99769	1226	8060
99770	8604	18068
99771	8622	9467
99772	8607	23725
99773	8607	9462
99774	1226	3706
99775	192	4648
99776	8608	51123
99777	8608	10427
99778	97	5915
99779	478	4415
99780	8609	11555
99781	8609	24804
99782	8609	26513
99783	84762	107
99784	79580	203
99785	8612	21595
99786	479	3325
99787	88728	45915
99788	1227	1457
99789	8620	37455
99790	8613	16044
99791	1227	1759
99792	1227	3064
99793	1227	1784
99794	8616	9792
99795	84759	8509
99796	8614	8621
99797	8614	11419
99798	8615	50326
99799	1227	2048
99800	8616	13380
99801	8616	8645
99802	192	3782
99803	8616	8900
99804	1227	2500
99805	1227	2756
99806	479	703
99807	8618	15176
99808	479	2788
99809	8620	10564
99810	8619	9146
99811	8620	19252
99812	479	566
99813	88730	12268
99814	8622	8624
99815	88733	83981
99816	8623	25684
99817	84201	376
99818	8623	26507
99819	14	2004
99820	8634	32553
99821	8627	8628
99822	8630	35137
99823	8634	22570
99824	88734	469
99825	8636	10429
99826	8636	11601
99827	8636	10664
99828	1227	2680
99829	1227	1564
99830	8641	10353
99831	14	2036
99832	8650	15753
99833	8650	22410
99834	8652	8654
99835	8656	11782
99836	8656	22429
99837	1227	1379
99838	8658	8661
99839	8660	17594
99840	8660	9453
99841	88750	35891
99842	8633	12577
99843	8663	12006
99844	8663	10055
99845	8663	32891
99846	8665	50594
99847	8670	52386
99848	8676	19701
99849	8677	17958
99850	1227	2428
99851	479	8338
99852	8681	14577
99853	8682	8828
99854	88744	16000
99855	8682	18715
99856	479	10881
99857	1228	2684
99858	8682	10817
99859	1228	1437
99860	8682	47550
99861	8683	21454
99862	8684	9249
99863	8686	11555
99864	8686	15730
99865	8687	14781
99866	8687	36500
99867	8689	48605
99868	8691	27854
99869	8691	27475
99870	8692	26580
99871	8696	8698
99872	8699	8700
99873	8705	10687
99874	8714	14772
99875	8717	27460
99876	8720	49678
99877	8721	13760
99878	8729	52894
99879	8730	17141
99880	8730	17207
99881	8731	8732
99882	8733	8735
99883	8736	8738
99884	8739	13379
99885	8741	8742
99886	8743	8745
99887	8746	8747
99888	8748	8749
99889	8750	8751
99890	8753	8754
99891	8755	8757
99892	8759	46227
99893	84191	17170
99894	8767	49277
99895	8776	8778
99896	8777	9682
99897	84775	43823
99898	8777	9428
99899	84773	128
99900	8781	8782
99901	8783	9413
99902	88751	27566
99903	8787	50763
99904	8789	15714
99905	193	1553
99906	8789	37780
99907	8790	9105
99908	8790	12156
99909	8793	11410
99910	193	3326
99911	8792	25114
99912	88754	4635
99913	1229	1338
99914	1229	2828
99915	8794	23124
99916	479	606
99917	8798	24923
99918	8800	52353
99919	479	10548
99920	193	1709
99921	1229	3276
99922	8812	11505
99923	8813	10664
99924	8813	50668
99925	8813	16111
99926	8814	31477
99927	8815	9102
99928	480	628
99929	8815	22425
99930	1229	3084
99931	8816	8825
99932	8816	11519
99933	480	3433
99934	480	3979
99935	8822	52983
99936	8824	45303
99937	480	6154
99938	8826	9379
99939	8826	15973
99940	8827	27006
99941	480	939
99942	8828	9427
99943	82603	37454
99944	88764	1465
99945	8831	10694
99946	8831	17170
99947	8831	27566
99948	88849	3230
99949	88810	82239
99950	8841	17202
99951	8839	8840
99952	84177	9680
99953	480	2157
99954	8841	51607
99955	480	2210
99956	8844	8845
99957	8847	22674
99958	8849	9451
99959	84779	33761
99960	8853	13629
99961	8855	19071
99962	8855	9162
99963	8856	29256
99964	8856	9921
99965	8856	25748
99966	8858	9405
99967	8862	9443
99968	8863	8929
99969	8863	11466
99970	480	16739
99971	8865	15731
99972	98	111
99973	8869	18201
99974	98	132
99975	8872	8874
99976	8875	53173
99977	8878	17661
99978	84169	16808
99979	1233	4438
99980	1233	2721
99981	8879	33838
99982	8879	28800
99983	8880	8881
99984	8882	53184
99985	1233	23661
99986	8883	16721
99987	8884	17722
99988	84785	678
99989	8883	17129
99990	8883	10650
99991	480	797
99992	8884	16717
99993	8884	15660
99994	8884	15606
99995	1234	4556
99996	98	1515
99997	8884	15564
99998	8884	9171
99999	8884	20625
100000	1234	12340
100001	8885	9941
100002	8885	15553
100003	98	3094
100004	84790	77443
100005	8886	9717
100006	1235	2139
100007	8886	28827
100008	8886	9853
100009	1235	3444
100010	1235	5202
100011	8886	27105
100012	1235	3642
100013	480	563
100014	98	220
100015	1235	1248
100016	480	1494
100017	8889	12314
100018	1235	4949
100019	98	329
100020	8889	42869
100021	8889	10535
100022	88780	4632
100023	98	1344
100024	8891	16742
100025	8891	9442
100026	8891	13718
100027	1236	3072
100028	8893	15022
100029	8892	13853
100030	8893	40146
100031	8894	8896
100032	8897	8898
100033	1236	2036
100034	8899	19659
100035	1236	2018
100036	8899	16716
100037	194	934
100038	8902	25846
100039	8903	14482
100040	8905	8927
100041	8918	17418
100042	98	955
100043	8906	19698
100044	8906	17552
100045	8910	53242
100046	8913	16798
100047	8914	20617
100048	8915	14837
100049	8917	42054
100050	8918	9717
100051	8918	17295
100052	194	301
100053	1236	6802
100054	8918	9496
100055	88793	26518
100056	8918	12192
100057	8918	36539
100058	8918	20483
100059	1237	1871
100060	8919	20736
100061	8919	10512
100062	1237	14479
100063	8920	9162
100064	8920	10040
100065	8920	29969
100066	98	605
100067	8921	15756
100068	8921	15729
100069	8921	39793
100070	8922	8925
100071	1237	5093
100072	1237	1815
100073	8925	9556
100074	480	24791
100075	1238	2063
100076	8927	17661
100077	8928	8936
100078	88801	82521
100079	194	677
100080	481	3444
100081	8928	12748
100082	8929	16544
100083	8929	19501
100084	8929	12187
100085	481	744
100086	8929	15744
100087	8931	10352
100088	8932	12268
100089	481	1470
100090	8934	50382
100091	88807	77085
100092	98	2237
100093	1239	3457
100094	1239	2244
100095	88816	16673
100096	8938	15761
100097	8938	51779
100098	8939	53331
100099	8939	20296
100100	8941	8943
100101	8944	8948
100102	1240	14809
100103	8950	16986
100104	8951	9751
100105	8952	52020
100106	1240	1401
100107	8955	17433
100108	8959	13898
100109	1240	1407
100110	8960	8961
100111	8965	8966
100112	8967	53577
100113	8968	29211
100114	8968	12233
100115	8969	12329
100116	8970	22135
100117	8970	9508
100118	8970	18219
100119	8970	11846
100120	47	3311
100121	1241	2686
100122	481	875
100123	8937	15660
100124	1241	1282
100125	481	4379
100126	1241	4803
100127	8975	11601
100128	8977	10426
100129	1241	2930
100130	481	6446
100131	8978	53212
100132	8982	12470
100133	1242	1926
100134	8985	8998
100135	8990	34876
100136	8992	17432
100137	8998	59124
100138	9000	9013
100139	9016	9019
100140	9018	29860
100141	9020	11702
100142	9020	15806
100143	9021	15808
100144	9022	9104
100145	9024	9025
100146	9029	16200
100147	9029	24099
100148	9029	19630
100149	9031	16823
100150	9032	13446
100151	9037	9166
100152	9037	52878
100153	1243	1866
100154	9038	11260
100155	9038	13017
100156	9036	19747
100157	481	1180
100158	9039	18651
100159	9039	12975
100160	1243	10217
100161	194	32742
100162	194	2099
100163	9039	22320
100164	9040	9041
100165	9044	9045
100166	9046	9047
100167	9049	9051
100168	9052	53600
100169	9054	41943
100170	1243	1519
100171	9060	10332
100172	9062	34277
100173	1243	5930
100174	9074	25873
100175	9069	9071
100176	9074	13279
100177	9073	17030
100178	9079	53620
100179	9082	46523
100180	9082	22387
100181	195	2924
100182	9083	19241
100183	9086	14947
100184	195	3409
100185	9086	59124
100186	9087	21740
100187	9095	53635
100188	9098	9382
100189	9099	10676
100190	1244	2715
100191	9099	9115
100192	9099	12856
100193	84812	5976
100194	9101	17043
100195	9101	12605
100196	9102	24834
100197	9103	10564
100198	9103	19116
100199	9103	9125
100200	482	11310
100201	88834	25513
100202	84152	11295
100203	195	295
100204	84149	16760
100205	9106	17337
100206	9107	23292
100207	9108	13276
100208	9108	23389
100209	9109	51884
100210	1244	8180
100211	9110	17419
100212	84814	20278
100213	9111	15677
100214	9114	10511
100215	9114	11655
100216	9114	18055
100217	1244	1704
100218	9114	15658
100219	9114	23886
100220	9114	14781
100221	88838	35432
100222	9119	9120
100223	9121	9122
100224	9125	18422
100225	482	3571
100226	9126	21666
100227	9131	9136
100228	88837	61942
100229	9133	16742
100230	9137	18203
100231	84821	17127
100232	1244	4869
100233	9141	33109
100234	9142	9143
100235	9144	9145
100236	9146	55350
100237	9148	9149
100238	48	364
100239	9152	16544
100240	9152	37942
100241	9153	53698
100242	84818	28272
100243	9154	36039
100244	1245	3704
100245	483	1340
100246	483	1501
100247	1245	8681
100248	1245	9193
100249	483	615
100250	1245	15507
100251	88867	3882
100252	483	2627
100253	9155	30671
100254	9155	15516
100255	9156	9462
100256	1245	5923
100257	1245	3996
100258	1245	4136
100259	9159	14852
100260	9159	16120
100261	1245	4426
100262	78647	23572
100263	9160	15002
100264	1245	3380
100265	9161	21318
100266	1245	25798
100267	9162	16739
100268	9163	11647
100269	98	563
100270	1246	3444
100271	9167	10899
100272	9166	25381
100273	9171	10317
100274	9178	9180
100275	9181	50195
100276	9183	19239
100277	9184	12577
100278	9191	9214
100279	9167	16223
100280	1246	8060
100281	9194	12359
100282	9195	46003
100283	9195	10851
100284	9201	9204
100285	9201	13460
100286	9204	15818
100287	9204	17634
100288	9207	9208
100289	9212	9216
100290	9217	9219
100291	9220	9221
100292	9223	9225
100293	9226	10452
100294	9230	9231
100295	9232	9233
100296	9234	9235
100297	9236	22117
100298	9236	9340
100299	9238	11314
100300	9238	15147
100301	9238	26993
100302	9241	31198
100303	9243	28334
100304	84835	80785
100305	98	2481
100306	9247	11582
100307	1247	2809
100308	9247	13339
100309	9247	17399
100310	1248	1364
100311	1247	5908
100312	9254	20569
100313	9257	43625
100314	1249	2667
100315	9261	9262
100316	9267	15059
100317	9269	19113
100318	9272	53827
100319	1249	1531
100320	9275	15773
100321	9275	12582
100322	1249	1835
100323	9278	42004
100324	9280	14039
100325	9283	9284
100326	9285	9287
100327	9286	19158
100328	88862	34948
100329	88863	5289
100330	1249	2435
100331	483	737
100332	9289	17346
100333	9289	12490
100334	9291	26197
100335	1249	2455
100336	9291	9713
100337	9292	15218
100338	9293	15065
100339	195	3892
100340	9299	9301
100341	9302	9303
100342	9306	53857
100343	9307	17934
100344	9310	9321
100345	9308	53860
100346	9318	9319
100347	9324	19519
100348	48	1449
100349	9326	53877
100350	9332	9333
100351	9335	9337
100352	9340	18688
100353	9341	27174
100354	9341	15545
100355	9342	9813
100356	9343	16253
100357	9344	13667
100358	9345	9346
100359	9347	11675
100360	9355	9356
100361	9360	9362
100362	9363	9364
100363	9367	9368
100364	9369	9370
100365	9371	53938
100366	9373	53941
100367	9375	13980
100368	195	6483
100369	84143	79207
100370	9376	28784
100371	9377	12180
100372	1249	3893
100373	9377	25503
100374	9379	16201
100375	9381	10491
100376	9381	9389
100377	1249	3862
100378	9396	14784
100379	9396	16261
100380	9397	14764
100381	484	3538
100382	9397	46477
100383	9403	53962
100384	9406	23532
100385	9407	26572
100386	1250	1385
100387	9407	21948
100388	195	2640
100389	88875	11304
100390	9407	9509
100391	9407	24546
100392	1252	5311
100393	1251	1427
100394	1251	2742
100395	9407	17622
100396	484	1073
100397	9408	9603
100398	9408	53191
100399	484	2968
100400	484	4325
100401	9409	15507
100402	9409	15523
100403	88872	4555
100404	196	277
100405	88871	13278
100406	196	569
100407	1252	11077
100408	196	680
100409	9410	25668
100410	84840	13238
100411	1252	5342
100412	196	2609
100413	9414	29691
100414	484	8482
100415	1252	7295
100416	9415	22424
100417	1252	12007
100418	9415	25055
100419	9418	38613
100420	9430	27318
100421	1252	1316
100422	9434	14630
100423	9440	19410
100424	84839	2418
100425	1252	1370
100426	9443	11153
100427	9446	20581
100428	9446	12468
100429	1253	1277
100430	1253	1286
100431	9448	25114
100432	196	2195
100433	1253	3193
100434	9448	17429
100435	9448	21135
100436	88889	3016
100437	9449	13653
100438	9449	11696
100439	1253	1774
100440	1253	3162
100441	1253	2770
100442	1253	3561
100443	81175	76476
100444	9450	15590
100445	196	2481
100446	9451	19460
100447	9451	23086
100448	9452	27180
100449	1254	1281
100450	9452	26632
100451	1254	5193
100452	9453	28310
100453	1254	1875
100454	9455	9512
100455	9455	17935
100456	88898	16060
100457	9457	24287
100458	84843	7732
100459	1255	1752
100460	484	3883
100461	9458	19010
100462	88896	11383
100463	9458	9902
100464	9458	14656
100465	485	5125
100466	82631	6240
100467	1255	35056
100468	9459	18200
100469	9459	18375
100470	1255	1464
100471	9458	10694
100472	1255	3949
100473	9461	16168
100474	1255	1918
100475	9467	17606
100476	485	4393
100477	9466	18827
100478	1255	2690
100479	1255	5975
100480	9468	20455
100481	1256	5279
100482	9469	11154
100483	9469	13660
100484	9472	12680
100485	9472	16257
100486	9472	17145
100487	9473	21004
100488	1256	2434
100489	9473	12287
100490	9477	33838
100491	197	1011
100492	197	218
100493	486	4607
100494	9481	13287
100495	1257	1944
100496	197	211
100497	9484	41022
100498	9486	21047
100499	9488	21747
100500	9488	16070
100501	9489	47335
100502	9491	19463
100503	84850	9805
100504	9499	16097
100505	9493	12275
100506	1260	10773
100507	1261	1415
100508	9498	9558
100509	9499	17712
100510	88913	756
100511	9501	17306
100512	9501	10680
100513	9504	9516
100514	9505	11500
100515	88914	22135
100516	1262	15497
100517	9505	15975
100518	9526	18170
100519	1262	2936
100520	1263	10193
100521	9512	12710
100522	487	2924
100523	1263	4455
100524	88917	12483
100525	1263	3892
100526	9515	53331
100527	9512	24287
100528	1264	1530
100529	1264	1265
100530	9520	19471
100531	487	2127
100532	9520	28805
100533	9523	20499
100534	1264	1973
100535	487	2916
100536	487	2118
100537	9532	9533
100538	9534	9535
100539	1264	4619
100540	9545	9549
100541	9553	9554
100542	9556	18128
100543	9559	10533
100544	9565	68391
100545	487	2391
100546	9565	15611
100547	9582	9583
100548	9584	9585
100549	9586	9587
100550	9588	9589
100551	9591	54002
100552	9593	54072
100553	1264	1493
100554	9603	9615
100555	9603	12908
100556	9603	43704
100557	9603	23623
100558	487	22596
100559	9606	16687
100560	9606	16705
100561	9606	44134
100562	7	2727
100563	99	108
100564	9610	20279
100565	9610	34676
100566	9612	9614
100567	1265	2420
100568	9615	17422
100569	1265	19036
100570	1265	37267
100571	9628	20461
100572	1265	4263
100573	9629	22180
100574	84855	83110
100575	9632	12473
100576	9637	9640
100577	9641	12822
100578	9642	14011
100579	9652	9653
100580	9654	9655
100581	9658	10847
100582	1266	1406
100583	9659	15976
100584	9659	12656
100585	9660	12181
100586	9662	38107
100587	9662	10564
100588	9662	11470
100589	9665	11106
100590	9673	20828
100591	9668	9671
100592	9669	22174
100593	9674	54083
100594	9680	44221
100595	9680	15978
100596	9672	18131
100597	9680	25428
100598	9682	17347
100599	9692	13202
100600	88938	3657
100601	9701	9706
100602	9709	26990
100603	9709	22535
100604	1267	3584
100605	9710	11647
100606	88940	37970
100607	9711	9813
100608	9710	19731
100609	9711	17936
100610	1267	10138
100611	9711	24724
100612	9712	12724
100613	1267	10542
100614	1268	1738
100615	1268	1899
100616	9715	51933
100617	1268	9190
100618	9719	11549
100619	1269	1304
100620	9720	17432
100621	9725	52174
100622	88946	15515
100623	9733	13544
100624	9733	44465
100625	9748	9749
100626	9751	13032
100627	9751	30006
100628	487	11253
100629	99	288
100630	9753	16688
100631	9754	9755
100632	9756	9761
100633	9763	18101
100634	1269	3907
100635	9764	16254
100636	9767	9768
100637	9769	17295
100638	9769	33765
100639	9786	15509
100640	9770	29206
100641	9773	54354
100642	1269	28732
100643	9780	15271
100644	9785	10691
100645	1270	13659
100646	1270	3701
100647	88948	2676
100648	1270	3183
100649	88950	34202
100650	197	6502
100651	1271	2510
100652	9789	11604
100653	9789	16052
100654	9789	15536
100655	1271	2443
100656	198	4555
100657	1271	15525
100658	198	3111
100659	9792	13641
100660	9793	16244
100661	1272	1959
100662	1272	2787
100663	84890	615
100664	9802	16717
100665	9798	29886
100666	9798	9810
100667	9799	11824
100668	9799	20279
100669	9799	29118
100670	9799	21450
100671	9799	37554
100672	9800	9833
100673	198	1231
100674	1272	7868
100675	9802	22345
100676	9803	35020
100677	9805	12721
100678	9806	17737
100679	9806	11555
100680	9806	31448
100681	9809	26867
100682	9809	23235
100683	1272	13330
100684	9813	9834
100685	9816	29508
100686	9824	9841
100687	9842	9843
100688	488	3233
100689	9849	15037
100690	9849	24860
100691	9852	9860
100692	1272	9298
100693	9853	13441
100694	9881	13332
100695	9858	20423
100696	9859	9861
100697	9864	9867
100698	9868	9869
100699	9871	14533
100700	9873	9877
100701	9878	54389
100702	48	2649
100703	488	9275
100704	488	17113
100705	9886	10259
100706	9888	10116
100707	9890	9893
100708	9894	9895
100709	9896	52541
100710	488	698
100711	9907	54413
100712	9915	9916
100713	9920	22821
100714	1273	2511
100715	9921	22564
100716	9924	54405
100717	9930	9932
100718	1272	4668
100719	9933	9934
100720	9937	14755
100721	9938	16031
100722	9938	18558
100723	9939	11145
100724	1273	2679
100725	1273	4594
100726	9948	9950
100727	9951	9952
100728	9953	42037
100729	1273	7940
100730	9957	54420
100731	9962	9964
100732	9961	54427
100733	9971	9979
100734	9972	22019
100735	88966	76147
100736	82646	66559
100737	9983	9987
100738	9992	24721
100739	9996	37936
100740	10000	10002
100741	1274	9882
100742	1274	3802
100743	10005	10028
100744	10008	27299
100745	10014	29485
100746	1275	1831
100747	1275	2126
100748	10015	11743
100749	1275	2532
100750	1275	2392
100751	10018	34504
100752	10024	17418
100753	10028	10942
100754	10029	27321
100755	10031	10072
100756	10052	16276
100757	10090	10091
100758	10092	10093
100759	10094	10095
100760	10096	10097
100761	10098	10099
100762	10100	10101
100763	10102	10103
100764	10111	10112
100765	10117	10119
100766	10122	14700
100767	10124	10127
100768	10125	30200
100769	10130	15477
100770	10135	10136
100771	1275	4136
100772	87369	76528
100773	10144	46112
100774	10150	11234
100775	10150	12330
100776	10156	10158
100777	10166	10167
100778	10173	11253
100779	488	4381
100780	10175	21575
100781	10176	10504
100782	10177	14629
100783	10184	11554
100784	84895	54899
100785	10196	47016
100786	10203	10205
100787	10207	10209
100788	10210	10211
100789	10218	10221
100790	10223	23693
100791	10237	20121
100792	10242	45336
100793	10247	10249
100794	10248	25004
100795	10250	10251
100796	10255	14873
100797	10270	36543
100798	10261	10262
100799	10263	10265
100800	10268	10562
100801	10273	11169
100802	10276	10277
100803	10286	28321
100804	1277	10243
100805	10290	40705
100806	1278	1839
100807	88983	1379
100808	10293	10297
100809	10296	27245
100810	10301	10302
100811	10303	10305
100812	10306	10308
100813	10310	25667
100814	1278	5022
100815	88980	31970
100816	10312	33974
100817	10316	52497
100818	10318	11867
100819	10324	18448
100820	10328	52805
100821	1278	5235
100822	1279	1298
100823	1279	8337
100824	10335	12688
100825	0	145
100826	489	496
100827	1279	2072
100828	49	83
100829	10336	13902
100830	10340	54018
100831	10342	18170
100832	10342	12679
100833	10342	12192
100834	10343	12340
100835	489	2674
100836	10344	39632
100837	1279	4461
100838	10345	10348
100839	82655	39712
100840	489	608
100841	10354	13469
100842	10358	17540
100843	10359	31987
100844	10363	10364
100845	10333	11819
100846	489	2510
100847	49	99
100848	10366	18962
100849	10371	29056
100850	489	1933
100851	10397	54537
100852	10399	10400
100853	10414	10416
100854	10417	44195
100855	1279	3416
100856	84084	231
100857	10425	18145
100858	1280	1282
100859	10426	47289
100860	10426	13345
100861	10426	20959
100862	10426	13495
100863	489	4888
100864	489	2104
100865	489	4140
100866	10429	11675
100867	489	4765
100868	10433	10434
100869	489	5144
100870	10440	16945
100871	10448	10449
100872	10450	54561
100873	1280	9938
100874	10464	10467
100875	10475	10477
100876	10479	10480
100877	10493	10494
100878	10497	11466
100879	49	1056
100880	10504	26858
100881	10504	20462
100882	88999	2433
100883	10511	10518
100884	1280	3888
100885	10519	10520
100886	10521	10522
100887	10524	12298
100888	10525	18204
100889	10526	50561
100890	10535	25470
100891	78078	20720
100892	10539	10540
100893	10542	54251
100894	10543	10544
100895	10545	21836
100896	10546	10549
100897	1280	2649
100898	10548	27266
100899	10548	21771
100900	10552	10553
100901	1280	10160
100902	10556	10557
100903	10558	18842
100904	10560	10568
100905	489	962
100906	84900	5760
100907	10575	42404
100908	10576	22695
100909	10564	16692
100910	10577	47070
100911	10579	30029
100912	10580	10583
100913	10585	13066
100914	10585	15671
100915	10590	14584
100916	49	2668
100917	1281	1747
100918	10593	22428
100919	198	5126
100920	10597	19378
100921	10597	15144
100922	84904	8536
100923	10599	48959
100924	10616	22928
100925	10617	53426
100926	10624	10814
100927	10628	18716
100928	10629	10634
100929	10637	50513
100930	489	2256
100931	10642	15666
100932	1281	9410
100933	10645	37454
100934	10647	13393
100935	1281	2207
100936	10652	11787
100937	489	3466
100938	10653	11643
100939	10653	32821
100940	1282	2667
100941	10655	11497
100942	1282	3697
100943	10655	20019
100944	10655	22584
100945	89012	80616
100946	10655	12473
100947	10655	23022
100948	1282	7295
100949	1282	5909
100950	1282	9683
100951	10656	21594
100952	1282	4543
100953	10658	12777
100954	10658	22141
100955	10659	15517
100956	10659	16408
100957	10659	16243
100958	10659	20338
100959	10660	13332
100960	10661	24223
100961	10662	12732
100962	1283	1286
100963	1283	1345
100964	1283	4731
100965	89020	84592
100966	10665	21260
100967	1283	3325
100968	1283	4814
100969	10670	18749
100970	10670	24729
100971	10670	12598
100972	199	538
100973	10673	22252
100974	10672	12747
100975	10674	16796
100976	82262	22394
100977	89041	14606
100978	10677	12830
100979	81208	71
100980	199	630
100981	10691	12132
100982	10691	10696
100983	1284	4385
100984	10694	13319
100985	10694	12298
100986	10694	21243
100987	87379	9816
100988	199	542
100989	1283	3186
100990	79181	4632
100991	10704	18907
100992	10710	10712
100993	10713	10714
100994	10716	10717
100995	10719	10722
100996	10723	10725
100997	10726	10727
100998	10733	13128
100999	10737	10739
101000	10740	10746
101001	10747	10748
101002	10749	10750
101003	10751	10753
101004	10755	54661
101005	10759	54687
101006	10762	16042
101007	89084	81746
101008	99	2891
101009	10763	17252
101010	10763	11497
101011	89060	80327
101012	10769	14810
101013	10768	54713
101014	10770	54723
101015	10777	10778
101016	10779	10780
101017	10781	54724
101018	10782	10783
101019	10791	35218
101020	10792	10793
101021	10798	15553
101022	10798	18633
101023	10803	14682
101024	10807	16030
101025	10810	23803
101026	10811	17040
101027	1285	9680
101028	10816	43752
101029	10818	10851
101030	10821	54436
101031	10826	13695
101032	10828	10831
101033	10832	10859
101034	10834	15511
101035	10840	11443
101036	10863	13357
101037	10861	10862
101038	10863	21319
101039	10863	12574
101040	10864	12446
101041	89040	615
101042	10865	45895
101043	10867	21725
101044	10871	30152
101045	199	3005
101046	1286	2787
101047	10873	12225
101048	10874	33393
101049	10884	12602
101050	10890	10908
101051	10891	12593
101052	1286	4769
101053	10892	11217
101054	10893	11002
101055	1286	1763
101056	489	17667
101057	49	497
101058	10907	21537
101059	10912	51010
101060	10922	10944
101061	10921	53191
101062	10923	19626
101063	10924	10928
101064	10930	10934
101065	10936	10939
101066	10943	21101
101067	49	496
101068	10945	23082
101069	10951	11017
101070	10953	47272
101071	89045	8793
101072	10956	20387
101073	10965	11094
101074	10966	15465
101075	1286	1771
101076	10972	10973
101077	10985	27298
101078	10990	12470
101079	11018	11019
101080	11020	11021
101081	11022	11024
101082	11026	11027
101083	11028	11032
101084	11030	11033
101085	11034	11036
101086	11037	11038
101087	11039	11040
101088	11044	11046
101089	11047	11048
101090	11049	11051
101091	89049	26721
101092	11055	11525
101093	11055	24064
101094	11056	11814
101095	11056	21591
101096	11058	16244
101097	490	1405
101098	89051	5199
101099	11062	20892
101100	1287	3335
101101	11062	30323
101102	11064	11068
101103	199	1458
101104	199	578
101105	11079	11081
101106	11085	50616
101107	11090	13698
101108	11095	36610
101109	11103	22129
101110	490	842
101111	1288	2129
101112	490	1365
101113	84055	42947
101114	11112	23128
101115	11114	11117
101116	11118	11120
101117	11127	11128
101118	11129	11130
101119	11132	11134
101120	11135	11136
101121	11137	11138
101122	11141	11142
101123	11143	54783
101124	11144	29162
101125	11145	17637
101126	84937	77287
101127	1290	3104
101128	490	3094
101129	1292	7313
101130	11159	54805
101131	11167	12914
101132	11169	22249
101133	11174	12579
101134	11175	27764
101135	11175	16345
101136	11180	11181
101137	11182	11183
101138	1292	13201
101139	11184	11185
101140	11186	11187
101141	11188	11190
101142	11191	11193
101143	11194	11195
101144	11196	11197
101145	11198	11200
101146	11201	11202
101147	11203	11205
101148	11206	54814
101149	84941	76259
101150	11220	22197
101151	11216	13919
101152	11223	11224
101153	11237	11648
101154	11243	50223
101155	1295	2851
101156	11244	41214
101157	11245	11647
101158	11246	11247
101159	11251	50371
101160	11258	22475
101161	11263	11265
101162	11266	11273
101163	11267	12243
101164	11278	45608
101165	11281	24728
101166	11282	13421
101167	11282	25785
101168	11289	13518
101169	11290	22592
101170	11291	11292
101171	11296	14999
101172	11301	17107
101173	11303	35801
101174	11305	54486
101175	11309	13787
101176	11312	54628
101177	11313	21949
101178	11317	14629
101179	11323	54859
101180	11327	54872
101181	11334	11335
101182	11077	14656
101183	89064	45895
101184	84939	283
101185	11355	54911
101186	11358	14999
101187	490	7296
101188	11361	26496
101189	1296	4121
101190	11370	30029
101191	11377	19507
101192	11381	12359
101193	199	8813
101194	11385	22592
101195	11384	12052
101196	11387	26497
101197	11388	11389
101198	11392	55299
101199	11369	13507
101200	11401	11402
101201	11406	11408
101202	11403	11405
101203	11410	34250
101204	11411	21183
101205	11413	13303
101206	11414	12497
101207	11421	29035
101208	11424	11430
101209	11432	11438
101210	11427	11434
101211	11433	11436
101212	11440	56859
101213	11445	11690
101214	11447	18096
101215	11451	27000
101216	11453	11454
101217	11456	11459
101218	11463	11464
101219	11465	19045
101220	11470	17419
101221	1296	2141
101222	11486	11677
101223	11477	11482
101224	11485	59948
101225	11487	11488
101226	11489	11490
101227	11507	11508
101228	11509	11510
101229	11513	12114
101230	84037	19496
101231	11514	16236
101232	11517	11518
101233	99	3543
101234	11522	11525
101235	490	12597
101236	11522	18148
101237	11524	15517
101238	11525	13546
101239	11526	52586
101240	11527	52615
101241	11537	21845
101242	84035	20614
101243	11539	22401
101244	11538	11539
101245	1297	2999
101246	11541	14992
101247	1297	9459
101248	11542	12507
101249	11542	12603
101250	11544	16749
101251	11545	22295
101252	11546	54071
101253	1297	3626
101254	11549	20603
101255	89083	50466
101256	11551	18190
101257	1298	1521
101258	11549	18054
101259	11550	29923
101260	1298	2393
101261	11552	48922
101262	1298	2722
101263	11553	48063
101264	11554	27594
101265	11554	15631
101266	11555	17118
101267	490	14622
101268	1298	4291
101269	11558	18212
101270	1298	5781
101271	11561	32417
101272	11566	14499
101273	11565	36403
101274	11568	11571
101275	11562	17043
101276	11573	11574
101277	491	1661
101278	11578	11579
101279	491	1677
101280	11582	73722
101281	11589	54979
101282	1298	1759
101283	11595	54988
101284	11597	15973
101285	11601	12226
101286	81212	943
101287	11602	41804
101288	89093	2902
101289	84940	2787
101290	491	1110
101291	491	1621
101292	11608	36069
101293	491	2126
101294	199	3155
101295	491	2100
101296	11615	11620
101297	11619	14487
101298	11620	15217
101299	11632	11633
101300	11636	11640
101301	11641	11642
101302	11644	23036
101303	11647	37080
101304	11647	13298
101305	11647	19517
101306	1301	1341
101307	1300	10176
101308	11647	15561
101309	1301	4387
101310	1302	2764
101311	100	952
101312	491	6024
101313	11648	17288
101314	491	8510
101315	1303	1305
101316	1302	5785
101317	11649	18826
101318	1303	3923
101319	1303	15433
101320	1304	5306
101321	1304	2601
101322	11654	16998
101323	84949	1010
101324	1304	1949
101325	1305	1921
101326	11654	20320
101327	1306	1781
101328	11656	35917
101329	11656	20543
101330	84968	39888
101331	199	6336
101332	1306	2609
101333	11676	12467
101334	11676	17112
101335	11677	31533
101336	11676	12473
101337	11694	12423
101338	11696	22796
101339	100	290
101340	11707	17027
101341	11718	11723
101342	11726	11731
101343	11733	11738
101344	11739	55050
101345	11741	15713
101346	100	285
101347	89109	82702
101348	11745	29047
101349	11746	17119
101350	11746	17170
101351	11677	20049
101352	11747	19501
101353	1306	2807
101354	1306	2129
101355	11749	28506
101356	11751	11752
101357	11753	33959
101358	11753	31067
101359	11757	13784
101360	11759	11763
101361	11764	11767
101362	84955	1749
101363	11771	13878
101364	11772	20798
101365	11773	15611
101366	11773	18170
101367	11773	40207
101368	11776	12616
101369	89117	76082
101370	11779	46241
101371	11780	20236
101372	11783	20539
101373	1307	4290
101374	1307	6966
101375	11784	15527
101376	11784	11847
101377	11785	12617
101378	11785	12597
101379	11794	11798
101380	11801	11802
101381	11804	15765
101382	11805	55103
101383	491	5354
101384	84023	3658
101385	100	563
101386	11813	27533
101387	1309	2126
101388	1309	4754
101389	100	568
101390	1311	2802
101391	11819	25134
101392	1311	1963
101393	1311	4377
101394	11821	24529
101395	84952	17044
101396	1311	25923
101397	11821	43766
101398	1312	2681
101399	11822	29649
101400	11823	12602
101401	11823	21437
101402	200	946
101403	100	1486
101404	1312	6588
101405	200	2456
101406	84964	1165
101407	89131	3762
101408	200	529
101409	11829	12287
101410	11832	11834
101411	11835	11836
101412	11838	11839
101413	11840	11843
101414	11846	18135
101415	11848	20272
101416	11848	27844
101417	200	1741
101418	11852	54233
101419	11854	16364
101420	11854	27843
101421	11857	15183
101422	11866	13880
101423	492	788
101424	11874	12268
101425	1313	1681
101426	11877	27003
101427	11880	11881
101428	492	3251
101429	49	166
101430	1314	1870
101431	1314	2902
101432	1314	20363
101433	1314	6050
101434	1314	4109
101435	200	1166
101436	11888	19539
101437	1316	1383
101438	11894	11897
101439	11900	23246
101440	11895	11896
101441	11906	55287
101442	11907	11909
101443	11910	56200
101444	1316	2422
101445	11919	11920
101446	11921	11922
101447	11924	46831
101448	11928	11931
101449	11929	17417
101450	11929	26516
101451	1316	3661
101452	11938	11939
101453	89148	78052
101454	11943	11946
101455	11947	11948
101456	11950	11951
101457	11952	11954
101458	11956	11957
101459	11958	19457
101460	11959	11960
101461	11965	11974
101462	11982	11984
101463	11985	11986
101464	11987	11988
101465	11990	11991
101466	11996	11997
101467	11998	12000
101468	12004	12005
101469	12015	50495
101470	1316	1492
101471	12021	12022
101472	12027	16646
101473	12029	12031
101474	12042	18205
101475	12046	52720
101476	100	3696
101477	12052	52836
101478	12052	34289
101479	12065	34515
101480	12065	19969
101481	12085	12087
101482	12090	55305
101483	12095	59743
101484	12096	12106
101485	12098	55308
101486	12103	12104
101487	12118	55338
101488	12128	13384
101489	12129	13445
101490	12132	26436
101491	12134	12135
101492	12145	55934
101493	12151	56756
101494	89149	18893
101495	12156	21402
101496	492	3255
101497	12162	12163
101498	12171	62121
101499	12173	18537
101500	12180	12190
101501	1317	7897
101502	1317	1860
101503	12184	12201
101504	1318	1333
101505	492	2734
101506	84974	77802
101507	1318	1797
101508	12189	36797
101509	12193	36263
101510	12202	12203
101511	12204	12206
101512	12207	12208
101513	12209	12211
101514	1318	2198
101515	12215	55199
101516	89165	2748
101517	12222	55347
101518	12225	17813
101519	12230	17719
101520	12235	46858
101521	12239	12241
101522	12246	12248
101523	12247	19077
101524	12253	55450
101525	12255	15807
101526	12265	28589
101527	12268	17910
101528	1318	10362
101529	1319	2655
101530	1319	3271
101531	12273	20311
101532	12275	27774
101533	12278	12284
101534	12285	48742
101535	12292	25863
101536	12292	18387
101537	12296	18347
101538	100	6596
101539	12296	18355
101540	1320	1385
101541	12306	12307
101542	12309	47059
101543	12296	27581
101544	12314	26228
101545	12323	16290
101546	492	2197
101547	12325	52010
101548	12326	14993
101549	12326	12748
101550	1320	1531
101551	12329	15769
101552	12330	18131
101553	12346	12347
101554	12350	19359
101555	12355	29650
101556	12358	14645
101557	12367	54190
101558	12374	55269
101559	12381	55521
101560	12390	55670
101561	12403	12404
101562	12405	12406
101563	12408	56334
101564	200	3024
101565	492	4099
101566	12411	25521
101567	12411	31123
101568	12414	12417
101569	12420	12425
101570	12425	47789
101571	12428	12429
101572	12432	12433
101573	12434	13327
101574	12436	46409
101575	12437	17906
101576	12445	20571
101577	12446	12580
101578	12450	21531
101579	12451	20392
101580	12451	22303
101581	12451	22481
101582	12455	12458
101583	12464	45162
101584	12461	13631
101585	12465	57040
101586	200	3154
101587	80320	2311
101588	12484	16705
101589	12488	13899
101590	12489	57091
101591	1323	1914
101592	12494	17710
101593	100	380
101594	12491	17468
101595	12492	22655
101596	12497	18897
101597	12498	57192
101598	12501	13382
101599	12501	12598
101600	12502	22295
101601	12511	12512
101602	12516	57772
101603	12517	57938
101604	89171	12502
101605	12525	17639
101606	12527	12531
101607	12528	21849
101608	12537	17712
101609	12545	12546
101610	12552	59468
101611	12559	12561
101612	12562	59562
101613	12565	12566
101614	12574	12656
101615	12576	26521
101616	12579	12583
101617	1324	1811
101618	1325	1435
101619	12583	19661
101620	1326	1715
101621	12586	21839
101622	89180	3314
101623	493	496
101624	493	1939
101625	12504	21563
101626	1326	4498
101627	493	2916
101628	1326	4111
101629	493	1048
101630	12609	17039
101631	1326	2233
101632	12612	21456
101633	12613	12616
101634	12620	12622
101635	12622	40839
101636	12624	12632
101637	12633	47163
101638	12640	12649
101639	12643	48483
101640	12659	48795
101641	12665	17231
101642	12666	48990
101643	12668	31766
101644	12673	12674
101645	12677	49025
101646	12695	18778
101647	12685	29162
101648	12697	12698
101649	12702	12704
101650	200	7749
101651	12705	12706
101652	12707	14622
101653	1327	4937
101654	12711	12712
101655	12716	13705
101656	12714	49708
101657	12725	20152
101658	12730	49961
101659	1327	1983
101660	493	697
101661	12693	15488
101662	1327	4767
101663	12733	21563
101664	12733	14904
101665	493	1381
101666	1327	3913
101667	493	3289
101668	1328	2460
101669	84995	13009
101670	12736	13377
101671	84998	12613
101672	12738	25393
101673	12741	14983
101674	12742	12755
101675	89207	3596
101676	89203	80561
101677	89228	1517
101678	12751	12759
101679	83971	677
101680	493	4389
101681	12761	12762
101682	12763	18108
101683	12765	12803
101684	12766	18658
101685	12790	12802
101686	12804	12805
101687	12806	12807
101688	12809	12810
101689	12812	12813
101690	12814	12816
101691	12817	12819
101692	12820	49974
101693	12823	19551
101694	1330	3104
101695	12829	12843
101696	1330	1862
101697	1330	1907
101698	12830	17072
101699	84997	75984
101700	12835	15135
101701	12838	12841
101702	12842	12852
101703	12846	19796
101704	12851	18055
101705	12853	51268
101706	12855	51270
101707	12860	51279
101708	12861	13203
101709	83969	668
101710	12866	12867
101711	12879	12880
101712	89221	34650
101713	201	847
101714	12883	19737
101715	12883	20488
101716	12888	12904
101717	12889	29080
101718	494	1430
101719	12901	12906
101720	12907	21239
101721	12920	12921
101722	1331	1833
101723	12922	12923
101724	12924	12925
101725	12926	12927
101726	12928	12930
101727	12931	12932
101728	1330	5836
101729	12933	12934
101730	12935	12936
101731	12937	12938
101732	201	417
101733	12942	13380
101734	12948	54841
101735	12950	27309
101736	12956	23847
101737	12959	12960
101738	12962	18558
101739	12964	55545
101740	12967	19036
101741	12969	17357
101742	12975	47210
101743	12983	55556
101744	12989	13008
101745	1331	21461
101746	12999	13009
101747	13003	17632
101748	13011	13014
101749	13016	19357
101750	13026	13029
101751	494	755
101752	1332	3267
101753	1332	7835
101754	494	842
101755	201	945
101756	13033	22201
101757	13034	47965
101758	13034	14478
101759	13036	13037
101760	13040	13041
101761	13043	13044
101762	13047	13048
101763	13049	44105
101764	13061	13662
101765	494	6085
101766	13075	13076
101767	13077	15030
101768	13083	30043
101769	13081	13100
101770	13083	20536
101771	1333	3851
101772	1333	1523
101773	13087	14103
101774	1333	1976
101775	89218	3269
101776	13099	13124
101777	1333	2173
101778	13101	29162
101779	89248	76203
101780	13130	13136
101781	13137	13164
101782	13278	13287
101783	13165	13167
101784	13169	13170
101785	13171	13172
101786	13173	13174
101787	13175	13176
101788	13177	13178
101789	13179	13180
101790	13189	13191
101791	13184	13185
101792	13198	13330
101793	13197	35182
101794	13200	20403
101795	13232	13233
101796	13214	13217
101797	13215	13216
101798	13221	13222
101799	13223	13224
101800	13230	13231
101801	13235	55614
101802	13239	55620
101803	13243	13244
101804	13246	13248
101805	13253	15852
101806	13256	13258
101807	13259	13262
101808	13263	13264
101809	13265	13266
101810	13267	13269
101811	13273	55627
101812	1333	4814
101813	83960	5976
101814	13285	13288
101815	13280	14762
101816	85016	22123
101817	13282	16030
101818	1333	10660
101819	81237	3503
101820	494	4559
101821	13286	23477
101822	14	22547
101823	1334	4258
101824	13304	13313
101825	13322	55638
101826	1334	4228
101827	13329	55648
101828	1335	3195
101829	1336	1919
101830	13341	16244
101831	13342	19521
101832	13349	20346
101833	1337	2129
101834	13356	21131
101835	13346	55668
101836	89241	4425
101837	1338	5236
101838	13357	14606
101839	85019	76618
101840	494	17836
101841	13368	18744
101842	13373	13374
101843	13377	17742
101844	13378	58818
101845	494	2663
101846	1338	1580
101847	1338	1760
101848	495	2421
101849	89247	85942
101850	13380	17490
101851	13380	26638
101852	495	1400
101853	495	1509
101854	495	1547
101855	13381	17418
101856	89242	3551
101857	1338	2011
101858	13382	24302
101859	13382	15000
101860	13389	57207
101861	495	6913
101862	13403	18122
101863	13405	57256
101864	13407	57257
101865	13412	57348
101866	13419	18902
101867	13415	57962
101868	201	2606
101869	89243	4021
101870	13421	19562
101871	13423	13424
101872	13425	58389
101873	13427	58548
101874	13429	49262
101875	13438	13439
101876	13440	20947
101877	13448	15668
101878	81246	4669
101879	13448	14657
101880	13448	25493
101881	13460	29305
101882	13461	30987
101883	13463	59211
101884	82723	20754
101885	13472	13475
101886	13483	16061
101887	13491	22754
101888	85759	76677
101889	13497	52152
101890	13518	22063
101891	13512	43985
101892	13514	37079
101893	13516	13517
101894	13522	13523
101895	13527	23680
101896	13529	13530
101897	13532	23653
101898	13549	30522
101899	13564	13565
101900	13567	13568
101901	13569	13570
101902	13571	13572
101903	13573	13574
101904	13575	13576
101905	13577	13579
101906	13580	13582
101907	13583	13585
101908	13586	13588
101909	13591	13592
101910	13593	13594
101911	13595	13597
101912	13599	13600
101913	495	2211
101914	13601	13603
101915	13604	13605
101916	13607	13612
101917	13616	13617
101918	13618	13619
101919	13622	61782
101920	1340	4599
101921	13629	14858
101922	13630	71737
101923	13635	48788
101924	13642	13678
101925	13642	50653
101926	13646	23553
101927	13656	16011
101928	13674	25493
101929	13690	30020
101930	1341	2660
101931	13706	23646
101932	13706	28022
101933	13720	20396
101934	13727	13728
101935	13729	13730
101936	1342	1984
101937	13732	13734
101938	13735	13737
101939	1342	4351
101940	13631	22395
101941	13738	13739
101942	13743	13747
101943	496	1778
101944	13744	13888
101945	13746	14908
101946	13752	13753
101947	13759	13762
101948	13769	13770
101949	496	1491
101950	13772	14001
101951	13775	13780
101952	13789	13794
101953	496	3506
101954	13796	13797
101955	13801	13807
101956	13802	13891
101957	1345	3323
101958	1345	3404
101959	13813	13819
101960	1345	16688
101961	13822	18310
101962	13824	14008
101963	13830	13831
101964	13834	14117
101965	1345	2750
101966	13843	13947
101967	13865	28341
101968	13871	16679
101969	89265	77108
101970	13887	18674
101971	13879	17840
101972	13890	16773
101973	13892	13953
101974	13895	13896
101975	496	695
101976	13923	20627
101977	13924	13925
101978	13853	24702
101979	13940	17723
101980	13945	15125
101981	13967	14034
101982	496	4853
101983	13990	13991
101984	13992	13993
101985	13961	23121
101986	25	133
101987	14051	24652
101988	14093	33722
101989	14118	14119
101990	14120	14121
101991	14122	14123
101992	14124	14125
101993	496	955
101994	202	936
101995	14126	14127
101996	1347	3272
101997	496	3889
101998	1347	18922
101999	14128	14129
102000	202	3113
102001	14130	14131
102002	1348	1926
102003	14132	14133
102004	496	7894
102005	14135	14137
102006	1348	4446
102007	25	373
102008	101	776
102009	14138	14139
102010	202	227
102011	14140	14141
102012	1348	59399
102013	14143	14144
102014	1348	4381
102015	14145	14146
102016	101	1090
102017	14148	14149
102018	14150	14151
102019	1348	3894
102020	1349	13080
102021	1349	1397
102022	14152	14153
102023	89273	14011
102024	14154	14155
102025	101	140
102026	1351	3854
102027	14156	14157
102028	202	1091
102029	14158	14159
102030	14160	14161
102031	1351	3236
102032	1351	4912
102033	14162	14163
102034	14164	14165
102035	14166	14167
102036	101	370
102037	101	206
102038	85032	2902
102039	14168	14169
102040	1352	4332
102041	1353	19986
102042	14170	14172
102043	496	5702
102044	14174	14175
102045	202	3594
102046	101	371
102047	1353	3657
102048	101	443
102049	14176	14177
102050	14178	14180
102051	1353	1813
102052	1353	16021
102053	14181	14182
102054	1353	2798
102055	79633	30866
102056	14183	14184
102057	1355	4668
102058	14185	14186
102059	496	35111
102060	202	2750
102061	1356	3695
102062	14187	14188
102063	497	3656
102064	14189	14190
102065	1357	3147
102066	14191	14192
102067	14193	14195
102068	14197	14200
102069	1360	6812
102070	14201	14202
102071	14203	14204
102072	497	2544
102073	14205	14206
102074	14207	14208
102075	497	3953
102076	14209	14210
102077	1363	27174
102078	14211	14212
102079	14213	14214
102080	89280	716
102081	14215	14216
102082	1364	1428
102083	14217	14218
102084	14219	14220
102085	14221	14222
102086	1364	2649
102087	1364	4995
102088	14223	14224
102089	202	3411
102090	14225	14226
102091	14227	14228
102092	14229	14230
102093	14231	14232
102094	1365	3479
102095	202	2776
102096	1365	4615
102097	14233	14234
102098	1365	4672
102099	101	3669
102100	14235	14236
102101	14237	14238
102102	14239	14240
102103	497	1221
102104	14241	14242
102105	14243	14245
102106	14246	14247
102107	14248	14249
102108	14250	14251
102109	50	1384
102110	14252	14253
102111	14254	14256
102112	14257	14258
102113	14260	14261
102114	25	1015
102115	14262	14264
102116	14265	14266
102117	14268	14269
102118	14270	14271
102119	14272	14273
102120	14274	14275
102121	14276	14277
102122	497	1580
102123	14278	14279
102124	14280	14281
102125	1365	5754
102126	14282	14283
102127	14284	14285
102128	14286	14287
102129	14288	14289
102130	14290	14291
102131	14292	14294
102132	14295	14297
102133	14298	14299
102134	14300	14301
102135	14302	14303
102136	14304	14305
102137	14307	14308
102138	14309	14310
102139	14311	14312
102140	14313	14314
102141	14315	14316
102142	1367	9176
102143	14317	14318
102144	14319	14320
102145	14321	14322
102146	1368	1970
102147	14323	14324
102148	14325	14326
102149	1368	2837
102150	14328	14329
102151	14330	14331
102152	14332	14333
102153	14334	14337
102154	14338	14339
102155	14340	14341
102156	14342	14343
102157	1368	9172
102158	14344	14345
102159	498	1537
102160	14347	14348
102161	14349	14350
102162	14351	14352
102163	101	2801
102164	14353	14355
102165	14356	14357
102166	14358	14359
102167	14360	14361
102168	14362	14363
102169	14364	14365
102170	14366	14367
102171	14368	14369
102172	14370	14371
102173	14372	14373
102174	14374	14375
102175	14376	14377
102176	14378	14380
102177	14381	14382
102178	14384	14385
102179	14386	14387
102180	14388	14389
102181	1370	3917
102182	14390	14393
102183	14395	14396
102184	14397	14398
102185	14399	14401
102186	1370	1804
102187	14402	14403
102188	14404	14405
102189	14406	14407
102190	14408	14409
102191	14411	14412
102192	14413	14414
102193	14415	14416
102194	14417	14418
102195	14419	14420
102196	14421	14422
102197	14423	14424
102198	14425	14426
102199	14427	14428
102200	14429	14430
102201	14431	14432
102202	14433	14434
102203	14435	14436
102204	14437	14438
102205	14440	14441
102206	14442	14444
102207	14445	14446
102208	14447	14448
102209	14449	14450
102210	14452	14453
102211	14454	14455
102212	14457	14458
102213	14459	14460
102214	14462	14463
102215	14464	14465
102216	14466	14467
102217	14468	14469
102218	14470	14471
102219	14472	14474
102220	14475	14476
102221	14479	16563
102222	1371	4291
102223	14487	34748
102224	14498	14512
102225	14507	63644
102226	14509	14513
102227	14514	14516
102228	14520	14522
102229	14523	14528
102230	85042	1236
102231	14568	14569
102232	14570	14571
102233	14572	14573
102234	14574	52441
102235	14577	19500
102236	14582	14583
102237	14584	14588
102238	14588	22301
102239	25	148
102240	14595	14597
102241	14605	18329
102242	14608	14609
102243	14620	55741
102244	14628	19667
102245	1374	2734
102246	1374	1833
102247	14633	27827
102248	14639	14643
102249	14644	14646
102250	1374	3036
102251	14656	17963
102252	14651	55763
102253	1374	4597
102254	14654	22253
102255	14656	20299
102256	14656	58768
102257	14657	23537
102258	203	2416
102259	14661	14662
102260	14665	14666
102261	14667	14670
102262	14671	14672
102263	14673	14674
102264	14676	18975
102265	14677	28518
102266	14684	14689
102267	1374	1827
102268	14688	23982
102269	14690	55776
102270	14700	14701
102271	14702	14703
102272	203	777
102273	14708	14709
102274	14710	14711
102275	14716	14717
102276	14712	29677
102277	14727	19987
102278	14734	14736
102279	14738	14740
102280	14742	31852
102281	14743	18763
102282	14744	16255
102283	14747	14748
102284	14751	55860
102285	14756	14758
102286	85091	75991
102287	14764	26537
102288	14764	17399
102289	14767	42074
102290	14768	26501
102291	14773	14778
102292	14775	14777
102293	1375	1379
102294	14780	22137
102295	89313	79440
102296	85047	82901
102297	14790	16019
102298	14793	54202
102299	14802	15003
102300	14809	30866
102301	14824	55987
102302	14827	14828
102303	14829	56000
102304	1375	12724
102305	14833	21128
102306	14834	56004
102307	14838	14840
102308	14851	52445
102309	14852	15609
102310	498	3106
102311	14853	15743
102312	14854	54606
102313	14859	14864
102314	14866	56074
102315	101	2896
102316	14873	20273
102317	14886	56126
102318	14889	56148
102319	14895	18300
102320	14896	57585
102321	14900	36022
102322	85055	2788
102323	14905	57984
102324	14909	58402
102325	14913	14916
102326	14920	14922
102327	14924	14925
102328	14936	14937
102329	14938	14940
102330	14939	16432
102331	14942	14943
102332	14944	14950
102333	14952	14954
102334	14956	14957
102335	14958	14962
102336	14963	14964
102337	14965	14966
102338	14967	14968
102339	14969	47606
102340	14975	14976
102341	14978	14979
102342	14980	55261
102343	14982	15009
102344	14982	19491
102345	14984	15011
102346	14986	24513
102347	14985	20577
102348	14990	17025
102349	14991	21761
102350	14991	15001
102351	14995	22298
102352	14997	23426
102353	1377	3274
102354	15002	22342
102355	15004	16254
102356	15006	28274
102357	15008	15010
102358	15015	15016
102359	499	3785
102360	15024	56174
102361	15025	15026
102362	15031	25115
102363	15034	42341
102364	15036	18551
102365	15048	18520
102366	15064	25128
102367	1378	24545
102368	15080	15179
102369	499	1178
102370	15090	15091
102371	499	1245
102372	499	739
102373	15094	15095
102374	15098	15100
102375	15102	15105
102376	15106	15110
102377	15111	15114
102378	1378	8486
102379	15121	15124
102380	1378	5201
102381	15129	17297
102382	15130	24381
102383	15132	24446
102384	1379	1953
102385	15135	15204
102386	89322	82065
102387	15142	15214
102388	499	4111
102389	15162	24943
102390	15166	15202
102391	15168	15244
102392	15173	73826
102393	15174	15198
102394	89321	14805
102395	15187	15236
102396	15193	15251
102397	15198	20060
102398	15205	15235
102399	15247	31113
102400	15248	17425
102401	15292	15293
102402	15294	15295
102403	1379	3024
102404	15298	15299
102405	1379	1684
102406	15300	15301
102407	1379	9603
102408	15302	15303
102409	15304	15305
102410	50	4117
102411	15306	15307
102412	15308	15309
102413	15310	15311
102414	15312	15313
102415	15314	15316
102416	15317	15318
102417	15319	15320
102418	15321	15322
102419	15323	15324
102420	15325	15326
102421	15327	15328
102422	15329	15330
102423	15331	15332
102424	15333	15334
102425	15335	15336
102426	15337	15338
102427	15339	15340
102428	1379	5427
102429	15341	15342
102430	15343	15344
102431	1379	3644
102432	15346	15347
102433	15349	15350
102434	15352	15353
102435	15354	15355
102436	15356	15357
102437	15358	15359
102438	15360	15361
102439	15362	15363
102440	15364	15366
102441	15367	15368
102442	15369	15370
102443	15371	15373
102444	15374	15375
102445	499	2440
102446	15376	15378
102447	15379	15380
102448	15381	15382
102449	15383	15384
102450	15385	15386
102451	15387	15388
102452	15390	15392
102453	15393	15394
102454	15395	15396
102455	15397	15398
102456	15399	15400
102457	15401	15403
102458	15404	15405
102459	15406	15407
102460	15408	15409
102461	15410	15411
102462	15412	15413
102463	15417	15418
102464	15419	15420
102465	15421	15422
102466	15430	51288
102467	15433	27227
102468	15447	15448
102469	15449	15450
102470	15451	15452
102471	15453	15454
102472	15455	15456
102473	15457	15459
102474	15461	15462
102475	15467	15469
102476	15471	19672
102477	15472	17418
102478	1380	3105
102479	15472	16705
102480	15482	23917
102481	15483	15484
102482	15489	56198
102483	15500	50480
102484	15507	16695
102485	50	4623
102486	8	16
102487	15511	17431
102488	1380	5945
102489	15516	15532
102490	15516	15574
102491	15516	31779
102492	15517	15531
102493	499	1037
102494	1380	2649
102495	85068	76556
102496	15517	19392
102497	15521	18665
102498	15507	16673
102499	15523	26254
102500	500	1954
102501	500	4058
102502	1381	1714
102503	15525	23939
102504	85065	1841
102505	15527	24333
102506	500	2114
102507	15531	17575
102508	15531	15669
102509	1381	3894
102510	85077	12939
102511	15532	21591
102512	15533	17935
102513	204	10545
102514	15064	25125
102515	15538	29166
102516	15539	15582
102517	15543	17958
102518	1382	12568
102519	15547	15548
102520	500	2538
102521	15552	22460
102522	204	373
102523	1382	1776
102524	15558	15559
102525	500	627
102526	15570	36893
102527	15571	19523
102528	85075	1642
102529	15572	36033
102530	15572	22091
102531	15577	15578
102532	15576	17580
102533	15576	33459
102534	15578	17438
102535	15583	15584
102536	15585	51261
102537	89340	167
102538	15595	55788
102539	1382	5758
102540	15606	28851
102541	15606	19485
102542	1382	25782
102543	204	1533
102544	15607	17592
102545	15609	17251
102546	15610	37730
102547	15611	16797
102548	15611	22331
102549	15611	40465
102550	15614	15615
102551	15616	15617
102552	15618	56216
102553	15626	24596
102554	1383	6408
102555	15636	22195
102556	15634	61934
102557	15655	18179
102558	15641	15643
102559	15652	22157
102560	15653	22428
102561	89352	76511
102562	15655	35445
102563	1383	2764
102564	1383	4727
102565	15661	16747
102566	102	136
102567	15663	15798
102568	102	363
102569	15668	19034
102570	15669	16310
102571	15670	15873
102572	15672	34313
102573	15676	15682
102574	15685	15706
102575	1384	2419
102576	1384	1679
102577	1384	4604
102578	15692	20724
102579	15693	16031
102580	500	658
102581	15694	42954
102582	204	3722
102583	15696	17130
102584	1384	2887
102585	102	1105
102586	15707	30527
102587	15712	18457
102588	102	1461
102589	15716	19538
102590	15730	18117
102591	15730	29046
102592	15730	17577
102593	15730	30469
102594	204	2685
102595	15732	16057
102596	15660	15824
102597	15735	16672
102598	15744	15753
102599	15740	15886
102600	1384	6728
102601	204	3952
102602	15748	34337
102603	15751	15887
102604	15756	34247
102605	15756	28834
102606	15756	38438
102607	1384	6680
102608	15757	74478
102609	15764	21720
102610	15769	36811
102611	1385	2601
102612	15775	48925
102613	1385	2185
102614	15779	28426
102615	15786	15788
102616	15775	16396
102617	500	25769
102618	102	526
102619	1385	16597
102620	1386	3785
102621	15812	15813
102622	89361	10989
102623	15820	47934
102624	1386	3072
102625	1386	2227
102626	89374	933
102627	15840	26592
102628	204	7037
102629	1386	5740
102630	15863	28538
102631	15888	15889
102632	15890	15891
102633	15894	15895
102634	15896	15897
102635	15898	15899
102636	15900	15901
102637	15902	15904
102638	15909	50424
102639	15910	16673
102640	15913	18875
102641	15917	50748
102642	15920	50473
102643	15922	18184
102644	15930	15933
102645	15938	51040
102646	15941	15943
102647	15945	15950
102648	50	657
102649	87382	42710
102650	102	2934
102651	15953	15955
102652	15960	15962
102653	15966	51568
102654	15967	17668
102655	15969	43261
102656	15969	18827
102657	15973	15978
102658	15972	17020
102659	15973	16817
102660	15973	16816
102661	1388	6389
102662	15977	45290
102663	15977	20610
102664	501	2480
102665	15977	18686
102666	15977	18068
102667	15978	18321
102668	89371	81907
102669	15983	17610
102670	15984	22912
102671	15989	15990
102672	1386	10586
102673	1387	5193
102674	16006	51776
102675	16008	51792
102676	16012	18121
102677	16021	19021
102678	16028	52139
102679	16031	37175
102680	15801	15846
102681	16031	21555
102682	16031	31970
102683	16036	16039
102684	16040	24823
102685	16044	16045
102686	16048	16049
102687	1387	2785
102688	16058	16067
102689	16073	52453
102690	16074	16075
102691	16078	16081
102692	16079	16080
102693	16084	52553
102694	16088	18287
102695	16091	52715
102696	501	740
102697	16097	53733
102698	501	7971
102699	16097	22331
102700	501	7561
102701	502	1954
102702	501	4760
102703	16101	16103
102704	16111	18475
102705	1388	5834
102706	502	3797
102707	16110	23159
102708	16111	22123
102709	502	2088
102710	89378	782
102711	1388	1778
102712	204	1100
102713	16120	17152
102714	1388	2711
102715	16017	16018
102716	16125	16128
102717	16126	16130
102718	16129	16131
102719	16134	16138
102720	16139	53343
102721	16140	58444
102722	89380	380
102723	16144	21753
102724	1389	2146
102725	16149	16150
102726	16153	16154
102727	85095	76542
102728	16160	16161
102729	16163	16165
102730	16171	16173
102731	79128	2143
102732	16174	16175
102733	16176	53805
102734	16179	44213
102735	1389	2125
102736	25	3838
102737	16186	16187
102738	16188	16189
102739	16190	16191
102740	16190	18150
102741	16196	16197
102742	16203	16204
102743	16205	16206
102744	1389	3250
102745	16220	54117
102746	16234	22029
102747	16238	16240
102748	16241	38702
102749	16243	20340
102750	16244	19022
102751	16245	59795
102752	16248	16249
102753	16253	23100
102754	16244	16246
102755	16253	16255
102756	502	4149
102757	16254	19500
102758	16251	16252
102759	16255	52835
102760	502	3004
102761	16263	26041
102762	16266	21321
102763	1389	19460
102764	16277	16281
102765	16283	54913
102766	16286	40668
102767	16295	18054
102768	16300	16305
102769	16307	16308
102770	16310	20453
102771	16312	19521
102772	1389	2483
102773	16317	18127
102774	16326	18075
102775	16334	55274
102776	16336	55374
102777	16349	16350
102778	16352	16355
102779	16357	55949
102780	16360	23548
102781	16361	55728
102782	502	1116
102783	16368	18651
102784	16370	16372
102785	16383	42488
102786	16392	23802
102787	16387	56049
102788	16399	56245
102789	1390	1434
102790	16413	16414
102791	16415	16416
102792	16417	16419
102793	16420	16421
102794	16422	16424
102795	16425	16426
102796	16427	16428
102797	16433	27909
102798	16433	18663
102799	16437	56266
102800	16450	16452
102801	16457	16458
102802	16459	56314
102803	16482	16486
102804	16487	16488
102805	16489	16490
102806	16492	16494
102807	16496	16497
102808	16500	16501
102809	16503	16504
102810	16505	16506
102811	16509	16510
102812	16511	16512
102813	1391	5186
102814	16514	16515
102815	16518	16521
102816	16522	16524
102817	16525	16526
102818	16527	16528
102819	85101	21562
102820	16529	25899
102821	16538	16542
102822	16547	16548
102823	16549	16557
102824	502	964
102825	16562	56327
102826	16563	16825
102827	16565	16568
102828	16575	16576
102829	16581	32986
102830	16582	16584
102831	16588	16590
102832	16596	41888
102833	16601	16603
102834	16604	16608
102835	16610	56418
102836	16621	56422
102837	16622	56429
102838	16623	56439
102839	16624	56443
102840	16627	16628
102841	16629	16630
102842	16632	16633
102843	16636	16637
102844	16639	29753
102845	16640	56458
102846	16641	51904
102847	16647	56463
102848	16659	56493
102849	16661	16662
102850	16664	31012
102851	16669	56532
102852	1391	1550
102853	16673	17727
102854	16673	18196
102855	16673	16757
102856	16682	16684
102857	16685	16686
102858	102	4539
102859	1392	1499
102860	16695	28833
102861	16697	40705
102862	16695	42721
102863	16703	16704
102864	16705	19141
102865	16706	56577
102866	16709	16710
102867	16712	28876
102868	16713	26032
102869	50	4113
102870	502	4141
102871	16721	34851
102872	16724	16725
102873	16726	16727
102874	16728	16729
102875	16731	56638
102876	16737	16773
102877	16736	26996
102878	16740	16791
102879	16741	20296
102880	1392	1607
102881	1392	3571
102882	89404	31043
102883	16700	23158
102884	503	4076
102885	16750	26919
102886	16756	16772
102887	16759	21257
102888	16762	51878
102889	16763	16765
102890	16772	21051
102891	16775	16777
102892	16781	16784
102893	16786	16789
102894	16791	22887
102895	16792	56646
102896	1394	13650
102897	1394	1445
102898	16796	55696
102899	16800	16802
102900	16803	56650
102901	16811	44349
102902	16812	56660
102903	16814	32080
102904	16814	16815
102905	503	2249
102906	89408	8111
102907	16820	16842
102908	16821	45594
102909	16824	18200
102910	16832	16865
102911	205	369
102912	502	690
102913	16841	24222
102914	16843	56681
102915	16846	16847
102916	16854	16859
102917	16864	16868
102918	16869	16871
102919	16872	16873
102920	16874	16876
102921	16877	16878
102922	16879	16880
102923	16881	16883
102924	16884	16885
102925	16890	16903
102926	16904	16905
102927	16906	16907
102928	16908	16909
102929	16910	16911
102930	16912	16913
102931	16914	16915
102932	16916	16917
102933	1396	3014
102934	16918	16919
102935	16920	16921
102936	503	2132
102937	16922	16923
102938	16924	16925
102939	16926	16927
102940	16928	16929
102941	205	707
102942	16930	16931
102943	16932	16934
102944	16935	16937
102945	16938	16940
102946	16941	16942
102947	16943	56684
102948	16951	16952
102949	16953	56698
102950	16954	20447
102951	16959	17725
102952	16961	16962
102953	16963	18890
102954	16964	56927
102955	16970	33643
102956	16971	50967
102957	16973	16974
102958	16976	16978
102959	16977	30826
102960	1396	2705
102961	16994	57185
102962	503	1466
102963	1396	1715
102964	1396	3669
102965	17002	17003
102966	17007	17008
102967	17009	17010
102968	17011	17012
102969	17013	17014
102970	17018	20571
102971	1396	6402
102972	17023	17024
102973	50	1871
102974	17032	17041
102975	205	2827
102976	17040	20934
102977	17040	22030
102978	17052	26932
102979	17053	22365
102980	17055	17059
102981	17060	17061
102982	17070	57288
102983	17072	17301
102984	17076	57344
102985	17077	22596
102986	17084	20137
102987	17086	28360
102988	17086	20898
102989	17091	18913
102990	17091	20753
102991	17097	21890
102992	17108	22821
102993	1396	5917
102994	17114	19022
102995	17115	26858
102996	17116	23112
102997	89435	78891
102998	17117	17892
102999	503	5237
103000	103	1087
103001	17122	24545
103002	17122	17176
103003	103	1393
103004	1397	2513
103005	17127	18213
103006	17133	17171
103007	17134	17143
103008	17137	20682
103009	17158	17179
103010	17168	17169
103011	17170	17217
103012	17183	57515
103013	17185	17306
103014	17188	17191
103015	17193	57582
103016	17194	30461
103017	17194	19402
103018	17199	17200
103019	17202	57073
103020	1397	2121
103021	17216	17220
103022	17210	17214
103023	17250	57895
103024	1397	39527
103025	17251	17431
103026	504	11651
103027	25	1201
103028	17256	22117
103029	505	2502
103030	17261	17262
103031	17264	17265
103032	17267	17268
103033	17270	57975
103034	17274	17311
103035	17252	19436
103036	17291	17293
103037	17294	17298
103038	1397	7126
103039	103	152
103040	505	4113
103041	17312	57878
103042	17316	17317
103043	1398	1886
103044	17319	17321
103045	17322	17324
103046	17325	17328
103047	17332	17333
103048	17334	17339
103049	17340	17342
103050	17345	24612
103051	17363	38696
103052	17366	17367
103053	17368	17371
103054	17372	17379
103055	17380	17382
103056	17383	17384
103057	17385	17387
103058	17388	17390
103059	17391	17392
103060	17394	17395
103061	17405	17406
103062	17411	18638
103063	17415	17416
103064	89448	15977
103065	17420	27417
103066	506	509
103067	17427	26929
103068	89449	10700
103069	17422	21594
103070	17429	40549
103071	506	738
103072	506	777
103073	8	70
103074	17431	41288
103075	1399	3073
103076	85117	3321
103077	1399	1446
103078	17433	17439
103079	506	2180
103080	1399	2426
103081	17439	27180
103082	17440	23802
103083	17441	29095
103084	17449	17450
103085	17455	17456
103086	17463	17465
103087	85118	3781
103088	17469	17470
103089	17473	17474
103090	85119	15979
103091	17479	17480
103092	17481	17483
103093	17488	28871
103094	17491	25226
103095	17509	20419
103096	17510	17511
103097	17512	17513
103098	17514	17515
103099	17516	17518
103100	17523	17528
103101	17529	17531
103102	17534	17535
103103	17539	58942
103104	17545	58965
103105	17560	17561
103106	17563	17566
103107	17567	17568
103108	17572	19008
103109	1399	7780
103110	17576	23157
103111	17577	59265
103112	89453	2342
103113	17605	22046
103114	17584	17589
103115	17590	59089
103116	83886	4058
103117	17598	17599
103118	17600	17601
103119	17604	59128
103120	17605	22835
103121	103	1193
103122	17608	25751
103123	17609	30139
103124	103	1219
103125	89450	80355
103126	17615	59233
103127	79098	2671
103128	17630	27341
103129	17624	17628
103130	17629	17631
103131	17638	32743
103132	17645	17648
103133	17652	17653
103134	17659	28261
103135	17661	45445
103136	17672	18055
103137	17683	17684
103138	17687	17688
103139	17691	17697
103140	17707	17709
103141	17722	24052
103142	17722	17746
103143	50	6885
103144	17731	46406
103145	17735	17736
103146	17745	17747
103147	17749	17750
103148	17752	17753
103149	17756	17758
103150	17760	17761
103151	17766	44915
103152	17785	17786
103153	17787	17788
103154	17792	45520
103155	17790	17791
103156	17796	17797
103157	17805	17806
103158	17818	17819
103159	17820	17822
103160	17823	23216
103161	17802	17804
103162	17832	60184
103163	17837	21770
103164	17858	18799
103165	17865	17870
103166	17872	17876
103167	17885	60255
103168	17893	17898
103169	17903	17904
103170	17905	60392
103171	17906	54179
103172	17906	62371
103173	17909	40071
103174	17915	20241
103175	17921	17924
103176	17929	42913
103177	506	2519
103178	17936	34381
103179	17943	22538
103180	506	1999
103181	17944	18130
103182	17945	32870
103183	1400	2835
103184	17951	20285
103185	17953	17954
103186	17960	18000
103187	506	2329
103188	17966	31924
103189	17968	17971
103190	17975	17978
103191	17979	17981
103192	17983	17985
103193	17986	17988
103194	17989	17990
103195	1401	1788
103196	17994	18001
103197	1401	1868
103198	506	12830
103199	1401	2180
103200	103	3196
103201	18020	18022
103202	18023	60553
103203	18035	40035
103204	18039	61183
103205	18042	18043
103206	18067	29058
103207	18068	48899
103208	18073	19707
103209	18079	18080
103210	18081	18082
103211	18084	18085
103212	18087	18088
103213	18089	18090
103214	18091	18093
103215	18095	39602
103216	18096	18525
103217	18096	34744
103218	18109	18110
103219	18112	61720
103220	18114	18115
103221	18118	32043
103222	18119	45719
103223	1401	10653
103224	18122	18665
103225	18124	61842
103226	18145	18152
103227	89620	22939
103228	89542	85154
103229	18147	18155
103230	18151	27533
103231	18153	20025
103232	18167	18171
103233	18170	46432
103234	89483	2266
103235	89481	76877
103236	18183	25885
103237	18185	28924
103238	18185	22296
103239	18190	24823
103240	18194	19302
103241	18195	18222
103242	18196	26514
103243	18204	18223
103244	18209	21338
103245	1402	3310
103246	18219	33937
103247	18236	18237
103248	18239	18241
103249	18242	18243
103250	18244	18245
103251	89479	841
103252	18246	18249
103253	18251	18253
103254	18254	18257
103255	18261	18262
103256	18263	18264
103257	18265	18266
103258	18267	18268
103259	18269	18270
103260	18271	18272
103261	18273	18274
103262	18275	18276
103263	18277	18279
103264	18283	18284
103265	18290	18291
103266	18292	62662
103267	1402	4699
103268	18295	62805
103269	18296	33362
103270	18309	63083
103271	18320	44544
103272	18321	22547
103273	18387	41397
103274	506	9435
103275	18333	25461
103276	18337	18338
103277	18340	21862
103278	18342	35045
103279	18356	18359
103280	18365	64126
103281	18368	18369
103282	18370	18371
103283	18373	21917
103284	18376	18379
103285	89496	78759
103286	18397	18399
103287	18400	64440
103288	18405	40710
103289	18409	18410
103290	18414	64863
103291	18415	64932
103292	18418	22728
103293	18418	18419
103294	18422	41892
103295	18427	18428
103296	18431	18432
103297	18436	18437
103298	18438	65446
103299	18440	18441
103300	18447	36931
103301	18450	18451
103302	18452	53303
103303	18454	66246
103304	18460	25847
103305	18461	40534
103306	18462	18468
103307	1403	5143
103308	18467	18470
103309	18481	66617
103310	18486	66683
103311	18489	66797
103312	18464	20301
103313	18498	18499
103314	18500	18501
103315	18502	18503
103316	18504	18505
103317	18506	67515
103318	18513	68158
103319	18530	73584
103320	18533	18534
103321	18536	75552
103322	18557	54862
103323	18565	55892
103324	18573	56723
103325	18581	47196
103326	18582	46772
103327	18588	56733
103328	18589	47984
103329	18597	56752
103330	1403	3052
103331	18616	42569
103332	18617	56847
103333	18621	18623
103334	18633	19667
103335	18633	23360
103336	18636	56885
103337	18642	52297
103338	18644	18645
103339	18647	56904
103340	18650	56923
103341	18651	19248
103342	18656	35430
103343	18660	30581
103344	18668	20849
103345	18667	18669
103346	18670	18671
103347	18673	52220
103348	89493	1941
103349	18679	25120
103350	18679	26510
103351	18693	57358
103352	18694	21005
103353	18709	18710
103354	18716	20969
103355	18718	57447
103356	18724	27249
103357	18725	18726
103358	507	569
103359	18729	24514
103360	18729	24511
103361	18734	18737
103362	18739	18741
103363	18745	22391
103364	18758	18759
103365	18760	57783
103366	18762	19278
103367	89511	61062
103368	18764	18767
103369	18766	28834
103370	18766	40107
103371	18768	18769
103372	18778	20610
103373	507	1770
103374	18780	18783
103375	18788	18789
103376	18792	18794
103377	18795	57856
103378	18797	57858
103379	18802	18804
103380	18807	57861
103381	18810	57890
103382	18812	57893
103383	18816	18818
103384	18822	18823
103385	18830	18832
103386	18834	18836
103387	18837	18846
103388	18847	18855
103389	18856	18859
103390	18861	18878
103391	18879	18880
103392	18881	18882
103393	18883	44967
103394	18885	18887
103395	18893	20892
103396	18897	42939
103397	18902	31180
103398	18905	18908
103399	18910	60536
103400	1404	1639
103401	18914	18915
103402	18929	18931
103403	18932	18934
103404	18939	22860
103405	18943	18944
103406	18946	57923
103407	1404	3878
103408	1404	3980
103409	507	2607
103410	89506	18684
103411	18967	57970
103412	18997	56273
103413	19007	52525
103414	19010	19156
103415	19013	56980
103416	19016	58070
103417	19026	19028
103418	1404	2829
103419	19033	58171
103420	19050	19054
103421	19059	23681
103422	19065	26920
103423	1405	1516
103424	19070	38255
103425	19071	20721
103426	19082	19085
103427	19086	19091
103428	19092	19093
103429	19096	19098
103430	19100	19101
103431	19102	19103
103432	19104	19105
103433	1405	1970
103434	19106	19107
103435	19111	19114
103436	19115	19117
103437	19118	19121
103438	19122	19123
103439	19126	19127
103440	19124	19170
103441	19130	19132
103442	19138	19140
103443	19260	20735
103444	19142	19143
103445	1405	5698
103446	19144	19145
103447	19146	19147
103448	19149	19150
103449	19167	19175
103450	19188	19189
103451	19190	19191
103452	19192	19194
103453	19195	19196
103454	19197	19198
103455	19199	19200
103456	19201	19202
103457	19203	19204
103458	19205	19206
103459	19207	19208
103460	19209	19210
103461	19211	19212
103462	19213	19214
103463	19215	19216
103464	19217	19218
103465	19220	19221
103466	19223	19225
103467	19226	19227
103468	19232	48686
103469	19240	48851
103470	1405	1960
103471	19251	44522
103472	19252	47789
103473	19256	19261
103474	19261	34404
103475	19262	22615
103476	19262	51924
103477	19265	19267
103478	19272	19274
103479	19275	19276
103480	19279	19281
103481	19282	19284
103482	19288	19289
103483	19290	19291
103484	19295	19298
103485	507	602
103486	8	23678
103487	19310	19312
103488	19313	54256
103489	19316	19317
103490	19323	19324
103491	19325	56166
103492	19327	57489
103493	19328	57527
103494	19332	58382
103495	19336	39225
103496	19340	19341
103497	19343	58384
103498	19334	19344
103499	1405	3084
103500	19349	58397
103501	19350	58398
103502	19366	32064
103503	19369	19370
103504	19373	19424
103505	19383	19385
103506	19387	19390
103507	19379	24924
103508	19413	58412
103509	19414	19418
103510	19426	21753
103511	19426	36857
103512	19428	58430
103513	205	2976
103514	19432	58445
103515	19435	47973
103516	19436	22795
103517	19437	21454
103518	19444	19445
103519	19446	19447
103520	19451	19452
103521	19456	58451
103522	19460	27299
103523	19463	33085
103524	19467	27527
103525	19468	58480
103526	19477	49040
103527	19480	19483
103528	19493	23158
103529	1405	3978
103530	19502	23113
103531	19509	19510
103532	19512	19595
103533	19520	19545
103534	19523	21592
103535	1405	6567
103536	85146	1525
103537	1406	1752
103538	19534	36384
103539	103	1108
103540	19535	19536
103541	1406	4328
103542	85145	76467
103543	19597	19598
103544	19599	19601
103545	19602	19603
103546	19604	19606
103547	19613	32782
103548	19618	19619
103549	19632	22090
103550	89531	2713
103551	19650	40505
103552	19637	58522
103553	19643	58529
103554	19645	58537
103555	19652	58540
103556	19659	56027
103557	19662	19663
103558	19678	19749
103559	89533	30177
103560	19699	38502
103561	19726	21349
103562	85153	76515
103563	19734	36901
103564	85148	79464
103565	19807	19808
103566	507	2256
103567	19809	19810
103568	89539	678
103569	85147	19561
103570	19812	19813
103571	19814	19815
103572	19816	19817
103573	19819	19821
103574	1406	2823
103575	19822	19823
103576	19824	19825
103577	507	9504
103578	19827	19828
103579	19830	19831
103580	19832	19833
103581	19834	19835
103582	19836	19837
103583	19838	19839
103584	19843	19844
103585	19845	19846
103586	19847	19848
103587	19849	19850
103588	19851	19852
103589	206	5910
103590	19577	22321
103591	19853	19854
103592	19855	19856
103593	19857	19858
103594	19859	19860
103595	19861	19862
103596	19863	19864
103597	1406	11378
103598	19865	19866
103599	206	1174
103600	19867	19868
103601	19869	19870
103602	19871	19872
103603	19873	19874
103604	19875	19876
103605	85168	40392
103606	19877	19879
103607	19880	19881
103608	19882	19883
103609	19884	19886
103610	19887	19888
103611	1407	5237
103612	19889	19891
103613	19892	19893
103614	19894	19895
103615	19896	19897
103616	19898	19899
103617	19900	19901
103618	19902	19903
103619	19904	19905
103620	19906	19907
103621	19908	19909
103622	19910	19911
103623	19912	19913
103624	19915	19916
103625	508	2086
103626	19917	19918
103627	19919	19920
103628	19921	19922
103629	19923	19924
103630	19925	19926
103631	19927	19928
103632	19929	19930
103633	89559	77359
103634	19931	19932
103635	19933	19934
103636	19940	19941
103637	19942	50065
103638	19951	19953
103639	19955	19957
103640	19964	19965
103641	19966	19971
103642	19975	50957
103643	19978	51274
103644	19985	41407
103645	508	2963
103646	19991	30221
103647	19992	19993
103648	19995	54159
103649	20002	20003
103650	20008	21880
103651	20013	20015
103652	20028	20030
103653	20043	34662
103654	20044	20047
103655	20050	20051
103656	20062	20063
103657	20067	20068
103658	20072	21731
103659	20074	58621
103660	20080	43136
103661	20082	60843
103662	20092	47798
103663	20093	20094
103664	20095	47965
103665	20107	20109
103666	20110	20112
103667	20114	20115
103668	20116	20118
103669	20123	20125
103670	89545	28671
103671	89546	9834
103672	20134	20135
103673	20136	20139
103674	20141	58678
103675	20145	58693
103676	20148	20149
103677	20158	50343
103678	20165	20169
103679	20174	20176
103680	20178	20189
103681	20182	20204
103682	20188	20191
103683	20195	20203
103684	20211	20227
103685	20226	20228
103686	508	1553
103687	20238	20241
103688	20243	20258
103689	20249	20251
103690	20207	20210
103691	20255	20256
103692	20260	20261
103693	20262	20270
103694	20273	25207
103695	20279	30034
103696	1407	6185
103697	83845	2338
103698	508	544
103699	20286	36831
103700	20290	20291
103701	20292	37236
103702	20296	20301
103703	20297	24814
103704	20299	21004
103705	20301	43071
103706	20303	21876
103707	20310	20316
103708	20317	20319
103709	1408	4987
103710	20331	20332
103711	508	2715
103712	508	533
103713	103	4649
103714	20340	39877
103715	20340	24220
103716	20349	20350
103717	20352	20353
103718	20355	20356
103719	20357	20358
103720	20323	42259
103721	20369	20371
103722	20372	58809
103723	20382	20383
103724	20392	22117
103725	20393	20398
103726	20395	50400
103727	20401	27354
103728	20420	20422
103729	20424	20425
103730	20428	20431
103731	20433	20434
103732	20437	20438
103733	20439	58851
103734	20440	20441
103735	20442	20443
103736	1409	3917
103737	20455	39693
103738	20455	22319
103739	508	22144
103740	20467	20469
103741	20470	20471
103742	20473	20474
103743	20484	38606
103744	20486	20487
103745	20498	20501
103746	20507	20508
103747	20509	51818
103748	20511	54049
103749	20523	20524
103750	20526	20527
103751	20530	20532
103752	20536	21905
103753	89561	19777
103754	20539	21316
103755	20545	58010
103756	20549	20550
103757	20551	20552
103758	509	784
103759	20553	20554
103760	20555	20556
103761	20559	20560
103762	1409	3181
103763	1409	3656
103764	1409	3597
103765	20573	20576
103766	20582	29050
103767	20588	20589
103768	20590	20591
103769	20595	20596
103770	20597	20598
103771	20599	58980
103772	20602	59029
103773	20602	23384
103774	20637	33978
103775	20645	20646
103776	20648	20652
103777	20654	20657
103778	20658	20661
103779	20663	20672
103780	20664	22797
103781	20666	55333
103782	20670	57721
103783	20673	20674
103784	20688	20689
103785	20690	20703
103786	20694	20695
103787	20706	53263
103788	20711	20712
103789	20713	20714
103790	20715	20716
103791	20718	59071
103792	509	2837
103793	20725	59122
103794	20729	59106
103795	20737	55179
103796	20747	42461
103797	1409	3497
103798	20773	20776
103799	1409	2881
103800	20786	57302
103801	20799	20800
103802	20806	59187
103803	20810	20811
103804	20812	20813
103805	20821	20822
103806	20833	24616
103807	20834	20839
103808	20841	59208
103809	20843	20844
103810	20847	59213
103811	20848	22593
103812	20854	20855
103813	20856	59216
103814	20860	20861
103815	20862	20865
103816	20878	20879
103817	20880	20881
103818	20887	20888
103819	20971	20972
103820	20903	20906
103821	20908	20910
103822	20919	20921
103823	20922	20923
103824	20925	20927
103825	20930	20931
103826	20935	20936
103827	20932	59229
103828	509	661
103829	20936	27160
103830	20952	20953
103831	20967	59266
103832	509	1795
103833	20979	20980
103834	20988	20991
103835	20993	20995
103836	21017	21018
103837	21019	21020
103838	21021	21022
103839	21023	21024
103840	509	1870
103841	21026	21029
103842	21030	21032
103843	21033	41798
103844	21034	21036
103845	21037	21038
103846	21039	21044
103847	20933	59230
103848	21047	23011
103849	21049	56035
103850	21053	21054
103851	21055	21057
103852	21059	21061
103853	21063	21064
103854	21065	57346
103855	21071	21072
103856	21084	21086
103857	21088	21090
103858	21092	21903
103859	21093	48839
103860	21094	26572
103861	21098	21099
103862	21107	34392
103863	21110	49745
103864	21128	26929
103865	21123	21124
103866	21128	37523
103867	21133	21138
103868	21141	21144
103869	21146	21147
103870	21148	21150
103871	21152	51576
103872	76653	9520
103873	21167	21171
103874	21180	30890
103875	21176	21177
103876	21188	21189
103877	21191	21194
103878	21213	21214
103879	21219	21220
103880	21222	21223
103881	21224	21225
103882	21229	21230
103883	21233	21234
103884	21237	21238
103885	21245	52794
103886	21249	57752
103887	21258	21259
103888	21271	21272
103889	21273	21274
103890	81304	23123
103891	21281	59514
103892	21298	21303
103893	21302	21305
103894	21308	48275
103895	21310	21313
103896	21322	21323
103897	21324	21327
103898	21329	21330
103899	21331	21332
103900	21333	21334
103901	21423	22321
103902	21339	21351
103903	21344	21352
103904	21346	21347
103905	21353	21354
103906	1410	1749
103907	21355	54452
103908	21361	21362
103909	21363	21364
103910	21365	21368
103911	21369	21370
103912	21371	21373
103913	21374	21376
103914	21377	21378
103915	21379	21380
103916	509	10969
103917	21386	21388
103918	21389	21390
103919	21398	59571
103920	21405	43594
103921	21418	21420
103922	21422	21425
103923	21424	21432
103924	21429	21431
103925	21438	21439
103926	21440	21441
103927	21442	21443
103928	21444	59597
103929	21453	21490
103930	21461	21483
103931	21467	21468
103932	21469	21476
103933	21491	21492
103934	21496	21497
103935	21499	59687
103936	21508	21509
103937	21510	21515
103938	21519	21522
103939	21530	51886
103940	21538	22597
103941	21538	24781
103942	21540	21541
103943	21545	21554
103944	21562	24933
103945	21562	64184
103946	21569	21570
103947	21574	57120
103948	87383	14488
103949	1410	2793
103950	21580	63786
103951	206	35056
103952	89593	3823
103953	85171	21207
103954	21598	21628
103955	21610	21611
103956	21612	21613
103957	21626	21627
103958	21639	21640
103959	21642	59758
103960	21651	21654
103961	21656	21658
103962	21659	21660
103963	21661	21662
103964	21663	21664
103965	1410	6914
103966	21682	21683
103967	21684	21686
103968	21687	21688
103969	21689	21690
103970	21691	21692
103971	21693	21694
103972	21695	21696
103973	21697	21698
103974	21699	21700
103975	21701	59807
103976	21718	59823
103977	21722	59840
103978	21723	33150
103979	1411	4921
103980	509	3904
103981	1411	4652
103982	21744	21746
103983	21748	21749
103984	21751	59847
103985	509	5117
103986	21764	25227
103987	21766	21767
103988	21770	45702
103989	21793	26636
103990	21796	21797
103991	89582	24720
103992	21798	21799
103993	21816	21817
103994	21818	21819
103995	21821	21822
103996	21831	21833
103997	21834	21835
103998	21851	21852
103999	21854	35981
104000	21858	21859
104001	21864	21865
104002	21866	59990
104003	21870	21875
104004	21877	53818
104005	21878	57748
104006	21885	60044
104007	1412	3288
104008	21894	30290
104009	21898	21899
104010	21911	21912
104011	21913	21914
104012	21915	21916
104013	21918	21920
104014	21839	22124
104015	21924	21925
104016	21928	21938
104017	21939	21940
104018	21945	51584
104019	21951	21953
104020	21958	54846
104021	21969	57766
104022	21976	21987
104023	21980	21981
104024	21982	59255
104025	21996	21997
104026	206	1459
104027	22012	22013
104028	22015	22016
104029	22017	60109
104030	22023	22024
104031	22025	22028
104032	22036	56231
104033	1412	4675
104034	22049	22050
104035	22051	54742
104036	22054	59996
104037	22058	22059
104038	22065	22068
104039	22069	52885
104040	22076	22077
104041	22078	60149
104042	22080	22081
104043	22082	35103
104044	22085	27345
104045	22086	58017
104046	22093	22097
104047	22100	60179
104048	22108	22109
104049	22110	22111
104050	22112	60198
104051	22122	22828
104052	22127	55916
104053	22136	22139
104054	22152	22153
104055	22163	22164
104056	22166	22168
104057	22180	22182
104058	22185	26657
104059	22183	56889
104060	22189	22190
104061	22191	22192
104062	22193	22194
104063	22195	27017
104064	89617	22383
104065	22249	34878
104066	22202	22203
104067	22204	23620
104068	22230	22232
104069	22233	22234
104070	22227	40745
104071	22236	22237
104072	22238	22240
104073	22241	22242
104074	22243	22244
104075	22245	22246
104076	22260	57125
104077	22261	57135
104078	22270	22271
104079	22266	22267
104080	22201	34221
104081	22277	22329
104082	22279	22288
104083	22285	22286
104084	22289	22290
104085	22291	22293
104086	22294	58370
104087	22304	59258
104088	22309	22312
104089	85178	21976
104090	22319	51884
104091	1413	2648
104092	22321	31966
104093	22320	40700
104094	22327	60385
104095	22328	43595
104096	22335	22336
104097	1413	1796
104098	22355	22356
104099	22361	22362
104100	22363	22833
104101	22364	22368
104102	22370	22371
104103	1413	2482
104104	22396	22406
104105	22408	60402
104106	22417	43588
104107	22418	22419
104108	22421	22422
104109	1413	1944
104110	22460	24804
104111	22463	22467
104112	22469	22470
104113	22477	60508
104114	22483	60515
104115	22484	60516
104116	22487	22488
104117	22492	22499
104118	22495	22496
104119	22503	60537
104120	22513	22514
104121	22520	22522
104122	22526	22528
104123	22541	22542
104124	22552	53253
104125	22557	60590
104126	22561	22565
104127	22572	22573
104128	22574	22575
104129	22576	22579
104130	22578	22584
104131	22580	22581
104132	206	2830
104133	22582	22583
104134	22589	22590
104135	22595	22598
104136	22603	22604
104137	22607	22608
104138	22609	22621
104139	22622	22623
104140	22624	22625
104141	22626	22627
104142	22628	22629
104143	22630	22631
104144	22632	22633
104145	22634	22635
104146	22636	22637
104147	22639	22640
104148	22644	54166
104149	22657	22661
104150	22675	22678
104151	22691	59453
104152	22692	60650
104153	22700	22701
104154	22702	22703
104155	22705	22706
104156	22708	22709
104157	22711	22712
104158	22713	22714
104159	22737	22738
104160	22740	58505
104161	22743	22744
104162	22755	39586
104163	22758	22761
104164	22768	22770
104165	22781	22784
104166	22785	22786
104167	89599	2018
104168	22185	31869
104169	82823	2184
104170	22788	22792
104171	22796	28847
104172	22801	22803
104173	1414	2742
104174	22807	59040
104175	22809	22811
104176	89601	9979
104177	22823	22824
104178	22838	34742
104179	22839	38506
104180	22849	22850
104181	22851	22852
104182	22854	28612
104183	22857	22858
104184	22859	22863
104185	22867	60809
104186	22881	22882
104187	22893	52140
104188	22895	54019
104189	22760	34876
104190	22902	22904
104191	22905	22906
104192	22931	22932
104193	22933	22934
104194	22935	22937
104195	22940	50587
104196	22948	22949
104197	22950	22951
104198	22954	22955
104199	22957	22958
104200	22961	52824
104201	22975	22977
104202	22978	22979
104203	22993	22997
104204	22998	60875
104205	23003	23004
104206	23013	23016
104207	23018	23019
104208	23026	23027
104209	23030	61302
104210	23040	60902
104211	23044	60910
104212	23045	23048
104213	23062	50834
104214	23070	23071
104215	23074	23075
104216	23076	23078
104217	23089	23090
104218	23091	60919
104219	23095	23096
104220	23098	60947
104221	1414	5778
104222	23105	40839
104223	23138	43289
104224	23113	25898
104225	23122	39988
104226	23123	37380
104227	23131	31801
104228	23150	23151
104229	23152	56878
104230	23157	48309
104231	23160	26576
104232	23165	23168
104233	23175	23176
104234	23180	23181
104235	23185	23186
104236	23187	23188
104237	23189	23190
104238	23194	23198
104239	23209	23210
104240	23220	23221
104241	23225	23226
104242	23230	23232
104243	1414	2884
104244	89614	22869
104245	23237	23238
104246	23252	23253
104247	23254	23255
104248	23257	23259
104249	23262	23263
104250	23292	31343
104251	23264	23265
104252	23285	23286
104253	23289	23291
104254	23294	25719
104255	23296	23297
104256	23298	55401
104257	23309	23310
104258	23314	23316
104259	23313	23317
104260	23322	23323
104261	23329	57913
104262	23344	23346
104263	23351	23352
104264	23355	27485
104265	23319	23321
104266	23372	23373
104267	23374	23375
104268	23376	23378
104269	23379	23380
104270	23382	23383
104271	23385	23387
104272	23388	23391
104273	23395	23396
104274	1414	46179
104275	23408	60765
104276	23431	23432
104277	23433	23434
104278	23441	61039
104279	23452	23453
104280	23454	23455
104281	23456	23457
104282	23458	23459
104283	23460	61266
104284	23463	23464
104285	23465	62715
104286	23474	23475
104287	23478	23479
104288	23483	23484
104289	89736	52267
104290	89629	24173
104291	23485	23486
104292	23488	23490
104293	23493	68483
104294	78365	13332
104295	1414	4546
104296	23503	23509
104297	23506	23513
104298	23514	45820
104299	23521	38425
104300	23522	23525
104301	23526	23527
104302	23528	69420
104303	23556	23557
104304	23558	54631
104305	23559	23561
104306	23563	23564
104307	511	2916
104308	23605	61178
104309	23607	61190
104310	23618	23619
104311	23620	24203
104312	23631	23632
104313	23633	23634
104314	23636	23638
104315	23643	23644
104316	23647	23648
104317	23655	55233
104318	23659	60439
104319	23663	23664
104320	23668	61201
104321	23681	40477
104322	23689	23690
104323	23691	61277
104324	23695	61314
104325	23698	23699
104326	23714	61317
104327	23719	24122
104328	23736	54968
104329	23738	27699
104330	23741	23744
104331	23749	23750
104332	23751	23752
104333	23753	61321
104334	23755	23756
104335	23758	23761
104336	511	683
104337	23762	23763
104338	23768	56793
104339	23771	58597
104340	23776	58910
104341	23781	23782
104342	23783	23784
104343	23787	23788
104344	23789	54956
104345	23794	23797
104346	23831	24416
104347	23806	55658
104348	23815	23825
104349	23818	23826
104350	23830	23833
104351	23843	58969
104352	23849	59968
104353	23851	23852
104354	23853	61394
104355	23862	23863
104356	23864	23865
104357	23867	60035
104358	23875	23878
104359	23882	26853
104360	23886	30006
104361	23891	23892
104362	23903	45352
104363	23904	23905
104364	23906	23907
104365	23908	23909
104366	23913	23919
104367	23920	23921
104368	23922	23923
104369	23935	59918
104370	23940	36060
104371	23941	23942
104372	23945	23947
104373	23959	23960
104374	23961	23962
104375	23963	23964
104376	23965	23967
104377	23968	23969
104378	23970	61448
104379	23973	23974
104380	23975	61449
104381	23976	23977
104382	23984	28776
104383	23986	23987
104384	23991	23992
104385	511	2605
104386	23993	23995
104387	23996	23997
104388	23998	23999
104389	24000	24001
104390	24002	24004
104391	24003	24014
104392	24005	24006
104393	24008	24015
104394	24020	24021
104395	24028	51236
104396	24027	51237
104397	24033	24034
104398	24040	24042
104399	24043	24044
104400	24048	24049
104401	24054	44005
104402	24058	61470
104403	24066	61481
104404	1415	2452
104405	24075	24076
104406	24077	24078
104407	24080	61499
104408	24088	25905
104409	24089	46576
104410	24093	24094
104411	24095	24096
104412	24102	24103
104413	24106	24107
104414	24112	24113
104415	24125	61504
104416	24131	24132
104417	24133	24134
104418	24135	24136
104419	24137	24138
104420	24139	24140
104421	24149	61519
104422	24170	29423
104423	24174	24175
104424	24183	24185
104425	24186	24187
104426	24188	24189
104427	24192	24193
104428	511	3600
104429	24198	62873
104430	24204	66192
104431	24205	24206
104432	24209	24211
104433	24213	24214
104434	24221	24225
104435	24239	24240
104436	24243	41187
104437	24253	24254
104438	24255	24256
104439	24271	24272
104440	24276	61575
104441	1416	1463
104442	24290	53435
104443	24295	57280
104444	24298	57292
104445	24300	60357
104446	24306	26928
104447	24307	24308
104448	24309	24311
104449	24314	61582
104450	24320	40935
104451	24326	39627
104452	24337	24339
104453	24343	24344
104454	24354	24355
104455	24359	31796
104456	24366	26526
104457	24369	24371
104458	24372	24373
104459	1416	1517
104460	24396	53753
104461	24386	24387
104462	24389	24391
104463	24398	58954
104464	24402	61635
104465	24404	61637
104466	24410	24411
104467	24412	24413
104468	24418	24422
104469	24419	24420
104470	24424	60282
104471	24428	61209
104472	24429	24430
104473	24431	24432
104474	24440	48042
104475	24442	24443
104476	24444	50414
104477	24460	58650
104478	24450	56841
104479	24462	24463
104480	24468	24469
104481	24471	24472
104482	24493	26857
104483	24498	24500
104484	24502	61705
104485	24505	24506
104486	24509	61729
104487	24519	24520
104488	24523	61730
104489	24527	24528
104490	24533	61745
104491	24540	62595
104492	24545	46230
104493	24562	24563
104494	24564	24565
104495	24567	24568
104496	24569	24571
104497	24572	24573
104498	24574	24575
104499	24576	24577
104500	1416	4211
104501	24578	24579
104502	24585	24596
104503	24589	24590
104504	24591	61763
104505	24626	24629
104506	24635	24637
104507	1416	4692
104508	24641	24643
104509	24646	24647
104510	24648	24650
104511	24651	24653
104512	24654	24655
104513	24656	24657
104514	24658	24660
104515	24661	24662
104516	24663	59293
104517	24670	24672
104518	24673	24674
104519	24676	24677
104520	24678	24679
104521	24681	24682
104522	24685	24686
104523	24693	61783
104524	24702	32043
104525	24700	24701
104526	1416	3137
104527	1416	3073
104528	24721	37719
104529	24727	31978
104530	24720	31973
104531	24745	24747
104532	24758	24761
104533	24757	44344
104534	24769	24772
104535	24770	43363
104536	24778	57499
104537	1416	13317
104538	24791	24825
104539	24796	24797
104540	24809	24810
104541	24819	61797
104542	24821	61798
104543	24840	24841
104544	511	2665
104545	24859	61811
104546	24865	24907
104547	24870	48375
104548	24874	24876
104549	24877	61815
104550	24882	24908
104551	24885	24886
104552	24887	24888
104553	24891	24894
104554	24895	42107
104555	24900	46901
104556	24928	24933
104557	24903	35808
104558	24913	61838
104559	24914	75361
104560	24918	24919
104561	24922	24930
104562	24920	24921
104563	24925	36054
104564	1417	3113
104565	83819	2220
104566	24938	24939
104567	24942	27005
104568	24947	24948
104569	24952	58046
104570	24953	58575
104571	24954	24955
104572	24956	24958
104573	24960	24962
104574	24963	24964
104575	24977	61852
104576	24983	24984
104577	24985	24986
104578	24987	24988
104579	24992	24993
104580	24998	24999
104581	25005	52847
104582	25015	55911
104583	25017	39018
104584	25018	25019
104585	25020	61861
104586	25023	61864
104587	25025	61872
104588	25027	61876
104589	25028	25894
104590	25032	61880
104591	25046	61909
104592	25058	25059
104593	25061	48726
104594	25064	59370
104595	25066	61923
104596	25069	54133
104597	25078	25079
104598	25083	25084
104599	25087	61441
104600	25090	25091
104601	25095	25101
104602	25116	53363
104603	25117	53361
104604	25123	25124
104605	25140	54211
104606	25144	25145
104607	25151	25152
104608	25158	25159
104609	25160	25161
104610	25162	25163
104611	25164	25165
104612	25166	25167
104613	25179	25180
104614	25185	25186
104615	25202	25203
104616	25204	25206
104617	25213	25217
104618	25218	25219
104619	25221	25222
104620	25230	52243
104621	25237	38670
104622	89643	34696
104623	85202	34280
104624	25251	25254
104625	25263	25266
104626	25267	25268
104627	25269	25270
104628	25271	25273
104629	25274	25275
104630	25276	25278
104631	25279	25280
104632	25281	25282
104633	25284	25288
104634	25291	25292
104635	25293	25294
104636	25296	25297
104637	25309	25311
104638	25310	29524
104639	25313	25329
104640	1417	42050
104641	25331	25332
104642	25334	25335
104643	25336	25338
104644	25339	25340
104645	25341	25342
104646	25344	25345
104647	25346	25347
104648	25371	25372
104649	25374	25375
104650	25376	25378
104651	25379	25380
104652	25384	25387
104653	25386	61068
104654	25391	25392
104655	25397	25398
104656	25399	25401
104657	25402	25403
104658	25410	61975
104659	25419	25420
104660	25422	25423
104661	25424	25425
104662	25431	25432
104663	25433	25436
104664	25437	25438
104665	25441	61989
104666	25447	25449
104667	25450	25451
104668	25452	60786
104669	25458	65766
104670	25472	25474
104671	1417	3799
104672	25479	25481
104673	25482	25483
104674	25490	62020
104675	25499	52184
104676	25509	25510
104677	25512	25514
104678	25518	25519
104679	25520	57023
104680	25522	57102
104681	25536	25537
104682	25544	25546
104683	25588	56750
104684	25549	59353
104685	25552	26374
104686	25566	25567
104687	25575	25576
104688	25577	54565
104689	25581	25582
104690	25583	25584
104691	25590	25591
104692	25594	25595
104693	25605	25607
104694	25608	25609
104695	25610	62244
104696	25615	60119
104697	25617	60496
104698	25626	62040
104699	25628	25629
104700	1417	5354
104701	25640	25641
104702	25573	49741
104703	25642	25650
104704	25656	62287
104705	25659	62305
104706	25661	25662
104707	25669	25670
104708	25671	25672
104709	25673	25675
104710	25676	25677
104711	25678	25679
104712	25680	25681
104713	25683	57495
104714	25692	25693
104715	25698	59989
104716	25702	62317
104717	25705	25706
104718	25710	25711
104719	25712	25713
104720	25717	62324
104721	25718	50359
104722	25728	25735
104723	25740	25763
104724	25741	25757
104725	25748	31901
104726	25771	58214
104727	25783	25784
104728	25792	60272
104729	25800	25801
104730	25802	25803
104731	25806	25807
104732	25817	25819
104733	25820	25821
104734	25822	25823
104735	25824	25825
104736	25826	62341
104737	25829	62342
104738	25849	55967
104739	25868	57572
104740	25854	27596
104741	25859	57085
104742	25871	57699
104743	25874	25875
104744	25878	58668
104745	25881	58884
104746	25891	26661
104747	25928	25930
104748	25932	25933
104749	25934	25938
104750	85209	82776
104751	1420	2392
104752	207	286
104753	25940	25942
104754	21734	21736
104755	25944	25946
104756	1420	3588
104757	25947	25948
104758	25949	25950
104759	25951	25952
104760	25955	25957
104761	25960	25965
104762	25968	25969
104763	25971	25974
104764	511	2789
104765	25975	25976
104766	25977	25979
104767	207	518
104768	25981	25985
104769	1420	19613
104770	25987	25988
104771	207	473
104772	25989	25990
104773	25991	25992
104774	25993	25994
104775	25996	25997
104776	25998	26000
104777	26001	26002
104778	26004	26005
104779	26006	26007
104780	1420	11529
104781	511	30290
104782	26008	26009
104783	26011	26146
104784	26012	26013
104785	512	2675
104786	26016	26017
104787	26018	26019
104788	207	2116
104789	26020	26022
104790	26023	26024
104791	512	1102
104792	26027	26064
104793	26031	26087
104794	26033	26039
104795	512	711
104796	26065	26066
104797	26067	26068
104798	26069	26070
104799	89659	38874
104800	26071	26073
104801	26074	26075
104802	207	2870
104803	1421	9811
104804	26076	26077
104805	26078	26079
104806	26080	26081
104807	26082	26083
104808	26084	26085
104809	1421	3671
104810	26086	26089
104811	26090	26091
104812	26092	26093
104813	26094	26095
104814	81322	24851
104815	26096	26097
104816	26098	26099
104817	26100	26101
104818	512	812
104819	26103	26104
104820	26105	26106
104821	26107	26108
104822	26110	26111
104823	1422	3680
104824	26112	26113
104825	1422	1930
104826	26114	26115
104827	1422	2854
104828	26116	26117
104829	26118	26119
104830	26120	26121
104831	26123	26124
104832	26125	26127
104833	1423	2640
104834	26128	26129
104835	26130	26131
104836	512	659
104837	26133	26134
104838	26135	26136
104839	26137	26138
104840	26139	26140
104841	26141	26142
104842	512	1429
104843	26143	26144
104844	26145	26147
104845	26148	26149
104846	26150	26151
104847	26152	26153
104848	26154	26155
104849	1424	2391
104850	26156	26157
104851	26158	26159
104852	26160	26161
104853	26163	26164
104854	26165	26166
104855	26167	26168
104856	26169	26170
104857	26171	26172
104858	1424	2146
104859	26174	26176
104860	26177	26178
104861	26179	26180
104862	26182	26183
104863	26184	26185
104864	26186	26187
104865	26188	26189
104866	26190	26191
104867	26193	59176
104868	26194	26195
104869	26198	26199
104870	26213	26258
104871	26205	26206
104872	26207	26209
104873	26210	26211
104874	26215	60546
104875	26223	26231
104876	26233	26363
104877	26243	39625
104878	26247	26381
104879	26244	36901
104880	26253	26382
104881	26262	26265
104882	207	5125
104883	26269	26270
104884	26272	26273
104885	26275	26278
104886	26279	26280
104887	26281	26284
104888	26285	26286
104889	26287	26288
104890	26289	26290
104891	26291	26293
104892	26294	26296
104893	26297	26298
104894	1424	2089
104895	26300	26301
104896	26302	26303
104897	26306	26307
104898	26308	26309
104899	26310	26311
104900	26312	26313
104901	103	14891
104902	26314	26317
104903	26318	26319
104904	26320	26321
104905	26322	26323
104906	26324	26325
104907	26327	26329
104908	26330	26331
104909	26332	26333
104910	26334	26335
104911	26336	26337
104912	26338	26339
104913	26340	26341
104914	26342	26343
104915	26344	26345
104916	26346	26347
104917	26348	26349
104918	26350	26351
104919	512	4269
104920	26352	26353
104921	26354	26355
104922	26356	26357
104923	26358	26360
104924	26361	26362
104925	26364	26366
104926	26367	26368
104927	1425	6589
104928	26369	26371
104929	26383	26385
104930	26386	26387
104931	1425	1499
104932	26388	26390
104933	26391	26392
104934	26393	26394
104935	26395	26396
104936	26397	26398
104937	26399	26400
104938	26401	26402
104939	26403	26404
104940	26407	26408
104941	26409	26410
104942	26411	26412
104943	26413	26414
104944	26415	26416
104945	26417	26418
104946	26419	26420
104947	26421	26422
104948	26423	26424
104949	26425	26426
104950	26429	60803
104951	26438	26440
104952	26441	26442
104953	26443	62060
104954	26444	26446
104955	26456	26458
104956	26459	26460
104957	89735	53224
104958	1425	5162
104959	26468	26469
104960	26475	62362
104961	26481	26482
104962	26485	41197
104963	26492	62385
104964	26503	26504
104965	207	7178
104966	26520	26522
104967	26524	62392
104968	26541	26543
104969	26546	62954
104970	26555	36033
104971	26562	26993
104972	26586	62417
104973	26591	62420
104974	1426	3983
104975	26596	55379
104976	26600	62429
104977	26603	26605
104978	26613	26614
104979	26615	26616
104980	26618	26619
104981	26622	26623
104982	26626	26629
104983	26632	38023
104984	26632	65492
104985	1425	2617
104986	26641	37996
104987	26643	26645
104988	26644	42720
104989	26646	26648
104990	26651	26674
104991	26677	26678
104992	26680	53402
104993	26681	26682
104994	26683	55365
104995	26691	26692
104996	26693	26694
104997	26695	26701
104998	26706	26707
104999	26711	45795
105000	104	2665
105001	26716	26717
105002	104	2668
105003	26730	26731
105004	1425	4281
105005	104	2710
105006	26732	26733
105007	26734	26735
105008	1426	3595
105009	26737	26738
105010	26740	26742
105011	1425	4360
105012	26743	26744
105013	26747	26748
105014	26749	26750
105015	26751	26752
105016	1425	3929
105017	26754	26755
105018	1425	21315
105019	26756	26757
105020	26759	26761
105021	26762	26765
105022	26766	26767
105023	26768	26771
105024	26773	26774
105025	26776	26777
105026	26778	26779
105027	26780	26782
105028	26783	26784
105029	26785	26786
105030	26787	26788
105031	26793	26794
105032	26795	60782
105033	26801	60844
105034	26808	26809
105035	26810	61074
105036	26814	26816
105037	26817	62446
105038	26823	62447
105039	26824	26825
105040	26827	26828
105041	26832	26834
105042	26836	26837
105043	26840	26842
105044	26849	62452
105045	26852	62454
105046	26881	26882
105047	26883	26884
105048	26885	62469
105049	26888	51056
105050	26891	26892
105051	26894	26895
105052	26904	51388
105053	26907	26909
105054	26910	26911
105055	26937	26938
105056	26940	26941
105057	26944	26947
105058	26948	26949
105059	26950	26951
105060	89678	3177
105061	26952	26956
105062	26959	26960
105063	26962	26966
105064	26976	35572
105065	26979	26980
105066	26981	26982
105067	26984	26985
105068	26986	26987
105069	26988	26989
105070	26992	47550
105071	512	3479
105072	26993	32042
105073	89677	7412
105074	27005	27310
105075	27013	27014
105076	27017	32016
105077	27023	27025
105078	27026	27030
105079	27031	27033
105080	27034	27038
105081	27039	27040
105082	27043	27044
105083	27049	27051
105084	27062	27064
105085	27065	27066
105086	27067	27068
105087	27069	27070
105088	27071	27072
105089	27073	27074
105090	27075	27076
105091	27077	27078
105092	27079	27080
105093	27081	27082
105094	27092	27093
105095	27094	27095
105096	27096	27097
105097	27101	62492
105098	27106	27110
105099	27118	27119
105100	27120	62497
105101	27141	27142
105102	27125	27126
105103	27127	27128
105104	27129	62500
105105	27132	27136
105106	27139	27140
105107	27149	27152
105108	27153	27154
105109	27156	27157
105110	27169	55282
105111	27172	61252
105112	27177	62517
105113	27184	27185
105114	27190	27193
105115	27198	27200
105116	27204	27205
105117	27206	27209
105118	27210	27211
105119	27214	27215
105120	27216	27218
105121	27219	27220
105122	27222	27223
105123	27224	27226
105124	27228	27229
105125	27247	27248
105126	27256	27257
105127	27272	27273
105128	27274	27276
105129	27277	27278
105130	27284	62584
105131	27291	27296
105132	27302	27303
105133	104	425
105134	87388	86103
105135	27314	57016
105136	85222	837
105137	85225	81
105138	27349	52774
105139	27351	27359
105140	27396	27397
105141	27369	27370
105142	27372	27373
105143	27390	27391
105144	27392	27393
105145	27395	57732
105146	27399	27400
105147	27401	27402
105148	27405	59237
105149	27408	27409
105150	27416	39805
105151	27419	62686
105152	27421	62636
105153	27426	62729
105154	27427	61685
105155	27429	62740
105156	27433	27434
105157	27435	27439
105158	27443	57915
105159	27450	27451
105160	27462	27464
105161	27466	27468
105162	27474	62789
105163	27479	27480
105164	27488	27489
105165	27490	27491
105166	27492	27493
105167	27494	27495
105168	27497	27498
105169	27499	27500
105170	27501	27502
105171	27503	27506
105172	27507	27509
105173	27510	27511
105174	27512	27513
105175	27514	27515
105176	27520	27522
105177	27525	27526
105178	27529	62271
105179	27536	27537
105180	27538	27540
105181	27541	27542
105182	27543	27544
105183	27545	27546
105184	104	1011
105185	27547	27548
105186	27549	27550
105187	27551	27553
105188	27554	27556
105189	27558	41986
105190	27570	27571
105191	27572	60743
105192	27574	29061
105193	27595	31980
105194	27583	27584
105195	27585	27586
105196	27599	27600
105197	27604	55271
105198	27611	27613
105199	27614	27615
105200	27617	27619
105201	27623	27624
105202	27639	65799
105203	27642	59397
105204	27645	27646
105205	27647	27648
105206	27650	27651
105207	27652	27653
105208	27656	62939
105209	27657	62951
105210	27662	62953
105211	27668	27670
105212	27671	27672
105213	27682	27685
105214	27702	27706
105215	27728	27730
105216	27725	27726
105217	27736	27737
105218	27741	27742
105219	27743	27744
105220	27752	27753
105221	27765	27769
105222	27770	51292
105223	27775	27778
105224	27780	27781
105225	27795	27796
105226	27798	27800
105227	27801	27802
105228	27806	62459
105229	27810	27812
105230	27817	27818
105231	27819	27820
105232	27821	27823
105233	27824	27825
105234	27835	27836
105235	27838	27839
105236	27865	27866
105237	27870	27871
105238	27873	27875
105239	27878	27879
105240	27881	27882
105241	27894	49314
105242	27898	63036
105243	27900	27901
105244	27903	27904
105245	514	6806
105246	27912	27913
105247	27916	27917
105248	27918	27919
105249	27920	27921
105250	27922	27923
105251	27924	27925
105252	27926	27927
105253	27928	27929
105254	27930	27931
105255	27932	27933
105256	27935	27936
105257	27937	27938
105258	27939	27940
105259	27941	27942
105260	27943	27944
105261	27945	27947
105262	27948	63051
105263	27953	63055
105264	27954	63061
105265	27955	63074
105266	27958	27959
105267	27960	27961
105268	27963	27965
105269	27966	63115
105270	27970	27974
105271	27979	27980
105272	27988	27989
105273	27991	60576
105274	27997	57691
105275	28003	28004
105276	28007	28008
105277	28009	28012
105278	28016	61698
105279	28020	63174
105280	28026	63181
105281	28027	63183
105282	28029	28030
105283	28031	28032
105284	28036	63192
105285	28037	28045
105286	28048	28049
105287	28064	28065
105288	28066	28067
105289	28068	63211
105290	28072	28074
105291	28076	28077
105292	28079	54965
105293	28085	28118
105294	28093	28096
105295	28097	28098
105296	28099	56850
105297	28102	28105
105298	28134	28135
105299	28115	63222
105300	28127	60351
105301	28128	28130
105302	28131	61649
105303	28139	28140
105304	28143	63234
105305	28149	63256
105306	28165	63265
105307	28168	28170
105308	28175	28182
105309	28176	28177
105310	28178	28179
105311	28181	63272
105312	28184	28185
105313	28187	52038
105314	28200	61760
105315	28205	28206
105316	28207	28208
105317	28209	28210
105318	28213	28214
105319	28215	28216
105320	28217	28218
105321	28219	37975
105322	28228	28230
105323	28247	28248
105324	28249	28250
105325	28251	28252
105326	28253	63286
105327	28256	29632
105328	28258	63287
105329	28266	28267
105330	28276	28277
105331	28278	28279
105332	28281	28282
105333	28284	28285
105334	28286	28288
105335	28292	62590
105336	28303	63305
105337	28304	28305
105338	28306	28307
105339	28313	28323
105340	28315	28316
105341	28320	63315
105342	28330	28332
105343	28336	48336
105344	515	2867
105345	28342	28343
105346	85240	25953
105347	28358	28359
105348	28364	48361
105349	28366	28369
105350	28370	28371
105351	1427	3599
105352	28375	63367
105353	28379	63380
105354	28380	28381
105355	28382	63381
105356	514	2296
105357	28388	28391
105358	28393	28396
105359	28397	28398
105360	28402	48393
105361	28414	28415
105362	28416	28417
105363	28419	28420
105364	28421	44278
105365	207	7926
105366	28444	28445
105367	28448	28449
105368	514	3646
105369	28450	28451
105370	28452	28453
105371	28455	28456
105372	28457	28458
105373	28460	28461
105374	28462	28463
105375	28464	28465
105376	28466	28467
105377	28468	28471
105378	28472	61753
105379	28489	46814
105380	28498	28499
105381	28500	28501
105382	28510	28514
105383	28512	28513
105384	28511	62064
105385	28516	63424
105386	28519	63425
105387	28527	28529
105388	28532	63435
105389	89702	85248
105390	28551	28552
105391	28553	28554
105392	28555	28556
105393	89698	82606
105394	28557	28558
105395	28559	28560
105396	28561	28562
105397	28563	28564
105398	28569	63444
105399	28574	63464
105400	28586	28587
105401	28610	28624
105402	28618	28619
105403	28620	28621
105404	28626	28627
105405	28629	28632
105406	28634	28635
105407	28636	28638
105408	28655	28656
105409	28658	28659
105410	28660	28661
105411	28663	28664
105412	28667	28669
105413	28671	38731
105414	28673	28676
105415	28677	28679
105416	28686	28749
105417	28690	57254
105418	28695	28697
105419	28698	28699
105420	28700	28704
105421	28705	28706
105422	1427	3897
105423	28711	28712
105424	28736	28737
105425	28738	28740
105426	28743	28744
105427	28750	28751
105428	28752	50228
105429	28763	43719
105430	28767	29870
105431	28778	28783
105432	28786	28826
105433	8	789
105434	28820	28821
105435	28815	28816
105436	1427	4962
105437	28838	28842
105438	28647	37377
105439	28843	28845
105440	28857	28859
105441	28896	28898
105442	28901	28902
105443	28903	28904
105444	28908	28961
105445	28915	28968
105446	28928	28929
105447	28932	28934
105448	28935	28939
105449	28942	28945
105450	28949	28978
105451	28979	28980
105452	28982	28983
105453	104	1063
105454	28984	28985
105455	208	769
105456	28988	28989
105457	28990	28993
105458	28994	28995
105459	28996	28997
105460	28998	28999
105461	29000	29001
105462	29003	29004
105463	29005	29006
105464	29008	29009
105465	29010	55784
105466	29013	29014
105467	29022	43694
105468	29025	29027
105469	29029	29032
105470	29041	56826
105471	29043	29044
105472	515	812
105473	208	3012
105474	29062	34007
105475	29079	29081
105476	29083	29084
105477	29090	29091
105478	29093	29150
105479	29096	29099
105480	29101	29103
105481	29102	29134
105482	29111	30311
105483	1427	4961
105484	29135	29136
105485	29137	29139
105486	29138	29141
105487	29140	29142
105488	29143	29144
105489	29145	29146
105490	29151	29152
105491	29153	29154
105492	29158	29159
105493	29170	29179
105494	29182	29183
105495	29199	47944
105496	29200	29201
105497	29202	29203
105498	29204	60801
105499	515	2814
105500	515	3112
105501	29221	29238
105502	29239	29240
105503	29241	29242
105504	29248	29249
105505	29250	29252
105506	29247	29251
105507	29254	62602
105508	29265	29266
105509	29267	63932
105510	29274	65244
105511	29276	29277
105512	29284	29285
105513	29293	63385
105514	29297	29298
105515	29299	53513
105516	29306	61658
105517	29313	29315
105518	29317	29318
105519	29339	29340
105520	29351	54849
105521	29356	29358
105522	29362	29364
105523	29373	29374
105524	29377	29378
105525	29381	49967
105526	29383	55217
105527	29388	29389
105528	29390	29392
105529	29393	29394
105530	29397	29398
105531	29406	29407
105532	29408	29409
105533	29412	29414
105534	29431	29433
105535	29434	29435
105536	29437	29438
105537	29440	29441
105538	29442	29443
105539	29444	29446
105540	29447	29449
105541	29450	29452
105542	29453	29454
105543	29455	29456
105544	29457	29458
105545	29459	29462
105546	29464	29465
105547	29469	29470
105548	29472	29473
105549	29474	29475
105550	29477	29478
105551	29479	29480
105552	29488	29491
105553	29492	29493
105554	29494	29495
105555	29497	29500
105556	29501	29502
105557	29509	29512
105558	29513	29514
105559	29515	29516
105560	29517	29518
105561	89711	79620
105562	29520	29522
105563	29521	34543
105564	29525	29527
105565	29535	29536
105566	29544	63646
105567	29547	63649
105568	29550	63651
105569	29562	29566
105570	29563	29565
105571	29569	29570
105572	29571	29573
105573	29574	29575
105574	29576	29577
105575	29578	29579
105576	29580	29581
105577	29582	29583
105578	208	453
105579	515	2421
105580	29584	29585
105581	29587	29588
105582	29589	29590
105583	29591	29592
105584	29594	29597
105585	29598	29599
105586	29600	29602
105587	29603	29604
105588	29605	29606
105589	29607	29608
105590	29609	29610
105591	29611	29612
105592	29617	29618
105593	29619	29620
105594	29625	29626
105595	29630	63655
105596	29643	29644
105597	29645	75399
105598	29646	54224
105599	29652	29655
105600	29656	29657
105601	29659	59260
105602	29661	29662
105603	29667	29668
105604	29669	29671
105605	29673	29674
105606	29680	66741
105607	29684	57140
105608	29685	29686
105609	29689	29690
105610	29693	29695
105611	29697	29698
105612	29699	29704
105613	29705	29707
105614	29708	29712
105615	29716	29717
105616	29718	52602
105617	29723	58510
105618	29724	29725
105619	29731	29732
105620	29733	29734
105621	29735	29736
105622	1428	1778
105623	29737	60713
105624	29739	29740
105625	29746	29747
105626	29749	62169
105627	29764	29766
105628	29768	29769
105629	29775	29776
105630	29780	29783
105631	29784	29786
105632	29792	29793
105633	29795	29796
105634	29797	29798
105635	29801	63675
105636	29805	63682
105637	29809	29810
105638	29811	29812
105639	29814	63697
105640	29816	29817
105641	29820	63885
105642	29825	29830
105643	29832	29833
105644	29834	65715
105645	29853	75633
105646	29871	29873
105647	29874	29875
105648	29876	29877
105649	29878	29879
105650	29880	29882
105651	29884	29888
105652	29893	29896
105653	29897	29903
105654	29898	29904
105655	29905	29908
105656	29907	29909
105657	29911	29912
105658	29914	29915
105659	29916	29917
105660	29919	29920
105661	29930	63537
105662	29934	29935
105663	29938	29939
105664	29940	29941
105665	29945	29947
105666	29949	29951
105667	29952	29954
105668	29955	29956
105669	29957	29958
105670	29959	29960
105671	29964	29966
105672	29979	29980
105673	29981	29982
105674	29983	29984
105675	29985	29986
105676	29989	29990
105677	29992	29993
105678	29994	29995
105679	29998	30002
105680	30005	59268
105681	1428	3553
105682	30011	59876
105683	30027	37390
105684	30041	63162
105685	30050	63603
105686	30051	30052
105687	30053	63729
105688	30054	30056
105689	30057	63733
105690	30059	30060
105691	30062	30063
105692	30065	63737
105693	30068	58893
105694	30074	63745
105695	30078	30080
105696	30093	30094
105697	30096	30097
105698	30104	30105
105699	30112	66761
105700	30123	30124
105701	30134	30135
105702	30136	63797
105703	30146	30147
105704	30148	30149
105705	30154	30155
105706	30157	60728
105707	30163	30165
105708	30166	63805
105709	30168	63809
105710	30170	30171
105711	30174	63814
105712	30184	63826
105713	30194	30195
105714	30209	30210
105715	30217	30219
105716	30232	30233
105717	30239	30240
105718	30244	30246
105719	30247	30248
105720	30253	30254
105721	30255	30257
105722	30260	30262
105723	30263	30265
105724	30266	30267
105725	30269	30270
105726	30272	30274
105727	30121	30122
105728	30275	30277
105729	515	1443
105730	30278	30279
105731	30281	30283
105732	30284	30285
105733	30291	30292
105734	30293	30294
105735	30295	30296
105736	30297	30298
105737	30299	30300
105738	30301	30306
105739	30308	59332
105740	30320	63881
105741	30322	63884
105742	30329	30330
105743	30341	30343
105744	30368	30372
105745	30348	63893
105746	30356	30357
105747	30358	30359
105748	30362	30363
105749	30370	30373
105750	30381	30382
105751	30385	30386
105752	30387	30388
105753	30393	30394
105754	30397	30398
105755	30404	30405
105756	30407	30408
105757	30409	30410
105758	30411	30413
105759	30414	30415
105760	30416	30417
105761	30418	67606
105762	30422	30423
105763	30424	30425
105764	30426	30427
105765	30430	30431
105766	30432	30434
105767	30437	63915
105768	30441	30442
105769	30443	30444
105770	30445	30447
105771	30448	59342
105772	30453	30454
105773	30452	30457
105774	30456	62975
105775	30462	30463
105776	30471	63921
105777	30482	30483
105778	30485	30486
105779	30499	30500
105780	30501	30503
105781	30504	30505
105782	30506	30508
105783	30510	30511
105784	30512	30515
105785	30530	30532
105786	30533	30534
105787	30538	30542
105788	30543	59992
105789	30548	60824
105790	30550	30551
105791	30553	30554
105792	30555	30556
105793	30557	61073
105794	30571	30572
105795	30578	30579
105796	30580	62823
105797	30582	30583
105798	30590	63931
105799	30596	30597
105800	30598	63935
105801	30605	63939
105802	30606	47227
105803	30612	30613
105804	30614	30615
105805	30616	30620
105806	30621	30622
105807	30624	30625
105808	30628	64146
105809	30635	66245
105810	30636	66537
105811	30639	30640
105812	30644	30645
105813	30647	30649
105814	30650	67060
105815	30665	30666
105816	30682	59898
105817	30686	30687
105818	30688	63955
105819	30693	30694
105820	30695	30696
105821	30706	30707
105822	30708	54099
105823	30709	30712
105824	30715	30717
105825	30723	34122
105826	30725	30727
105827	30728	30729
105828	30731	30733
105829	30734	30739
105830	30760	30762
105831	30742	30745
105832	30744	30746
105833	30750	30751
105834	30754	56058
105835	30755	56154
105836	30772	30775
105837	30787	30788
105838	30793	30794
105839	30799	30800
105840	30801	30802
105841	30803	30804
105842	30807	30808
105843	30809	59902
105844	30818	45157
105845	30819	30820
105846	30821	30824
105847	30827	30828
105848	30829	30830
105849	30838	61661
105850	30839	30840
105851	30843	30844
105852	30848	61688
105853	30860	30861
105854	30873	30875
105855	30877	62544
105856	30884	62927
105857	30903	30904
105858	30907	30908
105859	30909	30910
105860	30915	30916
105861	30917	30918
105862	30921	30922
105863	30923	30924
105864	30927	64213
105865	30937	30940
105866	30941	30942
105867	30943	64226
105868	30946	30947
105869	30948	64479
105870	30949	30950
105871	30953	30954
105872	30962	30963
105873	30956	64641
105874	30964	30965
105875	30971	30972
105876	30974	30975
105877	30978	39622
105878	30988	65172
105879	30992	30993
105880	30998	65377
105881	31002	65495
105882	31003	31004
105883	31005	65527
105884	31013	65611
105885	31017	31018
105886	31020	65692
105887	31029	66001
105888	31033	66395
105889	31049	68181
105890	31052	31053
105891	31060	68672
105892	31070	31071
105893	31074	31075
105894	31079	31081
105895	31083	31084
105896	31085	69031
105897	31101	31102
105898	31105	31106
105899	31129	50829
105900	31133	31134
105901	31136	73560
105902	31153	58576
105903	31155	63552
105904	31157	63993
105905	31164	54607
105906	31165	31167
105907	31168	31169
105908	31178	57773
105909	31179	59407
105910	31181	31182
105911	31188	60214
105912	31195	31196
105913	31200	62227
105914	31211	31212
105915	31217	63156
105916	31219	63994
105917	31221	31222
105918	31227	31228
105919	31229	31230
105920	31236	31238
105921	31240	31241
105922	31248	31251
105923	31258	64697
105924	31291	69581
105925	31269	31270
105926	31271	67220
105927	31280	31281
105928	31285	68969
105929	31287	69452
105930	31300	73617
105931	31305	61827
105932	31310	64017
105933	31311	31312
105934	31313	55787
105935	31318	31319
105936	31322	58950
105937	31330	31331
105938	31334	64041
105939	31335	64048
105940	31347	31348
105941	31354	31355
105942	31357	60220
105943	31359	31363
105944	31361	60382
105945	31362	45794
105946	31364	45793
105947	31372	64082
105948	31376	64085
105949	31383	31384
105950	31385	31386
105951	31387	31390
105952	31396	43257
105953	31402	31403
105954	31408	31409
105955	31410	31411
105956	31416	31417
105957	31419	31420
105958	31429	36752
105959	31433	31436
105960	31437	31438
105961	31447	31450
105962	31451	31452
105963	31455	31456
105964	31464	31466
105965	31486	51855
105966	31496	31499
105967	31501	31502
105968	31506	31507
105969	31511	31514
105970	31515	31518
105971	31519	31523
105972	31524	31525
105973	31526	31527
105974	31528	31529
105975	31534	31537
105976	31538	31542
105977	31543	31545
105978	31547	31548
105979	31549	59440
105980	31556	31570
105981	31557	31562
105982	31558	31567
105983	31563	31569
105984	31566	31573
105985	31576	45292
105986	31572	31575
105987	31580	31582
105988	31589	31590
105989	31594	62629
105990	31596	62854
105991	31599	63145
105992	31603	64131
105993	31608	31609
105994	31610	64134
105995	31612	31613
105996	31614	31615
105997	31617	64139
105998	31632	31633
105999	31634	31635
106000	89729	66238
106001	31636	31637
106002	31639	31643
106003	31644	31645
106004	31651	65163
106005	31658	31659
106006	31676	66533
106007	31669	31671
106008	31672	65595
106009	31708	31710
106010	31694	69874
106011	31714	31719
106012	31730	52070
106013	31734	53392
106014	31735	31738
106015	31736	31739
106016	31744	31746
106017	31751	31753
106018	31754	31756
106019	31755	31757
106020	31760	31761
106021	31767	42764
106022	31772	32908
106023	31768	57240
106024	31775	59921
106025	31790	31791
106026	31802	31803
106027	31804	31805
106028	31806	31807
106029	31808	31809
106030	31816	31821
106031	31814	31815
106032	31830	31831
106033	31836	31837
106034	31848	31849
106035	31856	31857
106036	31875	31876
106037	31877	31878
106038	31880	31881
106039	31882	31883
106040	31884	31885
106041	31886	31887
106042	31904	31906
106043	31888	31889
106044	31890	31891
106045	31899	31900
106046	31892	31894
106047	31905	46365
106048	31903	31908
106049	31910	50603
106050	31911	31912
106051	31913	64164
106052	31918	31919
106053	31921	31922
106054	31929	31930
106055	31931	31933
106056	31934	31935
106057	31936	31937
106058	31938	31939
106059	1428	3725
106060	31947	31948
106061	31949	31951
106062	31953	31954
106063	31956	31958
106064	31959	64169
106065	51	1815
106066	31965	31977
106067	516	4453
106068	31976	64172
106069	31979	46915
106070	31980	32029
106071	31985	31986
106072	83757	164
106073	32032	32033
106074	31996	31997
106075	31998	32000
106076	32004	32006
106077	32007	32008
106078	32010	64178
106079	32039	64179
106080	32040	57074
106081	32047	32062
106082	516	843
106083	32015	32028
106084	32055	32070
106085	32057	64181
106086	32059	32067
106087	32078	64183
106088	32079	39483
106089	32087	32092
106090	32090	32091
106091	31975	32046
106092	32103	32105
106093	32106	32108
106094	32110	64189
106095	32122	32123
106096	32124	64193
106097	32129	32130
106098	32140	32141
106099	32142	32143
106100	32145	32146
106101	32147	32148
106102	32149	32150
106103	32151	32152
106104	32153	32156
106105	32157	32158
106106	32159	32160
106107	1428	13297
106108	32161	32162
106109	32163	32164
106110	32165	32166
106111	32167	32168
106112	1429	1506
106113	1429	1630
106114	32169	32171
106115	32172	32173
106116	208	19653
106117	516	5766
106118	32174	32176
106119	32177	32178
106120	32179	32180
106121	32181	32182
106122	83789	76373
106123	85262	46840
106124	32183	32184
106125	32185	32186
106126	32187	32188
106127	32189	32190
106128	32192	32194
106129	517	1894
106130	32195	32196
106131	32198	32199
106132	32200	32201
106133	32202	32203
106134	32204	32205
106135	32206	32207
106136	517	2044
106137	32208	32209
106138	32210	32211
106139	32212	32213
106140	32214	32215
106141	32216	32217
106142	32218	32219
106143	32220	32221
106144	32222	32223
106145	32224	32225
106146	32226	32227
106147	32228	32229
106148	32230	32231
106149	32232	32233
106150	32234	32235
106151	208	676
106152	32236	32237
106153	32238	32239
106154	517	3605
106155	32240	32241
106156	1429	9172
106157	32242	32243
106158	32244	32245
106159	32246	32248
106160	32249	32250
106161	32251	32253
106162	32254	32255
106163	32256	32257
106164	32258	32259
106165	32260	32261
106166	32262	32263
106167	32264	32265
106168	32266	32267
106169	32268	32269
106170	32270	32271
106171	32272	32273
106172	32274	32275
106173	32277	32279
106174	32280	32282
106175	1431	3177
106176	32283	32284
106177	32285	32286
106178	32287	32288
106179	32289	32291
106180	32292	32293
106181	32294	32295
106182	32296	32297
106183	32298	32299
106184	32300	32301
106185	32302	32303
106186	32304	32305
106187	32306	32307
106188	32308	32309
106189	32310	32312
106190	32313	32314
106191	32315	32318
106192	1432	5297
106193	32319	32320
106194	32321	32322
106195	32323	32324
106196	32325	32326
106197	32327	32328
106198	32329	32330
106199	32331	32332
106200	32333	32334
106201	32335	32336
106202	32337	32338
106203	32339	58715
106204	32341	60552
106205	32347	32348
106206	32350	32353
106207	32357	32358
106208	32359	32361
106209	32363	32364
106210	32374	64145
106211	32377	32378
106212	32381	64198
106213	32389	32390
106214	32384	32385
106215	32393	32397
106216	32391	32392
106217	32403	60005
106218	32406	32407
106219	32408	32409
106220	32414	32415
106221	32418	62218
106222	32421	62801
106223	32440	32443
106224	32439	63505
106225	32455	32456
106226	32461	32463
106227	32465	32466
106228	32467	32468
106229	32485	32486
106230	32487	32488
106231	32495	52743
106232	32497	53256
106233	32502	59380
106234	32506	32507
106235	32508	32509
106236	32510	62717
106237	32514	64251
106238	32519	64262
106239	32533	32534
106240	32536	32538
106241	32539	32545
106242	32547	68474
106243	32565	32566
106244	32567	43304
106245	32568	32569
106246	32570	62105
106247	32572	64281
106248	32586	52126
106249	32591	38032
106250	89747	3133
106251	517	3394
106252	32606	32607
106253	32615	32616
106254	32618	32619
106255	32620	32621
106256	32622	32623
106257	32624	59441
106258	32629	32630
106259	32631	32632
106260	32634	32635
106261	32636	32637
106262	32651	46314
106263	32657	32658
106264	32659	32660
106265	32661	32662
106266	32663	32665
106267	32667	32670
106268	32673	32680
106269	32683	32684
106270	32687	32688
106271	32689	32690
106272	32691	32696
106273	32697	32698
106274	32700	32701
106275	32703	61450
106276	1433	1520
106277	32716	63082
106278	32720	32721
106279	32725	32726
106280	32727	32728
106281	32730	64301
106282	32735	32737
106283	32751	32752
106284	32753	64303
106285	32761	32763
106286	32764	32765
106287	32766	64600
106288	32768	64967
106289	32771	65959
106290	32773	66105
106291	32778	67030
106292	32784	67134
106293	32808	32812
106294	32810	32814
106295	32815	63350
106296	32818	32819
106297	32822	32824
106298	32836	32837
106299	32839	32840
106300	32841	58425
106301	32842	32843
106302	32685	32692
106303	32851	32852
106304	32854	32863
106305	32855	32857
106306	32858	32864
106307	32866	63593
106308	32868	64343
106309	32887	54960
106310	32899	64370
106311	32920	32921
106312	32922	32923
106313	32925	60608
106314	32928	32929
106315	32945	32946
106316	32948	32949
106317	32950	64386
106318	32959	32960
106319	32983	64423
106320	32988	32989
106321	32990	66342
106322	32996	66680
106323	32997	67139
106324	32998	32999
106325	33003	71538
106326	33006	33007
106327	33010	33011
106328	33018	33019
106329	33023	33024
106330	33025	33028
106331	33029	33030
106332	33044	33045
106333	33046	33047
106334	33048	33049
106335	33051	33052
106336	33039	56190
106337	33055	33063
106338	33064	33065
106339	33066	33068
106340	33071	61806
106341	33073	33074
106342	33090	61246
106343	33096	33097
106344	33098	33099
106345	33100	33101
106346	33102	33103
106347	33105	33106
106348	33108	64513
106349	33111	64516
106350	33114	64517
106351	33116	64529
106352	33119	33120
106353	33122	69264
106354	33123	33124
106355	33126	33127
106356	33130	64449
106357	33133	33134
106358	33140	33141
106359	33142	60160
106360	33157	33159
106361	33143	60236
106362	33145	33146
106363	33148	33149
106364	33154	62089
106365	33173	64534
106366	33178	33179
106367	33180	63555
106368	33187	64551
106369	33190	33191
106370	33192	33193
106371	33197	33198
106372	33224	64589
106373	33233	33234
106374	33237	65361
106375	33239	33240
106376	33241	33243
106377	33248	33249
106378	33256	33257
106379	33258	62919
106380	33259	64634
106381	33264	33265
106382	33267	33269
106383	33270	33271
106384	33272	33274
106385	33275	60090
106386	33277	62827
106387	33288	33289
106388	33297	33301
106389	33302	33304
106390	33305	55273
106391	33310	51415
106392	33313	33315
106393	33318	33319
106394	33324	33325
106395	33340	64650
106396	33355	33360
106397	33367	33368
106398	33371	63667
106399	33375	33376
106400	33377	33378
106401	33380	33381
106402	33382	33383
106403	33384	33385
106404	33388	33389
106405	33393	33394
106406	33399	64672
106407	33401	49658
106408	33406	33407
106409	33417	33419
106410	33422	33423
106411	33425	54650
106412	33427	55879
106413	33437	33439
106414	33440	33442
106415	33443	33445
106416	33455	33457
106417	33461	33462
106418	33468	33470
106419	33336	33339
106420	1433	3955
106421	33495	33496
106422	33498	64581
106423	33504	64686
106424	33511	33512
106425	33516	33517
106426	33557	36637
106427	33521	64694
106428	33524	33525
106429	33527	64696
106430	33528	64701
106431	33530	33531
106432	33532	64703
106433	33536	33537
106434	33539	64704
106435	33540	64705
106436	33547	64716
106437	33562	65067
106438	33561	65072
106439	33572	33573
106440	33578	65573
106441	33564	33565
106442	33582	33584
106443	33585	33586
106444	33593	33594
106445	33595	66768
106446	33597	33598
106447	33605	33607
106448	33609	33610
106449	33616	33617
106450	33618	33619
106451	33620	33621
106452	33627	33628
106453	33629	33630
106454	33633	33634
106455	1433	5284
106456	33635	46054
106457	33637	33638
106458	33648	33649
106459	33658	33660
106460	33663	33664
106461	33673	69627
106462	33678	33679
106463	208	2878
106464	33680	69849
106465	33681	69980
106466	33686	33687
106467	33688	70040
106468	33692	33693
106469	33694	70416
106470	33696	70420
106471	33698	70803
106472	33699	33700
106473	33705	47562
106474	33706	71846
106475	33711	33712
106476	33715	33716
106477	33729	33730
106478	33731	33732
106479	33671	33672
106480	33743	33744
106481	33752	33753
106482	33756	33757
106483	33770	33773
106484	33774	57339
106485	33776	63595
106486	33781	33782
106487	33786	33787
106488	33795	33796
106489	33797	33798
106490	33801	64732
106491	33805	33806
106492	33807	33808
106493	33817	33819
106494	33822	33824
106495	33829	33833
106496	33836	57667
106497	33839	33840
106498	33842	33843
106499	33846	33847
106500	33848	33849
106501	33850	58342
106502	33853	33854
106503	33857	33858
106504	33863	33864
106505	33865	33868
106506	33870	33871
106507	33872	33873
106508	33874	33875
106509	33883	33887
106510	33884	33886
106511	33891	33892
106512	33895	33897
106513	33899	33900
106514	33903	60381
106515	33910	33911
106516	33913	33915
106517	33920	33921
106518	33922	60779
106519	33929	33930
106520	33932	64519
106521	33934	64611
106522	33935	33936
106523	33940	64746
106524	33944	33945
106525	33950	64747
106526	33955	33956
106527	33957	64757
106528	33975	33976
106529	33980	64770
106530	33983	33984
106531	33985	33986
106532	34000	34001
106533	34002	34003
106534	34008	34009
106535	34011	34012
106536	34013	34014
106537	34015	34016
106538	34024	34027
106539	1433	4567
106540	34021	64843
106541	34026	64849
106542	34028	64851
106543	34031	34033
106544	34035	34039
106545	34049	64868
106546	34050	34051
106547	34055	64871
106548	34052	34053
106549	34057	34058
106550	34069	64884
106551	34075	34076
106552	34077	34078
106553	34079	34080
106554	34083	40000
106555	34100	34103
106556	34104	34106
106557	34107	34108
106558	34109	34110
106559	34111	34112
106560	34114	34116
106561	34117	34119
106562	1434	8487
106563	34121	34123
106564	34124	34126
106565	34127	34129
106566	34130	34131
106567	34132	34133
106568	34136	34137
106569	34140	34141
106570	34142	34143
106571	34144	34145
106572	34146	34149
106573	34150	34151
106574	34152	34154
106575	34156	34157
106576	34158	34160
106577	34161	34162
106578	34163	34165
106579	1434	4375
106580	34168	34169
106581	34170	34171
106582	34172	34173
106583	34174	34175
106584	34176	34177
106585	34179	34180
106586	34181	34182
106587	34183	34184
106588	34187	34188
106589	34191	34192
106590	34197	66187
106591	34200	66401
106592	34204	34206
106593	34211	34212
106594	34216	34218
106595	34222	34223
106596	34229	34230
106597	34231	34232
106598	34235	34236
106599	34237	34238
106600	34239	34240
106601	34241	34242
106602	34243	66826
106603	34245	66940
106604	518	725
106605	34253	55890
106606	34260	34261
106607	34262	34263
106608	34264	34265
106609	34266	34267
106610	34270	34271
106611	34272	67304
106612	34273	67307
106613	34276	67361
106614	34278	34279
106615	34283	67520
106616	34293	34294
106617	34295	34297
106618	34298	34299
106619	34300	34302
106620	34303	34304
106621	34305	34306
106622	34319	34320
106623	34321	34322
106624	34323	34324
106625	34325	34326
106626	34328	34329
106627	34330	34331
106628	34334	67650
106629	34336	67754
106630	34340	34341
106631	34342	34343
106632	34346	34347
106633	34352	69003
106634	34357	34358
106635	34369	70780
106636	34373	72610
106637	34375	34376
106638	34377	34378
106639	34383	34389
106640	34393	60766
106641	34399	34400
106642	34411	34412
106643	34426	34428
106644	34429	64896
106645	34430	34431
106646	34439	34440
106647	34443	64914
106648	34444	34445
106649	34447	52054
106650	34451	34452
106651	34458	34459
106652	34462	64943
106653	34472	64244
106654	34479	64948
106655	34480	34481
106656	34485	34486
106657	34489	34490
106658	34491	60556
106659	34501	65012
106660	34502	34503
106661	34507	34508
106662	34509	34510
106663	34521	65026
106664	34525	34526
106665	34527	34528
106666	34529	34530
106667	34532	34533
106668	34535	34536
106669	1434	2875
106670	34544	49956
106671	34554	65046
106672	34555	34556
106673	34581	61390
106674	34584	34585
106675	34589	34590
106676	518	3631
106677	34602	34603
106678	34605	34606
106679	34610	34611
106680	34615	65055
106681	34621	34622
106682	34631	34632
106683	8	386
106684	34633	34634
106685	34635	34636
106686	34637	66567
106687	34644	68951
106688	34659	34660
106689	34677	34678
106690	34683	34684
106691	34688	54481
106692	34693	53399
106693	34516	64241
106694	34712	34713
106695	34721	34722
106696	34725	68981
106697	34726	55923
106698	34728	34729
106699	34730	34731
106700	34737	34738
106701	34755	34756
106702	34746	34749
106703	34754	65093
106704	34758	34759
106705	34766	34767
106706	34779	34780
106707	34787	65111
106708	34791	65126
106709	34799	34801
106710	34802	52803
106711	34806	34807
106712	34808	34809
106713	34810	64545
106714	34811	34812
106715	34824	50106
106716	34825	34826
106717	34829	34831
106718	34844	34845
106719	34847	34848
106720	34849	62967
106721	34851	40104
106722	34857	34858
106723	34859	34860
106724	34874	34875
106725	34879	34881
106726	34887	34888
106727	34891	65188
106728	34894	34896
106729	34897	34898
106730	34899	34900
106731	34901	34903
106732	34913	65197
106733	34914	34915
106734	34916	34917
106735	34925	65201
106736	34931	62684
106737	34932	34934
106738	34949	34952
106739	34954	34955
106740	34956	34957
106741	34959	65222
106742	34961	34969
106743	34975	34980
106744	34981	34983
106745	34984	34985
106746	34990	34991
106747	34995	34996
106748	34997	34998
106749	35004	65255
106750	35007	65259
106751	35009	35010
106752	35013	35014
106753	35016	35017
106754	35021	35022
106755	35025	60128
106756	35028	35029
106757	35030	35031
106758	35033	68495
106759	35035	35036
106760	35047	35048
106761	35054	35055
106762	35057	35058
106763	35059	35181
106764	35061	45937
106765	35071	60254
106766	35079	60815
106767	35087	35089
106768	35090	35091
106769	35097	35098
106770	35102	64242
106771	35105	35107
106772	35115	65300
106773	35116	35117
106774	35118	35119
106775	35125	35126
106776	35131	35132
106777	35149	35150
106778	35151	35156
106779	35159	35160
106780	35175	65358
106781	35176	35177
106782	35184	35185
106783	35187	35188
106784	35193	35194
106785	35201	35202
106786	35212	64553
106787	35225	35226
106788	35120	35121
106789	518	1299
106790	35227	35229
106791	1434	3750
106792	35230	35232
106793	35233	35234
106794	1434	4435
106795	1435	4077
106796	35235	35237
106797	518	1797
106798	35238	35239
106799	35242	35245
106800	35249	35252
106801	35253	35254
106802	35255	35256
106803	35258	35259
106804	35261	35262
106805	35263	35268
106806	35269	35272
106807	1435	10204
106808	35278	35279
106809	35280	35283
106810	35284	35285
106811	35286	35287
106812	1436	1757
106813	35288	35289
106814	518	4078
106815	35292	35293
106816	35295	35332
106817	35328	35329
106818	35330	35331
106819	35334	35335
106820	35336	35337
106821	35338	35339
106822	35340	35341
106823	35342	35343
106824	35345	35346
106825	1436	50143
106826	35347	35348
106827	35349	35350
106828	35351	35352
106829	35353	35354
106830	35355	35356
106831	1437	1635
106832	35357	35358
106833	1437	1976
106834	35359	35360
106835	1437	2495
106836	35361	35362
106837	35363	35364
106838	35365	35366
106839	35367	35368
106840	35369	35370
106841	35371	35372
106842	35373	35374
106843	1437	3686
106844	35375	35376
106845	35377	35378
106846	35379	35380
106847	35381	35382
106848	35383	35384
106849	35385	35386
106850	35387	35388
106851	82866	720
106852	35390	35391
106853	35392	35393
106854	35394	35395
106855	35396	35397
106856	35398	35399
106857	35400	35401
106858	35402	35403
106859	35404	35405
106860	35406	35407
106861	35408	35409
106862	35410	35412
106863	35413	35414
106864	35416	35417
106865	35418	53378
106866	35422	35423
106867	35446	35447
106868	35420	35421
106869	35448	35450
106870	35452	35453
106871	35454	35455
106872	35456	35457
106873	1437	2677
106874	35458	35460
106875	35461	35464
106876	35465	35466
106877	35468	35469
106878	35470	35471
106879	35472	35474
106880	35475	35476
106881	35477	35478
106882	35479	35480
106883	35482	35483
106884	519	1478
106885	35484	35487
106886	519	2477
106887	519	3014
106888	35488	35489
106889	35490	35491
106890	35494	35496
106891	85286	34365
106892	35497	35498
106893	35499	35500
106894	35501	35502
106895	35505	35506
106896	35507	35508
106897	35509	35510
106898	35511	35512
106899	519	3249
106900	35513	35514
106901	35515	35516
106902	35517	35518
106903	519	4325
106904	35519	35520
106905	35521	35522
106906	89774	79101
106907	35523	35524
106908	1438	2686
106909	35527	35529
106910	1438	2230
106911	35530	35532
106912	35533	35534
106913	209	623
106914	35535	35536
106915	35537	35538
106916	1438	1823
106917	35539	35540
106918	35541	35542
106919	35544	35545
106920	35548	35549
106921	1438	28684
106922	35550	35551
106923	1438	3906
106924	83778	834
106925	1438	2678
106926	35552	35604
106927	35605	35606
106928	35607	35609
106929	1438	2950
106930	83757	308
106931	35610	35611
106932	35612	35613
106933	35614	35615
106934	35616	35617
106935	519	7378
106936	35618	35619
106937	1438	21566
106938	35620	35621
106939	35622	35623
106940	35624	35625
106941	35626	35627
106942	35628	35629
106943	35630	35631
106944	105	342
106945	35632	35633
106946	35634	35636
106947	35637	35638
106948	35639	35640
106949	35641	35642
106950	35643	35644
106951	35645	35646
106952	1439	1541
106953	35647	35648
106954	35649	35650
106955	35651	35652
106956	85287	2277
106957	35653	35654
106958	35655	35656
106959	35657	35658
106960	35659	35660
106961	35661	35662
106962	209	2687
106963	35663	35664
106964	519	4581
106965	35665	35666
106966	209	3196
106967	35667	35668
106968	35669	35670
106969	209	3027
106970	35671	35672
106971	35673	35674
106972	35675	35676
106973	35677	35678
106974	1440	3479
106975	35680	35683
106976	35684	35685
106977	35687	35689
106978	35690	35691
106979	209	7023
106980	35692	35693
106981	35694	35695
106982	35697	35698
106983	35699	35700
106984	35702	35703
106985	35705	35706
106986	35708	35711
106987	35712	35713
106988	1441	2665
106989	35715	35717
106990	35719	35720
106991	35721	35722
106992	35723	35724
106993	1441	2602
106994	35725	35726
106995	35727	35728
106996	35729	35730
106997	35731	35732
106998	35733	35735
106999	35736	35738
107000	35739	35740
107001	35741	35742
107002	35743	35744
107003	35745	35746
107004	35749	35750
107005	35751	35754
107006	35755	35756
107007	35757	35759
107008	35760	35762
107009	35765	35767
107010	35769	62834
107011	35770	64968
107012	35772	35773
107013	35779	35780
107014	35782	65383
107015	35783	59060
107016	35792	35793
107017	35794	35796
107018	35802	35804
107019	35810	35813
107020	35823	65426
107021	35827	35828
107022	35831	35832
107023	35837	35838
107024	35851	35852
107025	35859	64721
107026	35861	65445
107027	35874	65455
107028	35877	35878
107029	35881	65469
107030	35883	59688
107031	35884	35885
107032	35886	35888
107033	35897	35900
107034	35902	35903
107035	35905	35906
107036	35907	65518
107037	1438	2725
107038	35921	35922
107039	35923	35924
107040	35925	35926
107041	35928	35929
107042	35937	35941
107043	35943	35944
107044	35946	35947
107045	35949	59579
107046	35951	62160
107047	35952	35953
107048	35955	62736
107049	35959	35961
107050	35963	55236
107051	35965	35966
107052	35979	63612
107053	35982	35983
107054	35988	35989
107055	35992	65606
107056	35998	35999
107057	36004	65633
107058	36006	36007
107059	36014	36015
107060	36020	36021
107061	36030	65685
107062	36036	65691
107063	36043	36045
107064	36048	36049
107065	36050	58063
107066	36051	65729
107067	36052	65731
107068	36053	36055
107069	36071	36961
107070	36057	51563
107071	36061	36062
107072	36072	62104
107073	36082	36083
107074	36086	40582
107075	36088	36089
107076	36094	36095
107077	36096	54025
107078	36097	36098
107079	36099	62052
107080	36100	63153
107081	36104	36105
107082	36114	36115
107083	36116	36117
107084	36120	36133
107085	36139	36141
107086	36143	36144
107087	36149	36151
107088	36154	36157
107089	36158	36159
107090	36160	36162
107091	36163	36164
107092	36165	36166
107093	36168	58511
107094	36189	36191
107095	1441	1919
107096	36192	36194
107097	1441	1914
107098	36195	36196
107099	36197	36198
107100	1441	1783
107101	36199	36200
107102	36203	36243
107103	36204	36210
107104	36206	36207
107105	105	467
107106	36214	36215
107107	36217	36218
107108	36221	36222
107109	105	296
107110	36226	36227
107111	36228	36231
107112	36232	36233
107113	36234	36240
107114	36245	36251
107115	36131	36132
107116	36278	36279
107117	36280	36281
107118	36282	36284
107119	36286	36287
107120	36288	36289
107121	36290	36291
107122	36293	50521
107123	36294	60289
107124	36297	36298
107125	36302	61102
107126	36305	36306
107127	36311	36312
107128	36318	64105
107129	36320	36321
107130	36325	36326
107131	36327	36330
107132	36331	36332
107133	36333	36334
107134	36335	36336
107135	36337	36338
107136	36339	36340
107137	36341	36342
107138	36343	36344
107139	36345	36346
107140	36350	65949
107141	36359	66678
107142	36395	36396
107143	36361	67021
107144	36373	67618
107145	36374	36375
107146	36376	67876
107147	36377	67886
107148	36387	70805
107149	36390	70866
107150	36391	36392
107151	36399	45749
107152	36407	36408
107153	36409	36410
107154	36411	36412
107155	36414	36416
107156	36417	36418
107157	36419	36420
107158	36421	36422
107159	36423	36424
107160	36425	36426
107161	36427	65277
107162	36430	43155
107163	36435	36436
107164	36440	65758
107165	36447	36448
107166	36461	59390
107167	36462	60867
107168	36466	36467
107169	36472	36473
107170	36478	36479
107171	36488	36489
107172	36490	36491
107173	36494	50804
107174	36501	36502
107175	36503	36504
107176	36506	36508
107177	36509	36512
107178	36513	36514
107179	36517	36518
107180	36519	36521
107181	36523	36525
107182	36526	36528
107183	36530	36532
107184	36533	36534
107185	36535	36537
107186	36538	36540
107187	36546	36548
107188	36549	60369
107189	36553	65461
107190	36556	40839
107191	36557	36558
107192	36559	36561
107193	36576	51012
107194	36583	36584
107195	36590	65802
107196	36594	36595
107197	36596	55928
107198	36598	65814
107199	36604	36605
107200	36606	36609
107201	36611	59432
107202	36612	59708
107203	36613	36614
107204	36616	60339
107205	36617	36618
107206	36619	36620
107207	36623	36624
107208	36625	61629
107209	36632	65498
107210	36633	36634
107211	36640	68311
107212	36645	36646
107213	36654	58426
107214	36667	36668
107215	36677	36678
107216	36681	65869
107217	36682	65873
107218	36686	36687
107219	36688	36689
107220	36691	36692
107221	36697	65890
107222	36710	36711
107223	36713	36714
107224	36720	65896
107225	36725	65903
107226	36731	42153
107227	36732	36904
107228	36735	65409
107229	36742	36743
107230	36749	65941
107231	36757	36758
107232	36759	36761
107233	36762	36763
107234	36764	36765
107235	36766	57056
107236	36782	37705
107237	36783	36785
107238	36786	36790
107239	209	1064
107240	36793	52365
107241	36804	36805
107242	36807	36809
107243	36814	36815
107244	36816	36818
107245	36819	36820
107246	36822	36823
107247	36836	65353
107248	36843	65976
107249	36846	36847
107250	36849	36850
107251	36851	36852
107252	36853	36855
107253	36858	36859
107254	36860	36861
107255	36866	36868
107256	36869	36870
107257	36871	36872
107258	36879	36880
107259	36882	67202
107260	36885	67794
107261	36888	36889
107262	36891	36892
107263	36894	68516
107264	36899	68564
107265	36907	36908
107266	36909	51768
107267	36916	36917
107268	36918	36919
107269	36922	36924
107270	36925	36926
107271	36927	36933
107272	36937	36938
107273	36942	36943
107274	36950	61258
107275	36953	36954
107276	36955	36956
107277	36960	36962
107278	36964	65993
107279	36971	64890
107280	36980	55378
107281	36992	36995
107282	37009	37010
107283	37020	37021
107284	37025	62277
107285	37031	37032
107286	37033	37034
107287	37043	37044
107288	37048	62351
107289	37049	66049
107290	37050	66051
107291	37051	37052
107292	37059	66077
107293	37063	58507
107294	37071	37072
107295	89791	14764
107296	37077	37082
107297	37098	37099
107298	37105	37106
107299	37107	66089
107300	37118	37119
107301	37127	66122
107302	37128	37129
107303	37130	37131
107304	37139	37227
107305	37148	66143
107306	37149	37150
107307	37154	37155
107308	37157	37158
107309	37162	66156
107310	37168	51543
107311	37170	37171
107312	37172	66164
107313	37178	37179
107314	37180	37182
107315	37184	37185
107316	37186	37188
107317	37190	37191
107318	37193	37196
107319	37197	37198
107320	37199	37200
107321	37202	37205
107322	37206	37208
107323	37209	37210
107324	37213	57992
107325	37214	64978
107326	37222	37224
107327	37230	37231
107328	37232	37233
107329	37234	52714
107330	37237	37238
107331	37239	37241
107332	37244	62901
107333	37245	37246
107334	37247	37248
107335	37255	37256
107336	37258	37259
107337	37279	66347
107338	37281	37282
107339	37284	67359
107340	37287	74806
107341	37289	37290
107342	37296	37297
107343	37300	37301
107344	37313	37314
107345	37315	37317
107346	37321	37323
107347	37325	37326
107348	37327	37328
107349	37335	37336
107350	37339	66782
107351	37340	37341
107352	37346	37348
107353	37347	67395
107354	37351	67793
107355	37354	37356
107356	37368	37369
107357	37371	37372
107358	37373	37374
107359	37378	39807
107360	1442	1941
107361	37386	37394
107362	37401	37402
107363	37404	37405
107364	37406	62921
107365	37407	37408
107366	37414	37416
107367	37425	37426
107368	37427	66421
107369	37430	66426
107370	37439	37440
107371	37441	59715
107372	89805	85187
107373	37446	37447
107374	37452	37453
107375	37469	37470
107376	37480	70473
107377	37488	39028
107378	105	1363
107379	37490	66462
107380	37495	37497
107381	37506	61347
107382	37509	37510
107383	37526	37530
107384	37531	37533
107385	37535	37536
107386	37539	64152
107387	519	2137
107388	37549	37550
107389	37564	37565
107390	37568	37569
107391	37574	37575
107392	37576	37578
107393	37579	37580
107394	37581	37582
107395	37669	66688
107396	37583	37584
107397	37585	37586
107398	37592	37593
107399	37599	37600
107400	37602	37603
107401	37604	37605
107402	37606	65566
107403	37608	37609
107404	37617	37618
107405	37623	37625
107406	37627	66646
107407	37630	37631
107408	37641	66677
107409	37644	37645
107410	37647	37648
107411	37649	37650
107412	37651	37654
107413	37657	57231
107414	37661	37662
107415	37673	66691
107416	37675	66692
107417	37679	37680
107418	37683	37684
107419	37686	64965
107420	37689	52960
107421	37692	37695
107422	37697	37698
107423	37702	39626
107424	37716	66710
107425	37728	37729
107426	37732	66720
107427	37736	37737
107428	37740	37741
107429	37747	52330
107430	37752	52585
107431	37757	37758
107432	37762	54227
107433	37764	50348
107434	37765	58306
107435	37771	37772
107436	37774	60816
107437	37776	37777
107438	37797	37798
107439	37800	37801
107440	37805	37806
107441	37814	37817
107442	37819	37820
107443	37818	37821
107444	37831	44783
107445	37833	37834
107446	37835	55885
107447	37836	37837
107448	37838	37839
107449	37843	37844
107450	37851	37852
107451	37855	37856
107452	37857	42675
107453	37859	37860
107454	37861	37862
107455	37863	63401
107456	37866	66765
107457	37876	62900
107458	37878	66770
107459	37888	52064
107460	37889	37890
107461	37893	37894
107462	37895	64326
107463	37896	64313
107464	37906	37909
107465	37911	37912
107466	37913	37915
107467	37918	59676
107468	37924	37925
107469	37926	37927
107470	37944	37945
107471	37948	37949
107472	37950	37952
107473	37953	37954
107474	37959	37960
107475	37966	64427
107476	37967	37968
107477	37978	37982
107478	37985	37986
107479	37989	37991
107480	37998	37999
107481	38007	38008
107482	38011	38014
107483	38021	38022
107484	38025	38027
107485	38028	62641
107486	38029	38030
107487	38039	38040
107488	38041	38042
107489	38045	38046
107490	38048	38049
107491	38052	38053
107492	38055	38056
107493	38057	38059
107494	38060	38061
107495	38065	38066
107496	38067	38069
107497	38070	38071
107498	38073	38074
107499	38078	38079
107500	38081	38082
107501	38083	38084
107502	38086	38087
107503	38097	38098
107504	38103	66869
107505	38113	38114
107506	38115	38117
107507	38118	38119
107508	38120	38123
107509	38127	38128
107510	38136	65240
107511	38129	38131
107512	38133	38134
107513	38135	38137
107514	38140	38141
107515	38142	38143
107516	38144	38146
107517	38152	66888
107518	38161	38165
107519	38169	38170
107520	38171	38172
107521	38173	66889
107522	38174	38175
107523	38186	38187
107524	38188	58009
107525	38190	38191
107526	38193	38194
107527	38201	38202
107528	38211	38212
107529	38213	38214
107530	38217	38218
107531	38219	38220
107532	38221	38222
107533	38224	52301
107534	38226	38227
107535	38228	38229
107536	38230	38231
107537	38232	38233
107538	38158	45293
107539	38234	38235
107540	38236	60217
107541	38244	58442
107542	38245	38247
107543	38248	38250
107544	38256	38258
107545	38271	65006
107546	38272	38273
107547	38278	38279
107548	38282	38284
107549	38285	38286
107550	38289	38290
107551	38291	65491
107552	38294	38296
107553	38297	66763
107554	38302	38303
107555	38304	38305
107556	38310	38311
107557	38312	38313
107558	38314	38315
107559	38316	38317
107560	83765	6899
107561	38318	38319
107562	38327	38328
107563	38332	38333
107564	38334	38335
107565	38343	38344
107566	38346	38347
107567	38352	38353
107568	38357	38359
107569	38360	38361
107570	38362	60567
107571	38365	38366
107572	38367	66953
107573	38369	66956
107574	38375	38376
107575	38377	38378
107576	38379	38381
107577	209	7031
107578	38387	38388
107579	38391	38393
107580	38486	69373
107581	38413	38415
107582	38397	38398
107583	38401	38402
107584	38403	38404
107585	38407	38408
107586	38411	38416
107587	38412	38414
107588	38423	38424
107589	38426	38427
107590	38428	38432
107591	38433	38434
107592	38436	62281
107593	38442	38443
107594	38450	66976
107595	38458	38459
107596	38460	38461
107597	38462	38463
107598	38464	38465
107599	38466	38467
107600	38468	38469
107601	38470	38471
107602	38475	66341
107603	38476	66983
107604	38478	65054
107605	38479	62888
107606	38480	66985
107607	38484	38485
107608	1442	5021
107609	38487	70000
107610	38492	38493
107611	38496	38501
107612	1442	6052
107613	38509	38511
107614	38514	38515
107615	38519	38520
107616	38526	67002
107617	38521	38522
107618	38525	67001
107619	38531	38532
107620	38533	38534
107621	38542	38550
107622	38543	38546
107623	38545	38547
107624	38557	38558
107625	38559	38560
107626	38565	38566
107627	38567	65331
107628	38573	67024
107629	105	1017
107630	38583	38584
107631	38588	38589
107632	38593	38594
107633	38596	38597
107634	38598	38599
107635	38602	38603
107636	38607	38609
107637	38611	38612
107638	38614	38615
107639	38619	67048
107640	38620	67049
107641	38622	38623
107642	38627	64229
107643	38634	38635
107644	38636	38637
107645	38638	38639
107646	38640	67051
107647	38643	38644
107648	38647	38648
107649	38650	38651
107650	38666	60566
107651	38682	38683
107652	38697	38698
107653	38699	67071
107654	38704	67078
107655	38707	38708
107656	38712	38713
107657	38733	49821
107658	38745	75650
107659	38746	75651
107660	38747	38749
107661	38760	38761
107662	38762	67130
107663	38763	67131
107664	38765	67135
107665	38766	38767
107666	38770	38771
107667	38772	38773
107668	38774	38776
107669	38782	38783
107670	38787	38788
107671	38789	38791
107672	38792	38794
107673	38798	38799
107674	38803	38804
107675	38806	62536
107676	38796	38797
107677	38830	38831
107678	38835	38836
107679	38839	38840
107680	38842	38843
107681	38845	38846
107682	38856	38857
107683	38860	38861
107684	38866	67142
107685	38877	67147
107686	38878	67148
107687	38884	38885
107688	38887	67153
107689	38891	38893
107690	38894	38895
107691	38896	38897
107692	38904	65995
107693	38905	58319
107694	38908	38909
107695	38910	38911
107696	38912	38913
107697	38914	38915
107698	38916	38917
107699	38918	38919
107700	38920	38921
107701	38923	64920
107702	38936	38937
107703	38938	38939
107704	38941	61352
107705	38947	38948
107706	38951	38954
107707	38957	38958
107708	38963	38964
107709	38970	38971
107710	38972	38973
107711	38974	38975
107712	38976	38977
107713	38978	65958
107714	38990	65645
107715	39000	67197
107716	39001	39002
107717	39003	39004
107718	39005	39007
107719	39008	39011
107720	39012	39013
107721	39014	39015
107722	39016	39017
107723	39019	39020
107724	39030	58634
107725	39042	65007
107726	39051	39052
107727	39055	62964
107728	39058	39059
107729	39060	39672
107730	39076	39077
107731	39095	39096
107732	39097	39098
107733	39099	39100
107734	39108	39109
107735	39110	39111
107736	105	1052
107737	39112	39113
107738	39115	39116
107739	39127	39128
107740	39131	39132
107741	39134	39135
107742	39136	39137
107743	39145	39146
107744	39147	67271
107745	39151	39152
107746	39154	39155
107747	39159	65488
107748	39162	39163
107749	39164	39166
107750	39167	67281
107751	39170	67292
107752	39173	39174
107753	39179	39180
107754	39181	39182
107755	39186	66512
107756	39187	39189
107757	39190	66561
107758	39191	67326
107759	39192	67330
107760	39193	39194
107761	39195	52577
107762	39199	39200
107763	39214	59963
107764	39201	53346
107765	39202	39203
107766	39228	39229
107767	39204	64972
107768	39209	39210
107769	39212	59922
107770	39222	65351
107771	39230	39231
107772	39237	39238
107773	39243	39244
107774	39245	39246
107775	39248	67371
107776	39254	39255
107777	39256	39258
107778	39259	39260
107779	39262	39263
107780	39264	39265
107781	39266	39267
107782	39275	67360
107783	39280	39282
107784	39283	63337
107785	39286	39287
107786	39288	39289
107787	39296	39297
107788	39299	39301
107789	39308	39309
107790	39312	67391
107791	39315	39316
107792	39323	39324
107793	39332	39333
107794	39337	39338
107795	39340	39341
107796	39342	39345
107797	39346	39347
107798	39348	39349
107799	39357	39358
107800	39367	39368
107801	39372	39373
107802	39376	67407
107803	39380	67410
107804	39384	39385
107805	39387	39388
107806	39391	39392
107807	39393	39394
107808	39400	39401
107809	39402	39403
107810	39404	39405
107811	39411	71495
107812	39414	39415
107813	39424	39425
107814	39426	39427
107815	39438	39440
107816	39441	39442
107817	39445	39446
107818	39455	39456
107819	39457	39458
107820	39468	39469
107821	39471	39472
107822	39474	39475
107823	39476	39477
107824	39478	65214
107825	39488	39489
107826	39490	39491
107827	39496	39497
107828	39498	67483
107829	39504	39505
107830	39506	39508
107831	39510	39511
107832	39512	39514
107833	39515	39516
107834	39518	39519
107835	39520	39521
107836	39522	52956
107837	39530	39533
107838	39540	39542
107839	39543	39546
107840	39547	39548
107841	39549	39551
107842	39553	39554
107843	39555	39557
107844	39559	39566
107845	39567	39568
107846	39569	39570
107847	39574	65285
107848	39576	39577
107849	39578	65827
107850	39584	39585
107851	39588	39589
107852	39590	39591
107853	39592	39593
107854	39594	39595
107855	39596	67497
107856	89818	82235
107857	39603	67517
107858	39606	39608
107859	39609	39611
107860	39612	39613
107861	39615	39616
107862	39617	39618
107863	39620	68316
107864	39635	70277
107865	39636	71915
107866	39641	39642
107867	39647	39648
107868	39655	62197
107869	39656	39657
107870	39660	39661
107871	39662	39663
107872	39664	39667
107873	39668	39669
107874	39674	39676
107875	39677	39678
107876	39680	39682
107877	39692	67552
107878	39708	39764
107879	39714	39715
107880	39716	39717
107881	39721	39722
107882	39725	62367
107883	39723	39724
107884	39726	39727
107885	39728	39730
107886	39731	39732
107887	39733	39734
107888	39735	39736
107889	39737	67563
107890	39738	39741
107891	39742	39743
107892	39744	39745
107893	39746	39747
107894	39752	67572
107895	39753	39754
107896	39758	67582
107897	39762	39763
107898	39768	39769
107899	39775	39777
107900	39776	67586
107901	39782	39784
107902	39790	65063
107903	39791	65494
107904	39796	39797
107905	39808	67610
107906	39815	39816
107907	39817	39818
107908	39819	39820
107909	39821	39822
107910	39825	39826
107911	39832	69678
107912	39846	39847
107913	39850	39851
107914	39853	72639
107915	39855	73397
107916	39857	39858
107917	39860	75537
107918	39868	56647
107919	39872	66161
107920	39875	67623
107921	39882	39883
107922	39891	63577
107923	39897	39898
107924	39900	39901
107925	39904	39905
107926	39907	39908
107927	39909	66529
107928	39913	39914
107929	39916	67660
107930	39929	39930
107931	39931	39932
107932	39937	68878
107933	39946	39947
107934	39953	39954
107935	39955	39956
107936	39959	39960
107937	39961	67675
107938	39963	67685
107939	39966	39967
107940	39969	39970
107941	39971	39972
107942	39974	67703
107943	39984	67717
107944	39990	39992
107945	39993	39996
107946	40001	40002
107947	40004	65227
107948	40006	40007
107949	40010	40011
107950	40015	40016
107951	40027	40028
107952	40113	40115
107953	40040	62043
107954	40041	67782
107955	40048	40049
107956	40053	67803
107957	40054	40055
107958	40064	40065
107959	40067	40713
107960	40069	40073
107961	40080	40082
107962	40086	40087
107963	40092	40093
107964	40103	67840
107965	40105	40106
107966	40112	40114
107967	40117	67847
107968	40122	40123
107969	40124	40125
107970	40126	62065
107971	40129	40130
107972	40131	40133
107973	40135	40136
107974	40137	40138
107975	40139	44428
107976	40149	40150
107977	40151	40152
107978	40154	40155
107979	40158	40159
107980	40160	40161
107981	40162	40163
107982	40164	40165
107983	40166	40167
107984	40168	40169
107985	40170	40171
107986	40194	40767
107987	40183	40184
107988	40186	53356
107989	40189	40190
107990	40191	40192
107991	40188	40197
107992	40193	40195
107993	40213	40214
107994	40216	40217
107995	40220	40222
107996	40223	40224
107997	40230	53366
107998	40231	40232
107999	40234	40236
108000	40240	60808
108001	40242	40243
108002	40244	40246
108003	40248	40249
108004	209	461
108005	40256	40257
108006	40271	40272
108007	40274	40275
108008	40279	40280
108009	40281	40282
108010	40283	40284
108011	40285	40286
108012	40287	40288
108013	40289	40290
108014	40291	40292
108015	40293	40294
108016	40295	40296
108017	40299	40300
108018	40317	67952
108019	40323	67962
108020	40327	68012
108021	40334	68276
108022	40335	68476
108023	40340	40341
108024	40344	69107
108025	40345	69303
108026	40350	40351
108027	40353	70019
108028	40357	40358
108029	40379	63143
108030	40389	40390
108031	40394	40395
108032	40396	40398
108033	40399	40400
108034	40402	40679
108035	40404	40405
108036	40414	40415
108037	90521	356
108038	40416	40417
108039	40418	40419
108040	40420	40421
108041	40429	40430
108042	40431	68003
108043	40432	68005
108044	40434	40436
108045	40438	40440
108046	40441	40442
108047	40443	40444
108048	40453	40455
108049	40457	40458
108050	40461	40462
108051	40470	40471
108052	40474	40475
108053	40479	40481
108054	87406	82344
108055	40495	40500
108056	40501	40502
108057	40503	40504
108058	40506	40507
108059	40510	40511
108060	40518	40519
108061	40520	40521
108062	40526	40527
108063	40531	68032
108064	40533	68045
108065	40542	40544
108066	40548	64243
108067	40553	68008
108068	40556	40557
108069	40559	68037
108070	40565	40567
108071	40593	62308
108072	40568	40569
108073	40570	40571
108074	40574	40576
108075	40581	40585
108076	40586	40587
108077	40588	40589
108078	40590	40591
108079	40644	40645
108080	40595	40597
108081	40600	40601
108082	40604	40605
108083	40613	40614
108084	40629	40630
108085	40633	67737
108086	40640	40641
108087	40656	53467
108088	40658	40659
108089	40661	40662
108090	40663	40664
108091	40665	61898
108092	40672	40673
108093	40680	40682
108094	40683	40690
108095	40692	40693
108096	40694	67489
108097	40702	40703
108098	40708	68099
108099	40712	40732
108100	40717	40718
108101	40719	40720
108102	40721	40722
108103	40723	40724
108104	40725	40727
108105	40730	40731
108106	40737	40738
108107	40741	40742
108108	40757	68176
108109	40759	40760
108110	40762	40764
108111	40770	40771
108112	40776	68207
108113	40778	64364
108114	40781	40783
108115	40785	40786
108116	40791	40819
108117	40794	40795
108118	40796	40797
108119	40809	40810
108120	40818	68249
108121	40825	40828
108122	40836	40837
108123	40844	40855
108124	40847	51949
108125	40856	40858
108126	40864	40865
108127	40867	40868
108128	40871	40872
108129	89830	82882
108130	40898	40899
108131	40886	40887
108132	40888	40889
108133	40894	40896
108134	40904	40905
108135	40906	40907
108136	209	1760
108137	40909	40910
108138	40913	40915
108139	40917	40923
108140	40924	40925
108141	40927	40928
108142	40930	61103
108143	40934	65818
108144	40938	40939
108145	40945	40946
108146	40952	62774
108147	40957	40958
108148	40959	40960
108149	40961	40962
108150	40963	68336
108151	40967	40968
108152	40970	68340
108153	40974	68579
108154	40976	40977
108155	40979	70218
108156	40984	40985
108157	40987	40988
108158	40989	40990
108159	40991	68343
108160	40993	40994
108161	40995	40996
108162	41001	68344
108163	41004	41006
108164	41007	41008
108165	41010	61564
108166	41013	68345
108167	41026	73544
108168	41030	41031
108169	41037	41038
108170	41044	63889
108171	41055	41056
108172	41057	41058
108173	41061	41062
108174	41070	41077
108175	41082	75417
108176	41087	41088
108177	41090	65927
108178	41092	41093
108179	41097	41098
108180	41104	41105
108181	41109	68395
108182	41116	68401
108183	41119	41120
108184	41121	41123
108185	41124	41125
108186	41133	41134
108187	41135	41136
108188	41137	42262
108189	41157	54228
108190	41160	66399
108191	41164	41165
108192	41172	41173
108193	41174	41175
108194	41178	41179
108195	41180	68422
108196	41181	41182
108197	41193	68052
108198	41198	41199
108199	41200	41201
108200	41204	68438
108201	41206	41207
108202	41210	68441
108203	41220	41221
108204	41226	41228
108205	41231	66981
108206	41232	41233
108207	41236	41237
108208	41238	41239
108209	41242	41243
108210	41263	41265
108211	41267	41268
108212	41275	68481
108213	41276	41277
108214	41281	63635
108215	41285	41286
108216	41289	41290
108217	41297	41298
108218	41303	41304
108219	41305	41306
108220	41307	41308
108221	41312	59725
108222	41314	41315
108223	41317	41318
108224	41319	68523
108225	41327	41328
108226	41331	41332
108227	41333	68534
108228	41334	68546
108229	41345	41346
108230	41352	41353
108231	41358	41359
108232	41148	41149
108233	41360	41361
108234	41366	41367
108235	41369	62221
108236	41378	41380
108237	41386	68568
108238	41389	41390
108239	41402	41403
108240	41404	66127
108241	41412	41413
108242	41424	68585
108243	41429	41430
108244	41431	41432
108245	41433	41434
108246	41435	41436
108247	41441	41442
108248	41443	41455
108249	41444	68595
108250	41453	68618
108251	41456	41459
108252	41457	41458
108253	41461	41462
108254	41467	41468
108255	41472	68623
108256	41475	68625
108257	41477	60838
108258	41484	68631
108259	41491	41492
108260	41494	41495
108261	41496	41498
108262	41508	58399
108263	41507	62468
108264	41513	41514
108265	41511	68643
108266	81370	3598
108267	41518	41520
108268	41531	41532
108269	41533	41534
108270	41535	68647
108271	41536	41537
108272	41545	68656
108273	41546	41547
108274	41550	62101
108275	41574	41575
108276	41601	41602
108277	41606	68685
108278	41607	41609
108279	41614	65667
108280	41618	41620
108281	41621	41622
108282	41626	74573
108283	41628	64204
108284	41634	41635
108285	41640	41641
108286	41642	41643
108287	41644	41645
108288	41646	41647
108289	41648	41649
108290	41650	41651
108291	41652	41653
108292	41654	41655
108293	41656	41657
108294	41658	41659
108295	41660	41661
108296	41662	41663
108297	41664	41665
108298	41666	41667
108299	41668	41669
108300	41670	41671
108301	41672	41673
108302	41674	41675
108303	41676	41677
108304	41678	41679
108305	41680	41681
108306	41682	41683
108307	41684	41685
108308	41687	41688
108309	41689	41690
108310	41691	41692
108311	41693	41694
108312	41695	41696
108313	41697	41698
108314	41699	41700
108315	41701	41702
108316	41705	41706
108317	41707	41708
108318	41713	66101
108319	41715	47892
108320	41721	41722
108321	41728	68734
108322	41734	41737
108323	41740	41741
108324	41742	67809
108325	41747	41770
108326	41749	41750
108327	41756	41757
108328	41760	41761
108329	41762	66348
108330	41768	63927
108331	41773	41774
108332	41775	41776
108333	41778	68753
108334	41780	41781
108335	42655	56368
108336	41784	41785
108337	41789	41790
108338	41794	68756
108339	41799	66564
108340	41803	61434
108341	41806	41807
108342	41808	41809
108343	41815	68769
108344	41818	66004
108345	41828	41829
108346	41830	41832
108347	41834	41835
108348	1443	1996
108349	41836	41837
108350	41838	65658
108351	41844	68777
108352	41845	68778
108353	41847	41848
108354	41849	41850
108355	41854	41855
108356	41864	41865
108357	41866	68797
108358	41868	66914
108359	41871	68799
108360	41875	41876
108361	41879	41880
108362	41881	41882
108363	41893	41895
108364	41896	41897
108365	41898	41899
108366	41900	41902
108367	41903	41904
108368	41905	41906
108369	41910	75418
108370	41922	41923
108371	41925	41926
108372	41931	41932
108373	41933	41934
108374	41935	41936
108375	41937	66486
108376	41939	41940
108377	41948	41949
108378	41950	68837
108379	41953	41954
108380	41955	41956
108381	41960	41962
108382	41965	62891
108383	41968	41969
108384	41970	41971
108385	41972	41974
108386	41975	65925
108387	41979	68819
108388	41982	41983
108389	41992	68842
108390	41993	41994
108391	41995	41996
108392	41999	42000
108393	42018	42019
108394	42027	68859
108395	42029	68862
108396	42038	42039
108397	42041	42042
108398	42048	74938
108399	42056	68874
108400	42057	42058
108401	42059	42060
108402	42061	42062
108403	42067	42068
108404	42069	42070
108405	42071	42072
108406	42088	42090
108407	42099	42100
108408	42102	42103
108409	1443	4272
108410	42113	42118
108411	42115	68902
108412	42116	42117
108413	42121	42122
108414	42123	42127
108415	42133	42134
108416	42139	42140
108417	42159	42160
108418	42162	42164
108419	42166	42167
108420	42186	55480
108421	42168	68934
108422	42176	42177
108423	42179	42180
108424	42181	42182
108425	42188	42189
108426	42190	42191
108427	42192	42193
108428	42194	42195
108429	42197	66609
108430	42198	68942
108431	42204	42212
108432	42215	42216
108433	42221	42222
108434	42223	42224
108435	42225	42226
108436	42227	42228
108437	42229	42230
108438	42231	42232
108439	42235	42236
108440	42239	42241
108441	42243	42244
108442	42247	42248
108443	42273	42274
108444	42276	42277
108445	42278	42279
108446	42286	42287
108447	42292	42293
108448	42300	42301
108449	42304	42305
108450	42313	42314
108451	42325	42326
108452	42332	42336
108453	42340	74383
108454	42352	69013
108455	42355	42356
108456	42357	42358
108457	42360	69020
108458	42368	42369
108459	42372	68171
108460	42382	42383
108461	42384	42385
108462	42386	42387
108463	42389	69041
108464	42392	42393
108465	42394	42395
108466	42398	55894
108467	42407	69048
108468	42412	66927
108469	42416	42417
108470	42418	42419
108471	42420	42421
108472	42425	42426
108473	42430	42431
108474	42434	42435
108475	42441	42442
108476	42444	69059
108477	42452	42454
108478	42455	42456
108479	42457	42458
108480	1443	2437
108481	42467	42544
108482	42470	42471
108483	42472	42473
108484	42474	68767
108485	42477	42478
108486	42480	68144
108487	42481	42482
108488	42496	42497
108489	42498	42499
108490	42502	69076
108491	42508	56034
108492	42511	42512
108493	42519	42521
108494	42522	42523
108495	42524	42525
108496	42528	42529
108497	42530	67174
108498	42547	42548
108499	42549	42550
108500	42553	58026
108501	42559	69119
108502	42563	42570
108503	42571	74377
108504	42583	42584
108505	42585	67781
108506	42588	42589
108507	42591	69152
108508	42594	42596
108509	42606	42607
108510	42610	61756
108511	42628	65050
108512	42629	42630
108513	42642	42643
108514	42644	42645
108515	42646	42647
108516	42657	42658
108517	42659	62784
108518	42661	69262
108519	42664	42665
108520	42680	42687
108521	42808	42809
108522	42688	42689
108523	42691	69241
108524	42694	42695
108525	42698	42699
108526	42702	69292
108527	42712	42714
108528	42722	42723
108529	42724	42725
108530	42726	42727
108531	42728	42729
108532	42730	42731
108533	42732	66233
108534	42744	42745
108535	42747	42748
108536	42740	43073
108537	42749	42750
108538	42751	42752
108539	42753	42754
108540	42758	69338
108541	42763	69349
108542	42767	66484
108543	42769	69365
108544	42770	42860
108545	42772	42773
108546	42774	42775
108547	42776	42777
108548	42784	42785
108549	42786	67755
108550	42787	43901
108551	42791	56667
108552	42793	42794
108553	42802	42803
108554	42779	42780
108555	42804	58488
108556	42821	42822
108557	42826	42827
108558	42847	42848
108559	42838	42840
108560	42843	42844
108561	42845	62820
108562	42850	42851
108563	42853	42854
108564	42855	42856
108565	42857	69389
108566	42863	63109
108567	42864	42865
108568	42873	42875
108569	42877	65603
108570	42993	56533
108571	42887	42888
108572	42890	68278
108573	42892	42893
108574	42897	74851
108575	42904	57325
108576	42915	42916
108577	42925	42926
108578	42928	69425
108579	42936	42941
108580	42943	42966
108581	42946	69433
108582	42956	42957
108583	42958	42959
108584	42960	42961
108585	42969	42985
108586	42976	42977
108587	42982	69455
108588	42986	74303
108589	42990	42991
108590	42998	42999
108591	43006	43014
108592	43007	56887
108593	43015	43016
108594	43017	43018
108595	43019	43020
108596	43023	43025
108597	43029	43030
108598	43032	43036
108599	43034	43035
108600	43046	43047
108601	43048	43052
108602	43053	43063
108603	43056	56974
108604	43057	69498
108605	43059	43060
108606	43069	69501
108607	43075	75340
108608	43195	69189
108609	43078	69510
108610	43080	43103
108611	43089	43090
108612	43092	43093
108613	43094	43095
108614	43096	43097
108615	43098	43099
108616	43112	43113
108617	43114	43115
108618	43120	74836
108619	43128	43129
108620	43133	43134
108621	43150	43151
108622	43152	73605
108623	43154	58259
108624	43163	43164
108625	43165	43166
108626	43167	43168
108627	43169	43171
108628	43172	43173
108629	43175	65984
108630	43186	43187
108631	43188	43189
108632	43190	43191
108633	43192	43193
108634	43194	68833
108635	43204	68545
108636	43213	69560
108637	43217	43218
108638	43235	43236
108639	43237	67032
108640	43245	69570
108641	43249	69584
108642	43253	43254
108643	43255	63164
108644	43259	65985
108645	43264	74312
108646	43265	57771
108647	43267	57184
108648	43272	43273
108649	43286	43287
108650	43291	43292
108651	43300	43301
108652	43302	43303
108653	43306	43307
108654	43308	43309
108655	43310	43311
108656	43312	43313
108657	43314	43315
108658	43316	43317
108659	43318	43319
108660	43321	43322
108661	43326	43327
108662	43328	67795
108663	43330	43331
108664	43379	43381
108665	43335	69015
108666	43341	43342
108667	43343	43344
108668	43352	69610
108669	43355	43356
108670	43357	43358
108671	43367	43368
108672	43373	43374
108673	43383	43384
108674	43385	43386
108675	43388	43389
108676	43393	67561
108677	43394	43397
108678	43399	43400
108679	43401	59924
108680	43403	43404
108681	43405	66959
108682	43418	57238
108683	43424	69635
108684	43442	43443
108685	43447	43449
108686	43452	75325
108687	43456	69549
108688	43459	43460
108689	43462	43463
108690	43467	68867
108691	43469	69483
108692	43470	69657
108693	43471	43472
108694	43473	43474
108695	43482	43483
108696	43484	43485
108697	43486	43487
108698	43494	43495
108699	43498	43499
108700	43503	43505
108701	43512	43513
108702	43514	43515
108703	43517	43518
108704	43519	69291
108705	43533	69708
108706	43534	43535
108707	43541	43542
108708	43549	63146
108709	43552	43553
108710	43554	43555
108711	43556	43557
108712	43558	43559
108713	43560	43561
108714	43580	43581
108715	43582	43583
108716	43584	69758
108717	43591	69766
108718	43599	69768
108719	43611	43612
108720	43616	43619
108721	43620	43624
108722	43633	69564
108723	43638	69821
108724	43639	43640
108725	43641	43642
108726	43644	43645
108727	43646	43647
108728	43660	57741
108729	43648	69834
108730	43649	43650
108731	43653	43654
108732	43655	43656
108733	43657	43658
108734	43663	43664
108735	43671	69850
108736	43683	43684
108737	43685	43686
108738	43690	43691
108739	43693	57785
108740	43703	74930
108741	43504	43506
108742	43710	43711
108743	43712	43713
108744	43714	69828
108745	43717	49143
108746	43724	43729
108747	43730	67295
108748	43736	69907
108749	43737	43738
108750	43749	58018
108751	43762	43763
108752	43779	69920
108753	43798	43799
108754	43807	43808
108755	43810	43811
108756	43812	43817
108757	43818	43819
108758	43826	43827
108759	43829	43830
108760	43832	43833
108761	43834	43835
108762	43837	74314
108763	43845	43846
108764	43848	43850
108765	43851	43852
108766	43855	43856
108767	43862	43863
108768	43865	43866
108769	43870	43871
108770	43872	43873
108771	43877	43950
108772	43878	43879
108773	43881	43885
108774	43886	43913
108775	43893	43894
108776	43889	43890
108777	43905	70006
108778	43925	50003
108779	1443	1754
108780	43918	43919
108781	43922	43951
108782	43923	43924
108783	43927	43928
108784	43930	43931
108785	43932	69129
108786	43934	70023
108787	43936	43937
108788	43948	43949
108789	43953	43956
108790	43963	43964
108791	43965	43966
108792	43969	70046
108793	43974	68633
108794	43978	43979
108795	43989	43990
108796	43992	69840
108797	44002	44003
108798	44013	44014
108799	44016	44017
108800	44018	44019
108801	44020	44022
108802	44023	44024
108803	44025	44026
108804	44192	62646
108805	44027	44028
108806	44029	44030
108807	44031	44032
108808	44033	44034
108809	44035	44036
108810	44037	44038
108811	44039	44040
108812	44042	64127
108813	44043	44048
108814	44045	44046
108815	44053	74143
108816	44057	44058
108817	44059	44061
108818	44065	70079
108819	44066	44067
108820	44069	58436
108821	44072	44073
108822	44076	60490
108823	44078	44079
108824	44109	44111
108825	44112	44114
108826	44115	44116
108827	44117	44118
108828	44120	44125
108829	44127	44128
108830	44131	70108
108831	44135	44136
108832	44138	61265
108833	44145	65064
108834	44146	70114
108835	44148	44149
108836	44150	44151
108837	44154	44155
108838	44164	44165
108839	44174	44175
108840	44176	44177
108841	44179	44180
108842	44183	69497
108843	44187	61758
108844	44189	44190
108845	44197	44198
108846	44199	65981
108847	44201	44202
108848	44206	66573
108849	44207	74487
108850	44218	44219
108851	44220	67041
108852	44229	44230
108853	44234	44235
108854	44237	74213
108855	44240	44244
108856	44247	44248
108857	44253	63936
108858	44260	44261
108859	44267	44268
108860	44270	44271
108861	44272	44273
108862	44274	44275
108863	44277	70146
108864	44279	44280
108865	44283	44284
108866	44285	44286
108867	44291	44297
108868	44296	70156
108869	44299	44300
108870	44301	44302
108871	44303	63800
108872	44306	44307
108873	44309	44310
108874	44313	70158
108875	44316	44317
108876	44326	44327
108877	44330	44331
108878	44347	65930
108879	44351	70187
108880	44356	44357
108881	44359	70191
108882	44360	44361
108883	44367	44368
108884	44369	44370
108885	44374	67869
108886	44377	44381
108887	44382	44389
108888	44161	44162
108889	44385	44386
108890	44387	44388
108891	1444	3826
108892	44391	44393
108893	44397	44398
108894	44399	44405
108895	44410	44413
108896	44417	44422
108897	44423	44424
108898	1444	3927
108899	44425	44426
108900	44430	44431
108901	44432	44433
108902	44434	44436
108903	44437	44438
108904	44439	44440
108905	44447	44448
108906	44452	44453
108907	44460	44467
108908	44468	44469
108909	44476	44477
108910	44480	70237
108911	44486	44487
108912	44488	44489
108913	44493	44496
108914	44497	44498
108915	44506	44507
108916	44508	44509
108917	44511	65503
108918	44514	44515
108919	44517	69163
108920	44520	44521
108921	44524	70122
108922	44528	70273
108923	44532	44533
108924	44548	44549
108925	44551	44552
108926	44556	44557
108927	44561	70283
108928	44568	44569
108929	44573	70294
108930	44578	44579
108931	44580	44584
108932	44586	44587
108933	44597	44603
108934	44599	70318
108935	44610	44611
108936	44613	44614
108937	44616	44617
108938	44618	44619
108939	44620	69719
108940	44625	70333
108941	44626	44627
108942	44635	44636
108943	44641	44642
108944	44646	44647
108945	44649	66866
108946	44650	67097
108947	44651	44652
108948	44654	44655
108949	44657	70337
108950	44663	44664
108951	44666	71607
108952	44667	44668
108953	44669	44670
108954	44675	44765
108955	44681	44682
108956	44683	44685
108957	44687	44688
108958	44697	44698
108959	1444	1939
108960	44709	70346
108961	44715	70399
108962	44725	44726
108963	44742	72393
108964	44759	75666
108965	44770	44771
108966	44784	69238
108967	44785	70376
108968	44786	67029
108969	44793	44794
108970	44797	44799
108971	44800	74936
108972	44808	44809
108973	44811	44812
108974	44813	44814
108975	44818	70392
108976	44821	44822
108977	44823	44824
108978	44825	44826
108979	44834	70401
108980	44835	64592
108981	44837	44838
108982	44844	44845
108983	44846	44847
108984	44850	44852
108985	44854	44855
108986	44857	44858
108987	44859	44860
108988	44861	44862
108989	44863	44864
108990	44865	44866
108991	44867	44868
108992	44869	44870
108993	44871	44872
108994	44873	44874
108995	210	717
108996	44875	44876
108997	44877	44879
108998	44880	44881
108999	44882	44883
109000	44884	68741
109001	44892	70411
109002	44907	70419
109003	44919	44923
109004	44920	70427
109005	44931	44932
109006	44934	65926
109007	44948	44949
109008	44952	44955
109009	44957	44962
109010	44964	44965
109011	44966	44968
109012	44974	44984
109013	44982	44983
109014	44985	45043
109015	44988	44989
109016	44991	44992
109017	44994	44996
109018	44999	45000
109019	45002	45003
109020	45008	70455
109021	45029	57937
109022	45014	45015
109023	45016	70471
109024	45021	70474
109025	45022	45023
109026	45028	70481
109027	45032	45033
109028	45035	45036
109029	45039	45042
109030	45044	45045
109031	45053	45054
109032	45055	73868
109033	45059	45060
109034	45076	45078
109035	45080	45081
109036	45082	45086
109037	45093	45094
109038	45104	45105
109039	45106	45109
109040	45119	45120
109041	45128	59501
109042	45130	45131
109043	45133	45134
109044	45141	45815
109045	45149	45150
109046	45151	45152
109047	45154	74062
109048	45160	45163
109049	45165	69530
109050	45168	45169
109051	45171	74612
109052	45173	45174
109053	45175	45176
109054	45177	45179
109055	45180	45181
109056	45182	45184
109057	45187	73900
109058	45191	59556
109059	45192	69313
109060	45194	45195
109061	45196	45197
109062	45200	45201
109063	45212	45213
109064	45215	70531
109065	45216	45218
109066	45222	69717
109067	45242	45253
109068	45246	45247
109069	45257	45258
109070	45263	45264
109071	45265	45266
109072	45268	45272
109073	45274	45284
109074	45277	70550
109075	45280	45281
109076	45287	45288
109077	45299	45301
109078	44063	44064
109079	45311	45312
109080	45314	61607
109081	45317	68675
109082	45323	45333
109083	45331	45332
109084	45334	45335
109085	45338	45341
109086	45342	70606
109087	45343	45344
109088	45346	45347
109089	45348	45349
109090	45363	45364
109091	45365	67033
109092	45368	69122
109093	45370	45442
109094	45383	47622
109095	45373	45374
109096	45378	45379
109097	45380	70631
109098	45382	66113
109099	45390	45391
109100	45395	45396
109101	45400	66580
109102	45401	45402
109103	45421	45422
109104	45427	70295
109105	45428	45429
109106	45430	45431
109107	45446	73836
109108	45447	68931
109109	45451	45455
109110	45459	45460
109111	45461	45471
109112	45464	59975
109113	45467	45468
109114	45476	45485
109115	45490	45491
109116	45492	45493
109117	45497	66075
109118	45512	45513
109119	45514	45515
109120	45516	45519
109121	45522	45523
109122	45524	45525
109123	45529	45530
109124	45531	45534
109125	45532	45533
109126	45536	45540
109127	89850	11394
109128	89846	80361
109129	45541	45545
109130	45546	45547
109131	45550	45551
109132	45552	45553
109133	45555	60080
109134	45557	45558
109135	45563	45564
109136	45568	45569
109137	45570	45572
109138	45580	45581
109139	45588	45590
109140	45595	45603
109141	45598	45599
109142	45600	45601
109143	45615	45616
109144	45617	67587
109145	45619	45620
109146	45622	45623
109147	45629	45630
109148	45631	45632
109149	45634	45636
109150	45639	45640
109151	45643	70714
109152	45644	45645
109153	45649	45652
109154	1444	4372
109155	45653	45654
109156	45658	45659
109157	45663	45664
109158	45665	74128
109159	45667	45668
109160	45672	70724
109161	45675	45676
109162	45679	45680
109163	45681	45682
109164	45689	70726
109165	45706	45707
109166	45717	45718
109167	45724	45725
109168	45733	45734
109169	45735	45736
109170	45743	45744
109171	45745	45746
109172	45747	65955
109173	45750	45751
109174	45754	45755
109175	45760	69933
109176	45764	45766
109177	45769	74065
109178	45774	67279
109179	45788	45789
109180	45798	45799
109181	45800	69590
109182	45806	69329
109183	45816	45836
109184	45818	45819
109185	45821	45822
109186	45837	60465
109187	45838	70816
109188	45847	45848
109189	83748	1746
109190	45851	64598
109191	45856	68810
109192	45858	45859
109193	45862	45863
109194	45865	45866
109195	45869	70841
109196	45872	65842
109197	45883	45884
109198	45886	45887
109199	45890	45891
109200	45901	45903
109201	45906	45907
109202	45918	45919
109203	45921	70639
109204	45922	45923
109205	45928	70865
109206	45935	70880
109207	45942	45945
109208	45946	45947
109209	45950	67346
109210	45976	56027
109211	45982	45983
109212	45984	45986
109213	45997	45998
109214	46002	70904
109215	46005	46012
109216	46014	46015
109217	46017	46018
109218	46019	68262
109219	46023	46027
109220	46034	46035
109221	46037	74681
109222	46039	46040
109223	46042	46044
109224	46045	46047
109225	46048	46050
109226	46051	46052
109227	46055	46063
109228	46056	49888
109229	46061	46062
109230	46066	70920
109231	46071	46073
109232	46086	46095
109233	46087	46088
109234	46097	46098
109235	46100	47240
109236	46101	46102
109237	46104	46107
109238	46110	70386
109239	46115	46116
109240	46122	70944
109241	520	523
109242	46129	46131
109243	46132	46133
109244	46143	72204
109245	46148	46149
109246	46151	46152
109247	46153	46154
109248	46164	46166
109249	46168	46169
109250	46170	46171
109251	46173	46174
109252	46175	46177
109253	46181	73637
109254	46185	46186
109255	46190	74875
109256	46192	69553
109257	46193	46194
109258	46198	46199
109259	46201	46202
109260	46205	70985
109261	46209	46210
109262	46211	46212
109263	46213	46214
109264	46218	70990
109265	46219	46220
109266	46221	46222
109267	46228	46229
109268	46231	46235
109269	46238	46253
109270	46244	46245
109271	46246	46247
109272	46248	46249
109273	46254	46255
109274	46256	46258
109275	46265	46266
109276	46268	46269
109277	46275	46276
109278	46278	46280
109279	46284	46385
109280	46287	46288
109281	46296	71024
109282	46297	46298
109283	46300	46301
109284	46305	75674
109285	46309	56238
109286	46312	67778
109287	46317	46318
109288	46319	46320
109289	46321	46322
109290	46323	46324
109291	46325	46326
109292	46327	71036
109293	46334	46335
109294	46341	46342
109295	46343	46344
109296	46345	46346
109297	46348	71039
109298	46351	71040
109299	46352	46353
109300	46354	46355
109301	46357	71042
109302	46358	46359
109303	46363	62914
109304	46366	46374
109305	46371	46372
109306	89845	910
109307	46380	46383
109308	46389	46408
109309	46402	46403
109310	46404	71064
109311	46411	46412
109312	46428	70624
109313	46430	61251
109314	46434	46435
109315	46440	46445
109316	46446	46447
109317	46448	46453
109318	46450	61262
109319	46451	46452
109320	46459	46460
109321	46463	71091
109322	46464	46465
109323	46475	46476
109324	46479	46490
109325	46480	46481
109326	46491	71118
109327	46507	46510
109328	46511	46512
109329	46527	71131
109330	46530	71135
109331	46532	46533
109332	46534	73857
109333	46538	46539
109334	46542	46547
109335	46551	46552
109336	46554	46555
109337	46559	46560
109338	46567	46569
109339	46570	46571
109340	46573	46574
109341	46577	66592
109342	46535	68712
109343	46578	46579
109344	46580	71142
109345	46583	46584
109346	46591	46592
109347	46599	71149
109348	46602	69871
109349	46607	71156
109350	46614	46615
109351	46617	46618
109352	46619	69444
109353	46623	71163
109354	46624	46625
109355	46628	46629
109356	46630	46633
109357	46634	46635
109358	46636	46637
109359	46638	46639
109360	46641	46642
109361	46644	46645
109362	46646	46648
109363	46657	46660
109364	46659	47008
109365	46661	46666
109366	46663	46665
109367	46667	46701
109368	46669	71176
109369	46671	71179
109370	46672	46673
109371	46674	46675
109372	46676	46677
109373	46678	46679
109374	46680	46681
109375	46682	46683
109376	46684	46685
109377	46686	46687
109378	46688	46689
109379	46690	46691
109380	46692	46693
109381	46694	46695
109382	46696	46697
109383	46698	46699
109384	46700	71180
109385	46708	46709
109386	46711	46713
109387	46719	46721
109388	46728	46729
109389	46732	46733
109390	46734	46735
109391	46737	71188
109392	46738	46739
109393	46747	46748
109394	47212	70115
109395	46749	46750
109396	46751	46752
109397	46753	69285
109398	46757	46758
109399	46760	46761
109400	46765	46767
109401	46776	46777
109402	46779	46780
109403	46783	61684
109404	46785	46794
109405	46787	46788
109406	46790	46791
109407	46808	46809
109408	46818	46819
109409	46825	46827
109410	46839	50986
109411	46851	46852
109412	46855	46856
109413	46860	46861
109414	46862	71247
109415	46868	46869
109416	46870	69160
109417	46871	46872
109418	46874	71254
109419	46876	46877
109420	46879	71269
109421	46881	46882
109422	46886	46887
109423	46903	46904
109424	46916	46917
109425	46919	46920
109426	46921	67037
109427	46925	46926
109428	46927	46928
109429	46931	46932
109430	46939	46940
109431	46944	46954
109432	46948	46949
109433	46952	46953
109434	46959	68948
109435	46963	46964
109436	46966	46967
109437	46971	46988
109438	46973	46974
109439	46979	46980
109440	46981	68812
109441	46997	46998
109442	47007	47010
109443	47021	47022
109444	47024	47025
109445	47026	47027
109446	47045	47046
109447	47050	47051
109448	47053	47054
109449	47055	47060
109450	47064	74315
109451	47074	47075
109452	47076	47077
109453	47081	62030
109454	47083	70371
109455	47084	47094
109456	47090	47091
109457	47098	71318
109458	47100	69836
109459	47102	47103
109460	47104	47105
109461	47109	71326
109462	47110	47113
109463	47114	74291
109464	47119	47120
109465	47121	47130
109466	47124	71330
109467	47125	47126
109468	47134	47136
109469	47152	47153
109470	47164	47175
109471	47176	71354
109472	47177	47179
109473	47181	47182
109474	47184	47185
109475	47188	47189
109476	47204	47216
109477	1444	3405
109478	47221	47222
109479	47223	47224
109480	47225	47226
109481	47228	47237
109482	47382	47383
109483	47495	47496
109484	47254	47259
109485	47235	47236
109486	47239	47241
109487	47243	47245
109488	47257	47260
109489	47265	47273
109490	47275	47276
109491	47281	47282
109492	47287	47288
109493	47295	47296
109494	47301	47302
109495	47307	73592
109496	47313	47314
109497	47315	47316
109498	47317	47318
109499	47319	47320
109500	47321	47322
109501	47337	47338
109502	47355	47356
109503	47359	47360
109504	47363	47366
109505	47369	47370
109506	47372	47373
109507	47378	47379
109508	47381	47384
109509	47387	64720
109510	47390	64424
109511	47391	47392
109512	47397	47398
109513	47402	47405
109514	47414	47415
109515	47421	47422
109516	47428	47429
109517	47435	71433
109518	47470	47472
109519	47471	62535
109520	47481	47491
109521	47487	47488
109522	47489	47490
109523	47492	47500
109524	47255	47256
109525	47503	47507
109526	47509	47510
109527	1444	2447
109528	47514	47515
109529	47516	47517
109530	47518	47522
109531	47523	74156
109532	47530	47531
109533	47555	47556
109534	47535	47536
109535	47537	47538
109536	47541	47542
109537	47548	47549
109538	47553	47554
109539	47559	69650
109540	47568	47569
109541	47570	47571
109542	47572	47577
109543	47580	47581
109544	47603	47604
109545	47609	47610
109546	47619	47621
109547	47641	74572
109548	47645	47646
109549	47655	47658
109550	47659	47660
109551	47664	47665
109552	47666	47667
109553	47671	47672
109554	47676	47677
109555	47678	47679
109556	47683	47684
109557	47687	47692
109558	47693	47694
109559	47697	47698
109560	47700	47702
109561	47701	47729
109562	47703	47704
109563	47706	47707
109564	520	1417
109565	47709	47711
109566	47712	47715
109567	47716	47718
109568	47725	47726
109569	47727	47728
109570	47732	47733
109571	47737	47738
109572	47740	47742
109573	47744	47746
109574	47747	47748
109575	520	834
109576	47751	47753
109577	47754	47755
109578	47757	75147
109579	47761	47762
109580	47763	47764
109581	47770	68236
109582	47771	47773
109583	47776	47779
109584	47780	47784
109585	47785	47788
109586	47792	47794
109587	47795	47796
109588	47797	47799
109589	47801	47802
109590	47816	71439
109591	47822	47824
109592	47825	47831
109593	47835	74807
109594	47836	70560
109595	47838	47839
109596	47840	47842
109597	47850	47851
109598	47853	47854
109599	47856	47857
109600	47858	47860
109601	47864	71526
109602	47866	47867
109603	47868	47869
109604	47870	47871
109605	47876	47879
109606	47880	47881
109607	47885	47886
109608	47890	71531
109609	47905	47907
109610	47908	71536
109611	47909	47910
109612	47919	47921
109613	47925	62821
109614	47930	47932
109615	47933	74711
109616	47935	47936
109617	47937	47938
109618	47939	47940
109619	47942	71549
109620	47950	47951
109621	47967	73961
109622	47968	71562
109623	47970	47971
109624	47982	47988
109625	47995	47996
109626	47999	62878
109627	48001	48002
109628	48011	73839
109629	48017	48021
109630	48124	63019
109631	48022	48023
109632	48026	48027
109633	48030	74258
109634	48032	70104
109635	48033	48034
109636	48035	48036
109637	48037	48043
109638	48044	48045
109639	48053	48054
109640	48055	73856
109641	48058	48059
109642	48064	48065
109643	48066	48067
109644	48071	48072
109645	48075	74494
109646	48079	48080
109647	48089	75410
109648	48096	48097
109649	48099	48100
109650	48101	48102
109651	48112	48113
109652	48114	48115
109653	48116	48117
109654	48118	48119
109655	48122	48123
109656	48128	71482
109657	48133	48134
109658	48138	48139
109659	48140	48147
109660	48160	48161
109661	48162	48163
109662	48165	48166
109663	48169	48170
109664	48173	48174
109665	48175	75476
109666	48185	48186
109667	48187	48188
109668	48190	48191
109669	48198	69831
109670	48200	68775
109671	48205	48211
109672	48212	48213
109673	48214	48217
109674	48218	48219
109675	48220	70405
109676	48226	48235
109677	48227	71647
109678	48231	48232
109679	48246	48247
109680	48252	48253
109681	48254	48255
109682	48273	48274
109683	48257	48259
109684	48260	48262
109685	48271	48272
109686	48263	48264
109687	48276	48277
109688	48280	48281
109689	48285	48286
109690	48288	48289
109691	48294	48295
109692	48303	48304
109693	48313	48314
109694	48318	48319
109695	48321	71667
109696	48324	48325
109697	48327	48328
109698	48329	48333
109699	48339	48342
109700	48343	48344
109701	48346	48347
109702	48353	48354
109703	48357	48358
109704	48373	71077
109705	48378	48379
109706	48384	48385
109707	48389	71701
109708	48395	48396
109709	48398	48401
109710	48408	48409
109711	48410	48411
109712	48412	48415
109713	48416	48417
109714	48420	48421
109715	48423	48426
109716	48430	48431
109717	48433	48448
109718	48438	48439
109719	48440	48441
109720	48442	48443
109721	48454	75165
109722	48458	48459
109723	48460	48464
109724	48465	48467
109725	48468	48469
109726	48486	48487
109727	48488	48489
109728	48498	48499
109729	48500	48506
109730	48510	71714
109731	48522	68334
109732	48528	69132
109733	48532	71728
109734	48534	68506
109735	48538	48548
109736	48547	63596
109737	48555	48556
109738	48557	48565
109739	48564	71614
109740	48575	74466
109741	48581	48582
109742	48586	48587
109743	48588	48589
109744	48590	71745
109745	48596	48597
109746	48607	48610
109747	48617	48618
109748	48620	48621
109749	48625	48626
109750	48628	75352
109751	48630	48631
109752	48641	68985
109753	48645	63696
109754	48647	74382
109755	48648	48649
109756	48671	48672
109757	48674	48675
109758	48681	71768
109759	48691	48693
109760	48692	48694
109761	48695	48699
109762	1444	6166
109763	48696	48700
109764	48714	63823
109765	48697	48702
109766	48701	48703
109767	48704	48708
109768	48707	48710
109769	48712	48713
109770	48717	48718
109771	48721	48725
109772	48727	48728
109773	48729	48730
109774	48731	48734
109775	48735	71793
109776	48737	48738
109777	48748	48749
109778	48750	48751
109779	48752	48753
109780	48754	48755
109781	48765	48766
109782	48773	65261
109783	48172	69870
109784	48774	48775
109785	48781	48783
109786	48789	48790
109787	48796	48797
109788	48799	48802
109789	48815	48816
109790	48827	55266
109791	48817	48818
109792	48820	71866
109793	48830	48831
109794	48843	48844
109795	48978	48979
109796	48880	56940
109797	48884	48885
109798	48886	67783
109799	48888	48889
109800	48891	71905
109801	48896	48897
109802	48901	48904
109803	48902	48903
109804	48907	65315
109805	48916	64197
109806	48917	48918
109807	48919	48920
109808	48923	67338
109809	48929	71918
109810	48930	48931
109811	48935	71922
109812	48936	48937
109813	48938	48948
109814	48939	48940
109815	48947	64248
109816	48956	68112
109817	48960	48967
109818	48961	48963
109819	48964	48965
109820	48973	48974
109821	48975	48976
109822	48984	48985
109823	48986	48987
109824	49002	49003
109825	49005	49006
109826	49007	57947
109827	49015	49016
109828	49017	49018
109829	49024	71944
109830	49031	49032
109831	49044	49045
109832	49046	49048
109833	49049	49050
109834	49063	49064
109835	49074	49075
109836	49080	49082
109837	49087	49088
109838	49090	49091
109839	49092	49094
109840	49097	49098
109841	49099	49100
109842	49101	49102
109843	49103	49105
109844	49108	49109
109845	49113	49114
109846	49116	49117
109847	49118	49119
109848	49122	49123
109849	49127	73843
109850	49128	49129
109851	49134	49135
109852	49138	71964
109853	49151	49154
109854	49166	49167
109855	49169	49172
109856	49176	49178
109857	49179	49184
109858	49185	49188
109859	49189	49194
109860	49192	49193
109861	49197	49198
109862	49204	49205
109863	49206	49207
109864	49211	49212
109865	49213	49227
109866	49229	49230
109867	49232	49234
109868	49235	49236
109869	49237	49240
109870	49242	49243
109871	49245	49248
109872	49249	49254
109873	49255	49257
109874	49259	49261
109875	49264	49265
109876	49266	49267
109877	49268	49269
109878	49270	49271
109879	49272	49273
109880	49276	71979
109881	49278	49280
109882	49281	49282
109883	49286	49287
109884	49288	49289
109885	49292	49293
109886	49294	49295
109887	49300	49301
109888	49303	49304
109889	49305	49306
109890	49308	49309
109891	49325	49326
109892	49329	74864
109893	49346	49348
109894	49352	49354
109895	49362	71995
109896	49364	49366
109897	49370	49377
109898	49373	69145
109899	49383	49384
109900	49387	64572
109901	49389	64576
109902	49391	49392
109903	49395	49397
109904	49401	49406
109905	49412	71997
109906	49416	75327
109907	49420	49421
109908	49422	49423
109909	49424	49425
109910	49430	49431
109911	49436	49437
109912	49438	49439
109913	49448	49449
109914	49453	72001
109915	49454	49456
109916	49457	49458
109917	49459	49461
109918	1446	3378
109919	49462	49464
109920	49465	49467
109921	49471	49473
109922	49475	49476
109923	49479	49480
109924	49488	49491
109925	210	3897
109926	49499	49500
109927	49502	49507
109928	49509	74319
109929	49514	64636
109930	49515	49516
109931	49517	49518
109932	49521	49522
109933	49530	49531
109934	85485	4377
109935	49533	49534
109936	49535	49536
109937	49548	49552
109938	49549	49551
109939	49550	49572
109940	49553	49554
109941	49555	49556
109942	49557	49558
109943	105	2072
109944	49559	49560
109945	49561	49562
109946	520	3349
109947	49563	49564
109948	49565	49566
109949	49567	49568
109950	1446	2985
109951	49569	49570
109952	49571	49574
109953	49575	49578
109954	49576	49577
109955	521	4954
109956	521	543
109957	49579	49580
109958	49581	49593
109959	49582	49604
109960	49583	49584
109961	49585	49586
109962	49587	49588
109963	49589	49590
109964	521	2933
109965	49591	49592
109966	49595	49627
109967	49596	49597
109968	49599	49600
109969	49601	49602
109970	521	7203
109971	49603	49605
109972	521	1779
109973	521	1896
109974	49606	49607
109975	49608	49609
109976	49610	49611
109977	49612	49613
109978	49614	49615
109979	1446	1828
109980	49616	49617
109981	49618	49619
109982	49620	49621
109983	49622	49623
109984	49624	49626
109985	49625	59251
109986	49628	49630
109987	49632	49633
109988	49634	49635
109989	49636	49637
109990	49638	49639
109991	49640	49641
109992	49642	49643
109993	49644	49647
109994	49648	49649
109995	49650	49651
109996	49653	49654
109997	49655	49656
109998	49660	49661
109999	49663	49664
110000	49665	49666
110001	49667	67248
110002	49680	49681
110003	49691	74392
110004	49692	49693
110005	49709	49710
110006	49711	49719
110007	49716	49717
110008	49720	57154
110009	49725	49726
110010	49729	67735
110011	49737	49738
110012	49744	68225
110013	49750	49751
110014	49752	49753
110015	49754	49755
110016	49756	49759
110017	49757	49758
110018	49761	64903
110019	49762	49764
110020	49765	49767
110021	49772	49775
110022	49773	49774
110023	49777	49778
110024	49781	49783
110025	49784	49798
110026	49788	49789
110027	49790	49791
110028	49792	49794
110029	49801	49802
110030	49803	49806
110031	49838	49840
110032	49810	49811
110033	49815	74761
110034	49820	74780
110035	49822	71329
110036	49825	49826
110037	49829	49830
110038	49832	49836
110039	49837	49839
110040	49845	49846
110041	49848	49851
110042	49857	49858
110043	49860	49865
110044	49871	49872
110045	49873	49876
110046	49878	49879
110047	49883	49884
110048	49886	49887
110049	49889	74426
110050	49905	49914
110051	49894	49896
110052	49898	74993
110053	49904	49906
110054	49907	49908
110055	49909	49910
110056	49911	49912
110057	49915	49918
110058	49921	49922
110059	49924	49928
110060	49931	49932
110061	49933	49934
110062	49938	49940
110063	49941	49942
110064	49946	49947
110065	49957	49958
110066	49960	72091
110067	49962	49963
110068	49968	49969
110069	49975	49976
110070	49979	49993
110071	49982	49983
110072	520	3092
110073	49986	49988
110074	49994	49995
110075	50001	50002
110076	49996	49997
110077	49998	50004
110078	521	968
110079	50009	50010
110080	50011	50012
110081	50018	50019
110082	50021	50022
110083	50024	50025
110084	50028	50029
110085	50031	50032
110086	50033	50034
110087	50035	50036
110088	50037	50038
110089	50039	50040
110090	50041	50042
110091	50043	50044
110092	50045	50046
110093	50047	50048
110094	50049	50050
110095	50051	50052
110096	50053	50054
110097	50055	50056
110098	50057	50058
110099	50059	50060
110100	50061	50062
110101	50069	50070
110102	50075	50077
110103	50078	74880
110104	50087	50088
110105	50098	50099
110106	50108	50111
110107	50112	50115
110108	50121	50123
110109	50124	50125
110110	50129	50130
110111	50133	50134
110112	50137	74764
110113	50146	50147
110114	50155	50161
110115	50163	50165
110116	50176	50177
110117	50178	50180
110118	50181	74845
110119	50182	50183
110120	50184	50185
110121	50189	74305
110122	50190	68979
110123	50199	50200
110124	50201	50202
110125	50206	50207
110126	50212	50213
110127	50214	50215
110128	50218	50219
110129	50221	65230
110130	50224	50225
110131	50226	50227
110132	50236	50238
110133	50240	50241
110134	50252	50253
110135	50249	50256
110136	50257	50259
110137	50261	50262
110138	50268	75474
110139	50269	50271
110140	50272	50273
110141	50274	65283
110142	50283	50284
110143	50288	50290
110144	50298	65318
110145	50303	50304
110146	50305	68638
110147	50308	50309
110148	50310	50312
110149	50314	65333
110150	50322	50323
110151	50328	50329
110152	50336	50337
110153	50338	50340
110154	50342	74120
110155	50345	67875
110156	50346	50353
110157	50351	72149
110158	50356	50357
110159	50361	50362
110160	50363	50364
110161	50365	50368
110162	50372	50373
110163	50374	50381
110164	50386	50387
110165	50389	50390
110166	50391	50392
110167	50394	50395
110168	50396	50397
110169	50401	50402
110170	50403	50404
110171	50418	50420
110172	50405	50406
110173	50407	50408
110174	1449	3393
110175	50417	72152
110176	50427	50428
110177	50430	50431
110178	50432	50433
110179	50436	50437
110180	50438	50439
110181	50442	50448
110182	50449	50450
110183	50451	50452
110184	50453	50454
110185	50456	50458
110186	50487	50491
110187	50501	50509
110188	50500	50510
110189	50503	50504
110190	50505	50506
110191	50507	50508
110192	50516	50518
110193	50519	50520
110194	50527	50528
110195	50529	50537
110196	50534	65489
110197	50535	50536
110198	50538	70320
110199	50541	50542
110200	50545	50546
110201	50550	50551
110202	50552	50553
110203	50560	50563
110204	50566	50567
110205	50569	50570
110206	50571	50573
110207	50578	50579
110208	50580	50581
110209	50582	50584
110210	50596	50598
110211	50599	72178
110212	50620	50624
110213	50625	74747
110214	50626	50627
110215	50630	50634
110216	50635	50636
110217	50637	50638
110218	50639	50651
110219	50648	65544
110220	50654	74793
110221	50657	50659
110222	50660	50661
110223	50662	50663
110224	50664	50665
110225	50666	50667
110226	50671	50672
110227	50673	50674
110228	50675	50680
110229	50681	50685
110230	50686	50687
110231	50690	50695
110232	50693	50694
110233	50699	50700
110234	50702	50703
110235	50705	50710
110236	50712	50728
110237	50725	50727
110238	50730	50731
110239	50742	50743
110240	50745	50746
110241	50750	50751
110242	50765	50766
110243	50770	50771
110244	50774	50775
110245	50776	50777
110246	50778	50782
110247	50785	50787
110248	50793	50794
110249	50799	50802
110250	50809	50812
110251	50822	50824
110252	50838	65700
110253	50841	50844
110254	50845	50847
110255	50849	50850
110256	50851	50854
110257	50855	50856
110258	50857	50859
110259	50860	50862
110260	50865	50866
110261	50873	50879
110262	50877	50878
110263	50880	50881
110264	50895	50896
110265	50897	50900
110266	50901	50902
110267	50905	65745
110268	50908	50909
110269	50914	50915
110270	50932	50933
110271	50934	50935
110272	50938	50939
110273	50941	50942
110274	50946	50947
110275	50948	75331
110276	50951	50952
110277	50959	50961
110278	50964	72220
110279	50970	50974
110280	50981	50982
110281	50983	50984
110282	50987	50988
110283	50990	50991
110284	50992	50993
110285	51002	51003
110286	51016	51017
110287	51024	51025
110288	51026	51027
110289	51032	51033
110290	51034	51035
110291	51037	51038
110292	51059	74218
110293	51060	51061
110294	51062	51064
110295	51066	51067
110296	51068	51069
110297	51070	51072
110298	51074	51075
110299	51076	51077
110300	51078	51079
110301	51085	51086
110302	51089	51090
110303	51092	51093
110304	51094	51099
110305	51100	51101
110306	51106	72225
110307	51109	51110
110308	51112	51113
110309	51114	51115
110310	51118	51119
110311	51123	51125
110312	51124	74449
110313	51129	51137
110314	51140	51141
110315	51142	51143
110316	51147	51148
110317	51152	51153
110318	51154	51155
110319	51156	51157
110320	51159	62684
110321	51164	51166
110322	51171	51172
110323	51174	51175
110324	51178	51180
110325	51184	74104
110326	51185	51186
110327	51189	51191
110328	51192	51193
110329	51197	51198
110330	51199	51200
110331	51201	51202
110332	51204	51206
110333	51208	51209
110334	51210	51217
110335	51225	51229
110336	51232	72246
110337	51239	51240
110338	51249	51250
110339	51255	51257
110340	51266	51267
110341	51272	51273
110342	51280	51281
110343	51284	51286
110344	51289	51290
110345	51296	51297
110346	51302	51303
110347	51305	51306
110348	51308	51309
110349	51314	51315
110350	51316	51318
110351	51319	51322
110352	51320	51321
110353	51324	51331
110354	51327	51328
110355	51334	51335
110356	51336	51337
110357	51338	72271
110358	51339	51340
110359	51343	51344
110360	51349	51353
110361	51383	51387
110362	51352	66012
110363	51359	51360
110364	51365	51366
110365	51371	51372
110366	51376	51377
110367	51379	51385
110368	51384	61293
110369	51389	75483
110370	51392	51393
110371	51402	51404
110372	51405	75318
110373	51408	51410
110374	51411	51412
110375	51413	51420
110376	51427	51428
110377	51430	51431
110378	51432	51433
110379	51434	51435
110380	51436	51437
110381	51444	51445
110382	51454	51456
110383	51463	74852
110384	51466	51467
110385	51468	51473
110386	51471	51472
110387	51475	51476
110388	51487	51489
110389	51495	51496
110390	51503	51504
110391	51505	51507
110392	51509	51510
110393	51512	51514
110394	51520	51521
110395	51523	51526
110396	51545	51546
110397	51547	51548
110398	51550	51551
110399	51552	51553
110400	51557	51558
110401	51559	51560
110402	51569	51571
110403	51578	51581
110404	51587	51588
110405	51589	51595
110406	51596	51598
110407	51599	51600
110408	51601	51608
110409	51611	66226
110410	51612	51613
110411	50668	56676
110412	51614	74713
110413	51615	51616
110414	51619	51620
110415	51622	51623
110416	51625	71548
110417	51629	51630
110418	51634	51637
110419	51638	74082
110420	51642	51648
110421	51650	51651
110422	51654	75458
110423	51656	51662
110424	51663	51664
110425	51665	51666
110426	51667	51668
110427	51669	51670
110428	51674	51677
110429	51678	51679
110430	51680	74651
110431	51681	72341
110432	51688	51689
110433	51719	51720
110434	51691	51692
110435	51693	51695
110436	51698	74821
110437	51700	51701
110438	51706	51708
110439	51709	74471
110440	51721	51722
110441	51723	51729
110442	51730	51734
110443	51733	66418
110444	51737	51738
110445	51744	51751
110446	51747	51748
110447	51749	66440
110448	51753	66449
110449	51758	51759
110450	51767	72354
110451	51774	51775
110452	51795	51796
110453	51799	51800
110454	51804	51809
110455	51806	51807
110456	51810	51811
110457	51812	51814
110458	51815	75428
110459	51819	51820
110460	51821	51822
110461	51823	51824
110462	51825	69914
110463	51828	51829
110464	51833	51841
110465	51842	51845
110466	51847	51852
110467	51857	51859
110468	51863	51864
110469	51865	51866
110470	51867	51869
110471	51870	51872
110472	51871	66578
110473	51877	51882
110474	51881	66581
110475	51883	51891
110476	51892	51896
110477	51900	51901
110478	51907	51909
110479	521	3959
110480	51914	51915
110481	51917	51918
110482	51919	51920
110483	51921	51923
110484	51926	51927
110485	51934	51936
110486	51937	51938
110487	51940	51941
110488	51942	51943
110489	51945	51946
110490	51948	51950
110491	51960	72382
110492	51961	51962
110493	51969	51970
110494	51977	51978
110495	51996	51997
110496	51998	51999
110497	52002	68446
110498	52003	52005
110499	52008	66724
110500	52014	52015
110501	52017	72407
110502	52035	52036
110503	52043	52044
110504	52045	52046
110505	52048	52049
110506	52052	69147
110507	52047	52050
110508	52067	52068
110509	52074	72421
110510	52083	52084
110511	52086	52090
110512	52091	52093
110513	52095	52096
110514	52100	52101
110515	52106	52107
110516	52117	52118
110517	52119	52120
110518	52127	52129
110519	52132	52136
110520	52133	72429
110521	52151	52156
110522	52153	52154
110523	52161	52162
110524	52163	66915
110525	52177	52179
110526	52181	52182
110527	52187	52188
110528	52189	52190
110529	52195	52196
110530	52204	74954
110531	52211	52212
110532	52216	67017
110533	52218	72447
110534	52221	52222
110535	52226	52227
110536	52230	52233
110537	52234	52236
110538	52251	52252
110539	52255	52256
110540	52257	52258
110541	52262	72465
110542	52271	52272
110543	52280	52281
110544	52284	52285
110545	52289	72479
110546	52293	52294
110547	52295	52296
110548	52303	52306
110549	52307	52308
110550	52313	72486
110551	52316	52317
110552	52320	52321
110553	52322	52323
110554	52324	52325
110555	52327	52328
110556	52331	52334
110557	52336	52338
110558	52349	52350
110559	52354	52355
110560	52357	52359
110561	52375	52376
110562	52377	52378
110563	52390	52391
110564	52393	52394
110565	52397	52398
110566	52400	52401
110567	52402	74924
110568	52403	52405
110569	52406	52410
110570	52415	52416
110571	52420	52423
110572	52417	75364
110573	52431	67236
110574	52434	52435
110575	52442	52443
110576	52448	52449
110577	52450	52451
110578	52452	74073
110579	52454	52457
110580	52459	52460
110581	52461	52462
110582	52463	52464
110583	52465	52466
110584	52467	74596
110585	52470	52471
110586	52474	52476
110587	52477	52478
110588	52479	52480
110589	1451	4814
110590	52482	52483
110591	52484	52485
110592	52490	52491
110593	52498	52499
110594	52500	52502
110595	52503	52504
110596	52505	52507
110597	52509	52510
110598	52511	52512
110599	52518	52519
110600	52522	67294
110601	52530	52531
110602	52535	52536
110603	52539	52540
110604	52542	52543
110605	52544	52545
110606	52548	52550
110607	1451	3061
110608	52552	75425
110609	52554	52564
110610	52557	52558
110611	52560	52561
110612	52567	74614
110613	52568	52569
110614	52571	52575
110615	52576	74994
110616	52578	52579
110617	52580	52581
110618	52582	52583
110619	52587	52588
110620	52592	52593
110621	52594	52595
110622	52598	52599
110623	52603	52605
110624	52609	52610
110625	52607	52608
110626	52611	52612
110627	52625	52626
110628	52630	52636
110629	52632	52634
110630	52638	52639
110631	52640	52643
110632	52646	52693
110633	52644	52645
110634	52647	52648
110635	52649	52650
110636	89879	79182
110637	52651	52652
110638	52653	52654
110639	52655	52656
110640	52657	52658
110641	52659	52660
110642	52662	52663
110643	52664	52702
110644	52665	52666
110645	52667	52668
110646	52670	52671
110647	52672	52673
110648	52674	52675
110649	52676	52677
110650	52678	52679
110651	52682	52684
110652	52680	52681
110653	52683	52685
110654	1451	6847
110655	52686	52687
110656	52688	52689
110657	52690	52691
110658	52692	52695
110659	52696	52697
110660	52698	52700
110661	52704	52706
110662	52708	52713
110663	52718	52719
110664	52721	52725
110665	52733	52734
110666	52736	52737
110667	52738	52741
110668	52744	52745
110669	52747	52748
110670	52749	52751
110671	52756	52761
110672	52758	52759
110673	52768	52769
110674	52770	52771
110675	52780	52781
110676	89873	82891
110677	52782	52783
110678	52784	52785
110679	52786	52787
110680	52806	52807
110681	52816	52817
110682	52818	73502
110683	52821	52822
110684	52830	52831
110685	52840	52841
110686	52844	72554
110687	52850	52851
110688	52852	52853
110689	52858	52859
110690	52860	52861
110691	52862	52863
110692	52864	52865
110693	52866	52867
110694	52868	52871
110695	52872	75023
110696	52874	52875
110697	52879	52880
110698	52881	52882
110699	52883	52889
110700	52890	52891
110701	52896	74484
110702	52904	52906
110703	52908	52909
110704	52913	52915
110705	52916	52917
110706	52918	52920
110707	52921	52923
110708	52927	52928
110709	52932	52933
110710	52934	52935
110711	52936	52937
110712	52942	52943
110713	52967	52968
110714	52969	52970
110715	1451	4766
110716	52971	52972
110717	52973	52974
110718	52975	52976
110719	52979	52980
110720	52981	52982
110721	52988	52989
110722	52991	52992
110723	52993	52994
110724	52995	52998
110725	53001	53002
110726	53011	53012
110727	53013	53015
110728	53021	53022
110729	53024	73708
110730	53028	53029
110731	53030	53031
110732	53033	53035
110733	53036	53039
110734	53040	53041
110735	53042	53048
110736	53047	73769
110737	53049	73752
110738	1453	6507
110739	53050	53051
110740	53052	53058
110741	53063	53064
110742	53065	53066
110743	53067	53068
110744	53070	67762
110745	53071	53073
110746	53075	53076
110747	53077	53078
110748	53088	53089
110749	53091	53092
110750	53093	53095
110751	53102	53105
110752	53109	53110
110753	53111	53112
110754	53113	53114
110755	53115	53116
110756	53120	53135
110757	522	673
110758	53130	53131
110759	53138	53140
110760	53145	53146
110761	53147	53148
110762	53149	53156
110763	53154	72585
110764	53157	53158
110765	53159	53161
110766	53162	53163
110767	53164	53165
110768	53166	53169
110769	53171	53172
110770	53176	53183
110771	53179	53180
110772	53188	53190
110773	53193	53194
110774	1453	5235
110775	53394	53395
110776	53196	53200
110777	53203	53204
110778	53207	53208
110779	53209	53217
110780	53215	53216
110781	53219	53220
110782	53225	53226
110783	53230	53234
110784	53237	67813
110785	53243	53247
110786	53245	53246
110787	53257	53258
110788	53264	53267
110789	53268	53269
110790	53271	53273
110791	53277	53278
110792	53279	53280
110793	53284	53285
110794	53286	53287
110795	53290	53295
110796	53296	53297
110797	53298	53301
110798	53302	53304
110799	1453	4263
110800	53305	53306
110801	53307	53308
110802	53309	53310
110803	53313	53314
110804	53315	53319
110805	53322	53323
110806	53324	53333
110807	53326	53327
110808	53337	53338
110809	53344	53345
110810	53347	53348
110811	53350	53351
110812	53353	53354
110813	53355	67925
110814	53358	53359
110815	53371	53372
110816	53376	53377
110817	53387	53388
110818	53400	53401
110819	53404	53409
110820	53411	53412
110821	53417	71246
110822	53425	53428
110823	53430	53431
110824	53432	53433
110825	53439	53442
110826	53445	53447
110827	53448	53456
110828	53460	53461
110829	53463	53464
110830	53468	53469
110831	53470	53471
110832	53472	53473
110833	53475	53476
110834	53477	53478
110835	53486	53487
110836	53488	53489
110837	53490	53491
110838	53492	53493
110839	53494	53495
110840	53496	53498
110841	1453	4003
110842	53500	53501
110843	53505	53506
110844	53507	53508
110845	53515	53516
110846	53517	53518
110847	53523	53524
110848	53525	53526
110849	53534	53535
110850	53536	53537
110851	53538	53539
110852	1454	2710
110853	53540	53541
110854	1454	2789
110855	53542	53543
110856	53544	53545
110857	53546	53547
110858	53549	53550
110859	53551	53552
110860	53553	53554
110861	53555	53556
110862	53557	53558
110863	53564	53571
110864	53566	53567
110865	53574	53575
110866	53576	72644
110867	53580	53581
110868	53582	53585
110869	53584	68141
110870	53590	74107
110871	53591	74052
110872	53595	53597
110873	53602	72649
110874	53612	53614
110875	53617	53618
110876	53621	53622
110877	53623	75289
110878	53626	53627
110879	53628	53629
110880	53630	53631
110881	53636	53638
110882	53639	53640
110883	53641	53645
110884	53642	53643
110885	53646	53647
110886	54614	54617
110887	53648	53650
110888	53662	53663
110889	53665	53672
110890	53668	53669
110891	53677	72655
110892	53679	53681
110893	53682	53683
110894	53686	74239
110895	53687	53688
110896	53691	74376
110897	53693	68208
110898	53695	68209
110899	53699	53701
110900	53702	53704
110901	53707	53711
110902	53714	53715
110903	53717	53718
110904	53722	73506
110905	53725	53729
110906	53740	53741
110907	53742	53743
110908	53752	53758
110909	53753	71424
110910	53759	53760
110911	53767	72660
110912	53773	53774
110913	53778	53779
110914	53782	53783
110915	53789	53790
110916	53794	53795
110917	53796	53797
110918	53798	53800
110919	53801	53802
110920	53803	53804
110921	53808	53809
110922	53813	53814
110923	53823	53824
110924	53828	53831
110925	53833	53834
110926	53835	53836
110927	53845	68260
110928	53848	53849
110929	53852	53853
110930	53855	53856
110931	53863	53864
110932	53866	53867
110933	53868	53871
110934	53880	53881
110935	53884	53885
110936	53886	53888
110937	53893	53895
110938	53901	53902
110939	53903	53905
110940	53906	53907
110941	53917	53918
110942	53919	53920
110943	53924	53930
110944	53927	53928
110945	53931	53932
110946	53936	74697
110947	53947	53950
110948	53954	53955
110949	53956	53959
110950	53960	53961
110951	53963	53965
110952	53966	73738
110953	53970	53971
110954	53995	53996
110955	53999	54001
110956	54003	54011
110957	54007	54009
110958	54010	72675
110959	54012	54013
110960	54021	54022
110961	54032	54033
110962	54041	54042
110963	54050	54051
110964	54052	54053
110965	54057	54058
110966	54060	54061
110967	54062	54066
110968	54067	54068
110969	54073	54074
110970	54075	54076
110971	54084	54085
110972	54086	74488
110973	54105	54106
110974	54088	54089
110975	54090	54091
110976	54093	54095
110977	54100	54101
110978	54103	54107
110979	54108	54109
110980	54110	54113
110981	54119	54121
110982	54122	54123
110983	54124	54125
110984	54130	54131
110985	54136	54138
110986	54140	54141
110987	54143	54147
110988	54148	54149
110989	54169	54170
110990	54171	54172
110991	54178	54180
110992	54181	54182
110993	54198	54200
110994	54199	72686
110995	54214	54215
110996	54216	54217
110997	54218	54221
110998	54222	54223
110999	54231	68695
111000	54235	54236
111001	54238	54241
111002	54243	54244
111003	54245	54246
111004	54247	54249
111005	54254	54255
111006	54260	54262
111007	54264	54265
111008	54266	54269
111009	54268	54272
111010	54270	54271
111011	54275	54276
111012	54278	54279
111013	54281	54282
111014	54283	74502
111015	54289	54290
111016	54291	54292
111017	54293	54294
111018	54301	54302
111019	54303	54304
111020	54310	54311
111021	54315	54316
111022	54317	54319
111023	54320	54321
111024	54323	73511
111025	54326	54335
111026	54330	68508
111027	54331	72694
111028	54336	54339
111029	54340	54343
111030	54344	54345
111031	54356	54357
111032	54358	54360
111033	54361	54362
111034	54363	54364
111035	54365	54368
111036	54379	54380
111037	54381	54382
111038	54383	54385
111039	54387	54388
111040	54406	54407
111041	54409	54410
111042	54416	54417
111043	54424	54425
111044	54429	54430
111045	54431	54432
111046	54437	54438
111047	54440	54441
111048	54443	54444
111049	54445	54446
111050	54447	54448
111051	54449	54450
111052	54453	54454
111053	54455	54456
111054	54461	54462
111055	54463	54464
111056	54466	54469
111057	54467	54468
111058	54474	54476
111059	54477	54478
111060	54479	54480
111061	54482	54483
111062	54495	54496
111063	54500	54502
111064	54507	54510
111065	54511	54512
111066	54517	54518
111067	54519	54520
111068	54524	54525
111069	54526	54527
111070	54528	54529
111071	54530	54531
111072	54532	54533
111073	54534	54535
111074	54563	54564
111075	54567	54568
111076	54583	54584
111077	54585	74943
111078	54587	54588
111079	54592	54593
111080	54596	54597
111081	54602	54603
111082	54609	54610
111083	54611	54612
111084	54613	54615
111085	54618	54619
111086	54620	73512
111087	54625	54626
111088	54629	54630
111089	54638	54640
111090	54643	54644
111091	54645	54646
111092	54647	54648
111093	54655	54656
111094	54662	54663
111095	54665	54666
111096	54667	54668
111097	54670	54671
111098	54672	54673
111099	54674	54675
111100	54686	54691
111101	54689	54690
111102	54693	54694
111103	54699	54701
111104	54702	54703
111105	54705	54706
111106	54707	54708
111107	54725	54726
111108	54727	54728
111109	54731	54734
111110	54735	54736
111111	54738	54745
111112	54746	74751
111113	54749	73518
111114	54753	54759
111115	54771	54772
111116	54777	54778
111117	54779	54780
111118	54784	54785
111119	54787	54789
111120	54793	54794
111121	54795	54796
111122	54797	54798
111123	54806	54807
111124	54817	68701
111125	54820	75010
111126	54823	54824
111127	54827	54828
111128	54829	54831
111129	54836	54837
111130	54839	54840
111131	54842	54844
111132	54855	54856
111133	54860	73519
111134	54878	54879
111135	54885	54886
111136	54887	54890
111137	54900	54902
111138	54917	54918
111139	54920	54921
111140	54927	54928
111141	54929	54930
111142	54931	54932
111143	54937	54938
111144	54939	54940
111145	54945	54946
111146	54947	54949
111147	54952	54953
111148	54957	54958
111149	54961	54962
111150	54970	68759
111151	54973	54974
111152	54975	54976
111153	54983	54984
111154	54989	54992
111155	54993	54994
111156	54996	54997
111157	54999	55000
111158	55002	55003
111159	55009	55015
111160	89885	63564
111161	55021	55022
111162	55023	55025
111163	55032	55033
111164	55038	55039
111165	55048	55049
111166	55051	55052
111167	55053	55054
111168	55055	55056
111169	55060	55061
111170	55062	55064
111171	55066	55067
111172	55068	55069
111173	55070	55072
111174	55075	55076
111175	55077	73522
111176	55078	55080
111177	55081	55083
111178	55084	55085
111179	55086	55087
111180	55089	55091
111181	55093	55094
111182	55095	55096
111183	55099	55100
111184	55105	55107
111185	55112	55116
111186	55122	55123
111187	55124	55125
111188	55128	55129
111189	55133	68807
111190	55138	72749
111191	55140	73525
111192	55147	55148
111193	55152	55154
111194	55156	74940
111195	55158	55159
111196	55160	55161
111197	55162	55163
111198	55164	55166
111199	55167	55168
111200	55169	55170
111201	55173	69724
111202	55175	68825
111203	55176	55177
111204	55178	55180
111205	55186	55187
111206	55191	72752
111207	55206	74901
111208	55209	55210
111209	55211	55213
111210	55223	55224
111211	55227	55228
111212	55231	55232
111213	55237	55238
111214	55239	55240
111215	55249	55250
111216	55251	55254
111217	85326	1387
111218	55257	68871
111219	55264	72177
111220	55276	55277
111221	55288	55289
111222	55301	55302
111223	55310	55311
111224	55315	55316
111225	55319	55320
111226	55321	55322
111227	55323	55325
111228	55331	55332
111229	55334	55335
111230	55344	55345
111231	55351	55352
111232	55356	55357
111233	55358	55360
111234	55366	55367
111235	55369	55371
111236	55375	55376
111237	55380	55381
111238	55383	55386
111239	55389	55390
111240	55391	55392
111241	55393	55394
111242	55395	55396
111243	55397	55399
111244	55402	55403
111245	55412	55413
111246	55414	55415
111247	55416	55417
111248	55419	55420
111249	55431	55432
111250	55433	55434
111251	55438	55439
111252	55440	55441
111253	55444	55445
111254	55453	55454
111255	55458	55459
111256	55460	55461
111257	55462	55463
111258	55464	55465
111259	55473	55474
111260	55479	55481
111261	55482	55483
111262	55484	55485
111263	55488	55489
111264	55490	55491
111265	55492	55493
111266	55494	55495
111267	55496	55497
111268	55499	55500
111269	55501	55509
111270	55504	55505
111271	55512	55513
111272	55516	55518
111273	55532	55533
111274	55535	55536
111275	55546	55547
111276	55548	55549
111277	55550	55551
111278	55564	55565
111279	55567	55568
111280	55569	55570
111281	55572	55573
111282	55576	55577
111283	55578	55579
111284	55583	55584
111285	55588	55589
111286	55600	55601
111287	55602	55603
111288	55604	55605
111289	55606	55607
111290	55617	68974
111291	55624	55625
111292	55628	55629
111293	55634	56707
111294	55635	55636
111295	55639	55640
111296	55641	55642
111297	210	1994
111298	55643	55644
111299	55652	55654
111300	55665	55669
111301	55671	55673
111302	55675	55676
111303	55678	74169
111304	55684	55686
111305	55687	55688
111306	210	6927
111307	55691	55694
111308	55695	55697
111309	55698	55699
111310	55701	55702
111311	55704	55706
111312	26	192
111313	55708	55709
111314	55710	55713
111315	55714	55715
111316	55718	55720
111317	55721	55723
111318	55735	55736
111319	55739	55740
111320	55745	55746
111321	55747	55748
111322	55749	55750
111323	55751	69007
111324	55754	55755
111325	55757	55760
111326	55761	55762
111327	55764	55767
111328	55768	55769
111329	55772	55774
111330	55777	55778
111331	55789	55790
111332	55791	55792
111333	55793	55795
111334	55794	55805
111335	55796	55799
111336	55797	55826
111337	55798	55835
111338	55803	55815
111339	55802	55804
111340	55807	55810
111341	55808	55821
111342	55809	55817
111343	55811	55812
111344	55813	55819
111345	55820	55822
111346	55823	55824
111347	55825	55828
111348	55829	55830
111349	55831	55833
111350	55834	55836
111351	55837	55838
111352	55839	55840
111353	55841	55842
111354	55861	55862
111355	55863	55865
111356	55872	55873
111357	55874	55876
111358	55887	55888
111359	55889	55891
111360	55899	55900
111361	55903	55906
111362	55910	69054
111363	55914	55915
111364	55919	55920
111365	55924	55925
111366	55926	55927
111367	55930	55931
111368	55937	55938
111369	55939	55941
111370	55950	55951
111371	55957	55958
111372	55961	55962
111373	55964	55965
111374	55966	55968
111375	55976	55977
111376	55979	55980
111377	55984	55985
111378	55988	55990
111379	1454	1932
111380	55991	55992
111381	55993	55994
111382	55995	55996
111383	55997	55998
111384	56005	56008
111385	56010	56012
111386	56029	56030
111387	56036	56041
111388	56047	56048
111389	56050	56051
111390	56059	56060
111391	56062	69108
111392	56063	56064
111393	56066	56067
111394	56068	56069
111395	56076	56077
111396	56078	56079
111397	56081	56082
111398	56083	56085
111399	56088	56090
111400	56098	56099
111401	56101	56107
111402	56114	56115
111403	56122	69123
111404	56123	56124
111405	56127	56128
111406	56131	56132
111407	56134	56135
111408	56182	56183
111409	56139	75293
111410	56149	56150
111411	56155	56156
111412	56159	56160
111413	56161	56162
111414	56177	56179
111415	56178	56181
111416	56184	56185
111417	56186	56187
111418	56189	56196
111419	56199	72811
111420	56201	56202
111421	56205	56206
111422	56213	56214
111423	56217	56218
111424	56219	56220
111425	56233	56234
111426	56239	56240
111427	56241	56242
111428	56249	56250
111429	56252	56253
111430	56258	56259
111431	56269	56271
111432	56281	69202
111433	56282	56285
111434	56286	56288
111435	56289	56290
111436	56291	56293
111437	56297	56301
111438	56302	56303
111439	56304	56307
111440	56312	56313
111441	56318	56319
111442	56320	56321
111443	56324	56326
111444	56328	56335
111445	56338	56340
111446	56342	56343
111447	56351	56352
111448	56356	56357
111449	56358	56360
111450	56361	56363
111451	56364	56365
111452	56366	56367
111453	56369	56370
111454	56371	56372
111455	56373	56374
111456	1454	2206
111457	56376	56378
111458	56379	56383
111459	56384	56386
111460	56390	56392
111461	56396	56397
111462	56398	56399
111463	56400	56401
111464	56403	56404
111465	56405	74840
111466	56406	56407
111467	56409	56410
111468	56411	56414
111469	56415	56416
111470	56419	56420
111471	56431	56436
111472	56440	56441
111473	56452	56453
111474	56456	56457
111475	56461	56462
111476	56465	69276
111477	56467	56468
111478	56472	56477
111479	56485	56486
111480	56487	56488
111481	56489	56490
111482	56491	56492
111483	56495	56496
111484	56501	56502
111485	56503	56504
111486	56505	56506
111487	56508	56509
111488	56515	56516
111489	56518	56519
111490	56520	56521
111491	56525	56527
111492	56528	56529
111493	56530	56531
111494	56539	56540
111495	56543	56544
111496	56548	56549
111497	56552	56553
111498	56554	56555
111499	56556	56557
111500	56560	56561
111501	56562	56563
111502	56564	56571
111503	56572	56576
111504	56578	56579
111505	56582	56587
111506	56589	56590
111507	56593	56594
111508	56600	56601
111509	56602	56603
111510	56608	56609
111511	56611	56612
111512	56619	56622
111513	56621	69328
111514	56624	56625
111515	56636	56637
111516	56641	56642
111517	56651	56652
111518	56662	56663
111519	56665	56666
111520	56815	73668
111521	56668	56669
111522	56674	56675
111523	56679	56680
111524	56686	56687
111525	56690	56692
111526	56701	69404
111527	56715	56717
111528	56719	56720
111529	56725	56726
111530	56730	56735
111531	56737	56738
111532	56739	56740
111533	56741	56742
111534	56746	56748
111535	56754	56755
111536	56760	56761
111537	56762	56763
111538	56764	56765
111539	56769	56770
111540	56774	56775
111541	56779	56780
111542	56781	56782
111543	56786	56787
111544	56788	56789
111545	56798	56799
111546	56800	72841
111547	56801	56802
111548	56803	56804
111549	56807	70313
111550	56810	69436
111551	56813	56814
111552	56816	56817
111553	56818	56819
111554	56820	56821
111555	56822	56824
111556	56823	69447
111557	56828	56831
111558	56832	56833
111559	56836	72847
111560	56837	56838
111561	56848	56849
111562	56851	56854
111563	56860	56861
111564	56862	56863
111565	56864	56872
111566	56874	56876
111567	56877	74700
111568	56881	72853
111569	56893	56894
111570	56907	56908
111571	56909	56921
111572	56918	56919
111573	56928	56929
111574	56930	56931
111575	56932	56934
111576	56936	56937
111577	56941	56943
111578	56942	56946
111579	56944	56949
111580	56954	56955
111581	56956	56957
111582	56962	56963
111583	56983	56984
111584	56985	56986
111585	56987	56988
111586	56990	56991
111587	56993	56994
111588	56995	56999
111589	57000	57002
111590	57003	57004
111591	57005	57006
111592	57011	57012
111593	57015	72861
111594	57017	57018
111595	57020	57021
111596	57028	57029
111597	57030	57031
111598	57032	57033
111599	57042	57043
111600	57044	57045
111601	57046	57047
111602	57051	57052
111603	57054	57055
111604	57064	57065
111605	57069	57071
111606	57072	57075
111607	57082	69997
111608	57083	57084
111609	57089	57090
111610	57096	57097
111611	57098	57100
111612	57101	57103
111613	57104	57105
111614	57106	57107
111615	57108	57109
111616	57110	57111
111617	57112	57113
111618	57114	57115
111619	57116	57117
111620	57122	69562
111621	57141	57142
111622	57144	57145
111623	57146	57147
111624	57148	57149
111625	57151	57152
111626	57155	57156
111627	57160	57163
111628	57164	57165
111629	57171	57172
111630	57177	57178
111631	57201	57202
111632	57203	57205
111633	57210	57215
111634	57220	57221
111635	57233	57235
111636	57236	57237
111637	57245	57246
111638	57249	57251
111639	57252	57253
111640	57258	57261
111641	57264	57266
111642	57267	69655
111643	57273	57275
111644	57276	57277
111645	57279	74650
111646	57285	57286
111647	57294	57296
111648	57295	69659
111649	57297	57298
111650	57300	69664
111651	57303	57304
111652	57310	57311
111653	57312	57313
111654	57327	57328
111655	57329	57330
111656	57335	57336
111657	57337	57338
111658	57340	57341
111659	57354	74603
111660	57355	57356
111661	57359	57363
111662	57368	57369
111663	57372	74576
111664	57374	57375
111665	57377	57379
111666	57389	57390
111667	57393	57394
111668	57395	57396
111669	57397	57398
111670	57399	57401
111671	57402	57403
111672	57404	57405
111673	57407	57413
111674	57410	57411
111675	57414	57415
111676	57416	57418
111677	57427	57428
111678	57431	57432
111679	57440	57441
111680	57442	73835
111681	57454	57455
111682	57461	57466
111683	57463	69723
111684	57476	57479
111685	57481	57482
111686	57490	57492
111687	57493	57494
111688	57496	57497
111689	57502	57503
111690	57505	57506
111691	57508	57511
111692	57512	57513
111693	57516	57517
111694	57518	57519
111695	57520	57521
111696	57522	57523
111697	57524	57525
111698	57529	57530
111699	57531	57532
111700	57534	57535
111701	57536	57537
111702	57538	57539
111703	57540	57541
111704	57543	57544
111705	57552	57553
111706	26	234
111707	57554	57555
111708	57557	57558
111709	57559	57563
111710	57564	57567
111711	57568	57569
111712	57570	57571
111713	57573	57574
111714	57575	57577
111715	57578	57579
111716	57580	57581
111717	57586	57588
111718	57592	57593
111719	57595	57596
111720	57597	57598
111721	57606	57607
111722	57611	57612
111723	57616	57617
111724	57618	57619
111725	57620	57621
111726	57622	57625
111727	57626	57627
111728	57629	74906
111729	57640	57641
111730	57642	57643
111731	57644	57645
111732	57646	57648
111733	57649	57651
111734	57652	57655
111735	57656	57657
111736	57658	57660
111737	57661	57662
111738	57663	57665
111739	57681	73736
111740	57685	57687
111741	57693	57695
111742	57696	57697
111743	89893	6272
111744	57700	57701
111745	57702	57703
111746	57739	57740
111747	57704	57705
111748	57706	57707
111749	57711	57712
111750	57713	57717
111751	57718	57722
111752	57720	69839
111753	57727	57729
111754	57730	57731
111755	57736	57737
111756	57749	57750
111757	57763	57764
111758	57775	57776
111759	57777	57781
111760	57779	57780
111761	57790	57791
111762	57792	57793
111763	57797	57799
111764	57800	57801
111765	57803	57804
111766	57805	57806
111767	57807	57808
111768	57811	69863
111769	57813	57814
111770	57815	57816
111771	57817	57818
111772	57819	57820
111773	57823	57824
111774	57825	57826
111775	57827	57828
111776	57829	57830
111777	57831	57832
111778	57834	57835
111779	57836	57837
111780	57839	57840
111781	57841	57842
111782	57847	57848
111783	57849	57850
111784	57854	57855
111785	57866	57867
111786	57870	57872
111787	57873	57874
111788	57875	57876
111789	57877	57880
111790	57882	57883
111791	57894	57897
111792	57902	57903
111793	57904	57906
111794	57907	57908
111795	57930	57931
111796	57933	57934
111797	57939	57940
111798	57942	57944
111799	57949	57953
111800	57954	57955
111801	57956	57957
111802	57963	57964
111803	57965	57966
111804	57967	57968
111805	57973	57974
111806	57977	57978
111807	57979	57980
111808	57983	69915
111809	57987	69917
111810	57990	72563
111811	57993	57994
111812	57995	57996
111813	57997	57998
111814	57999	58000
111815	58001	58002
111816	58004	58005
111817	58033	58034
111818	58035	58036
111819	58037	58038
111820	58043	58044
111821	58045	69928
111822	58049	58052
111823	58051	69931
111824	58056	58057
111825	58060	58061
111826	58065	58066
111827	58069	74811
111828	58072	58073
111829	58074	58075
111830	58077	58080
111831	58082	58083
111832	58086	58087
111833	58089	58090
111834	58093	58102
111835	58100	58101
111836	58103	58104
111837	1454	8596
111838	58105	58107
111839	1454	53548
111840	58108	58109
111841	58110	58111
111842	58112	58113
111843	58114	58115
111844	58116	58117
111845	58118	58119
111846	58120	58122
111847	58125	58127
111848	58126	58139
111849	58129	58131
111850	58132	58133
111851	58135	58136
111852	58137	58138
111853	58140	58141
111854	58142	58143
111855	58144	58146
111856	57271	57272
111857	58148	58149
111858	58150	58151
111859	522	995
111860	58158	58161
111861	58164	58165
111862	58168	58169
111863	58172	58173
111864	58174	58175
111865	58177	58178
111866	58180	58182
111867	58185	58186
111868	58187	58188
111869	58189	58190
111870	58191	58192
111871	58193	58196
111872	58197	58198
111873	58201	58202
111874	58205	58206
111875	58215	58217
111876	58219	58221
111877	58223	58224
111878	58225	58227
111879	58229	58230
111880	58231	58232
111881	58233	58234
111882	58235	58236
111883	58244	58245
111884	58246	58247
111885	58248	58249
111886	58251	58252
111887	58253	58254
111888	58255	58256
111889	58257	58258
111890	58261	58262
111891	58263	58264
111892	58266	58267
111893	58268	58269
111894	58274	58275
111895	58281	58282
111896	58284	58285
111897	58286	58287
111898	58288	58289
111899	58290	58291
111900	58295	58296
111901	58299	58300
111902	58301	58302
111903	58303	58304
111904	58307	58308
111905	58309	58310
111906	58311	58312
111907	58313	58314
111908	58320	58321
111909	58325	58327
111910	58332	58336
111911	58337	58339
111912	58343	58344
111913	58349	58350
111914	58353	58354
111915	58357	58361
111916	58362	58363
111917	58364	58365
111918	58366	58367
111919	58385	58386
111920	58393	58395
111921	58411	70074
111922	58418	58423
111923	58433	58434
111924	58439	58440
111925	58447	58448
111926	58452	58453
111927	58454	58455
111928	58456	58457
111929	58458	58460
111930	58464	72971
111931	58467	58468
111932	58469	58470
111933	58472	58473
111934	58474	58475
111935	58482	58483
111936	210	1749
111937	58490	58491
111938	58492	58493
111939	58494	58495
111940	58496	58497
111941	58498	58499
111942	58503	58504
111943	58517	58518
111944	58520	58521
111945	58523	58524
111946	58525	58526
111947	58543	70120
111948	58552	58553
111949	58558	58559
111950	58560	58561
111951	58563	58567
111952	58572	58573
111953	58581	58582
111954	58584	58585
111955	58586	58587
111956	58591	58592
111957	58593	58594
111958	58598	58599
111959	58605	58608
111960	58607	70135
111961	58763	58764
111962	58615	58617
111963	58618	58619
111964	58625	58626
111965	58628	58629
111966	58636	58637
111967	58643	58644
111968	58646	58648
111969	58651	58652
111970	58655	58656
111971	58657	58658
111972	58659	58660
111973	58661	58662
111974	58665	58666
111975	58671	58676
111976	58673	58674
111977	58679	58684
111978	58698	58699
111979	58700	58701
111980	58707	58708
111981	58712	58713
111982	58718	58719
111983	58721	58723
111984	58727	58730
111985	58733	58735
111986	58736	58737
111987	58739	58741
111988	58745	58746
111989	58748	58749
111990	58750	58752
111991	58753	58754
111992	58755	58758
111993	58759	58761
111994	58766	58767
111995	58769	58770
111996	58772	58777
111997	58787	58788
111998	58792	58793
111999	58801	58802
112000	58805	58806
112001	58810	58811
112002	58812	58813
112003	58814	58815
112004	58820	58821
112005	58822	58823
112006	58824	58825
112007	58826	58830
112008	58832	58833
112009	58834	58835
112010	58836	58837
112011	58838	58839
112012	58840	74013
112013	58852	58853
112014	58857	70196
112015	58860	58861
112016	58864	58865
112017	58871	58872
112018	58875	58876
112019	58879	58880
112020	58885	58886
112021	58887	58888
112022	58890	58894
112023	58897	58898
112024	58899	58904
112025	58901	58902
112026	58905	58906
112027	58911	58912
112028	58914	58915
112029	58919	58921
112030	58922	58925
112031	58926	58927
112032	58930	58931
112033	58938	58939
112034	58944	58945
112035	58947	58948
112036	58972	58974
112037	58983	58984
112038	58985	58986
112039	58987	58988
112040	58989	58990
112041	58991	58996
112042	58997	58999
112043	59000	59001
112044	59013	59020
112045	59023	59026
112046	59025	70262
112047	59042	59043
112048	59045	59046
112049	59049	59051
112050	59052	59053
112051	59057	59058
112052	59059	59061
112053	59062	59063
112054	59069	59070
112055	59073	59074
112056	59076	59078
112057	59080	59083
112058	59085	59086
112059	59087	59088
112060	59094	59095
112061	59096	59097
112062	59105	59110
112063	59098	59101
112064	59102	59103
112065	59107	59108
112066	59109	59116
112067	59115	59119
112068	59130	59131
112069	8	440
112070	59133	59134
112071	59138	59140
112072	59142	59143
112073	59147	59148
112074	1455	3998
112075	59153	59154
112076	59157	59158
112077	59159	59160
112078	59161	59162
112079	59163	59164
112080	59165	59166
112081	59177	59178
112082	59180	59181
112083	59188	59189
112084	59194	59195
112085	59196	59197
112086	59200	59201
112087	59202	59203
112088	59222	59224
112089	59227	59228
112090	59241	59242
112091	59244	59245
112092	59246	59248
112093	59261	59262
112094	59270	59271
112095	59273	59274
112096	59279	59280
112097	59284	59286
112098	59287	59288
112099	59294	59296
112100	59297	59298
112101	59299	59300
112102	59302	59303
112103	59304	59305
112104	59311	59312
112105	59316	59317
112106	59327	59328
112107	59329	59330
112108	59336	59337
112109	59345	59346
112110	59348	59870
112111	59349	59350
112112	59355	59356
112113	59357	59358
112114	59360	70443
112115	59362	59363
112116	59371	59374
112117	59375	59376
112118	59381	59382
112119	59384	59385
112120	59386	73017
112121	59388	59389
112122	59392	59393
112123	59394	59396
112124	59402	59403
112125	59411	59412
112126	59415	59416
112127	59417	59418
112128	59419	59420
112129	59421	59422
112130	59423	59424
112131	59425	59426
112132	59427	59428
112133	59429	59430
112134	59444	59447
112135	59458	59459
112136	59462	59463
112137	59471	59472
112138	59477	59478
112139	59482	59484
112140	59485	59486
112141	59491	59492
112142	59497	59500
112143	59503	59504
112144	59508	59509
112145	59512	59513
112146	59518	59519
112147	59527	73027
112148	59534	70521
112149	59535	70573
112150	59536	59537
112151	59538	59539
112152	59540	59541
112153	59542	59543
112154	59544	59545
112155	59550	59551
112156	59552	59553
112157	59568	59569
112158	59573	59574
112159	59580	59581
112160	59584	59585
112161	59586	59587
112162	59590	59591
112163	59598	59599
112164	59600	59601
112165	1455	2517
112166	59602	59603
112167	59604	59605
112168	59606	59607
112169	59608	59609
112170	59610	59611
112171	59612	59613
112172	26	1271
112173	59614	59615
112174	59616	59617
112175	59618	59619
112176	59620	59621
112177	1455	2107
112178	59623	59624
112179	59625	59626
112180	59627	59628
112181	59629	59630
112182	59631	59632
112183	59633	59634
112184	59635	59636
112185	59637	59638
112186	59639	59640
112187	59641	59642
112188	59643	59644
112189	59645	59646
112190	59691	59692
112191	59647	59648
112192	59649	59650
112193	59651	59660
112194	59652	59653
112195	59654	59655
112196	59656	59657
112197	59661	59663
112198	59664	59665
112199	59666	59667
112200	59669	59670
112201	59678	59679
112202	59680	59681
112203	59682	59683
112204	59684	59685
112205	59689	59690
112206	59693	59695
112207	59696	59698
112208	59703	59705
112209	59709	59712
112210	59720	59721
112211	59723	59724
112212	59732	59734
112213	59735	59739
112214	59740	59741
112215	59745	59746
112216	59750	59751
112217	59759	59760
112218	59764	59765
112219	59766	59768
112220	59771	59773
112221	59775	59777
112222	59779	65637
112223	59778	59780
112224	59781	59782
112225	59785	59787
112226	59788	59789
112227	59790	59796
112228	59797	59798
112229	59799	59801
112230	59803	59804
112231	59809	59810
112232	59811	59813
112233	59814	59815
112234	59816	59817
112235	59820	59821
112236	59824	59826
112237	59827	59830
112238	59831	70614
112239	59833	70615
112240	59835	59839
112241	59841	59844
112242	59849	59850
112243	59853	59854
112244	59855	59857
112245	59863	59864
112246	59865	59866
112247	59869	59871
112248	59873	59874
112249	59877	59878
112250	59881	59884
112251	59894	59895
112252	59896	59897
112253	59899	59900
112254	59906	59907
112255	59911	59912
112256	59925	59926
112257	59932	59933
112258	59942	59943
112259	59949	59950
112260	59951	59952
112261	59953	59954
112262	59957	59958
112263	59959	59960
112264	59961	59962
112265	59970	59971
112266	59976	59977
112267	59980	59981
112268	59987	59988
112269	59991	73051
112270	59994	59995
112271	59997	59998
112272	60001	60002
112273	60007	60009
112274	60010	60011
112275	60012	60014
112276	60019	60020
112277	60026	60027
112278	60029	60030
112279	60036	60037
112280	60041	60042
112281	60045	60046
112282	60047	60049
112283	60052	60054
112284	60059	60060
112285	60061	60062
112286	60064	60065
112287	60069	60070
112288	60073	60074
112289	60085	60086
112290	60095	60096
112291	60102	60103
112292	60104	60105
112293	60113	60115
112294	60116	60117
112295	60267	60270
112296	60151	60152
112297	60120	60121
112298	60122	60123
112299	60124	60125
112300	60126	60127
112301	60130	60132
112302	60133	60134
112303	60139	60140
112304	60144	60145
112305	60147	60148
112306	60153	60154
112307	60156	60157
112308	60162	60163
112309	60167	60168
112310	60175	60176
112311	60180	60181
112312	60187	60188
112313	60192	60193
112314	60197	70720
112315	60200	60201
112316	60203	60207
112317	60205	60206
112318	60210	60211
112319	60218	60219
112320	60225	60226
112321	60233	60234
112322	60240	60241
112323	60242	60243
112324	60246	60247
112325	60256	60257
112326	60259	60260
112327	60266	60269
112328	60277	60280
112329	60283	60284
112330	60285	60286
112331	60291	60292
112332	60294	60296
112333	60297	60299
112334	60300	60303
112335	60304	60305
112336	60307	60308
112337	60311	60312
112338	60314	60315
112339	60317	60320
112340	60321	73069
112341	60325	60326
112342	60328	60329
112343	60330	60333
112344	60337	60338
112345	60340	60341
112346	60342	60343
112347	60344	60345
112348	60355	60356
112349	60364	60365
112350	60370	60371
112351	60372	60375
112352	60377	60378
112353	60379	60380
112354	60389	60390
112355	60393	60395
112356	60396	60397
112357	60398	60401
112358	60404	60406
112359	60407	60409
112360	60410	60411
112361	60413	60414
112362	60423	60424
112363	60430	70792
112364	60440	60441
112365	60442	60443
112366	60445	60447
112367	60448	60452
112368	60449	60453
112369	60458	60459
112370	60463	60464
112371	60467	60468
112372	60470	60471
112373	60477	60478
112374	60479	60480
112375	60481	60482
112376	60497	60498
112377	60499	60500
112378	60501	60502
112379	60503	60504
112380	60505	60506
112381	60518	60519
112382	60521	60522
112383	60528	60529
112384	60534	60535
112385	60539	60540
112386	60547	60548
112387	60558	60559
112388	60561	73079
112389	60562	60563
112390	60578	60579
112391	60584	60585
112392	60591	60592
112393	60593	60594
112394	60595	60597
112395	60601	60603
112396	60610	60611
112397	60617	60618
112398	60619	60620
112399	60621	60622
112400	60623	60624
112401	60625	60626
112402	60628	60629
112403	60630	60631
112404	60635	60636
112405	60637	60638
112406	60641	60642
112407	60647	60648
112408	60655	60658
112409	60661	60663
112410	60668	60669
112411	60670	60671
112412	60672	60673
112413	60677	60678
112414	60679	74215
112415	60680	60681
112416	60684	60685
112417	60687	60688
112418	60691	60692
112419	60693	60694
112420	60695	60696
112421	60699	60700
112422	60703	60704
112423	60721	73084
112424	60724	60725
112425	60732	60733
112426	60734	60735
112427	60739	60740
112428	60746	60747
112429	60760	60761
112430	60763	60764
112431	60768	60770
112432	60771	60773
112433	60775	60776
112434	60780	60781
112435	60783	60784
112436	60794	60796
112437	60804	60807
112438	60810	60811
112439	60818	60819
112440	60820	60822
112441	60828	60829
112442	60833	60834
112443	60845	60846
112444	60854	60855
112445	60856	60857
112446	60860	60861
112447	60876	60877
112448	60878	60879
112449	60885	60886
112450	60887	60888
112451	60889	60890
112452	60891	60893
112453	60903	60904
112454	60905	60906
112455	60913	60914
112456	60924	60925
112457	60927	60928
112458	60929	60930
112459	60932	60933
112460	60934	60935
112461	60936	60937
112462	60940	60941
112463	60942	60943
112464	60944	60946
112465	60949	60950
112466	60951	60952
112467	60953	60954
112468	60955	60956
112469	60957	60958
112470	60959	60960
112471	60965	60966
112472	60967	60968
112473	60970	60971
112474	60973	60974
112475	60979	60987
112476	60980	60981
112477	60982	60985
112478	60993	60998
112479	60996	60997
112480	60994	60995
112481	61000	71006
112482	61001	61003
112483	61004	61008
112484	61006	71007
112485	61009	61011
112486	61012	74610
112487	61017	61029
112488	61026	61027
112489	61034	61035
112490	61046	61047
112491	61049	61050
112492	61051	61052
112493	61053	61054
112494	61057	61058
112495	60988	60990
112496	61059	73096
112497	61075	61076
112498	61077	61078
112499	61079	61080
112500	61081	61082
112501	61084	61085
112502	61104	61106
112503	61107	61108
112504	61109	61110
112505	61111	61112
112506	61113	61114
112507	61115	61116
112508	61117	61118
112509	26	622
112510	61119	61120
112511	61121	61122
112512	1456	3604
112513	61123	61124
112514	61125	61126
112515	1456	1727
112516	61127	61128
112517	61129	61130
112518	61131	61132
112519	61133	61134
112520	61135	61136
112521	61137	61138
112522	61139	61140
112523	61141	61142
112524	61143	61144
112525	61145	61146
112526	61147	61148
112527	61149	61151
112528	61152	61153
112529	61154	61155
112530	61156	61160
112531	61161	61162
112532	61163	61164
112533	61165	61166
112534	61168	61169
112535	61170	61171
112536	61175	61176
112537	61184	61185
112538	61195	61196
112539	61199	61200
112540	61204	71080
112541	61205	61206
112542	61207	61208
112543	61210	61211
112544	61213	61214
112545	61215	61216
112546	61221	61222
112547	61223	61224
112548	61226	61227
112549	61228	61229
112550	61230	61231
112551	61234	61235
112552	61237	61238
112553	61242	61244
112554	61255	61257
112555	61261	71088
112556	61268	61269
112557	61270	61271
112558	1456	2773
112559	61272	61273
112560	61274	61275
112561	61278	61283
112562	61285	61288
112563	61291	61296
112564	61301	61304
112565	61306	61307
112566	61310	61311
112567	61312	61313
112568	61324	61325
112569	61326	61327
112570	61329	61333
112571	61340	61341
112572	61353	61354
112573	61361	61362
112574	61363	61364
112575	61388	61389
112576	61365	61366
112577	61369	61370
112578	61378	61379
112579	61385	61387
112580	61400	61401
112581	61402	61404
112582	61405	61407
112583	61408	61409
112584	61410	61411
112585	61414	61415
112586	61417	61418
112587	61458	61468
112588	61443	61444
112589	61457	61459
112590	61461	61462
112591	61463	61464
112592	61465	61466
112593	61471	61472
112594	61473	61474
112595	61475	61477
112596	61482	61483
112597	61485	61488
112598	61489	61491
112599	61492	61493
112600	61495	61496
112601	61506	61507
112602	61508	61509
112603	61511	61512
112604	61520	61521
112605	61523	61525
112606	61526	61527
112607	61528	61530
112608	61531	61532
112609	61533	61534
112610	61535	61536
112611	61537	61538
112612	61544	61545
112613	61552	61554
112614	61555	61556
112615	61566	61567
112616	61573	61574
112617	61580	61581
112618	61583	61585
112619	61587	61588
112620	61596	61597
112621	61598	61599
112622	61623	61624
112623	61600	61601
112624	61609	61610
112625	61611	61612
112626	61614	61616
112627	61618	61620
112628	61625	61626
112629	61638	61640
112630	61650	61651
112631	61652	61653
112632	61670	61671
112633	61674	61676
112634	61693	61694
112635	61695	61696
112636	61706	61707
112637	61708	61709
112638	61713	61714
112639	61718	61719
112640	61721	61722
112641	61733	61734
112642	61735	61736
112643	61740	61741
112644	61743	61744
112645	61750	71238
112646	61751	61752
112647	61754	61755
112648	61764	61765
112649	1456	1960
112650	61766	61767
112651	61770	71244
112652	61775	61776
112653	61777	61778
112654	61788	61790
112655	61791	61792
112656	61807	61808
112657	61809	61810
112658	61820	61821
112659	61822	61823
112660	61831	61832
112661	61833	61836
112662	61837	74501
112663	61850	61851
112664	61857	61858
112665	61859	61860
112666	61862	61863
112667	61870	61871
112668	61873	61874
112669	61877	61878
112670	61882	61883
112671	61899	61900
112672	61517	61518
112673	61901	61902
112674	61912	61913
112675	61917	61922
112676	61924	61925
112677	61938	61939
112678	61945	61946
112679	61955	61956
112680	61957	61958
112681	61959	61960
112682	61961	61962
112683	61963	61964
112684	61965	61966
112685	61967	61968
112686	61977	61978
112687	61985	61986
112688	61991	61992
112689	61994	61995
112690	61996	61998
112691	61999	62000
112692	62001	62002
112693	62003	62006
112694	62008	62009
112695	62011	62014
112696	62015	62018
112697	62023	62024
112698	62033	62034
112699	62046	73615
112700	62048	62049
112701	62050	62051
112702	62053	62054
112703	62057	62058
112704	62071	62072
112705	62073	62074
112706	62075	62076
112707	62077	62078
112708	62079	62080
112709	62081	62082
112710	62086	62087
112711	62099	62100
112712	62106	62107
112713	62112	62113
112714	62114	62115
112715	62119	62120
112716	62122	62123
112717	62126	62127
112718	62129	62133
112719	62135	62136
112720	62140	62141
112721	62143	62144
112722	62149	62150
112723	62157	71353
112724	62161	62162
112725	62163	62164
112726	62165	62166
112727	62174	62175
112728	62178	62179
112729	62285	62286
112730	62181	62182
112731	62184	62185
112732	62193	62194
112733	62198	62199
112734	62202	62203
112735	62205	62206
112736	62207	62208
112737	62209	62210
112738	62211	62212
112739	62216	62217
112740	62219	62220
112741	62223	62224
112742	62229	62230
112743	62231	62232
112744	62250	62251
112745	62258	62259
112746	62261	62263
112747	62268	62269
112748	62282	62292
112749	62283	62284
112750	62290	62291
112751	62294	62295
112752	62299	62300
112753	62302	73159
112754	62309	62310
112755	62313	62314
112756	62315	62316
112757	62318	62319
112758	62320	62321
112759	62325	62326
112760	62328	62329
112761	62331	62334
112762	62343	62344
112763	62346	62347
112764	62366	62368
112765	62369	62372
112766	62373	62375
112767	62382	62383
112768	62387	62388
112769	62390	62391
112770	62396	62397
112771	62403	62404
112772	62405	62406
112773	62412	62413
112774	62422	62423
112775	62425	62426
112776	62427	62428
112777	62432	62433
112778	62437	62440
112779	62441	62442
112780	62455	62456
112781	62461	62462
112782	62463	62464
112783	62473	62475
112784	62480	62481
112785	62482	62483
112786	62484	62485
112787	62489	62490
112788	62493	62494
112789	62495	62496
112790	62506	62507
112791	62509	62510
112792	62518	62519
112793	62520	62521
112794	62522	62523
112795	62524	62527
112796	62530	62531
112797	62540	73179
112798	62554	62555
112799	62566	62567
112800	62570	62571
112801	62575	62576
112802	62577	62578
112803	62583	71464
112804	62585	62586
112805	62591	62592
112806	62593	62594
112807	62597	62599
112808	62601	71467
112809	62605	62606
112810	62607	62608
112811	62612	62613
112812	62614	62615
112813	62619	62620
112814	62621	62622
112815	62624	62625
112816	62626	62627
112817	62642	62643
112818	62644	62645
112819	62652	62653
112820	62668	62669
112821	62670	62671
112822	62672	62673
112823	62674	62676
112824	62679	62681
112825	62682	62683
112826	62689	62691
112827	62693	62694
112828	62695	62696
112829	62701	62702
112830	62703	62704
112831	62705	62706
112832	62707	62708
112833	62710	62711
112834	62718	62719
112835	62724	62725
112836	62730	62731
112837	62733	62734
112838	62737	62738
112839	62743	62744
112840	62746	62747
112841	62748	62749
112842	62751	62752
112843	62753	62754
112844	62759	62760
112845	62764	62765
112846	62771	62772
112847	62775	62776
112848	62778	62779
112849	62781	62782
112850	62787	62788
112851	62790	62791
112852	62792	62793
112853	62794	62797
112854	62795	71534
112855	62806	62807
112856	62810	62811
112857	62825	62826
112858	62835	62836
112859	62842	73193
112860	62845	62846
112861	62851	73195
112862	62860	62865
112863	62863	71567
112864	62864	72570
112865	62866	73537
112866	62875	62876
112867	62883	62884
112868	62885	71577
112869	62892	62893
112870	62894	62895
112871	62896	62897
112872	62904	62905
112873	62907	62908
112874	62910	62911
112875	62923	62924
112876	62928	62929
112877	62936	62937
112878	62941	62944
112879	62945	62946
112880	62955	62958
112881	62960	62961
112882	62971	62974
112883	62985	62986
112884	62987	62988
112885	62989	62997
112886	62990	62991
112887	62992	62994
112888	62995	62996
112889	62999	63003
112890	63008	63009
112891	63016	63017
112892	63021	63022
112893	63024	63026
112894	63038	63039
112895	63040	63041
112896	63046	63047
112897	63048	63049
112898	63052	63053
112899	63057	63058
112900	63062	63063
112901	63064	63065
112902	63066	63067
112903	63069	63070
112904	63071	63072
112905	63075	63076
112906	63077	63078
112907	63086	63088
112908	63094	63095
112909	63098	63099
112910	63100	63101
112911	63104	73222
112912	63107	63108
112913	63116	63117
112914	63119	63120
112915	63124	63125
112916	63139	63140
112917	63147	63148
112918	63154	63155
112919	63158	63159
112920	63168	63169
112921	63170	63171
112922	63178	63179
112923	63186	63187
112924	63188	63189
112925	63200	63201
112926	63208	63209
112927	63212	63213
112928	63214	63215
112929	63216	63217
112930	63219	63220
112931	63224	63226
112932	63235	63236
112933	63242	63244
112934	63247	63248
112935	63249	63250
112936	63251	63252
112937	63260	63261
112938	63262	63263
112939	63266	63268
112940	63269	63270
112941	63289	63291
112942	63296	63300
112943	63301	63302
112944	63303	63304
112945	63308	63310
112946	63316	63318
112947	63329	63334
112948	63335	63336
112949	63338	63339
112950	63345	63348
112951	63352	63354
112952	63355	63356
112953	63357	63358
112954	63359	63360
112955	63361	63365
112956	63368	63370
112957	63371	63372
112958	63374	63375
112959	63387	63388
112960	63389	63391
112961	63392	63393
112962	63394	63395
112963	63396	63397
112964	63398	63399
112965	63406	63407
112966	63408	63409
112967	63410	63411
112968	63413	63415
112969	63414	71685
112970	63421	63422
112971	63428	63429
112972	63431	63432
112973	63436	63438
112974	63439	63440
112975	63441	63442
112976	63445	63446
112977	63447	63448
112978	63450	63453
112979	63454	63455
112980	63456	63457
112981	63458	63459
112982	63460	63461
112983	63462	63463
112984	63473	63474
112985	63480	63481
112986	63495	63496
112987	63502	63503
112988	63509	63510
112989	63511	63512
112990	63530	63531
112991	63532	63533
112992	63534	63535
112993	63539	63540
112994	63544	63545
112995	63548	63549
112996	63550	63551
112997	63556	63557
112998	63558	63560
112999	63565	63566
113000	63574	63575
113001	63582	63583
113002	63585	63586
113003	63590	63591
113004	63597	63598
113005	63601	63602
113006	63606	63607
113007	63609	63610
113008	63613	63614
113009	63615	63616
113010	63619	63620
113011	63624	71742
113012	63629	63630
113013	63631	63632
113014	63640	63641
113015	63642	63643
113016	63659	63660
113017	63661	63662
113018	63669	63670
113019	63679	63680
113020	63686	63687
113021	63693	63694
113022	63698	63699
113023	63700	63701
113024	63703	63704
113025	63709	63710
113026	63711	63712
113027	63719	63720
113028	63721	63722
113029	63723	63724
113030	63727	63728
113031	63747	63748
113032	63740	63742
113033	63744	63746
113034	63759	63760
113035	63761	63763
113036	63764	63765
113037	63771	63772
113038	63774	63775
113039	63776	63777
113040	63778	63779
113041	63780	63781
113042	63783	63784
113043	63789	63790
113044	63791	63792
113045	63793	63794
113046	63806	63807
113047	63816	63818
113048	63819	63821
113049	63822	63824
113050	63827	63828
113051	63829	63830
113052	63832	63833
113053	63840	63841
113054	63845	63846
113055	63847	63848
113056	63849	63850
113057	63855	63856
113058	63866	63867
113059	63868	63869
113060	63871	63872
113061	63874	63882
113062	63877	63878
113063	63898	63899
113064	63902	63903
113065	63907	63908
113066	63912	63913
113067	63919	63920
113068	63924	63925
113069	63933	63934
113070	63941	63942
113071	63943	63944
113072	63947	63948
113073	63949	63950
113074	63951	63952
113075	63954	73538
113076	63960	63961
113077	63962	63963
113078	63964	63965
113079	63966	63967
113080	63968	63970
113081	63969	63971
113082	64025	64027
113083	63972	63975
113084	63973	63983
113085	63980	63982
113086	63974	63981
113087	63977	63979
113088	63987	63988
113089	63999	64001
113090	64006	64007
113091	64015	64016
113092	64018	64019
113093	64020	64022
113094	64023	64024
113095	64026	64028
113096	64032	64035
113097	64040	71870
113098	64042	64043
113099	64044	64045
113100	64049	64050
113101	64057	64058
113102	64059	64060
113103	64063	64066
113104	64068	64069
113105	64073	64074
113106	64075	64076
113107	64079	64080
113108	64083	64084
113109	64088	64089
113110	64099	64100
113111	64101	64102
113112	64106	64107
113113	64109	64110
113114	64111	64112
113115	64119	64121
113116	64136	64137
113117	64141	64142
113118	64153	64154
113119	64155	64156
113120	64191	64192
113121	64195	64196
113122	64200	64203
113123	64205	64206
113124	64207	64208
113125	64209	64210
113126	64214	64215
113127	64216	64217
113128	64221	64222
113129	64227	64228
113130	64230	64231
113131	64232	64233
113132	64234	64235
113133	64245	64246
113134	64253	64254
113135	64255	64257
113136	64263	64264
113137	64265	64266
113138	64271	64272
113139	64278	64279
113140	64285	64286
113141	64287	64288
113142	64294	64295
113143	64305	64306
113144	64308	64309
113145	64311	64312
113146	64314	64315
113147	64316	64317
113148	64318	64319
113149	64322	64323
113150	64324	64325
113151	64330	64332
113152	64333	64334
113153	64335	64336
113154	64351	64352
113155	64353	64354
113156	64355	64356
113157	64359	64360
113158	64365	64366
113159	64367	64368
113160	64375	64378
113161	64384	64385
113162	64387	64390
113163	64393	64394
113164	64401	64402
113165	64431	64432
113166	64434	64435
113167	64441	64443
113168	64445	64446
113169	64455	64456
113170	64457	64458
113171	64465	73251
113172	64467	64469
113173	64473	64474
113174	64475	64476
113175	64487	64488
113176	64489	64490
113177	64491	64492
113178	64494	64495
113179	64496	64497
113180	64500	64501
113181	64505	64506
113182	64508	64509
113183	64510	64511
113184	64520	64522
113185	64527	64528
113186	64541	64542
113187	64543	64544
113188	64547	64548
113189	64549	64550
113190	64554	64555
113191	64557	64558
113192	64559	64560
113193	64562	64563
113194	64573	64574
113195	64582	64583
113196	64585	64586
113197	64587	64588
113198	64590	64591
113199	64601	64602
113200	64605	64606
113201	64613	64614
113202	64617	64618
113203	64621	64622
113204	64624	64625
113205	64628	64629
113206	64639	64640
113207	64647	64648
113208	64651	64652
113209	64654	64655
113210	64656	64657
113211	64659	64661
113212	64665	64666
113213	64673	64674
113214	64675	64676
113215	64698	64700
113216	64710	64711
113217	64714	64715
113218	64722	64723
113219	64724	64725
113220	64734	64735
113221	64736	64737
113222	64738	64739
113223	64740	64741
113224	64742	64744
113225	64749	64750
113226	64753	64754
113227	64758	64760
113228	64768	64769
113229	64771	64772
113230	64774	64775
113231	64779	64780
113232	64782	64783
113233	64784	64789
113234	64785	64787
113235	64788	64791
113236	64792	64793
113237	65428	65429
113238	64795	64796
113239	64797	64798
113240	64799	64800
113241	64801	64802
113242	64807	64808
113243	64810	64811
113244	64814	64816
113245	64820	64823
113246	64822	72048
113247	64824	64825
113248	64830	64832
113249	64833	64835
113250	64837	64838
113251	64840	64841
113252	64844	64845
113253	64850	73539
113254	64854	64855
113255	64858	64859
113256	64861	72052
113257	64866	64867
113258	64869	64870
113259	64872	64873
113260	64875	64876
113261	64891	64892
113262	64897	64900
113263	64901	64902
113264	64906	64907
113265	64916	64917
113266	64918	64919
113267	64922	64923
113268	64925	64926
113269	64927	64928
113270	64933	64934
113271	64939	64940
113272	64944	64945
113273	64956	64957
113274	64962	64963
113275	64974	64975
113276	64980	64981
113277	64982	64983
113278	64989	64991
113279	65013	65014
113280	65018	65019
113281	65027	65028
113282	65029	65030
113283	65031	65032
113284	65033	65034
113285	65035	65036
113286	65037	65038
113287	65052	65053
113288	65057	65058
113289	65060	65061
113290	65068	65070
113291	65078	65080
113292	65089	65090
113293	65095	65096
113294	65097	65098
113295	65099	65100
113296	65113	65114
113297	65118	65119
113298	65120	65121
113299	65127	65128
113300	65129	65130
113301	65134	65135
113302	65138	65139
113303	65142	72114
113304	65149	65150
113305	65156	65157
113306	65161	65162
113307	65165	73540
113308	65169	65170
113309	65174	65176
113310	65177	65178
113311	65179	65181
113312	65190	65191
113313	65194	65196
113314	65203	65204
113315	65205	65206
113316	65208	65219
113317	65210	73279
113318	65211	65212
113319	65215	65216
113320	65223	65224
113321	65233	65234
113322	65235	65236
113323	65239	65241
113324	65237	65238
113325	65247	65248
113326	65249	65250
113327	65251	65252
113328	65253	65254
113329	65257	65258
113330	65265	65266
113331	65270	65272
113332	65271	65286
113333	65276	73280
113334	65288	65289
113335	65290	65291
113336	65293	65294
113337	65183	65185
113338	65296	65297
113339	65301	65302
113340	65304	65305
113341	65308	65311
113342	65316	65317
113343	65321	65322
113344	65323	72142
113345	65324	65327
113346	65329	65330
113347	65340	65347
113348	65345	65346
113349	65356	65357
113350	65363	65364
113351	65369	65370
113352	65371	65372
113353	65390	65391
113354	65392	65393
113355	65394	65395
113356	65396	65397
113357	65398	65399
113358	65400	65401
113359	65403	65404
113360	65405	65406
113361	65412	65413
113362	65418	65421
113363	65422	65423
113364	65424	65425
113365	65439	65440
113366	65448	65451
113367	65462	65463
113368	65464	65465
113369	65470	65472
113370	65473	65475
113371	65479	65480
113372	65481	65482
113373	65499	65500
113374	65501	65502
113375	65506	65507
113376	65508	65509
113377	65510	65511
113378	65519	65520
113379	65528	65529
113380	65533	65534
113381	65537	65538
113382	65539	65540
113383	65545	65546
113384	65549	65551
113385	65553	65554
113386	65555	65556
113387	65557	65558
113388	65570	65571
113389	65574	65575
113390	65576	65577
113391	65578	65579
113392	65582	65584
113393	65585	65586
113394	65589	65590
113395	65599	65600
113396	65608	65609
113397	65612	65613
113398	65616	65617
113399	65624	65625
113400	65628	65629
113401	65639	65640
113402	65652	65653
113403	65656	65657
113404	65659	65662
113405	65663	65664
113406	65670	65671
113407	65678	65679
113408	65682	73286
113409	65688	65689
113410	65696	65697
113411	65706	65707
113412	65710	65711
113413	65716	65720
113414	65718	72213
113415	65721	65722
113416	65732	65735
113417	65738	72788
113418	65746	65747
113419	65748	65749
113420	65750	65751
113421	1457	1472
113422	65753	65754
113423	65768	65771
113424	65772	65773
113425	65778	65782
113426	65784	65785
113427	65804	65805
113428	65806	65807
113429	65808	65809
113430	65811	65812
113431	65820	65821
113432	65822	65823
113433	65824	65825
113434	65828	65829
113435	65838	65839
113436	65843	65844
113437	65845	65846
113438	65847	65848
113439	65849	65850
113440	65852	65853
113441	65856	65857
113442	65860	65861
113443	65865	65866
113444	65876	65877
113445	65878	65879
113446	65880	65881
113447	65882	65883
113448	65884	65885
113449	65886	65887
113450	65894	65895
113451	65897	65899
113452	65905	65906
113453	65908	65910
113454	65913	65914
113455	65915	65916
113456	65917	65918
113457	65920	65921
113458	65928	65929
113459	65932	65934
113460	65935	65936
113461	65937	65938
113462	65942	65943
113463	65950	65951
113464	65952	65953
113465	65956	65957
113466	65962	65963
113467	65964	65965
113468	65968	65969
113469	65978	65979
113470	65986	65987
113471	65997	65998
113472	66009	66010
113473	66014	66015
113474	66017	66018
113475	66023	66024
113476	66025	66026
113477	66027	66028
113478	66032	66033
113479	66039	66040
113480	66042	66043
113481	66053	66054
113482	66055	66056
113483	66059	66060
113484	66061	66062
113485	1456	6106
113486	66063	66064
113487	66070	66071
113488	66074	73297
113489	66078	66079
113490	66086	66087
113491	66094	66095
113492	66097	66098
113493	66110	66111
113494	66115	66116
113495	66117	66118
113496	66119	66120
113497	66123	66124
113498	66128	66129
113499	66139	66140
113500	66145	66147
113501	66162	66163
113502	66166	66167
113503	66168	66169
113504	66170	66171
113505	66172	66173
113506	66174	66175
113507	66180	66181
113508	66182	66185
113509	66194	66195
113510	66196	66197
113511	66214	66215
113512	66222	66223
113513	66228	66229
113514	66235	66236
113515	66243	66244
113516	66247	66248
113517	66250	66251
113518	66252	66258
113519	66253	66254
113520	66260	72331
113521	66261	66262
113522	66263	66264
113523	66265	73309
113524	66266	66267
113525	66270	66271
113526	66272	66273
113527	66278	66280
113528	66282	66283
113529	66286	66294
113530	66287	66290
113531	66289	66319
113532	66291	66292
113533	66295	66296
113534	66297	66298
113535	66299	66300
113536	66302	66303
113537	66304	66305
113538	66306	66307
113539	66308	66309
113540	66311	66313
113541	66314	66315
113542	66316	66317
113543	66318	66320
113544	66323	66324
113545	66523	66524
113546	66325	66326
113547	66327	66328
113548	66329	66330
113549	66331	73541
113550	66344	66345
113551	66349	66350
113552	66351	66352
113553	66353	66354
113554	66355	66356
113555	66357	66358
113556	66359	66360
113557	66363	73311
113558	66365	66368
113559	66370	66371
113560	66375	66376
113561	66377	66378
113562	66379	66380
113563	66383	66385
113564	66386	66387
113565	66388	66389
113566	66390	66391
113567	66402	66403
113568	66406	66407
113569	66409	66410
113570	66412	66413
113571	66423	66424
113572	66433	66434
113573	66446	66447
113574	66450	66451
113575	66455	66456
113576	66457	66458
113577	66459	66460
113578	66463	66464
113579	66469	66470
113580	66471	66472
113581	66473	66474
113582	66488	66489
113583	66491	66492
113584	66493	66495
113585	66496	66497
113586	66498	66499
113587	66500	66501
113588	66530	66532
113589	66502	66503
113590	66504	66506
113591	66507	66508
113592	66514	66515
113593	66516	66517
113594	66520	66521
113595	66526	66527
113596	66549	66550
113597	66551	66552
113598	66553	66554
113599	66555	66556
113600	66557	66558
113601	66569	66570
113602	66574	66577
113603	66583	66584
113604	66585	66586
113605	66590	66591
113606	66596	66597
113607	66599	66602
113608	66607	72380
113609	66611	66612
113610	66614	66615
113611	66618	66619
113612	66620	66621
113613	66625	66626
113614	66627	66628
113615	66629	66631
113616	66632	66636
113617	66639	66640
113618	66642	66643
113619	66649	66650
113620	66652	66653
113621	66655	66656
113622	66661	66662
113623	66664	66665
113624	66685	66686
113625	66693	66694
113626	66701	66702
113627	66706	66707
113628	66711	66712
113629	66714	66715
113630	66727	66728
113631	66731	66732
113632	66735	66736
113633	66745	72412
113634	66747	66748
113635	66755	66756
113636	66749	66750
113637	66751	66752
113638	66753	66754
113639	66758	66759
113640	66780	66781
113641	66783	66784
113642	66785	66786
113643	66789	66790
113644	66794	66795
113645	66798	66799
113646	66805	66807
113647	66812	66813
113648	66814	66815
113649	66820	66821
113650	66828	66829
113651	66830	66831
113652	66832	66833
113653	66835	66838
113654	66841	66842
113655	66843	66844
113656	66845	66846
113657	66850	66851
113658	66856	66857
113659	66858	66859
113660	66860	66861
113661	66863	66864
113662	66867	66868
113663	66871	66872
113664	66873	66874
113665	66876	66877
113666	66881	66882
113667	66892	66893
113668	66894	66895
113669	66896	66897
113670	66898	66899
113671	66900	66901
113672	66902	66903
113673	66919	66920
113674	66924	66925
113675	66936	66937
113676	66941	66942
113677	66943	66944
113678	66945	66946
113679	66949	66951
113680	66970	66971
113681	66978	66979
113682	66989	66990
113683	66991	66992
113684	67173	67179
113685	66993	66994
113686	66995	66996
113687	66997	73542
113688	67000	67003
113689	67010	67011
113690	67013	67014
113691	67015	67016
113692	67034	67035
113693	67042	67043
113694	67052	67053
113695	67056	67057
113696	67063	67064
113697	67068	67069
113698	67073	67075
113699	67076	67077
113700	67083	67084
113701	67088	67089
113702	67090	67091
113703	67094	67095
113704	67106	67107
113705	67119	67120
113706	67121	67122
113707	67123	67124
113708	67125	67126
113709	67127	67128
113710	67145	67146
113711	67154	67155
113712	67165	67166
113713	67170	67171
113714	67176	67178
113715	67175	67177
113716	67180	67181
113717	67186	67187
113718	67199	67200
113719	67204	67205
113720	67213	67214
113721	67224	67225
113722	67229	67230
113723	67240	67241
113724	67242	67243
113725	67249	67250
113726	67251	67252
113727	67261	67262
113728	67269	67270
113729	67284	67285
113730	67288	67290
113731	67296	67299
113732	67301	67302
113733	67308	67309
113734	67312	67313
113735	67314	67318
113736	67319	67320
113737	67324	67325
113738	67335	67336
113739	67344	67345
113740	67347	67349
113741	67350	67351
113742	67352	67353
113743	67354	67355
113744	67363	67364
113745	67365	67366
113746	67372	67375
113747	67378	67379
113748	67393	67394
113749	67396	67397
113750	67399	67400
113751	67402	67403
113752	67408	67409
113753	67411	67412
113754	67414	67415
113755	67416	67417
113756	67418	67419
113757	67421	67422
113758	67435	67436
113759	67439	67440
113760	67441	67442
113761	67443	67444
113762	67446	67447
113763	67461	67462
113764	67464	67465
113765	67466	67467
113766	67468	67469
113767	67471	67472
113768	67473	67474
113769	67477	67478
113770	67488	72540
113771	67495	67496
113772	67499	67500
113773	67502	67503
113774	67506	67507
113775	67508	67509
113776	67510	67511
113777	67518	67519
113778	67521	67522
113779	67523	67525
113780	67529	72545
113781	67534	67535
113782	67538	67539
113783	67549	67550
113784	67555	67556
113785	67557	67558
113786	67559	67560
113787	67565	67566
113788	67570	67571
113789	67574	67575
113790	67584	67585
113791	67592	67593
113792	67599	67600
113793	67601	67602
113794	67611	67612
113795	67627	67628
113796	67631	67632
113797	67635	67636
113798	67656	67659
113799	67637	67638
113800	67641	67642
113801	67643	67644
113802	67651	67652
113803	67654	67658
113804	67653	67657
113805	67668	67669
113806	67670	67671
113807	67676	67677
113808	67678	67679
113809	67680	67681
113810	67682	67683
113811	67686	67687
113812	67688	67691
113813	67697	67701
113814	67709	67710
113815	67712	67713
113816	67730	67731
113817	67767	67768
113818	67769	67770
113819	67773	67774
113820	67791	67792
113821	67810	67811
113822	67817	67818
113823	67819	67820
113824	67826	67827
113825	67828	67834
113826	67829	67830
113827	67852	67853
113828	67856	67857
113829	67858	67861
113830	67865	72599
113831	67867	67868
113832	67872	67873
113833	67881	67882
113834	67883	67884
113835	67892	67893
113836	67900	67901
113837	67903	67904
113838	67909	67910
113839	67915	67916
113840	67928	67929
113841	67930	67931
113842	67938	67939
113843	67942	67943
113844	67953	67954
113845	67955	67956
113846	67959	67960
113847	67966	67967
113848	67975	67976
113849	67977	67978
113850	67979	67980
113851	67981	67982
113852	67983	67984
113853	67987	67988
113854	67989	67990
113855	67994	67995
113856	67997	67998
113857	67999	68000
113858	68001	68002
113859	68013	68014
113860	68015	68016
113861	68018	68019
113862	68023	68024
113863	68027	68028
113864	68030	72620
113865	68038	68039
113866	68040	68041
113867	68043	68044
113868	68047	68048
113869	68053	68054
113870	68059	68060
113871	68061	68062
113872	68063	68064
113873	68065	68066
113874	68073	68074
113875	68083	68084
113876	68085	68086
113877	68091	68092
113878	68093	68094
113879	68095	68096
113880	68102	68103
113881	68108	68109
113882	68114	68115
113883	68116	68121
113884	68117	68123
113885	68118	68126
113886	68119	68129
113887	89930	66257
113888	68122	68140
113889	68124	68125
113890	68130	68131
113891	68132	68133
113892	68135	68136
113893	68137	68138
113894	68146	68147
113895	68148	68149
113896	68150	68151
113897	68152	68153
113898	68160	68161
113899	68165	68166
113900	68178	68179
113901	68185	68186
113902	68191	68192
113903	68204	68205
113904	68212	68213
113905	68217	68218
113906	68227	68228
113907	68230	68231
113908	68232	68233
113909	68238	68239
113910	68241	68246
113911	68247	68248
113912	68267	68268
113913	68272	68273
113914	68279	68280
113915	68281	68282
113916	68283	68284
113917	68285	68286
113918	68287	68288
113919	68289	68290
113920	68296	68297
113921	68304	68305
113922	68308	68309
113923	68322	68323
113924	68328	68329
113925	68346	68347
113926	68352	68353
113927	68358	68359
113928	68362	68363
113929	68364	68365
113930	68366	68367
113931	68368	68369
113932	68370	68371
113933	89926	81306
113934	68380	68381
113935	68383	68387
113936	68396	68397
113937	68402	68403
113938	68408	68409
113939	68411	68412
113940	68426	68427
113941	68428	68429
113942	68430	68431
113943	68432	68433
113944	68444	68445
113945	68448	68449
113946	68450	68451
113947	68452	68455
113948	68453	68454
113949	68464	68465
113950	68466	68467
113951	68468	68469
113952	68471	68472
113953	68477	68478
113954	68489	68490
113955	68491	68492
113956	68500	68501
113957	68511	68512
113958	68514	68515
113959	68518	68519
113960	68528	68529
113961	68531	68532
113962	68535	68538
113963	68539	68540
113964	68541	68542
113965	68549	68550
113966	68551	68552
113967	68553	68554
113968	68555	68556
113969	68557	68558
113970	68566	68567
113971	68569	68570
113972	68577	68578
113973	68583	68584
113974	68586	68587
113975	68588	68589
113976	68596	68597
113977	68600	68601
113978	68605	68606
113979	68607	68608
113980	68806	68808
113981	68609	68610
113982	68611	68612
113983	68614	68615
113984	68619	68620
113985	68626	68627
113986	68648	68649
113987	68650	68651
113988	68652	68653
113989	68669	68670
113990	68673	68674
113991	68680	68681
113992	68682	68683
113993	68686	68687
113994	68698	68699
113995	68704	68705
113996	68714	68715
113997	68717	68718
113998	68725	68726
113999	68733	72732
114000	68735	68736
114001	68746	68747
114002	68748	68749
114003	68462	68463
114004	68781	68782
114005	68790	68791
114006	68801	68802
114007	68817	68818
114008	68822	68823
114009	68835	68836
114010	68844	68845
114011	68848	68849
114012	68850	68851
114013	68853	68854
114014	68855	68856
114015	68875	68876
114016	68879	68880
114017	68889	68890
114018	68903	68904
114019	69093	69094
114020	68905	68906
114021	68915	68916
114022	68922	68923
114023	68939	68940
114024	1458	3186
114025	68952	68953
114026	68954	68955
114027	68986	68987
114028	68909	68910
114029	68990	68991
114030	69016	69017
114031	69025	69026
114032	69027	72791
114033	69038	69039
114034	69029	69030
114035	69034	69035
114036	69042	69043
114037	69064	69065
114038	69074	69075
114039	69078	69079
114040	69080	69081
114041	69086	69087
114042	69101	69102
114043	69103	69104
114044	69105	69106
114045	69109	69110
114046	69118	69133
114047	69120	69121
114048	69130	69131
114049	69134	69135
114050	69138	69139
114051	69141	69142
114052	69157	69158
114053	69161	69162
114054	69164	69165
114055	69166	69167
114056	69175	69176
114057	69177	69178
114058	69180	69181
114059	69190	69191
114060	69192	69193
114061	69194	69195
114062	69197	69198
114063	69199	69200
114064	69204	69205
114065	69206	69207
114066	69209	69210
114067	69211	69212
114068	69213	69214
114069	69215	69216
114070	69220	69221
114071	69229	69230
114072	69231	69232
114073	69243	69244
114074	69246	69247
114075	69248	69249
114076	69250	69251
114077	69256	69257
114078	69258	69259
114079	69260	69261
114080	69270	69271
114081	69277	69278
114082	69289	69290
114083	69304	69305
114084	69306	69307
114085	69308	69309
114086	69311	69312
114087	69314	69315
114088	69323	69324
114089	69325	69326
114090	69330	69331
114091	69342	69343
114092	69344	69345
114093	69353	69354
114094	69363	69364
114095	69368	69369
114096	69383	69384
114097	69396	69397
114098	69405	69406
114099	69409	69410
114100	69413	69414
114101	69415	69416
114102	69645	69647
114103	69417	69418
114104	69432	72843
114105	69442	69443
114106	69445	69446
114107	69463	69464
114108	69467	72852
114109	69468	69469
114110	69475	69476
114111	69480	69481
114112	69491	69492
114113	69493	69494
114114	69515	69516
114115	69524	69525
114116	69526	69527
114117	69528	69529
114118	69546	69547
114119	69554	69555
114120	69558	69559
114121	69568	69569
114122	69571	69572
114123	69587	69588
114124	69595	69596
114125	69597	69598
114126	69601	69602
114127	69603	69604
114128	69605	69606
114129	69615	69616
114130	69628	69629
114131	69638	69639
114132	69641	69642
114133	69643	69644
114134	69646	69648
114135	69662	69663
114136	69668	69669
114137	69679	69680
114138	69683	69684
114139	69686	69687
114140	69688	69689
114141	69690	69692
114142	69693	69695
114143	69696	69697
114144	69704	69705
114145	69710	69711
114146	69720	69721
114147	69725	69726
114148	69727	69728
114149	69729	69730
114150	69731	69732
114151	69733	69734
114152	69738	69739
114153	69742	69743
114154	69750	69751
114155	69753	69754
114156	69755	69756
114157	69770	69771
114158	69781	69782
114159	69783	69787
114160	69784	69785
114161	69792	69793
114162	69795	69796
114163	69807	69808
114164	69810	69811
114165	69812	69813
114166	69814	69815
114167	69816	69817
114168	69819	69820
114169	69856	69857
114170	69858	69859
114171	69860	69861
114172	69872	69873
114173	69875	69876
114174	69877	69878
114175	69884	69885
114176	69895	69896
114177	69898	69899
114178	69905	69906
114179	69911	69912
114180	70704	70705
114181	69918	69919
114182	69929	69930
114183	69935	69936
114184	69937	69938
114185	69939	69940
114186	69947	69950
114187	69959	69960
114188	69963	69964
114189	69967	69968
114190	69973	72953
114191	69985	69986
114192	69990	69991
114193	69992	69993
114194	69994	69995
114195	70001	70002
114196	70009	70010
114197	70011	70012
114198	70013	70014
114199	70024	73407
114200	70025	70028
114201	70029	70030
114202	70031	70032
114203	70033	70034
114204	70036	70037
114205	70048	70049
114206	70050	70051
114207	70052	70053
114208	70054	70055
114209	523	3584
114210	70056	70057
114211	70058	70059
114212	70062	70063
114213	70070	73408
114214	70080	70081
114215	70082	70083
114216	70087	70088
114217	70090	70091
114218	70092	70093
114219	70094	70095
114220	70096	70097
114221	70101	70102
114222	70113	72975
114223	70118	70119
114224	70126	70127
114225	70133	70134
114226	70137	70138
114227	70142	70143
114228	70144	70145
114229	70148	70149
114230	70161	70162
114231	70170	70171
114232	70172	70173
114233	70174	70175
114234	70176	70178
114235	70181	70182
114236	70194	70195
114237	70197	70198
114238	70205	70206
114239	70209	70210
114240	70215	72992
114241	70219	70220
114242	70226	70227
114243	70229	70230
114244	70242	70243
114245	70244	70245
114246	70246	70247
114247	70250	70251
114248	70258	70259
114249	70260	70261
114250	70265	70266
114251	70270	70271
114252	70278	70279
114253	70296	70297
114254	70305	70306
114255	70308	70309
114256	70325	70326
114257	70331	70332
114258	70359	70360
114259	70368	70369
114260	70466	70467
114261	70373	70374
114262	70381	70382
114263	70384	70385
114264	70388	70389
114265	70394	70395
114266	70402	70403
114267	70408	70409
114268	70412	70413
114269	70417	70418
114270	70423	70424
114271	70429	70430
114272	70431	70432
114273	70445	70446
114274	70447	70448
114275	70456	70457
114276	70463	70465
114277	70469	70470
114278	70485	70486
114279	70496	70497
114280	70500	70501
114281	70506	70507
114282	70508	70509
114283	70533	70534
114284	70556	70557
114285	70569	70570
114286	70574	70575
114287	70576	70577
114288	70578	70579
114289	70586	70587
114290	70590	70591
114291	70592	70593
114292	70594	70598
114293	70599	70600
114294	70607	70608
114295	70620	70621
114296	70622	70623
114297	70628	70629
114298	70640	70641
114299	70642	70643
114300	70649	70650
114301	70654	70655
114302	70656	70657
114303	70661	70662
114304	70677	70678
114305	70684	70685
114306	70711	70712
114307	70716	70717
114308	70718	70719
114309	70731	70732
114310	70737	70738
114311	70739	70740
114312	70741	70742
114313	70760	70761
114314	70762	70763
114315	70766	70767
114316	70771	70772
114317	70781	70782
114318	70783	70784
114319	70797	70798
114320	70806	70807
114321	70809	70810
114322	70811	70812
114323	70813	70814
114324	70839	70840
114325	70845	70846
114326	70848	70849
114327	70850	70851
114328	70857	70859
114329	70873	70874
114330	70875	70876
114331	70877	70878
114332	70887	70888
114333	70892	70893
114334	70902	70903
114335	70913	70914
114336	70922	70923
114337	70950	70951
114338	70958	70959
114339	70967	70968
114340	70986	70987
114341	70988	70989
114342	70991	70992
114343	71009	71010
114344	71027	71028
114345	71029	71030
114346	71032	71033
114347	71045	71046
114348	71051	71054
114349	71058	73434
114350	71059	71060
114351	71066	71067
114352	71068	71069
114353	71070	71071
114354	71074	71075
114355	71083	71084
114356	71089	71090
114357	71092	71093
114358	71094	71095
114359	71096	71097
114360	71098	71099
114361	71107	71108
114362	71109	71110
114363	71120	71121
114364	71132	71133
114365	71139	71140
114366	71145	71146
114367	71157	71158
114368	71159	71160
114369	71171	71172
114370	71173	71174
114371	71184	71185
114372	71199	71200
114373	71205	71206
114374	71207	71208
114375	71212	71213
114376	71209	71210
114377	71211	71229
114378	71214	71215
114379	71216	71220
114380	71217	71228
114381	71218	71221
114382	71219	71223
114383	71222	71227
114384	71224	71233
114385	71225	71226
114386	71230	71231
114387	71242	71243
114388	71232	71234
114389	71248	71249
114390	71255	71256
114391	71257	71258
114392	71259	71260
114393	71261	71262
114394	71263	71264
114395	71265	71266
114396	71267	71268
114397	71272	73136
114398	71280	71281
114399	71282	71283
114400	71288	71289
114401	71292	73440
114402	71299	71300
114403	71301	71302
114404	71343	71344
114405	71345	71346
114406	71348	71349
114407	71359	71360
114408	71366	71367
114409	71369	71370
114410	71371	71372
114411	71374	71375
114412	71382	73553
114413	71384	71385
114414	71386	71387
114415	71393	71394
114416	71396	71397
114417	71399	71400
114418	71410	71411
114419	1458	4010
114420	71435	71436
114421	71414	71415
114422	71416	71417
114423	71418	71419
114424	71420	71421
114425	71448	71451
114426	71457	71458
114427	71461	71462
114428	71478	71479
114429	71485	71486
114430	71497	71498
114431	71501	71502
114432	71503	71504
114433	71507	71508
114434	523	866
114435	71509	71510
114436	71511	71512
114437	71513	71514
114438	71515	71516
114439	71517	71518
114440	71520	71521
114441	71553	71554
114442	71522	71523
114443	71532	71533
114444	71540	71541
114445	71542	71543
114446	71552	71555
114447	71556	71558
114448	71563	71564
114449	71584	71585
114450	71586	71587
114451	71608	71609
114452	71633	71634
114453	71636	71637
114454	71640	71641
114455	71644	71645
114456	71663	71664
114457	71668	71669
114458	71691	71692
114459	71694	71695
114460	71708	71709
114461	71715	71716
114462	71723	71724
114463	71749	71750
114464	71751	71753
114465	71752	71754
114466	71757	71758
114467	71760	71761
114468	71762	71763
114469	71764	71765
114470	71766	71767
114471	71775	71776
114472	71778	71779
114473	71780	71781
114474	71782	71783
114475	71784	71785
114476	71786	71787
114477	71788	71789
114478	71798	71799
114479	523	893
114480	71800	71801
114481	71802	71803
114482	71804	71805
114483	71806	71807
114484	71808	71809
114485	71810	71811
114486	523	1149
114487	71812	71813
114488	71814	71815
114489	71816	71817
114490	71818	71819
114491	71820	71821
114492	71822	71823
114493	72100	72102
114494	71824	71825
114495	71826	71827
114496	71828	71829
114497	71830	71831
114498	71832	71833
114499	71834	71835
114500	71836	71837
114501	71900	71903
114502	71838	71839
114503	71840	71841
114504	71852	71853
114505	71854	71855
114506	71857	71858
114507	71859	71860
114508	71861	71862
114509	71864	71865
114510	71867	71868
114511	71871	71872
114512	71877	73236
114513	71878	71879
114514	71886	71888
114515	71899	71902
114516	71916	71917
114517	71920	71921
114518	71924	71925
114519	71927	75877
114520	71933	71934
114521	71943	71946
114522	71948	71949
114523	71951	71953
114524	71961	71962
114525	71965	71966
114526	71969	71970
114527	71973	71974
114528	71982	71983
114529	71986	71987
114530	71988	71989
114531	71990	71991
114532	71993	71994
114533	71998	71999
114534	72003	72004
114535	72005	72006
114536	72007	72008
114537	72021	72022
114538	72027	72028
114539	71952	71954
114540	72029	72030
114541	72034	72035
114542	72039	72040
114543	72046	72047
114544	72054	72055
114545	72056	72057
114546	72060	72061
114547	72064	72065
114548	72068	72069
114549	72073	72074
114550	72079	72080
114551	72086	72087
114552	72095	72103
114553	72098	72099
114554	72105	72106
114555	72108	72109
114556	72134	72135
114557	72136	72137
114558	72138	72139
114559	72147	72148
114560	72166	72167
114561	72170	72171
114562	72180	72181
114563	72184	72185
114564	72190	72191
114565	72192	72193
114566	72194	72195
114567	72199	72200
114568	72201	72202
114569	72206	72207
114570	72215	72216
114571	72218	72219
114572	72226	72227
114573	72228	72229
114574	72230	72231
114575	72232	72233
114576	72234	72235
114577	72236	72237
114578	72240	72241
114579	72252	72253
114580	72255	72256
114581	72257	72258
114582	72262	72263
114583	72264	72265
114584	72280	72281
114585	72282	72283
114586	72284	72285
114587	72287	72288
114588	72300	72301
114589	72304	72305
114590	72315	72316
114591	72318	72319
114592	72320	72321
114593	72322	72323
114594	72332	72333
114595	72336	72337
114596	72346	72347
114597	72348	72349
114598	72361	72362
114599	72370	72371
114600	72377	72378
114601	72389	72390
114602	72399	72400
114603	72402	72403
114604	72404	72405
114605	72411	73331
114606	72418	72419
114607	72434	72435
114608	72449	72450
114609	72454	72455
114610	72511	72512
114611	72394	72395
114612	72456	72457
114613	72459	72460
114614	72462	72463
114615	72476	72477
114616	72481	72482
114617	72483	72484
114618	72487	72488
114619	72500	72501
114620	72508	73352
114621	72509	72513
114622	72514	72515
114623	72516	72517
114624	72518	72519
114625	72520	72521
114626	72530	72531
114627	72532	72533
114628	72542	72543
114629	72564	72565
114630	72571	72572
114631	72576	72577
114632	72580	72581
114633	72586	72587
114634	72596	72597
114635	72623	72624
114636	72626	72627
114637	72632	72633
114638	72634	72635
114639	72642	72643
114640	72645	72646
114641	72652	72653
114642	72658	72659
114643	72667	72668
114644	72677	72678
114645	72684	72685
114646	72695	72696
114647	72704	72705
114648	72708	72709
114649	72715	72716
114650	72717	72718
114651	72721	72722
114652	72736	72737
114653	72742	72743
114654	72745	72746
114655	72754	72755
114656	72761	72762
114657	72765	72766
114658	72767	72768
114659	72774	72775
114660	72780	72781
114661	72783	72786
114662	72793	72794
114663	72795	72796
114664	72803	72804
114665	72805	72806
114666	72823	72824
114667	72826	72827
114668	72832	72833
114669	72837	72838
114670	72845	72846
114671	72848	72849
114672	72867	72868
114673	72872	72873
114674	72874	72875
114675	72876	72877
114676	72878	72879
114677	72880	72881
114678	72882	72883
114679	72884	72885
114680	72890	72891
114681	72904	72905
114682	72906	72907
114683	72912	73403
114684	72918	72919
114685	72920	72921
114686	72928	72929
114687	72934	72935
114688	72941	72942
114689	72944	72945
114690	72946	72947
114691	72954	72955
114692	72958	72960
114693	72968	72969
114694	72977	72978
114695	72989	72990
114696	72999	73000
114697	73012	73013
114698	73019	73020
114699	73023	73024
114700	73025	73026
114701	73028	73029
114702	73031	73032
114703	73033	73034
114704	73036	73037
114705	73044	73045
114706	73047	73050
114707	73056	73057
114708	73060	73061
114709	73063	73064
114710	73066	73067
114711	73070	73071
114712	73082	73083
114713	73085	73086
114714	73114	73115
114715	73118	73119
114716	73127	73128
114717	73132	73133
114718	73142	73143
114719	73144	73145
114720	73146	73147
114721	73149	73150
114722	73152	73153
114723	73156	73157
114724	73160	73161
114725	73163	73164
114726	1459	1508
114727	73165	73166
114728	73168	73169
114729	73172	73173
114730	73176	73177
114731	73180	73558
114732	73198	73199
114733	73200	73201
114734	73202	73203
114735	73204	73205
114736	73206	73207
114737	73208	73209
114738	73210	73211
114739	73212	73213
114740	73214	73215
114741	73216	73217
114742	73218	73219
114743	73239	73240
114744	73243	73244
114745	73248	73249
114746	73254	73255
114747	73256	73257
114748	73261	73262
114749	73264	73265
114750	73267	73268
114751	73271	73272
114752	73273	73274
114753	73283	73478
114754	73287	73288
114755	73289	73290
114756	73291	73292
114757	73298	73299
114758	73316	73317
114759	73325	73326
114760	73337	73338
114761	73339	73340
114762	73341	73342
114763	73343	73344
114764	73345	73346
114765	73356	73357
114766	73360	73361
114767	73376	73377
114768	73378	73379
114769	73384	73385
114770	73387	73388
114771	73394	73395
114772	73399	73400
114773	73415	73416
114774	73422	73423
114775	73424	73425
114776	73426	73427
114777	73448	73449
114778	73451	73452
114779	73460	73461
114780	73462	73463
114781	73470	73559
114782	73482	73483
114783	73495	73496
114784	73508	73509
114785	73527	73603
114786	73529	73530
114787	73534	75193
114788	73546	73547
114789	73561	73563
114790	73568	73569
114791	73573	73574
114792	73575	73576
114793	73577	73579
114794	73580	73581
114795	73586	73587
114796	73593	73594
114797	73598	73599
114798	73600	73601
114799	73609	73610
114800	73611	73612
114801	73613	73614
114802	73619	73620
114803	73631	73632
114804	73642	73644
114805	73646	73647
114806	73648	73649
114807	73650	73651
114808	73654	73655
114809	73659	73662
114810	1459	2249
114811	73663	73664
114812	73665	73667
114813	73669	73671
114814	73672	73673
114815	73674	73675
114816	73677	73678
114817	73682	73683
114818	73684	73685
114819	73688	73689
114820	73691	73692
114821	73694	73695
114822	73696	73697
114823	73698	73699
114824	73700	73701
114825	73702	73703
114826	73709	73710
114827	73711	73712
114828	73718	73724
114829	73726	73727
114830	73728	73731
114831	73733	73734
114832	73739	73740
114833	73742	73746
114834	73747	73748
114835	73753	73754
114836	73756	73757
114837	73758	73759
114838	73760	73761
114839	73762	73763
114840	73767	73768
114841	73770	73771
114842	73772	73773
114843	73774	73775
114844	73776	73777
114845	73778	73779
114846	73780	73781
114847	73782	73783
114848	73784	73785
114849	73786	73787
114850	73788	73789
114851	73790	73791
114852	73792	73794
114853	73796	73797
114854	73798	73809
114855	73799	73800
114856	73801	73802
114857	73803	73804
114858	73805	73807
114859	73808	73810
114860	73811	73812
114861	73813	73814
114862	73815	73816
114863	73817	73818
114864	73819	73820
114865	73821	75783
114866	73824	73827
114867	73828	73829
114868	73830	73831
114869	73832	73834
114870	73844	73846
114871	73850	73851
114872	73853	75527
114873	73859	73860
114874	73862	73863
114875	73864	73865
114876	73869	73870
114877	73871	73872
114878	73876	73877
114879	73878	73881
114880	73883	73884
114881	73885	73886
114882	73887	73888
114883	73889	73890
114884	73893	73894
114885	73901	73902
114886	73904	73905
114887	73906	73907
114888	73909	73910
114889	73911	73912
114890	73913	73914
114891	73915	73916
114892	73917	73918
114893	73919	73920
114894	73921	73922
114895	73923	73924
114896	73925	73926
114897	73927	73928
114898	73930	73931
114899	73932	73933
114900	73934	73935
114901	73936	73937
114902	73939	73940
114903	73941	73942
114904	73943	73944
114905	73945	73946
114906	73947	73948
114907	73949	73950
114908	73951	73952
114909	73954	73955
114910	73959	73960
114911	73962	73963
114912	73964	73965
114913	73967	73968
114914	73970	75544
114915	73972	73973
114916	73974	73975
114917	73976	73977
114918	73980	73981
114919	73982	73983
114920	73984	73987
114921	73988	73989
114922	73990	73991
114923	73992	73993
114924	73994	73995
114925	73996	73997
114926	74006	74007
114927	74008	74009
114928	74010	74012
114929	74014	74015
114930	74017	74019
114931	74021	74022
114932	74023	74024
114933	74025	74026
114934	74027	74028
114935	74029	74030
114936	74031	74032
114937	74033	74034
114938	74035	74036
114939	74037	74038
114940	74042	74043
114941	74044	74045
114942	74046	74047
114943	74049	74050
114944	74056	74057
114945	74058	74059
114946	74060	74061
114947	74067	74070
114948	74074	74077
114949	74078	74079
114950	74083	74086
114951	74087	74088
114952	74089	74090
114953	74091	74092
114954	74093	74094
114955	74096	74097
114956	74106	74118
114957	74108	74112
114958	74113	74114
114959	74115	74116
114960	74121	74122
114961	74123	74124
114962	74125	74126
114963	74129	74130
114964	74131	74132
114965	74133	74134
114966	74138	74140
114967	74141	74142
114968	74145	74146
114969	74147	74148
114970	74150	74151
114971	74152	74153
114972	74154	74155
114973	74157	74158
114974	74159	74160
114975	74161	74162
114976	74163	74164
114977	74165	74166
114978	74167	74168
114979	74170	74171
114980	74172	74173
114981	74174	74175
114982	74176	74177
114983	74179	74180
114984	74181	74182
114985	74189	74190
114986	74191	74194
114987	74196	74197
114988	74198	74199
114989	74200	74201
114990	74202	74204
114991	74205	74206
114992	74207	74208
114993	74211	74212
114994	74216	74217
114995	74219	74220
114996	74221	74224
114997	74225	74226
114998	74227	74228
114999	74229	74230
115000	74232	74233
115001	74235	74236
115002	74237	74238
115003	74240	74241
115004	74242	74243
115005	74244	74245
115006	74248	74249
115007	74255	74256
115008	74260	74261
115009	74262	74263
115010	74264	74265
115011	74266	74267
115012	74268	74269
115013	74270	74271
115014	74273	74274
115015	74275	74276
115016	74278	75621
115017	74279	74280
115018	74282	74285
115019	74288	75623
115020	74289	74290
115021	74292	74293
115022	74296	74297
115023	74306	74307
115024	74310	74311
115025	74320	74321
115026	1459	3881
115027	74322	74323
115028	74324	74325
115029	74326	74327
115030	74328	74329
115031	74330	74331
115032	74332	74333
115033	74335	74336
115034	74337	74338
115035	74339	74340
115036	74341	74342
115037	74343	74344
115038	74345	74346
115039	74347	74349
115040	74351	74353
115041	74354	74355
115042	74356	74357
115043	74358	74359
115044	74360	74361
115045	74362	74364
115046	74368	74369
115047	74370	74371
115048	74372	74373
115049	74374	74375
115050	74378	74379
115051	74385	75634
115052	74386	74387
115053	74388	74389
115054	74393	74394
115055	74395	74396
115056	74397	74398
115057	74400	74401
115058	74402	74403
115059	74404	74405
115060	74406	74411
115061	74412	74414
115062	74415	74416
115063	74418	74419
115064	74420	74421
115065	74422	74424
115066	74427	74432
115067	74431	75639
115068	74433	74434
115069	74435	74436
115070	74437	74438
115071	74439	74442
115072	74444	74445
115073	74446	74447
115074	74450	74451
115075	74455	74457
115076	74458	74459
115077	74460	74461
115078	74462	74463
115079	74464	74465
115080	74467	74468
115081	74469	74470
115082	74472	74473
115083	74474	74475
115084	74476	74477
115085	74479	74480
115086	74482	74483
115087	74485	74486
115088	74489	74490
115089	74496	74497
115090	74499	74500
115091	74504	74505
115092	74506	74507
115093	74511	74512
115094	74513	74514
115095	74516	74517
115096	74518	74519
115097	74520	74521
115098	74522	74523
115099	74524	74525
115100	74526	74527
115101	74530	74531
115102	74532	74533
115103	74534	74539
115104	74537	75791
115105	74540	74541
115106	74542	74543
115107	74544	74545
115108	74546	74547
115109	74548	74549
115110	74550	74551
115111	74555	74556
115112	74557	74558
115113	74559	74560
115114	74562	74563
115115	74565	74566
115116	74567	74568
115117	74569	74570
115118	74574	74575
115119	74577	74578
115120	74580	74581
115121	74582	74583
115122	74584	74585
115123	74586	74587
115124	74590	74591
115125	74592	74593
115126	74594	74595
115127	74598	74599
115128	74601	74602
115129	74604	74605
115130	74606	74607
115131	74608	74609
115132	74615	74616
115133	74617	74623
115134	74624	74625
115135	74626	74627
115136	74628	74629
115137	74630	74631
115138	74632	74633
115139	74634	74635
115140	74636	74637
115141	74638	74639
115142	74640	74641
115143	74642	74643
115144	74644	74645
115145	74646	74647
115146	74648	74649
115147	74652	74653
115148	74654	74655
115149	74656	74657
115150	74658	74659
115151	74662	74663
115152	74664	74665
115153	74666	74667
115154	74668	74669
115155	74670	74671
115156	74672	74673
115157	74674	74680
115158	74682	74683
115159	74684	74685
115160	74686	74688
115161	74690	74691
115162	74693	74694
115163	74695	74696
115164	74701	74703
115165	74704	74705
115166	74706	74707
115167	74708	74709
115168	74714	74715
115169	74716	74717
115170	74718	74719
115171	74720	74721
115172	74722	74723
115173	74727	74729
115174	74730	74731
115175	74732	74733
115176	74735	74736
115177	74737	74738
115178	74739	74740
115179	74741	74742
115180	74744	74745
115181	74748	74749
115182	74757	75675
115183	74758	74759
115184	74762	74763
115185	74765	74766
115186	74767	74768
115187	74769	74771
115188	74772	74773
115189	74774	74775
115190	74776	74777
115191	74778	74779
115192	74781	74782
115193	74785	74786
115194	74787	74788
115195	74792	75691
115196	74794	74795
115197	74796	74797
115198	74798	74799
115199	74802	74803
115200	74804	74805
115201	74809	75692
115202	74813	74814
115203	74816	74817
115204	74822	74823
115205	74824	74825
115206	74826	74828
115207	74829	74830
115208	74832	74833
115209	74834	74835
115210	74837	74838
115211	74842	74843
115212	74846	74847
115213	74853	74854
115214	74859	74860
115215	74862	74863
115216	74865	74866
115217	85351	2916
115218	74867	74868
115219	74869	74870
115220	74871	74872
115221	74877	74878
115222	74881	74882
115223	74887	75812
115224	524	2602
115225	74898	75740
115226	74902	74903
115227	74910	74912
115228	74913	74914
115229	74915	74916
115230	74917	74918
115231	74919	74920
115232	74921	74922
115233	74925	74926
115234	74928	74929
115235	74931	74932
115236	74944	74945
115237	74948	74949
115238	74950	74951
115239	74955	74956
115240	74957	74958
115241	74959	74960
115242	74962	74963
115243	74964	74965
115244	74966	74971
115245	74972	74973
115246	74974	74975
115247	74976	74977
115248	74978	74979
115249	74980	74981
115250	74984	74985
115251	74986	74987
115252	74988	74989
115253	74995	74997
115254	74998	74999
115255	75000	75001
115256	75002	75003
115257	75006	75007
115258	75008	75009
115259	75011	75012
115260	75014	75015
115261	1461	2693
115262	75016	75017
115263	75018	75019
115264	75020	75021
115265	75025	75026
115266	75027	75028
115267	75029	75030
115268	1461	3404
115269	75031	75032
115270	75035	75036
115271	75038	75039
115272	75040	75748
115273	75042	75043
115274	75044	75045
115275	75046	75047
115276	75048	75049
115277	75052	75053
115278	75056	75057
115279	1461	11612
115280	75060	75061
115281	75062	75063
115282	75064	75065
115283	75066	75067
115284	75068	75070
115285	75069	75083
115286	75071	75074
115287	75073	75750
115288	75078	75079
115289	75080	75081
115290	75082	75084
115291	75085	75086
115292	75087	75088
115293	75089	75091
115294	75092	75093
115295	75094	75095
115296	75096	75099
115297	75100	75101
115298	75102	75103
115299	75104	75112
115300	75106	75107
115301	75113	75114
115302	75115	75118
115303	75119	75120
115304	75121	75122
115305	75123	75124
115306	75125	75126
115307	75127	75128
115308	75129	75132
115309	75133	75134
115310	75135	75136
115311	75138	75139
115312	75140	75141
115313	75142	75143
115314	75144	75146
115315	75148	75149
115316	75150	75158
115317	75159	75160
115318	75163	75164
115319	75169	75170
115320	75171	75172
115321	75173	75174
115322	75175	75176
115323	75177	75178
115324	75179	75180
115325	75181	75182
115326	75185	75186
115327	75187	75188
115328	75189	75190
115329	75191	75192
115330	75194	75195
115331	75196	75197
115332	75198	75199
115333	75200	75201
115334	75204	75205
115335	75206	75207
115336	75208	75209
115337	75210	75211
115338	75212	75213
115339	75214	75215
115340	75216	75217
115341	75218	75219
115342	75220	75221
115343	1463	16673
115344	1463	2743
115345	75222	75223
115346	75226	75227
115347	75228	75229
115348	1463	4938
115349	75230	75231
115350	75232	75233
115351	75234	75237
115352	75238	75239
115353	75240	75241
115354	75242	75243
115355	75244	75245
115356	75246	75250
115357	75248	75249
115358	75251	75252
115359	75253	75254
115360	75255	75256
115361	75258	75259
115362	75260	75261
115363	75262	75263
115364	75264	75265
115365	85346	79103
115366	75266	75267
115367	75269	75270
115368	75271	75274
115369	75275	75276
115370	75277	75278
115371	75279	75280
115372	75281	75282
115373	75284	75285
115374	75286	75287
115375	75290	75291
115376	75294	75298
115377	75296	75297
115378	75299	75300
115379	75301	75302
115380	75303	75304
115381	75306	75307
115382	75308	75309
115383	75310	75311
115384	75312	75313
115385	75314	75315
115386	75316	75317
115387	75319	75320
115388	75321	75322
115389	75323	75324
115390	75332	75333
115391	75335	75336
115392	75341	75342
115393	75343	75344
115394	75345	75346
115395	75347	75348
115396	75349	75350
115397	75353	75354
115398	75357	75358
115399	75366	75367
115400	75368	75369
115401	75374	75375
115402	75376	75377
115403	75378	75379
115404	75380	75381
115405	75382	75383
115406	75384	75385
115407	75386	75387
115408	75388	75389
115409	75390	75392
115410	75393	75395
115411	75396	75397
115412	75400	75401
115413	75403	75404
115414	75405	75406
115415	75407	75408
115416	75411	75412
115417	75413	75416
115418	75415	75772
115419	75421	75422
115420	75426	75427
115421	75429	75430
115422	75431	75432
115423	75433	75434
115424	75435	75436
115425	75437	75438
115426	75439	75440
115427	75441	75442
115428	75443	75444
115429	75445	75446
115430	75447	75448
115431	75449	75450
115432	75451	75452
115433	75453	75457
115434	75460	75461
115435	75462	75463
115436	75464	75465
115437	75466	75467
115438	75468	75469
115439	75472	75473
115440	75477	75478
115441	75484	75485
115442	75486	75487
115443	75488	75489
115444	75490	75491
115445	75492	75493
115446	75494	75495
115447	75498	75499
115448	75500	75501
115449	75502	75503
115450	75509	75510
115451	75512	75513
115452	75518	75519
115453	75524	75525
115454	75531	75532
115455	75533	75534
115456	75535	75536
115457	75538	75539
115458	75540	75541
115459	75547	75548
115460	75553	75554
115461	75556	75557
115462	75558	75559
115463	75567	75568
115464	75569	75570
115465	75571	75572
115466	75573	75574
115467	75575	75576
115468	75577	75578
115469	75579	75580
115470	75581	75582
115471	75583	75584
115472	75585	75586
115473	75587	75588
115474	75589	75590
115475	2	3959
115476	75591	75592
115477	75593	75594
115478	75597	75598
115479	75599	75600
115480	75601	75602
115481	75603	75604
115482	75605	75606
115483	75607	75608
115484	75609	75610
115485	75643	75644
115486	75660	75661
115487	75672	75673
115488	75678	75679
115489	75680	75681
115490	75685	75686
115491	75698	75699
115492	75707	75708
115493	75728	75729
115494	75733	75813
115495	75742	75743
115496	75751	75752
115497	75753	75849
115498	75754	75755
115499	75773	75774
115500	75798	75799
115501	75808	75830
115502	75814	75832
115503	75834	75835
115504	75838	75839
115505	75843	75844
115506	75845	75848
115507	75851	75852
115508	75853	75854
115509	75855	75856
115510	75857	75858
115511	75859	75860
115512	75862	75863
115513	75869	75870
115514	75879	82
115515	1463	1761
115516	1463	3262
115517	524	20542
115518	75879	4557
115519	75879	269
115520	1463	2147
115521	75879	180
115522	75879	3264
115523	75879	1814
115524	75879	3255
115525	75879	507
115526	75879	473
115527	1463	2180
115528	53	65
115529	1463	4145
115530	1463	7797
115531	53	135
115532	524	2533
115533	26	1344
115534	524	6312
115535	26	371
115536	1464	2745
115537	1464	3807
115538	75880	27
115539	75880	396
115540	1463	2989
115541	75880	291
115542	211	717
115543	211	2955
115544	211	3049
115545	1464	48539
115546	211	2537
115547	525	696
115548	106	3826
115549	1465	3008
115550	525	1786
115551	1466	1507
115552	1466	2063
115553	1466	4275
115554	1466	4960
115555	1466	4680
115556	525	1629
115557	53	5188
115558	89973	5921
115559	75881	1424
115560	211	3109
115561	526	1131
115562	75881	321
115563	211	245
115564	85362	745
115565	526	2134
115566	75881	9451
115567	75882	389
115568	75882	434
115569	75882	946
115570	75882	1965
115571	77042	3379
115572	75882	2336
115573	75882	5916
115574	526	834
115575	75882	7535
115576	526	715
115577	1467	2974
115578	75882	2866
115579	211	1050
115580	53	1266
115581	106	1434
115582	1467	9481
115583	75883	696
115584	211	1152
115585	75883	4683
115586	75883	1994
115587	75883	2555
115588	211	272
115589	1468	2086
115590	106	2705
115591	1468	4952
115592	75884	2605
115593	106	1999
115594	75884	1627
115595	89989	245
115596	75884	2725
115597	75884	3005
115598	211	1455
115599	526	4755
115600	1469	3785
115601	211	11057
115602	106	2258
115603	53	714
115604	75885	68
115605	75885	287
115606	75885	799
115607	75885	1043
115608	75885	1050
115609	1469	4846
115610	75885	1343
115611	1469	5837
115612	85392	77143
115613	75885	1125
115614	75885	2721
115615	1470	3396
115616	1470	1612
115617	1470	2099
115618	1470	2221
115619	75886	407
115620	75886	2008
115621	75886	2078
115622	85391	3495
115623	1470	3743
115624	75886	59
115625	75886	326
115626	527	1427
115627	1470	6843
115628	1470	1737
115629	82914	82345
115630	527	748
115631	527	4951
115632	1471	2725
115633	90010	7089
115634	75887	6397
115635	85404	6303
115636	75887	2126
115637	75887	7930
115638	1471	3080
115639	1471	1650
115640	106	3648
115641	75887	2817
115642	212	1021
115643	212	1547
115644	75887	20384
115645	1472	14656
115646	75888	1136
115647	8	1841
115648	75888	944
115649	528	1781
115650	75888	941
115651	75888	75882
115652	75888	3779
115653	1472	22216
115654	528	2886
115655	75888	930
115656	1473	2218
115657	1473	1604
115658	85397	77165
115659	75888	9847
115660	528	9687
115661	212	3179
115662	1473	1750
115663	75889	7112
115664	75889	11772
115665	75889	2922
115666	75889	4464
115667	75890	593
115668	1474	7523
115669	528	2803
115670	85400	76843
115671	1474	1475
115672	85412	2127
115673	0	3949
115674	53	44544
115675	75891	2925
115676	75891	40
115677	75891	156
115678	75891	1811
115679	528	2846
115680	75891	2660
115681	528	46536
115682	1475	4999
115683	75891	6855
115684	75891	2057
115685	82922	318
115686	1475	18117
115687	75892	1090
115688	1475	3315
115689	75892	955
115690	1475	8849
115691	75892	2533
115692	1475	3672
115693	75892	3531
115694	85416	550
115695	529	533
115696	1475	11066
115697	75893	8360
115698	75893	8497
115699	75893	6532
115700	75893	9751
115701	75893	16820
115702	107	1036
115703	1476	4112
115704	75894	63
115705	75894	121
115706	75894	131
115707	76896	2643
115708	75894	2872
115709	75894	533
115710	1476	3917
115711	75894	3465
115712	213	1525
115713	75894	721
115714	75894	2649
115715	75894	658
115716	1476	2145
115717	1476	18893
115718	529	7032
115719	78115	2474
115720	75895	932
115721	75895	1029
115722	213	1080
115723	75896	57
115724	75896	4435
115725	75896	51
115726	75896	143
115727	1477	11497
115728	1477	9141
115729	75896	2789
115730	107	1680
115731	75896	19685
115732	213	507
115733	1477	1875
115734	75896	7752
115735	75897	422
115736	75897	358
115737	75897	558
115738	85430	76441
115739	1478	1931
115740	54	74
115741	1478	6366
115742	1478	8982
115743	529	3946
115744	75897	4796
115745	85435	366
115746	75896	4767
115747	75898	39
115748	75898	82
115749	75898	1890
115750	75898	115
115751	75898	59
115752	75898	204
115753	75898	3292
115754	75898	2722
115755	75898	663
115756	85437	682
115757	54	1642
115758	75899	5970
115759	75899	3108
115760	75899	3012
115761	75899	186
115762	75899	358
115763	1479	2798
115764	1479	3669
115765	85440	76428
115766	75899	391
115767	1479	3454
115768	1479	22352
115769	75900	106
115770	90079	77408
115771	54	6605
115772	75900	226
115773	75900	467
115774	1480	3335
115775	75900	1473
115776	213	3162
115777	75901	101
115778	75901	198
115779	75901	957
115780	75901	267
115781	75901	6081
115782	1480	14657
115783	75902	221
115784	75902	325
115785	1481	2203
115786	1481	2602
115787	75902	2800
115788	75902	3069
115789	75902	1768
115790	75902	1026
115791	75902	535
115792	1481	11548
115793	90089	348
115794	530	655
115795	75902	3257
115796	1482	5161
115797	1482	2604
115798	213	3697
115799	1482	1949
115800	90094	2886
115801	90090	475
115802	1482	3783
115803	1482	15756
115804	75903	1483
115805	1482	3286
115806	530	6742
115807	75903	1043
115808	75903	9239
115809	75904	2645
115810	85448	3822
115811	75904	1451
115812	75904	4308
115813	83638	711
115814	214	1396
115815	75904	27764
115816	530	1543
115817	75904	80
115818	1483	18559
115819	214	1053
115820	1484	2127
115821	1484	2123
115822	214	2418
115823	214	360
115824	1484	3067
115825	75905	666
115826	1484	5851
115827	75905	23110
115828	530	2519
115829	530	4616
115830	75905	25234
115831	1484	3271
115832	75906	1086
115833	75906	702
115834	75906	165
115835	75906	369
115836	75906	381
115837	107	1616
115838	75906	2756
115839	1484	3224
115840	107	875
115841	214	3594
115842	75903	47
115843	75907	3371
115844	75907	1992
115845	214	1214
115846	530	4351
115847	75908	2519
115848	75908	3542
115849	90140	4848
115850	75908	2655
115851	75908	6487
115852	75909	163
115853	75909	1279
115854	75909	188
115855	214	2183
115856	75909	1900
115857	214	4795
115858	75910	68
115859	75909	4415
115860	78383	3696
115861	75910	1531
115862	75910	1758
115863	75907	15472
115864	1487	2622
115865	1487	3217
115866	75910	612
115867	1487	1739
115868	75910	8862
115869	1488	4166
115870	1488	3652
115871	75911	1529
115872	75911	1403
115873	1488	20055
115874	1488	3048
115875	90130	2952
115876	75911	14723
115877	1488	18745
115878	1489	3791
115879	1489	2126
115880	1489	4078
115881	85464	4623
115882	75912	1282
115883	75912	18749
115884	75912	4388
115885	75912	1775
115886	1490	14763
115887	1491	1599
115888	1491	2585
115889	75913	4260
115890	75913	3099
115891	75913	330
115892	75913	544
115893	215	652
115894	1492	3037
115895	75914	358
115896	75914	170
115897	75914	192
115898	83610	1812
115899	530	38130
115900	1492	2525
115901	75914	3834
115902	75914	7753
115903	85472	76879
115904	75915	60
115905	1493	1680
115906	75915	913
115907	75915	348
115908	75915	1389
115909	1493	2006
115910	75915	1950
115911	75915	1051
115912	85470	78773
115913	215	657
115914	75915	3798
115915	75915	2480
115916	75915	6239
115917	215	837
115918	75916	42
115919	531	4785
115920	75916	1062
115921	1494	5913
115922	215	714
115923	75916	5915
115924	75916	2623
115925	215	3799
115926	215	6964
115927	1495	5910
115928	78712	4373
115929	1495	4090
115930	108	6382
115931	75915	4059
115932	1495	13629
115933	75917	783
115934	75917	392
115935	1496	2837
115936	75917	24545
115937	75917	4032
115938	1496	3322
115939	90250	76388
115940	75926	41372
115941	532	643
115942	54	696
115943	532	1681
115944	75917	2070
115945	532	811
115946	1496	3258
115947	85578	6396
115948	75918	1671
115949	80464	4498
115950	532	1077
115951	216	239
115952	75918	135
115953	1496	4283
115954	75918	1082
115955	532	913
115956	216	4555
115957	108	678
115958	54	5754
115959	216	2553
115960	75919	2667
115961	1496	5097
115962	1497	1645
115963	75919	795
115964	1497	1971
115965	75919	3617
115966	75919	14877
115967	532	2842
115968	75919	1147
115969	216	3853
115970	108	2891
115971	1497	2683
115972	75920	5021
115973	1497	3171
115974	75921	957
115975	75921	32518
115976	75921	2544
115977	75921	73
115978	85484	10029
115979	533	978
115980	54	1561
115981	85486	1152
115982	75918	1017
115983	75922	1187
115984	1498	1572
115985	1498	2936
115986	533	1756
115987	216	952
115988	75922	3696
115989	75922	2619
115990	1498	2163
115991	75923	32
115992	1499	2465
115993	1499	3001
115994	75924	146
115995	1499	2779
115996	1499	3106
115997	75924	813
115998	75924	654
115999	534	738
116000	75924	3875
116001	1500	4821
116002	75925	89
116003	534	2091
116004	75925	2439
116005	75925	652
116006	1500	2125
116007	75925	26
116008	1500	10366
116009	75925	2428
116010	216	16665
116011	534	4856
116012	75926	154
116013	534	6601
116014	1500	4203
116015	1501	1971
116016	75927	1520
116017	75927	1101
116018	1501	2817
116019	54	3862
116020	75928	31
116021	1502	2817
116022	75928	4647
116023	1502	1838
116024	1502	2955
116025	75928	7022
116026	75928	3179
116027	75928	3393
116028	534	3924
116029	1502	2788
116030	534	2080
116031	75929	821
116032	54	1379
116033	75929	38
116034	534	8499
116035	534	2656
116036	1502	7614
116037	1502	2113
116038	75929	3412
116039	75929	4955
116040	75930	138
116041	108	1956
116042	75930	1048
116043	75930	2680
116044	85512	3949
116045	75930	8902
116046	1503	4535
116047	1503	4296
116048	75930	4451
116049	75930	4467
116050	534	9459
116051	108	2213
116052	75931	8362
116053	75931	614
116054	3	303
116055	75931	5757
116056	1504	11288
116057	1505	6296
116058	85510	76107
116059	1505	2254
116060	75932	75909
116061	75932	1923
116062	75932	3698
116063	75932	3181
116064	108	3642
116065	217	363
116066	108	1590
116067	1506	5699
116068	75933	643
116069	75934	266
116070	217	1403
116071	1507	4162
116072	75933	942
116073	75934	1087
116074	1507	2096
116075	75934	27445
116076	75934	126
116077	217	1261
116078	1508	3718
116079	1508	1535
116080	75934	2744
116081	1508	4669
116082	75935	196
116083	1508	1824
116084	535	757
116085	75935	7294
116086	535	2537
116087	75935	73
116088	75935	15064
116089	75936	595
116090	217	1604
116091	1509	3339
116092	1509	3656
116093	75937	3602
116094	1509	6722
116095	535	6741
116096	75937	594
116097	75937	75905
116098	75937	1677
116099	75937	4058
116100	1509	3643
116101	75937	866
116102	85515	76156
116103	535	3929
116104	85516	76187
116105	1	323
116106	75937	740
116107	75938	141
116108	217	3985
116109	1510	8811
116110	75938	909
116111	1510	2646
116112	535	4632
116113	75938	387
116114	85550	77279
116115	1511	1962
116116	1512	4593
116117	1512	1987
116118	1512	2617
116119	75938	14744
116120	1513	8612
116121	75939	598
116122	75939	3959
116123	1513	12480
116124	1509	2688
116125	90251	9780
116126	1513	16243
116127	75939	4418
116128	1514	3000
116129	218	1203
116130	85532	76137
116131	535	2890
116132	75940	615
116133	75940	6755
116134	75940	4626
116135	75940	1870
116136	75941	833
116137	75941	771
116138	75941	676
116139	75941	1279
116140	536	624
116141	1515	19454
116142	536	1019
116143	77261	2117
116144	75943	1645
116145	536	933
116146	90264	76724
116147	75943	1970
116148	75941	305
116149	218	629
116150	1516	1590
116151	536	2667
116152	85549	78569
116153	75944	345
116154	75944	1028
116155	75944	359
116156	1516	4234
116157	75944	123
116158	1516	3250
116159	536	1752
116160	536	717
116161	218	4748
116162	1517	1976
116163	75945	1787
116164	75945	737
116165	90282	1523
116166	1517	11550
116167	75945	1534
116168	75945	7022
116169	1517	5346
116170	75945	11302
116171	1517	4755
116172	75946	491
116173	75946	733
116174	75946	131
116175	108	15609
116176	75946	7729
116177	75946	1172
116178	219	7290
116179	75946	2201
116180	85548	1047
116181	1518	3030
116182	536	2956
116183	219	818
116184	1518	1613
116185	54	12967
116186	1518	6560
116187	90289	2610
116188	75947	2775
116189	75948	226
116190	75948	643
116191	1519	5321
116192	75948	564
116193	536	3618
116194	75948	740
116195	75945	552
116196	75949	17
116197	75949	15558
116198	75949	21591
116199	75949	18009
116200	1520	1642
116201	90288	296
116202	75950	1589
116203	75950	665
116204	75950	113
116205	90300	3861
116206	1520	9938
116207	219	1699
116208	75951	318
116209	1520	3701
116210	75951	3219
116211	1520	2301
116212	75952	373
116213	75952	345
116214	1521	1930
116215	75952	3867
116216	75952	857
116217	75952	926
116218	75953	2874
116219	1521	9450
116220	75953	8338
116221	75953	11649
116222	75953	10696
116223	75953	2884
116224	537	4210
116225	75953	3896
116226	537	801
116227	537	6858
116228	75954	33
116229	75955	2004
116230	75954	7865
116231	75954	595
116232	1521	2797
116233	75954	741
116234	75954	3280
116235	75955	3796
116236	75955	1960
116237	75955	2087
116238	75955	881
116239	75955	2344
116240	75955	12160
116241	1521	6736
116242	1521	5060
116243	75956	1752
116244	75956	409
116245	75956	522
116246	538	3797
116247	538	6044
116248	75956	81
116249	538	4672
116250	85557	379
116251	75957	32
116252	538	5299
116253	75957	1829
116254	75957	2500
116255	75957	380
116256	1522	41096
116257	3	1504
116258	75957	3411
116259	83531	429
116260	85576	29
116261	75958	3917
116262	75958	1012
116263	75958	678
116264	75958	4670
116265	75958	3968
116266	538	2606
116267	538	5838
116268	75958	4100
116269	75958	5856
116270	1524	1569
116271	75959	6481
116272	75960	75958
116273	75960	1015
116274	90323	3032
116275	1524	3048
116276	220	964
116277	54	8467
116278	90328	78166
116279	75961	692
116280	220	1341
116281	539	2025
116282	108	1617
116283	75962	1244
116284	75962	2962
116285	220	598
116286	75962	2206
116287	75963	167
116288	75963	21180
116289	75963	1063
116290	75963	36
116291	539	2463
116292	75964	855
116293	75964	987
116294	1526	3879
116295	1526	3952
116296	75964	32
116297	75964	288
116298	75964	3271
116299	75964	374
116300	1526	6446
116301	75965	9
116302	1526	2510
116303	1526	1972
116304	75965	3875
116305	75965	1410
116306	75965	753
116307	540	3155
116308	540	3802
116309	75965	6221
116310	1526	8158
116311	75965	3403
116312	75966	2253
116313	1527	3404
116314	1527	1555
116315	1527	3125
116316	1527	3393
116317	75966	528
116318	75966	1650
116319	1527	9699
116320	75967	54
116321	540	694
116322	540	2647
116323	1528	21005
116324	75967	2178
116325	75967	1163
116326	75967	645
116327	75966	2212
116328	75968	3693
116329	75968	6605
116330	85580	76820
116331	540	2011
116332	220	2956
116333	1529	1597
116334	75969	2054
116335	83516	4498
116336	1530	2067
116337	1530	1626
116338	75969	515
116339	1529	2255
116340	109	110
116341	1530	2670
116342	540	3959
116343	1530	1636
116344	1530	3998
116345	75969	46006
116346	1530	2457
116347	75970	247
116348	540	4549
116349	75970	27
116350	75970	304
116351	75970	5246
116352	75971	691
116353	75971	536
116354	75971	2808
116355	75971	360
116356	83510	77953
116357	75971	2156
116358	55	83
116359	75972	344
116360	75972	387
116361	75972	10017
116362	85590	83238
116363	55	116
116364	75972	2742
116365	109	517
116366	90378	743
116367	1530	2152
116368	109	273
116369	75973	4811
116370	75973	4076
116371	75974	333
116372	85602	3453
116373	75974	2041
116374	75974	2078
116375	75974	16110
116376	75974	1476
116377	75974	27307
116378	75975	7863
116379	75975	735
116380	85598	77336
116381	85594	76529
116382	55	1934
116383	75976	5263
116384	1531	1573
116385	1531	1875
116386	75977	767
116387	76025	276
116388	0	1852
116389	85628	768
116390	75978	12607
116391	75978	18137
116392	75979	773
116393	1532	1626
116394	1532	1611
116395	541	5783
116396	75979	75946
116397	75979	538
116398	220	10471
116399	75979	12106
116400	75980	1051
116401	75980	4138
116402	75980	4076
116403	85605	9666
116404	55	360
116405	75982	678
116406	75982	2989
116407	75980	566
116408	75982	10647
116409	541	3941
116410	75983	7087
116411	75983	2152
116412	75983	1263
116413	75984	4317
116414	85606	11315
116415	1535	3694
116416	75985	3785
116417	75985	6388
116418	75985	3304
116419	75986	62
116420	1535	2678
116421	75986	149
116422	1535	8963
116423	83053	77809
116424	75986	4058
116425	542	3196
116426	220	8633
116427	83487	696
116428	1535	3620
116429	83059	82150
116430	1535	5980
116431	1535	30378
116432	75988	1178
116433	79740	103
116434	1536	4090
116435	1536	1936
116436	1536	15653
116437	542	925
116438	542	1188
116439	75989	634
116440	85623	76402
116441	1536	1571
116442	75989	75924
116443	75989	515
116444	542	5289
116445	75989	2348
116446	1536	14810
116447	75991	2166
116448	1536	11891
116449	1537	3067
116450	75991	2338
116451	75991	2091
116452	1537	5143
116453	75992	39
116454	75992	756
116455	75992	464
116456	75993	3243
116457	221	2623
116458	75993	791
116459	75993	11876
116460	221	3136
116461	75994	1038
116462	75994	19987
116463	75994	12460
116464	1538	1672
116465	55	2278
116466	75994	3251
116467	75994	9478
116468	75994	2170
116469	75994	46840
116470	1539	3225
116471	75995	86
116472	75995	870
116473	75995	372
116474	1539	3309
116475	75995	6050
116476	1540	3017
116477	55	2949
116478	75997	2215
116479	75997	4406
116480	75997	1819
116481	90442	83404
116482	221	3474
116483	1541	20764
116484	1542	2533
116485	76000	444
116486	75999	972
116487	75999	11446
116488	75999	23536
116489	222	227
116490	76000	1097
116491	222	404
116492	1542	3248
116493	76000	4
116494	1542	6805
116495	76001	34
116496	76001	690
116497	76001	806
116498	222	664
116499	76001	1107
116500	76001	2774
116501	76001	3338
116502	76001	1624
116503	76002	37249
116504	1542	3807
116505	76002	4402
116506	109	7378
116507	1543	3002
116508	76003	782
116509	76003	172
116510	83468	1761
116511	76003	3802
116512	1543	3779
116513	76003	655
116514	76003	290
116515	1543	3400
116516	55	8001
116517	1543	29861
116518	76003	1025
116519	543	816
116520	76003	3842
116521	76004	3045
116522	109	9245
116523	543	1333
116524	76005	1611
116525	1544	2550
116526	76005	1591
116527	76007	636
116528	76007	352
116529	3	7089
116530	15	73
116531	76007	809
116532	76007	2752
116533	1544	4031
116534	222	809
116535	76008	29206
116536	76008	14988
116537	222	1062
116538	1545	6259
116539	76008	19698
116540	76009	432
116541	76009	1056
116542	76009	374
116543	76009	366
116544	1545	6510
116545	544	553
116546	90468	3504
116547	1546	1625
116548	76010	10876
116549	76010	226
116550	1546	2133
116551	76010	54
116552	76010	1046
116553	76010	1916
116554	1547	1825
116555	76011	299
116556	1547	4228
116557	1547	1730
116558	76012	797
116559	76012	4793
116560	76012	1121
116561	544	19008
116562	76012	4518
116563	76013	3502
116564	76013	3496
116565	110	2107
116566	545	1781
116567	76013	12736
116568	76013	13381
116569	1548	2872
116570	1548	2871
116571	76014	2118
116572	1548	2867
116573	76014	4206
116574	1548	9526
116575	76015	20760
116576	76016	707
116577	76016	2833
116578	110	790
116579	1549	2196
116580	76016	3191
116581	1549	3380
116582	76017	1524
116583	76017	392
116584	110	2622
116585	76017	1340
116586	76017	1170
116587	1550	2924
116588	27	79
116589	546	1642
116590	1550	3103
116591	1550	7226
116592	85651	4026
116593	110	1080
116594	15	769
116595	546	1968
116596	90495	77946
116597	110	3825
116598	546	751
116599	76019	6090
116600	76019	296
116601	76019	761
116602	223	383
116603	76019	42532
116604	223	1232
116605	76021	3982
116606	76021	4325
116607	1554	1674
116608	76021	3289
116609	76021	6750
116610	76021	783
116611	76022	195
116612	76022	39671
116613	76022	1513
116614	76024	7247
116615	546	14502
116616	76023	4558
116617	1555	4004
116618	76023	1062
116619	76024	75918
116620	1556	4498
116621	1556	3109
116622	81502	2922
116623	76024	3052
116624	1556	11177
116625	76025	768
116626	85662	1675
116627	76025	1243
116628	76025	4024
116629	76025	308
116630	1556	3162
116631	76026	2421
116632	223	1587
116633	76026	3460
116634	223	1586
116635	55	1165
116636	1560	4349
116637	1560	1776
116638	547	2621
116639	76027	3907
116640	547	3385
116641	1560	3876
116642	547	4541
116643	76028	72
116644	547	2632
116645	1560	2772
116646	1561	3086
116647	1561	1589
116648	76028	1215
116649	1561	3404
116650	55	5114
116651	76029	4112
116652	111	135
116653	76029	3048
116654	15	2511
116655	76029	1051
116656	76029	2791
116657	1561	9098
116658	85715	12707
116659	111	674
116660	76030	10864
116661	85872	76088
116662	76029	387
116663	76030	1168
116664	76031	3107
116665	547	3321
116666	76031	2207
116667	87415	12045
116668	111	1985
116669	76031	4991
116670	76031	3178
116671	76032	234
116672	76032	6048
116673	1564	6931
116674	1564	7092
116675	76034	2265
116676	76032	5158
116677	1566	3217
116678	76034	3003
116679	76035	148
116680	1565	3490
116681	1566	4763
116682	76035	4942
116683	1567	2612
116684	85674	79197
116685	76036	126
116686	547	2786
116687	1567	11338
116688	76036	4025
116689	111	333
116690	1569	4250
116691	1569	4555
116692	547	4668
116693	1570	2779
116694	76038	538
116695	85672	2469
116696	76038	1141
116697	76038	2256
116698	76038	8869
116699	1570	10288
116700	1571	47351
116701	76039	121
116702	76039	875
116703	76039	292
116704	76039	534
116705	76039	14931
116706	76039	11164
116707	76039	3778
116708	76039	2538
116709	27	151
116710	548	1110
116711	76039	7258
116712	83091	968
116713	548	1800
116714	76040	3907
116715	76040	5861
116716	76040	8006
116717	76044	75906
116718	1573	1714
116719	76041	1363
116720	76041	1882
116721	76042	6556
116722	76042	1619
116723	76042	6597
116724	224	1013
116725	1574	36457
116726	85680	3649
116727	76043	2472
116728	76043	41
116729	76043	121
116730	76043	1054
116731	76043	2008
116732	548	1704
116733	1577	1586
116734	1577	17635
116735	76044	3744
116736	1578	1677
116737	76045	40
116738	76045	1752
116739	90553	3642
116740	1578	1729
116741	76045	3531
116742	76046	1343
116743	1579	1971
116744	83440	76334
116745	1579	1604
116746	85685	26903
116747	224	2193
116748	1579	3187
116749	1579	4990
116750	76047	375
116751	548	3235
116752	1580	1931
116753	76047	207
116754	76047	4547
116755	1580	4340
116756	76048	12600
116757	1580	3422
116758	76049	6919
116759	76050	6930
116760	76050	3230
116761	76050	704
116762	76050	2656
116763	1582	2683
116764	1580	2987
116765	1582	2671
116766	76051	17661
116767	111	799
116768	224	1039
116769	76052	9276
116770	76053	44209
116771	224	1728
116772	549	554
116773	76054	288
116774	90567	9811
116775	224	1676
116776	76054	10545
116777	76055	1634
116778	76055	3715
116779	76055	2094
116780	76055	3724
116781	1584	3170
116782	76055	1733
116783	1584	15474
116784	76056	75960
116785	76056	683
116786	1584	7263
116787	1584	3591
116788	90579	315
116789	76056	318
116790	85695	77514
116791	76056	3057
116792	550	9113
116793	1585	1772
116794	1585	1823
116795	550	883
116796	90575	3191
116797	76057	39249
116798	76057	2888
116799	76058	4406
116800	76058	789
116801	76058	448
116802	550	2017
116803	1586	16034
116804	76059	3317
116805	1586	6555
116806	76059	6158
116807	1587	3696
116808	76060	535
116809	76060	3217
116810	76060	407
116811	27	5294
116812	1589	14491
116813	225	1525
116814	1590	1974
116815	15	140
116816	1590	2721
116817	76061	2158
116818	1590	2104
116819	76062	3272
116820	76062	3959
116821	76063	22252
116822	76064	115
116823	1590	11656
116824	1590	2393
116825	76064	35419
116826	76064	1206
116827	76064	9597
116828	76064	1734
116829	551	27364
116830	1590	4180
116831	76065	345
116832	76065	1107
116833	76066	522
116834	76066	649
116835	552	1250
116836	1590	7010
116837	225	1466
116838	76066	4459
116839	76061	2676
116840	76066	6411
116841	76066	3196
116842	76067	1728
116843	112	193
116844	76067	3895
116845	1591	8681
116846	76067	365
116847	112	1014
116848	76068	4345
116849	76069	241
116850	76069	116
116851	557	5152
116852	76069	962
116853	76069	471
116854	76069	132
116855	76069	7158
116856	557	701
116857	76069	457
116858	1591	2733
116859	1592	3339
116860	76070	3181
116861	15	790
116862	557	1060
116863	1593	1703
116864	76070	171
116865	76071	2515
116866	85722	2786
116867	76071	1907
116868	1593	7065
116869	76071	3249
116870	1593	2159
116871	226	1867
116872	557	911
116873	76071	17724
116874	557	3008
116875	90612	31697
116876	76073	1444
116877	76073	18540
116878	226	2666
116879	76073	372
116880	1593	8863
116881	90614	78214
116882	76073	2926
116883	76074	1834
116884	76074	141
116885	112	790
116886	76074	1400
116887	76074	10469
116888	76074	4799
116889	1595	4000
116890	85719	11111
116891	112	271
116892	1596	5735
116893	76077	6162
116894	1596	3959
116895	76077	1970
116896	76077	5722
116897	27	1831
116898	76078	5137
116899	76079	2098
116900	85723	4020
116901	76080	1177
116902	76080	75897
116903	1597	5858
116904	76080	2840
116905	76080	75972
116906	76076	1625
116907	1598	3714
116908	1598	3831
116909	85726	21460
116910	1598	3920
116911	76082	18127
116912	76082	18140
116913	85723	76149
116914	226	5157
116915	1599	3181
116916	1599	3407
116917	76083	286
116918	76083	143
116919	1599	9193
116920	558	2180
116921	76085	183
116922	1599	3333
116923	85728	1660
116924	76085	3959
116925	1599	45561
116926	76086	926
116927	1599	42696
116928	76086	628
116929	1599	5361
116930	76087	119
116931	76088	315
116932	76088	813
116933	558	25415
116934	76088	4483
116935	76088	9157
116936	1600	21631
116937	76089	436
116938	76089	1031
116939	76089	457
116940	76089	721
116941	226	2099
116942	79183	4714
116943	76089	704
116944	1601	1758
116945	76090	1217
116946	76091	155
116947	558	4964
116948	76091	5946
116949	76092	989
116950	85734	3933
116951	76093	21004
116952	1601	2697
116953	226	788
116954	76093	134
116955	1601	4827
116956	76095	785
116957	76095	76017
116958	1601	3487
116959	76095	653
116960	76095	76
116961	76095	898
116962	76095	1003
116963	558	2485
116964	76095	3093
116965	76096	3594
116966	76096	1972
116967	76096	2776
116968	1601	2958
116969	112	629
116970	76097	232
116971	1602	1634
116972	76097	3385
116973	76097	2671
116974	76097	2311
116975	76097	19344
116976	1602	3600
116977	1602	3585
116978	76098	3828
116979	1602	2671
116980	1602	2662
116981	558	872
116982	76101	9608
116983	76101	5119
116984	76101	9673
116985	1603	9241
116986	76102	767
116987	76102	3067
116988	1605	3698
116989	1605	1657
116990	76103	520
116991	76051	12604
116992	76104	986
116993	559	3954
116994	1605	3854
116995	85750	77717
116996	76105	4116
116997	85749	1338
116998	76105	1166
116999	85756	1187
117000	559	3506
117001	76106	2030
117002	76106	1824
117003	76106	4668
117004	76106	4567
117005	76106	16970
117006	1605	13968
117007	76107	5112
117008	76107	297
117009	559	2524
117010	559	1014
117011	76107	636
117012	76107	347
117013	76108	26873
117014	76109	18461
117015	76111	57
117016	76111	759
117017	76111	274
117018	76111	75986
117019	559	7311
117020	76112	233
117021	76112	10
117022	1607	5265
117023	76113	345
117024	1609	1626
117025	76113	129
117026	76113	526
117027	76114	858
117028	76114	290
117029	1611	1747
117030	76115	387
117031	76115	3320
117032	76115	1747
117033	76114	419
117034	1611	2049
117035	76115	2753
117036	76116	28426
117037	1611	5923
117038	76117	1897
117039	112	3413
117040	76117	16034
117041	76118	2122
117042	85768	805
117043	76118	53689
117044	1611	2547
117045	1611	43247
117046	227	2130
117047	76120	1796
117048	76121	8608
117049	76122	3187
117050	90749	78171
117051	76122	142
117052	1612	3587
117053	76122	48605
117054	76123	5949
117055	76123	3246
117056	560	1235
117057	76123	9159
117058	76124	10317
117059	76125	957
117060	76126	945
117061	76126	3155
117062	76126	701
117063	1613	10273
117064	76127	2871
117065	560	1286
117066	76128	4023
117067	76128	13293
117068	76131	923
117069	76129	4634
117070	76130	1198
117071	76130	18142
117072	76131	640
117073	76131	367
117074	76132	1607
117075	76132	4031
117076	1616	1739
117077	1616	2042
117078	1616	2537
117079	76132	14498
117080	561	673
117081	76133	3617
117082	1617	1689
117083	76133	3247
117084	76134	21884
117085	561	1814
117086	85771	2717
117087	76134	16716
117088	561	2500
117089	76135	3513
117090	1617	2607
117091	76136	2794
117092	76135	76085
117093	76136	6590
117094	76136	41985
117095	76136	1472
117096	1618	1689
117097	1618	4343
117098	76137	15531
117099	90720	76513
117100	76138	22813
117101	1619	3607
117102	85778	6230
117103	76138	2868
117104	76138	4201
117105	76139	10694
117106	90724	4135
117107	76140	1952
117108	113	1454
117109	76141	1936
117110	76140	10699
117111	1620	2785
117112	76140	802
117113	76141	2014
117114	1620	3715
117115	76141	2727
117116	1620	13552
117117	76142	250
117118	1621	2134
117119	90736	76417
117120	1621	2794
117121	1621	4390
117122	85781	2991
117123	227	723
117124	76144	2972
117125	76144	4202
117126	76144	2418
117127	76144	2517
117128	76144	15668
117129	76144	4148
117130	76145	1994
117131	227	3611
117132	561	3226
117133	76146	2151
117134	76147	738
117135	76147	1139
117136	76148	2955
117137	76147	5783
117138	1622	9680
117139	1622	2419
117140	76148	673
117141	1622	3122
117142	76151	3600
117143	76151	1072
117144	1623	2741
117145	76152	649
117146	76152	251
117147	76152	2084
117148	76152	8497
117149	1623	3243
117150	76154	2822
117151	76154	6591
117152	76154	5879
117153	76155	1195
117154	76158	31969
117155	76155	3878
117156	76155	8370
117157	227	15536
117158	1623	28616
117159	1623	4591
117160	76156	287
117161	113	1052
117162	76156	1497
117163	1624	5781
117164	76157	2002
117165	76157	2192
117166	76157	4854
117167	76178	12996
117168	1625	1739
117169	562	1054
117170	76159	76100
117171	90755	75975
117172	76159	18871
117173	76160	2679
117174	76160	6286
117175	1625	19994
117176	1626	2003
117177	76161	3525
117178	228	4562
117179	76161	5116
117180	1626	4513
117181	1626	2791
117182	90764	1672
117183	562	4616
117184	76162	5284
117185	76162	130
117186	76163	169
117187	76163	3917
117188	1626	47721
117189	76163	1788
117190	76164	250
117191	228	1806
117192	562	3186
117193	76164	729
117194	76166	3886
117195	85808	83820
117196	76166	7866
117197	1627	3861
117198	1627	4859
117199	228	10141
117200	56	79
117201	76168	664
117202	76168	108
117203	76168	4440
117204	85808	6024
117205	80521	13358
117206	76168	8370
117207	76168	3596
117208	113	1436
117209	85806	15836
117210	76169	4466
117211	228	8462
117212	76170	851
117213	76170	3408
117214	76170	1727
117215	85810	13510
117216	76170	952
117217	1628	2671
117218	76171	15523
117219	76172	3723
117220	76172	8545
117221	563	3266
117222	76173	7617
117223	76173	14589
117224	1628	1980
117225	76175	8790
117226	563	799
117227	76175	704
117228	76175	30
117229	76177	701
117230	85817	77118
117231	76177	4444
117232	76177	3460
117233	76177	1515
117234	1629	3040
117235	76179	1981
117236	76179	374
117237	1629	6134
117238	76180	307
117239	76180	1254
117240	76176	11537
117241	76180	9911
117242	85818	132
117243	76181	1308
117244	1629	6411
117245	76181	48125
117246	90798	3049
117247	76196	17038
117248	76182	3660
117249	563	7000
117250	76182	17113
117251	76182	32093
117252	76182	13665
117253	76184	536
117254	76183	8521
117255	563	6975
117256	1630	6309
117257	1630	3709
117258	76184	9662
117259	76184	3424
117260	76185	17419
117261	76186	1752
117262	1631	4651
117263	76186	4602
117264	1632	4386
117265	80540	34742
117266	563	33580
117267	76182	14577
117268	76186	14656
117269	1632	4066
117270	1632	3187
117271	79201	8826
117272	83167	1988
117273	76188	6529
117274	76189	662
117275	85835	720
117276	1633	9109
117277	76190	35
117278	76190	1935
117279	76190	680
117280	563	11661
117281	1634	1971
117282	90799	1070
117283	1634	6605
117284	76190	1820
117285	76190	3402
117286	76190	5324
117287	76191	14984
117288	76193	62
117289	83170	407
117290	76193	5381
117291	76193	8684
117292	76194	1109
117293	1634	3022
117294	76195	5909
117295	76195	2799
117296	76195	1600
117297	229	4388
117298	76189	1734
117299	564	937
117300	76197	22159
117301	76199	2
117302	76199	876
117303	564	2104
117304	76200	8052
117305	564	2966
117306	76200	17486
117307	76202	108
117308	76202	4950
117309	229	7733
117310	76204	325
117311	76204	2229
117312	76205	3011
117313	1634	2976
117314	76205	7766
117315	76206	954
117316	76206	15963
117317	76206	5129
117318	76208	1235
117319	76208	146
117320	76208	791
117321	1635	9155
117322	76208	5137
117323	76210	75970
117324	76210	3085
117325	76210	7012
117326	76212	51
117327	76212	476
117328	76212	3024
117329	76213	4510
117330	76213	706
117331	1635	20604
117332	76214	2660
117333	1636	10014
117334	76215	16412
117335	76217	2086
117336	15	2001
117337	76216	952
117338	1636	3842
117339	76220	5940
117340	564	758
117341	76218	234
117342	76218	4662
117343	76218	7192
117344	76218	2109
117345	564	796
117346	76221	39421
117347	76221	1010
117348	76221	2133
117349	76221	2071
117350	1639	3743
117351	1640	1641
117352	76222	697
117353	1642	3249
117354	76222	2157
117355	1642	3203
117356	76222	15970
117357	76223	22
117358	1642	3998
117359	76223	404
117360	76223	15059
117361	76223	5337
117362	76223	509
117363	76224	3106
117364	1642	6508
117365	76224	6961
117366	76224	206
117367	76224	3816
117368	76226	3638
117369	76227	845
117370	76227	1981
117371	76227	12290
117372	76228	1107
117373	76229	2224
117374	76230	1894
117375	76230	6613
117376	76232	2671
117377	76232	1710
117378	76232	650
117379	85854	78416
117380	76232	75958
117381	76232	4115
117382	229	13429
117383	76233	1222
117384	76233	4561
117385	76233	7215
117386	76234	810
117387	1643	2222
117388	76234	945
117389	76234	3338
117390	229	5226
117391	76235	1816
117392	76235	6225
117393	76235	2284
117394	15	1747
117395	76236	3003
117396	1645	2666
117397	76237	957
117398	76237	782
117399	76237	1382
117400	83368	2105
117401	8	4412
117402	114	2439
117403	76238	11075
117404	76238	2252
117405	76239	6594
117406	76239	236
117407	76240	945
117408	76240	4432
117409	76240	2655
117410	1645	11538
117411	76250	496
117412	76242	25853
117413	76244	957
117414	1646	3486
117415	76245	297
117416	76245	1705
117417	1646	11539
117418	85858	77549
117419	85856	19697
117420	76248	3575
117421	76249	148
117422	76250	4074
117423	76250	3478
117424	76250	694
117425	76250	3761
117426	76251	648
117427	76251	703
117428	76251	4709
117429	76251	6589
117430	76251	1332
117431	76252	2918
117432	76252	247
117433	76252	816
117434	76252	2016
117435	76253	3686
117436	56	610
117437	76253	8682
117438	76253	35967
117439	76254	101
117440	1649	13450
117441	76255	633
117442	1650	1654
117443	566	640
117444	76256	9184
117445	76257	21769
117446	566	683
117447	76258	1945
117448	566	2210
117449	76259	75947
117450	1650	23592
117451	76259	2494
117452	76260	635
117453	114	2137
117454	76260	75987
117455	1634	2968
117456	114	2210
117457	566	1468
117458	76260	16096
117459	230	480
117460	76261	2956
117461	1653	2621
117462	76261	9037
117463	1656	4386
117464	76262	992
117465	1656	21949
117466	566	2871
117467	76262	2975
117468	76262	16824
117469	76263	76000
117470	1656	7456
117471	1656	4261
117472	566	578
117473	76264	762
117474	1657	2671
117475	566	13381
117476	90904	24293
117477	76265	4539
117478	76267	2544
117479	1657	2105
117480	114	4187
117481	76267	3002
117482	76268	73
117483	76269	5193
117484	76269	9330
117485	76269	1974
117486	76269	33460
117487	76270	14657
117488	76270	5232
117489	76270	1718
117490	566	3479
117491	90907	15156
117492	76271	16754
117493	90917	4180
117494	76272	428
117495	76272	2600
117496	76272	48666
117497	1658	1661
117498	76273	3522
117499	1658	7270
117500	0	2259
117501	76274	2054
117502	566	4775
117503	1659	1869
117504	1659	16657
117505	76275	4132
117506	76276	3732
117507	76276	2886
117508	90924	7961
117509	1660	2580
117510	76277	9172
117511	76277	383
117512	1661	10886
117513	76278	24899
117514	1661	6245
117515	76279	627
117516	76279	636
117517	1661	3321
117518	76280	18004
117519	76282	3484
117520	76282	3118
117521	76282	4847
117522	76283	687
117523	76283	738
117524	1663	10905
117525	76283	3022
117526	76284	685
117527	230	1403
117528	76284	2274
117529	76285	1678
117530	76285	2105
117531	76285	4134
117532	230	1014
117533	1663	12827
117534	1664	3636
117535	1664	1789
117536	230	2865
117537	76289	7023
117538	76289	148
117539	1671	2301
117540	76290	1097
117541	76290	3318
117542	76290	1191
117543	76290	3893
117544	85879	688
117545	76291	3429
117546	76292	564
117547	76292	3462
117548	76292	2814
117549	76292	3663
117550	1672	32594
117551	114	962
117552	57	150
117553	567	945
117554	27	9682
117555	76294	51301
117556	567	9238
117557	114	1062
117558	567	3778
117559	76295	6161
117560	76295	1066
117561	90945	76280
117562	567	851
117563	76296	82
117564	76296	2666
117565	567	6591
117566	76296	643
117567	76297	1820
117568	90952	3115
117569	83342	8925
117570	76297	1987
117571	567	2580
117572	76297	76050
117573	76298	384
117574	567	5909
117575	76300	577
117576	76300	3845
117577	83341	3322
117578	76300	80
117579	76301	2956
117580	76301	1632
117581	76301	1326
117582	76302	1698
117583	76302	1732
117584	1676	3017
117585	76303	17668
117586	76303	4495
117587	76303	76206
117588	114	2256
117589	567	1816
117590	76304	3062
117591	76304	6062
117592	114	185
117593	76306	2445
117594	85885	1803
117595	83204	4633
117596	76309	6239
117597	76309	3539
117598	76309	3656
117599	76309	5192
117600	90964	79246
117601	76310	1965
117602	76304	13495
117603	85886	3107
117604	76311	8608
117605	568	1203
117606	1677	3147
117607	76314	989
117608	568	2167
117609	568	2634
117610	230	8536
117611	76314	4716
117612	76315	119
117613	76315	364
117614	76315	1083
117615	76316	1729
117616	76316	3032
117617	76318	3671
117618	76318	1775
117619	76318	255
117620	76319	1851
117621	76320	381
117622	76320	4367
117623	76320	76142
117624	76321	322
117625	76321	3493
117626	76321	4112
117627	76322	21841
117628	568	2017
117629	76324	3594
117630	85895	76048
117631	1677	21999
117632	1678	1830
117633	114	2919
117634	1678	2710
117635	1678	2971
117636	1678	1768
117637	1678	3971
117638	1678	4270
117639	76328	309
117640	1679	1759
117641	76328	2923
117642	568	1841
117643	76328	2745
117644	76330	239
117645	76330	4470
117646	76333	1080
117647	76333	10563
117648	76335	864
117649	76335	4498
117650	76337	351
117651	76337	2014
117652	76337	2670
117653	76337	681
117654	76337	914
117655	76338	891
117656	1679	8517
117657	76339	136
117658	76339	24365
117659	76339	4288
117660	1680	1954
117661	76340	651
117662	76342	5757
117663	76342	856
117664	76343	2109
117665	76343	27307
117666	76343	47920
117667	76344	3806
117668	76344	4099
117669	76344	3251
117670	76344	2138
117671	76345	7523
117672	76345	2645
117673	76345	6364
117674	76346	942
117675	1680	49010
117676	76347	8849
117677	76347	650
117678	76348	2924
117679	76348	1619
117680	85910	309
117681	76349	3079
117682	1681	3827
117683	76351	3928
117684	569	1384
117685	85909	15756
117686	1681	4319
117687	1681	3542
117688	76352	2875
117689	76352	1977
117690	76353	798
117691	76353	4769
117692	1682	3492
117693	569	612
117694	76353	2876
117695	76351	2016
117696	85914	76508
117697	76354	542
117698	76354	2119
117699	76354	661
117700	76355	2228
117701	1682	5261
117702	569	2998
117703	76357	3725
117704	76358	3878
117705	76358	2503
117706	76359	75973
117707	76359	2076
117708	76359	6272
117709	76359	2277
117710	76360	5837
117711	76360	76163
117712	76361	9814
117713	76361	11749
117714	76362	366
117715	76362	281
117716	76362	39
117717	1683	3726
117718	76365	7213
117719	1686	1716
117720	76365	5860
117721	76366	76363
117722	76368	1543
117723	76368	4393
117724	91033	886
117725	76368	2108
117726	76368	76295
117727	1689	17710
117728	76369	799
117729	76369	10854
117730	76369	788
117731	76369	3159
117732	76370	3262
117733	1693	1702
117734	76370	2198
117735	76370	22659
117736	76370	4160
117737	91031	76973
117738	569	6976
117739	1697	3050
117740	76374	1741
117741	76374	1976
117742	76374	972
117743	76377	6079
117744	76378	17024
117745	76379	7765
117746	76379	3638
117747	76379	10631
117748	1701	1988
117749	1701	1867
117750	76380	1404
117751	76380	76313
117752	76381	714
117753	76381	890
117754	76382	2614
117755	76382	8360
117756	76384	7
117757	76384	354
117758	76386	20737
117759	76388	2942
117760	76388	683
117761	76388	998
117762	76388	11300
117763	91049	76281
117764	76388	29714
117765	76389	18805
117766	569	42973
117767	1704	10017
117768	570	590
117769	76392	2119
117770	76394	1017
117771	1704	2419
117772	76395	2737
117773	76395	526
117774	1704	4391
117775	76395	1016
117776	76396	3929
117777	76396	5909
117778	76396	6286
117779	76397	82
117780	76397	3104
117781	57	1082
117782	570	3801
117783	1704	2949
117784	76398	79
117785	570	1678
117786	76399	1962
117787	76399	4604
117788	76399	800
117789	1704	33689
117790	571	585
117791	76400	3716
117792	76401	12062
117793	76401	1329
117794	572	1964
117795	76401	679
117796	76402	3605
117797	1704	2485
117798	76403	5157
117799	76403	2169
117800	76403	76227
117801	231	417
117802	76403	9938
117803	76403	3060
117804	1704	12500
117805	572	6451
117806	1708	6050
117807	76405	3897
117808	572	11746
117809	76407	76074
117810	573	8841
117811	1710	1947
117812	1710	2133
117813	573	2892
117814	76410	344
117815	573	3226
117816	76411	76105
117817	76413	3613
117818	231	3797
117819	575	40074
117820	76414	568
117821	76414	2879
117822	76405	1459
117823	76414	3320
117824	91069	1705
117825	76415	2571
117826	76415	8715
117827	1710	12522
117828	575	4345
117829	76417	2098
117830	1713	3464
117831	76420	5073
117832	76421	75933
117833	76421	4596
117834	57	325
117835	76422	1091
117836	1713	9133
117837	76422	4260
117838	76422	8762
117839	76423	824
117840	76424	9477
117841	575	11302
117842	76426	3949
117843	76426	3169
117844	76426	144
117845	76426	4616
117846	57	351
117847	76427	9033
117848	57	375
117849	76428	2022
117850	76428	5911
117851	1714	3367
117852	76430	3959
117853	76431	4960
117854	76432	4436
117855	76432	756
117856	76433	5002
117857	1715	6927
117858	231	357
117859	76433	3626
117860	76434	42806
117861	76435	13344
117862	83243	78351
117863	576	3642
117864	1715	6075
117865	576	714
117866	76438	1115
117867	1719	42378
117868	576	17120
117869	76439	11528
117870	76440	11825
117871	76440	19023
117872	76441	76161
117873	1721	2624
117874	1722	11933
117875	76444	13148
117876	1722	2023
117877	76444	7572
117878	1723	6086
117879	76446	2202
117880	1724	3327
117881	76446	364
117882	76447	106
117883	76448	2265
117884	76450	300
117885	76450	188
117886	1726	7294
117887	576	20304
117888	231	2917
117889	76451	603
117890	91102	18161
117891	76452	634
117892	76452	2662
117893	1726	6265
117894	1726	19949
117895	76452	40846
117896	57	166
117897	1727	2518
117898	76453	632
117899	85971	2649
117900	76453	24969
117901	76455	2285
117902	1727	1999
117903	76455	50148
117904	76455	617
117905	577	20400
117906	76456	1730
117907	76456	10456
117908	76457	1895
117909	76457	42974
117910	1728	2169
117911	76457	3278
117912	578	1060
117913	76459	656
117914	76459	53737
117915	76459	4218
117916	1729	1886
117917	76461	3322
117918	85964	933
117919	76466	75999
117920	91112	77900
117921	76463	12629
117922	1729	4567
117923	76463	368
117924	76464	335
117925	76464	2221
117926	76464	1066
117927	76465	2479
117928	76466	1634
117929	76467	15
117930	76469	3966
117931	76469	16407
117932	76469	6203
117933	578	6741
117934	76471	75899
117935	76472	61
117936	1729	22645
117937	76473	22342
117938	76473	16996
117939	1729	3709
117940	1730	2552
117941	76478	2872
117942	76479	2251
117943	76479	3465
117944	1730	13080
117945	76486	1634
117946	76480	75917
117947	76480	4730
117948	85969	13492
117949	76481	656
117950	578	4072
117951	76482	10975
117952	76483	4868
117953	76483	2942
117954	76484	8499
117955	1735	4006
117956	76484	30188
117957	1736	3644
117958	76485	17956
117959	1736	3171
117960	76486	5925
117961	1736	3696
117962	76486	5020
117963	76488	3979
117964	76488	484
117965	76489	2213
117966	1737	3402
117967	76489	19707
117968	1737	2759
117969	76492	140
117970	76492	2958
117971	1737	3691
117972	76492	13826
117973	76493	1102
117974	76494	10905
117975	76494	1437
117976	85945	3319
117977	76494	6104
117978	76494	9788
117979	1738	5279
117980	76496	5758
117981	76496	9426
117982	76496	3644
117983	1739	1841
117984	76496	915
117985	76497	1097
117986	1739	2208
117987	76497	1512
117988	231	5977
117989	76502	3007
117990	76503	1
117991	1739	2945
117992	76503	3217
117993	76503	235
117994	76503	1034
117995	76504	6129
117996	1739	2439
117997	76506	924
117998	76506	536
117999	76506	6605
118000	76509	724
118001	76509	4109
118002	76510	76421
118003	76511	1050
118004	76512	898
118005	76512	4679
118006	76513	1217
118007	76514	5267
118008	579	1950
118009	76516	5698
118010	76516	606
118011	76516	3480
118012	76518	7236
118013	76507	76449
118014	76520	4970
118015	231	58583
118016	76523	1593
118017	76523	650
118018	76523	76091
118019	76524	468
118020	76524	42047
118021	76527	558
118022	76527	76277
118023	80564	4075
118024	76528	2553
118025	579	3102
118026	579	17083
118027	1744	6967
118028	1744	7215
118029	76532	1091
118030	1744	13677
118031	76533	8528
118032	1745	3782
118033	1745	1870
118034	76535	432
118035	579	4520
118036	76535	680
118037	76535	4225
118038	76537	349
118039	76537	3478
118040	76537	1789
118041	76538	2646
118042	76541	1334
118043	76541	154
118044	76541	170
118045	76541	359
118046	76542	4973
118047	76542	1622
118048	580	3718
118049	76543	17780
118050	76543	4400
118051	76544	131
118052	76544	3554
118053	76541	2513
118054	76545	76542
118055	76546	6261
118056	57	1779
118057	76546	16072
118058	76546	3094
118059	76547	785
118060	1746	3065
118061	76549	352
118062	76550	1972
118063	76550	16087
118064	1746	8364
118065	115	185
118066	582	29045
118067	76551	13016
118068	57	6475
118069	582	3559
118070	76551	19234
118071	115	717
118072	232	2886
118073	76553	352
118074	1747	5779
118075	76554	1191
118076	1747	2218
118077	86000	80485
118078	85998	80127
118079	76559	751
118080	76559	2741
118081	76559	6404
118082	76561	893
118083	76561	3696
118084	76561	6239
118085	76562	2497
118086	91188	2674
118087	76564	9408
118088	1747	8192
118089	57	4956
118090	76564	52277
118091	76564	365
118092	76566	3621
118093	76565	2267
118094	583	2771
118095	583	12685
118096	76570	20
118097	85999	81036
118098	76571	1103
118099	76572	3929
118100	1748	3997
118101	76572	5962
118102	76573	2089
118103	91202	7258
118104	76575	4643
118105	586	2078
118106	76579	16586
118107	1749	2773
118108	76581	3893
118109	76581	6318
118110	76582	75950
118111	76576	4021
118112	76582	219
118113	586	20161
118114	76584	5830
118115	76584	307
118116	76584	7911
118117	586	26711
118118	76588	149
118119	76588	16030
118120	76589	655
118121	76589	14482
118122	76589	2072
118123	76591	934
118124	76592	85
118125	76592	615
118126	76592	368
118127	57	567
118128	232	3332
118129	76668	16047
118130	83269	4983
118131	86029	76002
118132	86044	786
118133	76597	11799
118134	1752	1821
118135	76598	634
118136	76598	788
118137	76598	2090
118138	76600	3910
118139	589	17122
118140	76603	2452
118141	76603	4311
118142	76603	3304
118143	91217	2537
118144	76607	15970
118145	76606	787
118146	76606	3008
118147	76606	3191
118148	76608	76185
118149	76606	34
118150	1752	7987
118151	76609	1322
118152	1753	2002
118153	76610	789
118154	76612	7635
118155	76613	15800
118156	76614	6584
118157	76616	3376
118158	76617	75935
118159	76617	2135
118160	593	6382
118161	76618	728
118162	232	5359
118163	76621	2031
118164	76621	6166
118165	76622	890
118166	76624	136
118167	1754	20760
118168	232	7328
118169	1757	4555
118170	76625	3587
118171	76626	345
118172	593	1430
118173	76627	677
118174	1757	2474
118175	1757	55933
118176	76605	954
118177	76631	2931
118178	76632	1814
118179	76632	1116
118180	76632	37175
118181	76632	9886
118182	115	4113
118183	76633	374
118184	76633	10869
118185	57	6539
118186	593	692
118187	76637	7153
118188	76636	4768
118189	1758	3024
118190	1758	16481
118191	76640	123
118192	76631	3449
118193	76644	798
118194	76644	327
118195	76638	2961
118196	76649	2138
118197	76649	75920
118198	76649	12220
118199	76651	10201
118200	76650	15995
118201	76652	50
118202	76652	1728
118203	76652	2773
118204	76654	1924
118205	76654	4625
118206	76654	444
118207	76655	8378
118208	76655	2169
118209	233	992
118210	76659	3536
118211	76659	1100
118212	76660	3896
118213	76660	37363
118214	233	1994
118215	76661	2727
118216	83274	897
118217	76661	76035
118218	76663	7749
118219	76663	14648
118220	76664	1249
118221	76664	2972
118222	594	1956
118223	76665	6941
118224	594	3997
118225	76667	76248
118226	76668	2786
118227	76669	1143
118228	1759	2741
118229	1759	2867
118230	76671	1184
118231	76672	4651
118232	76672	1287
118233	76672	1002
118234	76672	1930
118235	594	2722
118236	76673	9831
118237	76674	1594
118238	76675	3243
118239	86022	1617
118240	76678	76098
118241	76679	751
118242	86043	4608
118243	76681	5176
118244	76682	3057
118245	76682	3178
118246	76682	7278
118247	76692	76501
118248	76683	17089
118249	233	2761
118250	76683	17943
118251	76685	3070
118252	76686	1029
118253	76686	1287
118254	76687	4985
118255	76687	15951
118256	76688	47943
118257	76689	644
118258	76689	4804
118259	76689	2109
118260	76689	1652
118261	76689	372
118262	76690	48234
118263	76690	1833
118264	76690	783
118265	594	3620
118266	76691	2966
118267	76693	1069
118268	76698	2471
118269	594	1229
118270	91267	80877
118271	76698	638
118272	76700	303
118273	1762	16243
118274	76701	3825
118275	1762	3464
118276	1762	3952
118277	76703	76181
118278	1762	8600
118279	76705	167
118280	1762	7898
118281	15	1388
118282	76705	15503
118283	76706	2357
118284	76706	4776
118285	76707	76110
118286	76710	1057
118287	1762	4822
118288	76711	3555
118289	76711	11820
118290	1762	6679
118291	1762	17880
118292	76712	13680
118293	76714	4162
118294	76714	26517
118295	76715	7841
118296	76719	5120
118297	76719	732
118298	76719	2225
118299	1764	5835
118300	1	595
118301	76723	4827
118302	76724	16364
118303	76727	4749
118304	15	3929
118305	76728	3341
118306	1764	28167
118307	1764	4263
118308	76730	270
118309	233	7945
118310	76732	368
118311	1764	4057
118312	76733	9410
118313	76734	2157
118314	76735	9439
118315	1766	27380
118316	28	34499
118317	76738	3136
118318	76739	2204
118319	76739	542
118320	1767	3299
118321	76740	13659
118322	76741	3339
118323	76741	76483
118324	28	562
118325	76744	9659
118326	76745	57169
118327	1767	9408
118328	1767	2070
118329	76747	12353
118330	76748	2502
118331	76748	4390
118332	76748	319
118333	76748	8862
118334	76751	2710
118335	76751	76631
118336	76752	19236
118337	76753	2962
118338	83225	76243
118339	76753	1390
118340	76754	76209
118341	76754	2114
118342	76756	335
118343	233	7981
118344	76757	379
118345	76759	11547
118346	595	1796
118347	76766	76154
118348	1771	4793
118349	1771	4261
118350	76768	67
118351	595	2068
118352	1771	9381
118353	76769	42692
118354	76769	923
118355	1771	9445
118356	1771	8162
118357	76771	2679
118358	76771	4388
118359	76770	13448
118360	28	1189
118361	595	17202
118362	76779	2883
118363	76781	2640
118364	1773	25804
118365	1773	2456
118366	86234	83392
118367	1774	1912
118368	76782	4303
118369	76783	5937
118370	76783	2771
118371	76784	2122
118372	76785	127
118373	76785	13495
118374	76786	2902
118375	76787	5359
118376	76788	76404
118377	1775	9446
118378	76790	3907
118379	76791	336
118380	1774	3174
118381	76793	798
118382	76794	7018
118383	76857	25491
118384	76795	5010
118385	76795	76422
118386	76795	76264
118387	1775	8338
118388	76796	807
118389	76796	29
118390	1774	6045
118391	76797	2169
118392	595	13061
118393	76797	2514
118394	76798	7872
118395	596	942
118396	76799	11349
118397	76800	1771
118398	76802	616
118399	76801	2136
118400	1776	2829
118401	76803	10905
118402	1776	15144
118403	76804	4255
118404	76806	7571
118405	76806	356
118406	76806	6027
118407	1778	2609
118408	76806	1010
118409	76807	1590
118410	1778	1826
118411	1778	4960
118412	76809	14482
118413	1778	2071
118414	76812	1083
118415	1778	5144
118416	76813	9185
118417	76813	3885
118418	76815	76655
118419	76819	11351
118420	76820	5276
118421	596	42205
118422	76822	19495
118423	76822	4379
118424	76825	6932
118425	596	1922
118426	76827	11519
118427	76828	1567
118428	76828	1078
118429	76831	6403
118430	76831	5838
118431	76834	17114
118432	86059	6264
118433	86056	2285
118434	76836	294
118435	76836	8681
118436	76817	11706
118437	596	2881
118438	76838	76151
118439	76840	2668
118440	76841	868
118441	76842	6604
118442	76844	10497
118443	1779	10886
118444	76844	6050
118445	597	930
118446	76846	140
118447	597	2547
118448	76849	6098
118449	76854	4698
118450	76854	2756
118451	76854	263
118452	76855	2442
118453	76855	2833
118454	1781	3323
118455	76858	537
118456	76859	352
118457	76858	3617
118458	76862	76195
118459	76863	3600
118460	76863	539
118461	76867	4370
118462	76867	2392
118463	1781	1960
118464	76870	34539
118465	76871	3188
118466	76871	3024
118467	1781	9601
118468	598	706
118469	91344	9427
118470	76873	4437
118471	1781	6972
118472	76875	1173
118473	76876	14705
118474	76876	17711
118475	76878	851
118476	76879	3681
118477	76879	608
118478	76881	16692
118479	76881	19424
118480	76882	20569
118481	76881	1012
118482	76883	20619
118483	76883	5023
118484	76884	76403
118485	76884	2158
118486	76884	2882
118487	76886	3531
118488	76886	2106
118489	76887	16254
118490	76887	24724
118491	76890	528
118492	76890	5916
118493	76890	9644
118494	76896	1017
118495	1782	2721
118496	76895	2752
118497	1783	4888
118498	76896	3952
118499	1783	2794
118500	76897	5342
118501	76898	9501
118502	1783	3471
118503	76899	631
118504	76900	267
118505	76901	281
118506	8	4509
118507	58	363
118508	76903	1416
118509	598	3322
118510	76904	168
118511	598	1789
118512	76905	6
118513	1783	2494
118514	76907	1586
118515	76909	22391
118516	76906	2135
118517	76910	1699
118518	76911	7317
118519	76911	11771
118520	234	2006
118521	76913	134
118522	1783	7278
118523	76915	6829
118524	76915	292
118525	76919	13448
118526	76915	1080
118527	598	7729
118528	76916	3124
118529	76915	12506
118530	76919	7586
118531	76920	2079
118532	76920	4201
118533	76921	76397
118534	76921	63
118535	76922	6927
118536	58	1645
118537	76923	974
118538	76924	625
118539	76924	75883
118540	76925	8003
118541	91369	80622
118542	76927	4796
118543	76927	6938
118544	76928	328
118545	76929	5364
118546	76929	6992
118547	76929	490
118548	76930	13493
118549	76930	125
118550	76931	21632
118551	76933	152
118552	76935	76682
118553	76935	338
118554	76935	4764
118555	116	1420
118556	76937	65
118557	76937	2523
118558	76939	5214
118559	1783	6255
118560	76941	796
118561	116	1823
118562	86071	810
118563	1783	18005
118564	76947	6450
118565	76949	22
118566	599	1499
118567	599	1973
118568	76949	631
118569	76949	1105
118570	76949	2392
118571	76957	20798
118572	76958	7434
118573	76959	12586
118574	76961	4572
118575	76961	3330
118576	76961	652
118577	76969	75986
118578	599	637
118579	76969	5113
118580	76970	76330
118581	76977	2890
118582	58	174
118583	76979	4727
118584	76979	76837
118585	76980	2128
118586	76984	2792
118587	76985	912
118588	91387	14873
118589	599	6268
118590	76987	4232
118591	76988	6711
118592	76988	23807
118593	76989	2509
118594	76989	1635
118595	76991	15657
118596	76991	46108
118597	76992	3836
118598	76992	3842
118599	76993	1263
118600	76993	739
118601	91389	4498
118602	76994	76614
118603	76994	10369
118604	76995	1944
118605	76997	1386
118606	600	2168
118607	235	351
118608	76998	499
118609	77003	20333
118610	77003	1831
118611	77009	369
118612	77010	74
118613	77011	76017
118614	235	319
118615	77011	23427
118616	1787	9704
118617	77013	3742
118618	77009	788
118619	77013	24231
118620	77013	2639
118621	600	10318
118622	8	4813
118623	77016	2866
118624	77017	216
118625	77020	973
118626	77023	2151
118627	77024	6883
118628	77026	1192
118629	77026	12128
118630	1788	4513
118631	77028	76320
118632	77028	25169
118633	83315	77896
118634	77031	4616
118635	77033	2093
118636	77031	19681
118637	77038	12447
118638	77037	6894
118639	600	4118
118640	77041	2146
118641	77041	2063
118642	600	1468
118643	77042	920
118644	77043	1939
118645	77044	76115
118646	1789	4188
118647	58	2647
118648	77044	2966
118649	77047	2668
118650	77047	517
118651	77048	495
118652	77050	306
118653	77050	4370
118654	77055	75882
118655	77059	9412
118656	77063	3551
118657	77065	1931
118658	77072	7777
118659	77075	4493
118660	77076	3770
118661	77079	2895
118662	77075	1812
118663	86083	82806
118664	77081	76756
118665	77081	5882
118666	77081	6913
118667	58	3802
118668	77082	3024
118669	77084	3889
118670	1792	2842
118671	77084	26
118672	77085	17886
118673	1792	3523
118674	77085	24559
118675	77088	17288
118676	4	134
118677	77090	4757
118678	77091	18700
118679	77094	968
118680	77095	76369
118681	77096	734
118682	77096	3670
118683	77097	191
118684	77097	2670
118685	77097	2520
118686	91429	11612
118687	77099	755
118688	1794	4078
118689	77100	3026
118690	77100	81
118691	77103	4601
118692	77103	6449
118693	77105	2899
118694	77105	76914
118695	77105	721
118696	77106	815
118697	77108	75886
118698	77109	122
118699	77111	5396
118700	77115	1990
118701	77113	4915
118702	1795	4970
118703	77117	4131
118704	77117	76040
118705	1795	4501
118706	77118	1739
118707	77118	2121
118708	77120	6973
118709	77122	3877
118710	77124	3933
118711	77125	2444
118712	77126	11350
118713	77126	9452
118714	77127	611
118715	77128	3714
118716	116	2862
118717	1798	10469
118718	77130	520
118719	77133	637
118720	77131	2245
118721	1798	3274
118722	77133	3820
118723	1799	2697
118724	77137	1763
118725	77140	4854
118726	77142	7278
118727	77142	1042
118728	77143	371
118729	77145	18139
118730	77145	16312
118731	77147	76089
118732	77147	4436
118733	77147	6939
118734	77147	3615
118735	86095	77583
118736	77155	9449
118737	77156	4114
118738	77157	18028
118739	77157	76538
118740	1800	1923
118741	77161	307
118742	77159	2049
118743	77162	77098
118744	77162	2888
118745	77163	5882
118746	77164	76173
118747	77167	7136
118748	601	4393
118749	77170	11062
118750	77172	4345
118751	77173	1834
118752	77173	3118
118753	77184	76148
118754	77180	2547
118755	4	247
118756	77180	3961
118757	77182	191
118758	1801	18321
118759	77182	77026
118760	77182	320
118761	77183	4647
118762	1801	6159
118763	77186	76641
118764	77187	42882
118765	77189	8348
118766	77189	5001
118767	77191	2646
118768	77191	4313
118769	77192	4202
118770	77194	748
118771	77195	6148
118772	77196	3670
118773	77196	5880
118774	77197	56565
118775	116	3092
118776	77198	7748
118777	77200	1816
118778	77201	3263
118779	77202	1813
118780	77202	2105
118781	77203	538
118782	77202	690
118783	77210	3585
118784	77204	6530
118785	77204	507
118786	86104	80891
118787	77206	77190
118788	1804	4652
118789	77208	26796
118790	77209	171
118791	77209	1775
118792	77210	697
118793	77211	23715
118794	77212	6445
118795	77212	613
118796	77213	964
118797	77214	636
118798	77215	4081
118799	4	208
118800	77220	79
118801	77220	2829
118802	77221	3514
118803	1804	40801
118804	1804	18630
118805	77225	3070
118806	77226	920
118807	77228	9672
118808	77229	34030
118809	601	2135
118810	77228	76834
118811	77230	76045
118812	77232	6501
118813	77234	3933
118814	77235	1920
118815	77235	2874
118816	77239	12292
118817	77240	19250
118818	77241	3909
118819	86102	813
118820	237	1203
118821	77244	147
118822	77245	621
118823	77250	4722
118824	77250	7932
118825	77254	36
118826	77254	7598
118827	1806	4683
118828	1806	16229
118829	602	1602
118830	77257	483
118831	77257	1801
118832	77261	2785
118833	77261	10288
118834	77262	4474
118835	77264	19448
118836	77266	1873
118837	77266	2684
118838	77270	1472
118839	77271	4646
118840	77271	1727
118841	77273	4729
118842	602	2078
118843	77274	76615
118844	77277	5260
118845	602	6396
118846	77279	752
118847	77280	3202
118848	77281	13393
118849	77283	11348
118850	77286	3887
118851	77288	77017
118852	77289	13096
118853	77292	4823
118854	77295	77034
118855	77299	22252
118856	77299	7292
118857	77301	3600
118858	77303	76035
118859	77304	7859
118860	77305	1658
118861	77306	957
118862	77308	76058
118863	77309	77040
118864	77313	2865
118865	77316	2503
118866	77318	2495
118867	77318	2516
118868	77319	655
118869	1810	5233
118870	77322	2759
118871	77324	1630
118872	77325	1535
118873	77326	9817
118874	77328	22077
118875	77329	3791
118876	77330	1844
118877	602	736
118878	77332	1134
118879	77333	2537
118880	77335	2831
118881	77337	7745
118882	77337	77239
118883	77339	2757
118884	77342	3477
118885	116	4067
118886	77343	2096
118887	77343	4270
118888	77347	9289
118889	77348	4111
118890	77348	4317
118891	77351	1076
118892	77355	5832
118893	77363	1156
118894	83173	3034
118895	77365	18873
118896	77365	2452
118897	77366	76068
118898	77367	3226
118899	77369	8468
118900	77377	5
118901	77379	2830
118902	77381	20311
118903	602	4000
118904	77387	610
118905	77386	3959
118906	77387	724
118907	1812	3287
118908	77391	2635
118909	77391	621
118910	86112	8075
118911	77392	171
118912	1813	5970
118913	77395	21008
118914	77399	338
118915	77399	920
118916	77402	76298
118917	77402	384
118918	77404	6060
118919	77404	20951
118920	77406	6224
118921	77409	2564
118922	77409	1560
118923	77411	2081
118924	1813	13421
118925	77412	10868
118926	77414	10954
118927	77416	822
118928	77416	876
118929	77417	942
118930	77423	6260
118931	77423	1442
118932	77425	3306
118933	77425	3822
118934	77426	1823
118935	77430	4615
118936	86241	79081
118937	77431	8428
118938	77434	16563
118939	77434	76071
118940	77435	1967
118941	77437	76672
118942	77444	3497
118943	77443	76424
118944	77442	3577
118945	77446	2626
118946	77448	4325
118947	77448	876
118948	77450	3147
118949	29	276
118950	1814	3492
118951	238	4056
118952	77457	17255
118953	77458	2507
118954	77458	5158
118955	77459	1949
118956	77460	3589
118957	77464	37288
118958	77464	3400
118959	77465	38
118960	77465	4263
118961	77466	2970
118962	77466	4051
118963	77470	1741
118964	77466	548
118965	77469	16946
118966	238	2842
118967	1814	21975
118968	77472	1257
118969	77475	1546
118970	77475	263
118971	77476	384
118972	77481	1454
118973	77482	4664
118974	77483	4029
118975	77484	76676
118976	83335	80509
118977	77486	8790
118978	77487	36449
118979	77488	12502
118980	77490	16716
118981	77494	119
118982	77497	75896
118983	77498	1166
118984	77498	10142
118985	77499	13275
118986	77499	7867
118987	77503	18348
118988	77472	520
118989	77511	7598
118990	77513	4937
118991	604	1019
118992	77513	76384
118993	77514	77264
118994	77516	20092
118995	77516	3250
118996	77517	435
118997	77517	1076
118998	1815	2622
118999	77519	3962
119000	77519	6159
119001	77520	6380
119002	77520	4731
119003	77522	1090
119004	86129	5195
119005	58	1099
119006	77524	45148
119007	77525	1798
119008	77526	76278
119009	77527	977
119010	77528	76536
119011	77528	3825
119012	77529	547
119013	77532	51388
119014	77532	76152
119015	77532	4953
119016	77534	17
119017	77535	6184
119018	77537	18890
119019	77542	4222
119020	77543	17079
119021	1816	2648
119022	77544	2219
119023	77545	10290
119024	1816	4453
119025	77551	76469
119026	77552	11706
119027	77554	13002
119028	77556	76981
119029	77558	4481
119030	1816	3226
119031	77558	76413
119032	77560	2121
119033	77563	61
119034	77565	4474
119035	77565	3828
119036	76629	7222
119037	77568	1754
119038	77570	6738
119039	77570	17234
119040	77571	3444
119041	77573	38
119042	77574	76819
119043	77576	2547
119044	77576	7993
119045	77578	76659
119046	77579	14479
119047	1816	2768
119048	604	1445
119049	77585	3448
119050	1817	3553
119051	77587	2725
119052	77589	121
119053	77589	76173
119054	77589	319
119055	1817	4124
119056	77591	77410
119057	1817	4152
119058	77595	76180
119059	77597	1814
119060	77599	76046
119061	77600	2580
119062	77600	2946
119063	1817	3320
119064	77608	5151
119065	77611	3718
119066	77611	7942
119067	77614	21454
119068	77614	697
119069	77614	4370
119070	77617	17742
119071	77618	29553
119072	77618	76097
119073	77621	4555
119074	77622	1456
119075	77622	3336
119076	77627	77571
119077	77623	1970
119078	77624	9700
119079	77625	5953
119080	77626	5086
119081	77626	6931
119082	77640	1077
119083	77628	2934
119084	77631	2173
119085	77631	6787
119086	77633	890
119087	77639	911
119088	77641	3007
119089	77643	3506
119090	77646	9800
119091	77648	3104
119092	605	2507
119093	77650	2665
119094	77651	3995
119095	77656	3067
119096	77656	419
119097	77662	4952
119098	77669	814
119099	77669	1220
119100	77671	3951
119101	77673	10396
119102	77674	37710
119103	77681	1410
119104	77682	31984
119105	77683	76189
119106	77683	76588
119107	77684	1316
119108	77685	1353
119109	77686	3583
119110	77687	17022
119111	77688	76633
119112	77689	15003
119113	77691	3802
119114	77695	5806
119115	77696	2696
119116	77698	802
119117	77698	21556
119118	91545	82687
119119	1819	22944
119120	77699	1507
119121	77700	79
119122	77704	76044
119123	91624	15516
119124	77708	7261
119125	77707	2054
119126	1820	2986
119127	77713	12437
119128	77714	45072
119129	605	1010
119130	77717	3382
119131	77718	21504
119132	77721	7523
119133	1820	4937
119134	1820	1986
119135	77725	23327
119136	77725	614
119137	77730	21163
119138	77731	602
119139	77731	3946
119140	77732	11349
119141	77732	1935
119142	77735	7648
119143	77735	7294
119144	77737	2677
119145	1820	25243
119146	1820	3115
119147	77740	76062
119148	77742	1986
119149	86137	8390
119150	1820	2587
119151	605	7089
119152	77745	3469
119153	1820	5299
119154	77746	7980
119155	77746	51745
119156	77748	2869
119157	77749	77050
119158	77750	1068
119159	77752	3962
119160	77755	2242
119161	77755	6188
119162	77760	1018
119163	77761	3287
119164	77762	6271
119165	77763	9738
119166	77765	3959
119167	77766	1987
119168	77767	3020
119169	77769	898
119170	77773	289
119171	1821	3612
119172	77774	42614
119173	77776	3117
119174	77777	3644
119175	77779	3112
119176	1821	4962
119177	77779	5902
119178	77779	3289
119179	77780	1843
119180	1821	2791
119181	77781	2805
119182	77781	2986
119183	77783	6601
119184	77781	4461
119185	77783	81
119186	77784	3030
119187	77785	1914
119188	77786	2705
119189	77786	77704
119190	77788	1891
119191	1821	33567
119192	77789	5128
119193	77790	1308
119194	77792	76341
119195	77793	17043
119196	77795	6288
119197	77796	907
119198	77798	19242
119199	77804	77158
119200	77804	13455
119201	77806	3701
119202	77805	76974
119203	77806	77683
119204	77808	2129
119205	77809	76998
119206	77813	10160
119207	77816	1945
119208	77818	77754
119209	77823	355
119210	77822	690
119211	77825	15514
119212	77823	143
119213	77827	3635
119214	77828	2102
119215	1823	2532
119216	1823	2734
119217	77836	155
119218	77836	76313
119219	77837	1380
119220	77839	62
119221	91583	233
119222	77842	2524
119223	77845	3115
119224	77852	9107
119225	77846	3742
119226	77853	18460
119227	77858	77176
119228	77856	3997
119229	77859	11075
119230	77866	77004
119231	77867	2374
119232	77868	1463
119233	77868	3789
119234	77877	4746
119235	77882	2634
119236	77885	3310
119237	77831	13287
119238	77889	1546
119239	77891	2278
119240	77897	77389
119241	86156	3421
119242	77900	18149
119243	77857	3089
119244	77902	2707
119245	606	40677
119246	77904	28922
119247	77905	68198
119248	77907	2502
119249	77908	45895
119250	77910	14895
119251	77910	20610
119252	77915	48233
119253	77918	21579
119254	77919	8434
119255	77930	2903
119256	77931	360
119257	77934	10024
119258	77935	11900
119259	77935	2166
119260	77936	2105
119261	77944	3454
119262	607	3044
119263	77952	924
119264	77953	7932
119265	77954	8535
119266	77962	76651
119267	77965	3233
119268	77967	3402
119269	77970	357
119270	77971	34905
119271	77975	3526
119272	77975	76960
119273	77975	174
119274	77980	1672
119275	77978	8857
119276	77978	5828
119277	77981	4
119278	77985	395
119279	77986	13774
119280	77987	4451
119281	77988	4992
119282	77990	3708
119283	77992	1154
119284	77992	842
119285	77993	1034
119286	77997	1773
119287	77997	2694
119288	77997	64
119289	77997	2693
119290	78000	3784
119291	78002	76756
119292	78003	5387
119293	78005	1195
119294	78004	1934
119295	1825	2393
119296	78008	972
119297	1824	4715
119298	78015	19478
119299	78016	2486
119300	78018	2030
119301	78019	318
119302	78020	1434
119303	78021	2113
119304	78023	77340
119305	1825	2673
119306	78025	503
119307	78029	1727
119308	78030	20609
119309	78039	488
119310	78040	6843
119311	78043	16021
119312	78044	1912
119313	78044	715
119314	78045	1051
119315	78053	77956
119316	78054	21739
119317	78056	608
119318	78061	2200
119319	1825	2041
119320	78068	500
119321	78074	2233
119322	78077	27180
119323	78087	3980
119324	78100	14898
119325	78102	301
119326	78102	4558
119327	78102	13393
119328	78111	43155
119329	78110	3548
119330	78114	546
119331	78121	4112
119332	78122	15809
119333	78125	9078
119334	78125	77389
119335	78126	2468
119336	78131	72
119337	78134	692
119338	78137	4554
119339	239	7014
119340	78142	1662
119341	78143	8078
119342	86349	10921
119343	78145	9719
119344	78149	59
119345	78150	22425
119346	78152	3715
119347	78152	8862
119348	59	5187
119349	78157	3949
119350	78158	2850
119351	78159	14584
119352	78162	12180
119353	78165	22397
119354	78166	77619
119355	78169	4681
119356	78172	77283
119357	78174	12421
119358	1826	4641
119359	78181	77373
119360	1826	2688
119361	91630	21456
119362	78186	6261
119363	78187	1436
119364	78188	262
119365	78187	1392
119366	78191	913
119367	78191	4677
119368	78191	931
119369	78191	5837
119370	78193	1627
119371	78196	812
119372	78199	10007
119373	78203	546
119374	78207	5812
119375	78208	4210
119376	78209	39671
119377	78213	77591
119378	78216	77099
119379	78216	9309
119380	78220	3983
119381	78226	3448
119382	78221	76330
119383	78221	7305
119384	78223	76464
119385	78227	1382
119386	78231	75988
119387	78232	4495
119388	78233	6292
119389	1826	23603
119390	78242	2508
119391	78246	9322
119392	608	33435
119393	78255	3477
119394	78183	38981
119395	78256	890
119396	78260	77725
119397	78267	3511
119398	78268	77100
119399	78269	277
119400	78269	374
119401	78267	3153
119402	78280	1155
119403	78281	25382
119404	78282	23574
119405	78285	76222
119406	78291	711
119407	78291	3879
119408	609	1758
119409	78294	77772
119410	78295	2547
119411	78296	37080
119412	78296	20954
119413	240	1316
119414	78299	1379
119415	78304	7024
119416	240	1002
119417	78307	1679
119418	78310	26573
119419	609	1635
119420	78313	78157
119421	78313	2972
119422	78314	25867
119423	78315	3275
119424	78318	32340
119425	78318	4116
119426	78320	77642
119427	609	1973
119428	78324	8461
119429	78326	4916
119430	78330	77242
119431	78336	1730
119432	78337	610
119433	78336	233
119434	78341	31732
119435	78345	655
119436	78352	8530
119437	78354	672
119438	78354	18615
119439	78355	76215
119440	78355	2337
119441	78357	77014
119442	78359	1084
119443	78359	77184
119444	78376	1901
119445	78377	77824
119446	78379	50
119447	78381	77968
119448	78383	76292
119449	78384	77977
119450	78386	543
119451	78388	1462
119452	78388	7531
119453	1827	2629
119454	78390	17495
119455	78395	1074
119456	78398	49939
119457	78400	77223
119458	78401	3844
119459	78402	709
119460	78408	3647
119461	78409	7535
119462	78422	76112
119463	78424	2101
119464	78427	3547
119465	78432	21838
119466	78438	1071
119467	78447	723
119468	78447	761
119469	78428	77706
119470	78449	3107
119471	78454	76934
119472	78459	2289
119473	78460	44209
119474	78460	77287
119475	78464	159
119476	78467	75986
119477	78471	2704
119478	78476	77686
119479	78479	3820
119480	78479	3970
119481	78479	8069
119482	78479	3683
119483	78480	1092
119484	78481	2933
119485	78482	2539
119486	119	1528
119487	78484	13383
119488	78484	78255
119489	78485	10212
119490	78490	10318
119491	78490	667
119492	78493	915
119493	78497	16118
119494	78499	77484
119495	78500	1237
119496	78538	77167
119497	78501	4471
119498	78502	318
119499	78506	3780
119500	78509	928
119501	78509	1100
119502	78511	26703
119503	78520	76498
119504	78539	2170
119505	78526	25464
119506	78527	76000
119507	78527	78419
119508	78528	1175
119509	78530	39
119510	78534	6590
119511	78532	2017
119512	78534	4156
119513	78534	1965
119514	78542	2710
119515	78543	9772
119516	78543	316
119517	78544	4444
119518	59	1990
119519	78546	6111
119520	78547	1180
119521	78549	5857
119522	78552	76220
119523	78553	3416
119524	78554	2443
119525	78558	21795
119526	78559	3719
119527	78559	1366
119528	1831	3656
119529	78564	4888
119530	78564	76524
119531	78568	76288
119532	78570	2731
119533	78572	77413
119534	78585	2125
119535	78588	3632
119536	78594	7911
119537	78596	15704
119538	78597	20944
119539	78598	6770
119540	78599	11811
119541	240	18686
119542	78600	26684
119543	78603	1450
119544	609	4139
119545	78608	273
119546	78613	6478
119547	78621	76698
119548	78628	76942
119549	78629	2626
119550	78633	77174
119551	78634	4530
119552	78636	11359
119553	78642	221
119554	78644	943
119555	78645	8620
119556	78648	2524
119557	78648	76188
119558	78650	4768
119559	78652	11331
119560	1831	1895
119561	78657	407
119562	78656	76285
119563	78662	3757
119564	91694	3240
119565	78673	3247
119566	78684	639
119567	78687	78168
119568	78696	76395
119569	1831	2987
119570	78698	23178
119571	78702	78402
119572	78702	690
119573	78706	1340
119574	78710	25872
119575	78711	76254
119576	78711	3996
119577	78717	578
119578	78719	8499
119579	78719	2106
119580	78721	74844
119581	78726	776
119582	78725	5833
119583	78727	77
119584	78739	76190
119585	78740	76157
119586	78741	419
119587	78747	4394
119588	78748	76096
119589	78756	76580
119590	78760	703
119591	78763	4594
119592	78766	77518
119593	78765	8372
119594	78758	6760
119595	78769	17034
119596	78769	20958
119597	78770	3734
119598	78779	76246
119599	78775	185
119600	78779	11811
119601	78780	76947
119602	78783	76211
119603	78786	19357
119604	78787	76085
119605	78794	222
119606	78809	8878
119607	78810	565
119608	78810	72
119609	78813	2511
119610	78821	494
119611	78819	1562
119612	91709	84972
119613	78821	4797
119614	86209	83369
119615	78835	75998
119616	78836	2017
119617	78836	76894
119618	78837	722
119619	86242	41168
119620	78843	2566
119621	78843	17212
119622	78847	75927
119623	78850	760
119624	1832	2601
119625	241	3323
119626	78855	2416
119627	78858	2105
119628	78864	3883
119629	78869	8489
119630	78877	77251
119631	78878	3242
119632	78886	18
119633	78887	12596
119634	78888	311
119635	1832	2118
119636	78900	76296
119637	78902	148
119638	78902	2878
119639	78912	7204
119640	78913	3974
119641	78917	10969
119642	78920	30812
119643	78926	1929
119644	78926	2434
119645	78927	1770
119646	78930	32355
119647	78928	20602
119648	78931	2215
119649	78933	8710
119650	78935	2886
119651	78935	1364
119652	78936	21784
119653	78944	11245
119654	78944	2736
119655	78869	690
119656	78946	12864
119657	78948	3957
119658	78950	17238
119659	78950	1971
119660	78952	10658
119661	78955	2243
119662	78959	76735
119663	78946	12871
119664	78966	19982
119665	78969	1025
119666	78972	754
119667	78978	1873
119668	78980	6766
119669	78987	2224
119670	78989	8927
119671	78991	76524
119672	78995	4519
119673	78996	76562
119674	79002	1333
119675	79006	22253
119676	79016	24
119677	79037	3004
119678	79038	77110
119679	79039	11173
119680	79040	77014
119681	79040	3425
119682	79041	78377
119683	79041	78968
119684	79049	4951
119685	79051	75889
119686	79053	5957
119687	79054	3961
119688	79060	76456
119689	79064	76524
119690	79072	20302
119691	608	2133
119692	79076	76897
119693	79087	37759
119694	79092	438
119695	79096	899
119696	79111	6755
119697	79104	14947
119698	79106	638
119699	79110	3551
119700	79120	20301
119701	79131	1754
119702	79138	77876
119703	79139	1178
119704	79140	1920
119705	79145	191
119706	79149	76134
119707	79150	14987
119708	79151	2736
119709	79158	5862
119710	1835	4064
119711	79161	843
119712	79162	254
119713	79168	78508
119714	79168	76107
119715	79170	10040
119716	79171	10596
119717	79171	2660
119718	79177	964
119719	79178	76123
119720	79179	79
119721	79181	2147
119722	79183	1771
119723	79185	76854
119724	79188	696
119725	79193	2519
119726	79198	1277
119727	79200	1042
119728	79202	22130
119729	610	2286
119730	79204	924
119731	79206	325
119732	79206	8811
119733	79221	3039
119734	79226	11275
119735	79227	78099
119736	79237	77564
119737	79230	1502
119738	79240	2628
119739	79244	4939
119740	79248	19648
119741	79261	77345
119742	79264	23505
119743	1835	3561
119744	79270	3275
119745	79275	2921
119746	79278	77484
119747	79280	3856
119748	79289	2477
119749	79290	2692
119750	79293	76781
119751	79300	77630
119752	79300	2743
119753	79301	1813
119754	79301	20974
119755	79302	41
119756	79303	2650
119757	79306	315
119758	79309	2785
119759	79310	505
119760	79316	354
119761	79319	1142
119762	79323	77409
119763	79329	499
119764	79330	6944
119765	79333	76497
119766	79335	724
119767	79336	77184
119768	79342	78622
119769	79344	4082
119770	79346	70
119771	79346	6314
119772	79348	14487
119773	79351	77051
119774	79366	13119
119775	79372	523
119776	79374	3798
119777	79373	656
119778	79378	5774
119779	79380	2724
119780	79396	601
119781	79387	12395
119782	79388	2163
119783	79389	4506
119784	79391	3971
119785	79398	842
119786	79399	12317
119787	79405	920
119788	79405	24866
119789	79408	1089
119790	79410	17612
119791	79411	1934
119792	79420	3633
119793	610	8393
119794	79425	76298
119795	79433	78701
119796	79434	16611
119797	79438	4968
119798	79439	2977
119799	79461	1944
119800	79444	2909
119801	79447	76488
119802	79449	2417
119803	79462	76283
119804	79455	3561
119805	79461	77808
119806	79468	5262
119807	79468	46516
119808	79471	14877
119809	79471	5549
119810	79493	1061
119811	79495	76939
119812	79496	26509
119813	79498	20306
119814	79499	1029
119815	79501	21565
119816	79507	2803
119817	79506	1426
119818	79511	13673
119819	79514	4118
119820	79518	12575
119821	79525	124
119822	79531	653
119823	79526	75948
119824	79527	3615
119825	79531	77760
119826	79532	9489
119827	79547	3408
119828	79564	17028
119829	79562	76592
119830	610	18132
119831	79571	14547
119832	79572	10664
119833	79581	76726
119834	79583	2095
119835	79586	3719
119836	79590	78959
119837	79590	3318
119838	79595	7784
119839	79601	76520
119840	79605	76402
119841	86225	82683
119842	79610	17294
119843	79612	4307
119844	79621	1972
119845	79626	78347
119846	79635	1270
119847	79641	76540
119848	79644	8180
119849	79661	4031
119850	79662	2632
119851	79664	77131
119852	79669	5724
119853	79671	31973
119854	79678	509
119855	79685	76208
119856	79687	2763
119857	79690	8990
119858	79693	76163
119859	79699	77033
119860	79702	15144
119861	79704	727
119862	79709	910
119863	79719	983
119864	79722	133
119865	79723	4719
119866	79721	3537
119867	79732	78945
119868	79733	1789
119869	119	4123
119870	79735	1643
119871	79734	78041
119872	79743	18606
119873	79745	5219
119874	79750	926
119875	79754	281
119876	79755	1477
119877	79758	76716
119878	79760	78822
119879	79760	168
119880	79777	1400
119881	79779	76290
119882	79786	134
119883	79783	2875
119884	79803	750
119885	79808	77471
119886	79815	2930
119887	79817	3596
119888	79825	21207
119889	79838	79671
119890	79843	12328
119891	79845	15535
119892	79852	76948
119893	79865	767
119894	79877	9280
119895	79880	3473
119896	79880	16115
119897	79882	77691
119898	79882	25136
119899	79890	77601
119900	79892	383
119901	79894	2214
119902	79894	17666
119903	79898	76730
119904	79905	4291
119905	79906	6859
119906	79906	77773
119907	79916	13642
119908	79919	6869
119909	79920	1207
119910	79928	13330
119911	79924	2571
119912	79932	76415
119913	79940	21246
119914	1840	2785
119915	79946	1516
119916	79944	1492
119917	79948	2600
119918	79949	76087
119919	79951	77339
119920	79965	3264
119921	86232	24263
119922	79978	2896
119923	79979	3825
119924	79996	325
119925	79999	1946
119926	80001	168
119927	80010	318
119928	80013	78518
119929	80017	6262
119930	80021	3597
119931	80023	346
119932	80024	53733
119933	80026	1636
119934	80032	7942
119935	91789	3770
119936	80034	1346
119937	80035	4249
119938	80036	77138
119939	80040	2247
119940	80042	40245
119941	80044	78388
119942	80046	2632
119943	80050	4788
119944	80053	911
119945	80055	446
119946	80055	77413
119947	80057	2318
119948	80062	918
119949	80062	24111
119950	80073	7866
119951	80074	375
119952	80075	4575
119953	80080	79606
119954	80086	76837
119955	80092	26862
119956	80097	3032
119957	80099	2987
119958	80105	76902
119959	80106	827
119960	80112	1042
119961	80122	2474
119962	80126	5266
119963	80126	665
119964	80133	88
119965	80134	1400
119966	80138	2451
119967	80139	9077
119968	80147	941
119969	80128	10798
119970	80157	78319
119971	80165	274
119972	91793	84029
119973	80185	16218
119974	80182	9815
119975	80194	77132
119976	80187	15043
119977	80195	2453
119978	80198	79674
119979	80205	3590
119980	80208	76785
119981	80215	6056
119982	80217	76456
119983	80222	54538
119984	80233	10609
119985	80237	7795
119986	80243	79041
119987	80244	2011
119988	80246	826
119989	80248	26811
119990	80252	10677
119991	80260	4176
119992	80264	3479
119993	80268	76278
119994	80270	6829
119995	80271	15636
119996	80277	9376
119997	80280	4412
119998	80289	5128
119999	80295	38502
120000	80305	17661
120001	80311	2500
120002	80317	2243
120003	80320	14704
120004	80320	77103
120005	80323	76058
120006	80334	3743
120007	80339	78119
120008	80343	5219
120009	80353	5537
120010	80360	14745
120011	80413	72
120012	80417	76466
120013	80412	170
120014	80417	20180
120015	80421	16243
120016	80424	41017
120017	80431	2746
120018	80433	8005
120019	80444	76580
120020	80453	6261
120021	80457	2734
120022	80458	5164
120023	80462	1887
120024	80464	76738
120025	80470	4140
120026	80471	3050
120027	80475	731
120028	80478	33959
120029	80479	1825
120030	80485	25114
120031	80487	7738
120032	80489	76456
120033	80370	23031
120034	80499	3092
120035	80499	5771
120036	80503	80331
120037	80508	75983
120038	80509	76539
120039	80510	76678
120040	80517	76677
120041	80529	778
120042	80535	2890
120043	80536	3484
120044	80540	12977
120045	80544	78283
120046	80548	2244
120047	80556	3647
120048	80574	4289
120049	80566	77968
120050	80572	15231
120051	80573	3432
120052	80575	818
120053	80580	9300
120054	80599	20974
120055	80601	7443
120056	80603	9082
120057	80604	3070
120058	80607	76786
120059	80620	79272
120060	80612	20790
120061	80636	5883
120062	80642	4851
120063	80644	2228
120064	80650	7124
120065	80651	2571
120066	80657	7580
120067	80664	2673
120068	80667	607
120069	80668	4760
120070	80674	17622
120071	80680	5201
120072	80680	77979
120073	80684	22425
120074	80698	253
120075	80708	27532
120076	80711	3248
120077	80716	4124
120078	80719	9908
120079	80726	79862
120080	80730	6317
120081	80739	12226
120082	80755	4772
120083	80768	8524
120084	80775	2109
120085	80776	78359
120086	80778	4639
120087	80782	2968
120088	80784	79499
120089	80791	1996
120090	80795	2092
120091	80802	3956
120092	80803	249
120093	80807	2048
120094	80821	673
120095	80830	77108
120096	80842	3063
120097	80842	5758
120098	80843	3515
120099	80849	80060
120100	80852	3946
120101	80854	261
120102	80854	316
120103	80861	77456
120104	80865	76494
120105	80868	76456
120106	80869	79313
120107	80870	78848
120108	80870	1950
120109	80884	5107
120110	80894	3034
120111	80898	13681
120112	80901	320
120113	80903	76103
120114	80926	3519
120115	80928	16778
120116	80930	23876
120117	80931	1081
120118	80935	10530
120119	80937	16995
120120	80937	5626
120121	80943	5161
120122	80945	10396
120123	80945	1764
120124	80955	21632
120125	80958	1365
120126	80972	400
120127	80977	9680
120128	80982	6413
120129	80988	76751
120130	80996	46003
120131	81000	20895
120132	81003	15725
120133	81004	751
120134	81010	1977
120135	81021	4293
120136	81023	77112
120137	81036	3275
120138	81043	18169
120139	81051	19052
120140	81052	4059
120141	81063	3529
120142	81070	15176
120143	81083	9629
120144	81087	26928
120145	242	10009
120146	81098	13342
120147	81103	2968
120148	81110	347
120149	81112	2149
120150	81125	1067
120151	81132	6188
120152	81134	1737
120153	81140	5750
120154	81147	31381
120155	81152	4376
120156	81157	22051
120157	611	6163
120158	81178	77208
120159	1843	2770
120160	81201	3137
120161	81209	12320
120162	81211	3131
120163	81224	5974
120164	81235	4988
120165	81234	7137
120166	81237	3964
120167	81248	78436
120168	81252	623
120169	81268	9903
120170	81276	306
120171	81305	2730
120172	81317	1169
120173	81333	78695
120174	81332	142
120175	81337	4519
120176	81351	3932
120177	81353	76379
120178	81354	3277
120179	81368	2195
120180	81371	9682
120181	81372	1996
120182	81374	1080
120183	81379	4002
120184	81381	4207
120185	81385	76665
120186	59	1935
120187	81393	75952
120188	81396	29821
120189	81400	2118
120190	81423	76164
120191	81426	884
120192	81439	7783
120193	81440	1102
120194	81444	1139
120195	81452	4099
120196	81459	78548
120197	81460	1683
120198	81470	13631
120199	81480	16156
120200	81482	11447
120201	81483	2007
120202	81483	10021
120203	81487	10816
120204	81496	13080
120205	81496	77327
120206	81502	2837
120207	81505	1039
120208	81528	1456
120209	81538	3336
120210	81539	3897
120211	81550	1571
120212	81574	1698
120213	81577	2300
120214	81582	3763
120215	81587	1497
120216	81590	1353
120217	81592	77623
120218	81597	81566
120219	81616	25804
120220	81623	128
120221	81624	11207
120222	81629	3246
120223	81635	76200
120224	81650	4079
120225	81657	9029
120226	81667	4934
120227	81668	2474
120228	81675	42084
120229	81677	10402
120230	81683	19714
120231	81695	16275
120232	81718	2917
120233	81718	26
120234	81720	2828
120235	81730	18328
120236	612	2570
120237	81712	4192
120238	81741	25493
120239	81753	13518
120240	81759	3199
120241	612	2787
120242	81768	2423
120243	81769	4634
120244	81771	1021
120245	81774	912
120246	81775	2887
120247	81786	8938
120248	81796	10285
120249	81809	3616
120250	81814	11593
120251	81822	6019
120252	81830	3449
120253	81832	839
120254	81835	1032
120255	81837	46441
120256	81843	6143
120257	81859	4808
120258	81865	78657
120259	81871	3985
120260	81878	1893
120261	81914	22385
120262	81916	20497
120263	81930	116
120264	81931	743
120265	81942	2125
120266	81944	4108
120267	81945	3727
120268	81956	3135
120269	81972	650
120270	81973	3024
120271	81976	7100
120272	81988	7999
120273	81989	1075
120274	81998	19056
120275	82022	3947
120276	82022	1545
120277	82029	427
120278	82029	46416
120279	82040	1296
120280	82055	310
120281	82080	15445
120282	82088	5192
120283	82097	40508
120284	82105	11111
120285	82108	1983
120286	82110	44956
120287	82115	9447
120288	82122	3478
120289	82136	76280
120290	82139	3657
120291	82149	3700
120292	82159	80596
120293	82167	402
120294	82170	37750
120295	82184	76267
120296	82192	1071
120297	82208	1353
120298	82221	18145
120299	82233	6224
120300	82012	687
120301	82248	78957
120302	82297	76184
120303	82310	4938
120304	82318	12994
120305	82326	4094
120306	82327	5059
120307	82372	79719
120308	82380	76712
120309	93800	11850
120310	82390	81715
120311	82392	323
120312	82398	4495
120313	82404	8938
120314	82405	30669
120315	82430	76569
120316	82436	1283
120317	93668	49390
120318	82455	8525
120319	82464	78255
120320	82479	19011
120321	91863	756
120322	82500	76572
120323	82502	5135
120324	82503	76
120325	82535	7045
120326	82540	125
120327	93343	41024
120328	93320	27333
120329	93311	11280
120330	82514	36012
120331	82572	79790
120332	93272	981
120333	82573	3522
120334	82574	1067
120335	82576	3531
120336	93232	935
120337	93216	20753
120338	82597	395
120339	91865	15503
120340	93055	945
120341	93046	9601
120342	93037	4621
120343	92987	7341
120344	82672	80037
120345	92904	16476
120346	92888	6272
120347	82704	79551
120348	82709	7742
120349	82715	18957
120350	82715	3407
120351	92824	992
120352	92811	10242
120353	92796	1791
120354	92798	2817
120355	82745	17913
120356	92720	5415
120357	82774	3965
120358	82785	11819
120359	92653	915
120360	92647	3062
120361	92643	315
120362	82797	1105
120363	92623	3247
120364	82800	398
120365	82824	3331
120366	92540	11418
120367	82838	9628
120368	92474	1534
120369	92446	6188
120370	92380	10655
120371	82883	4284
120372	82884	76477
120373	82884	8793
120374	92344	3524
120375	92335	5262
120376	92309	17693
120377	82894	81357
120378	92286	897
120379	92279	2319
120380	82917	2298
120381	92252	1814
120382	82930	11287
120383	82945	2462
120384	82951	2308
120385	92177	3032
120386	92178	1129
120387	92173	3602
120388	82975	3155
120389	92099	3053
120390	82991	3260
120391	92059	661
120392	83003	1026
120393	83011	4086
120394	83018	833
120395	83019	76675
120396	91979	84377
120397	83044	1469
120398	91918	7461
120399	91922	1662
120400	91914	4848
120401	83049	205
120402	91903	21846
120403	91852	83364
120404	91847	63626
120405	91839	2173
120406	83073	76700
120407	91819	77180
120408	91822	5160
120409	91809	20884
120410	83079	1029
120411	91786	83386
120412	91791	20956
120413	83083	77569
120414	91750	77019
120415	91742	81346
120416	91725	3054
120417	83104	44916
120418	91716	26255
120419	91692	12411
120420	83128	1649
120421	83135	789
120422	83137	255
120423	91603	1769
120424	91586	124
120425	91563	4112
120426	83146	1770
120427	91542	80145
120428	91526	75936
120429	91522	3543
120430	83162	17251
120431	83139	76734
120432	83183	2099
120433	83185	1620
120434	91423	1959
120435	83192	77829
120436	91411	18453
120437	83193	1783
120438	91403	79409
120439	83195	9348
120440	83212	15667
120441	83213	81379
120442	91293	4971
120443	91257	77801
120444	91206	77486
120445	91165	5418
120446	91163	17724
120447	83271	3178
120448	91153	2603
120449	91126	76946
120450	83283	7584
120451	83292	2687
120452	83296	3655
120453	91079	2016
120454	91065	4075
120455	83312	77596
120456	91029	80100
120457	83321	3645
120458	90992	2422
120459	83338	3818
120460	90915	989
120461	90849	3635
120462	90839	133
120463	83378	2415
120464	83379	48404
120465	90789	15803
120466	90700	915
120467	83414	11071
120468	83417	81570
120469	90650	6999
120470	90634	77464
120471	90586	76043
120472	1847	10398
120473	83453	78700
120474	83457	76540
120475	83460	759
120476	83482	80288
120477	83483	8526
120478	83492	19948
120479	90408	11410
120480	83493	418
120481	83538	10578
120482	83546	76513
120483	83554	3235
120484	83572	620
120485	83576	687
120486	83593	11597
120487	83594	2957
120488	83597	80506
120489	1849	1853
120490	83616	11698
120491	1850	1860
120492	83623	79012
120493	83636	2761
120494	83648	4158
120495	83660	3312
120496	90057	2077
120497	83666	22119
120498	83670	3520
120499	83672	79758
120500	83676	834
120501	89995	78883
120502	83697	371
120503	83708	715
120504	89958	81890
120505	83711	77064
120506	83719	3951
120507	83720	53829
120508	83722	2419
120509	612	2776
120510	83742	82935
120511	89842	1101
120512	83752	5582
120513	83753	76395
120514	83763	76426
120515	83764	329
120516	89800	36664
120517	83781	3293
120518	83784	3616
120519	89746	4403
120520	83797	78057
120521	89697	76119
120522	89636	80963
120523	89625	80691
120524	83829	735
120525	83834	79320
120526	83837	10661
120527	83850	2732
120528	83847	3908
120529	83877	809
120530	83890	6074
120531	89434	13333
120532	83896	80908
120533	83902	79381
120534	83904	1822
120535	83910	76598
120536	83915	27588
120537	89360	5251
120538	83932	2564
120539	83933	2470
120540	83944	21555
120541	89257	4388
120542	1844	3516
120543	83984	5873
120544	84008	21183
120545	84013	391
120546	84016	1341
120547	84033	16077
120548	84057	83962
120549	612	9195
120550	84081	21770
120551	84089	56910
120552	84090	79993
120553	84097	9436
120554	84099	3679
120555	84131	9679
120556	84144	3995
120557	84136	753
120558	84146	17610
120559	84159	25855
120560	84213	130
120561	84281	2638
120562	84334	75980
120563	84391	79764
120564	84401	63
120565	84434	4549
120566	84453	4466
120567	84466	16944
120568	84471	79702
120569	84496	33838
120570	84515	9827
120571	84527	53736
120572	84499	11284
120573	84628	77717
120574	84802	21283
120575	84822	79742
120576	88178	388
120577	84867	400
120578	84872	826
120579	85005	78961
120580	85070	11787
120581	87987	9775
120582	85074	1860
120583	85140	11674
120584	85193	25501
120585	85347	1871
120586	85350	10388
120587	85488	2027
120588	87673	6005
120589	85408	4646
120590	85410	3066
120591	85510	1335
120592	85519	78456
120593	85536	77835
120594	85554	1523
120595	85564	77321
120596	85570	77907
120597	85624	2506
120598	85625	3137
120599	87549	76853
120600	85701	79587
120601	85779	78626
120602	86011	2637
120603	86020	77210
120604	1851	28314
120605	86048	80097
120606	86088	76586
120607	86115	3355
120608	86122	15440
120609	86164	708
120610	86184	76363
120611	86195	6553
120612	86207	3541
120613	86255	3288
120614	86460	45209
120615	86270	60178
120616	86271	77163
120617	1860	1867
120618	1855	1856
120619	1859	36751
120620	1862	9796
120621	1864	4280
120622	1867	2151
120623	1867	4345
120624	243	364
120625	1867	9799
120626	613	30311
120627	243	2851
120628	613	3510
120629	613	25884
120630	614	2666
120631	614	753
120632	120	283
120633	1869	2550
120634	244	37499
120635	1870	2997
120636	244	2619
120637	245	303
120638	59	2610
120639	615	735
120640	1875	4495
120641	615	2166
120642	1875	8152
120643	1878	6172
120644	1878	4743
120645	245	931
120646	615	754
120647	245	1916
120648	1881	2757
120649	1890	2842
120650	246	849
120651	616	1783
120652	1893	3853
120653	609	4140
120654	120	493
120655	247	568
120656	247	1021
120657	616	2517
120658	1896	2441
120659	83456	82662
120660	59	5371
120661	1896	3789
120662	1896	3647
120663	1897	19024
120664	248	1014
120665	617	4915
120666	1898	15503
120667	248	2974
120668	618	18294
120669	1901	17129
120670	1902	4263
120671	248	1938
120672	1905	22568
120673	248	1550
120674	1913	23127
120675	1917	10163
120676	1918	4537
120677	121	1936
120678	249	596
120679	1922	4086
120680	620	9290
120681	1925	4099
120682	1925	3034
120683	626	2418
120684	621	4444
120685	1927	4751
120686	622	2600
120687	1928	2044
120688	1928	5934
120689	1929	10028
120690	249	5246
120691	86348	76052
120692	1931	7747
120693	1931	5330
120694	86322	335
120695	1932	6914
120696	1932	16254
120697	623	717
120698	1933	15720
120699	623	5859
120700	1934	2502
120701	623	2002
120702	1935	12268
120703	1936	5699
120704	86335	61
120705	1937	31289
120706	60	216
120707	250	48451
120708	1939	8684
120709	86318	77802
120710	625	9193
120711	1940	10798
120712	626	706
120713	626	1886
120714	1941	5157
120715	86384	4619
120716	252	396
120717	651	4032
120718	1943	2165
120719	1943	13715
120720	121	20969
120721	1944	8984
120722	1946	10763
120723	1947	17108
120724	1947	15762
120725	1947	8816
120726	60	4280
120727	60	7895
120728	1949	2571
120729	628	4472
120730	253	23246
120731	86361	80189
120732	1951	3887
120733	1951	8923
120734	629	837
120735	86371	18050
120736	1953	4944
120737	1954	14762
120738	30	303
120739	1955	10150
120740	1955	18004
120741	1956	2207
120742	1956	10559
120743	122	5858
120744	86372	1250
120745	30	158
120746	1959	5222
120747	256	3112
120748	257	790
120749	92092	4401
120750	631	2104
120751	83498	4570
120752	123	190
120753	30	784
120754	92105	11551
120755	1961	4440
120756	123	223
120757	30	560
120758	1961	24041
120759	30	794
120760	1964	9377
120761	632	1271
120762	1965	3486
120763	261	45767
120764	86381	6452
120765	261	544
120766	1966	5060
120767	632	6446
120768	632	5365
120769	123	2027
120770	1968	2153
120771	1968	5758
120772	263	10013
120773	61	86
120774	1968	6787
120775	634	876
120776	61	2511
120777	634	53842
120778	1970	2973
120779	80670	21473
120780	123	2426
120781	1971	7354
120782	635	13378
120783	1972	14656
120784	266	10496
120785	266	372
120786	1974	5856
120787	1972	6934
120788	1974	8496
120789	86408	4334
120790	637	7945
120791	1976	18117
120792	1977	2495
120793	638	1050
120794	9	1081
120795	124	3242
120796	640	1470
120797	640	752
120798	30	2237
120799	270	541
120800	641	4370
120801	269	1832
120802	1988	5172
120803	269	564
120804	86428	77769
120805	1990	25132
120806	1991	2391
120807	124	9751
120808	1992	16822
120809	86431	4180
120810	1993	8903
120811	644	36457
120812	644	14722
120813	1995	11151
120814	1999	2924
120815	2000	2920
120816	2001	5178
120817	646	2234
120818	647	665
120819	124	3678
120820	647	3529
120821	86450	2357
120822	647	18331
120823	2014	10597
120824	2015	2374
120825	272	766
120826	2016	10508
120827	272	1741
120828	2018	2958
120829	2023	6005
120830	2027	3181
120831	649	14989
120832	2027	12868
120833	126	5102
120834	126	837
120835	2030	3240
120836	2034	20604
120837	2035	2327
120838	2036	9787
120839	2036	6073
120840	2036	12491
120841	2039	4136
120842	2041	9937
120843	2044	5427
120844	2049	3300
120845	2051	2092
120846	2053	43972
120847	2057	6397
120848	2057	10425
120849	2066	2652
120850	2066	3264
120851	652	658
120852	86472	4028
120853	274	4557
120854	126	3225
120855	2072	10674
120856	2075	33580
120857	2075	6937
120858	2076	7859
120859	86482	2163
120860	2077	2637
120861	655	2874
120862	655	5704
120863	2078	3243
120864	275	3037
120865	656	2675
120866	2079	2967
120867	656	3407
120868	658	1078
120869	658	10285
120870	275	4204
120871	86491	4451
120872	2085	4554
120873	62	2975
120874	127	2188
120875	2085	27116
120876	2087	2820
120877	2088	2503
120878	86255	81507
120879	2088	15005
120880	661	3147
120881	2089	3196
120882	2093	15774
120883	663	2184
120884	2095	2815
120885	80703	795
120886	277	13049
120887	2098	20871
120888	2098	17031
120889	664	2902
120890	2100	9453
120891	664	9472
120892	128	3945
120893	2103	3150
120894	86528	10412
120895	2104	9459
120896	129	1814
120897	86527	1952
120898	2106	3320
120899	129	3922
120900	86512	76611
120901	2108	2371
120902	2109	18004
120903	2111	4824
120904	2112	20040
120905	2113	4019
120906	17	943
120907	668	1267
120908	2117	2552
120909	129	2829
120910	2119	8517
120911	2117	3042
120912	2126	2745
120913	2123	2646
120914	279	19008
120915	130	6190
120916	2124	3542
120917	672	5429
120918	130	4320
120919	2125	12593
120920	280	496
120921	130	6229
120922	63	2736
120923	674	4126
120924	31	29554
120925	2127	2798
120926	2127	18825
120927	131	500
120928	2129	3254
120929	2130	3464
120930	676	22148
120931	2130	6339
120932	86247	85236
120933	2132	16901
120934	131	2104
120935	131	3929
120936	83608	77749
120937	2136	5916
120938	2136	9660
120939	679	5192
120940	2137	2682
120941	131	23086
120942	2137	11649
120943	679	6999
120944	681	1237
120945	2140	4997
120946	682	717
120947	682	1139
120948	2143	2765
120949	682	5276
120950	2144	6565
120951	2145	6571
120952	92471	17296
120953	682	6032
120954	283	3919
120955	683	6446
120956	683	2860
120957	2147	42692
120958	83622	2426
120959	132	3275
120960	2153	12335
120961	2156	10511
120962	2158	2890
120963	132	3922
120964	2160	44455
120965	2160	2884
120966	2160	13643
120967	2161	9084
120968	687	1112
120969	86603	4116
120970	132	559
120971	132	34345
120972	687	19235
120973	2167	51490
120974	688	2518
120975	2168	3402
120976	2169	4132
120977	688	9030
120978	286	837
120979	690	1436
120980	65	194
120981	2180	6787
120982	2184	11412
120983	692	4142
120984	2188	2299
120985	2188	8680
120986	2188	18493
120987	2189	4558
120988	2192	4210
120989	86630	6589
120990	2193	4241
120991	83643	78484
120992	2196	3240
120993	2198	8716
120994	2199	3321
120995	287	1661
120996	694	10891
120997	287	4453
120998	695	4203
120999	2205	9840
121000	2205	5758
121001	2205	10188
121002	2210	2478
121003	65	5768
121004	697	1939
121005	288	3074
121006	697	4060
121007	2213	2926
121008	2213	25638
121009	2218	19475
121010	2222	12437
121011	699	711
121012	2224	6848
121013	2225	2719
121014	134	2511
121015	2229	2471
121016	2230	2542
121017	290	362
121018	701	3726
121019	2230	3646
121020	702	2241
121021	2240	4360
121022	2243	12621
121023	2245	4250
121024	2248	3260
121025	2250	10440
121026	291	2722
121027	17	41002
121028	2257	5136
121029	2259	2428
121030	2259	3959
121031	77753	3486
121032	2262	3700
121033	706	1870
121034	135	199
121035	706	7304
121036	2270	4053
121037	2274	2705
121038	2275	3618
121039	292	18382
121040	135	10659
121041	2278	8524
121042	2285	7535
121043	2286	20271
121044	2290	7940
121045	2290	18848
121046	2291	11057
121047	2292	13526
121048	2294	2369
121049	2300	3968
121050	136	1867
121051	2301	12180
121052	709	20179
121053	2305	10575
121054	2307	15983
121055	711	973
121056	2308	13277
121057	2318	5831
121058	293	1270
121059	293	2678
121060	86694	78425
121061	712	13428
121062	2347	10698
121063	2348	25415
121064	293	4454
121065	2355	19463
121066	2355	20299
121067	2361	20947
121068	2362	2369
121069	714	1992
121070	2397	2398
121071	2401	2402
121072	2403	2405
121073	2406	2407
121074	2409	2411
121075	2412	2414
121076	715	1037
121077	2415	3751
121078	2416	4273
121079	86696	2126
121080	10	177
121081	294	20566
121082	2417	9681
121083	2418	4665
121084	716	4371
121085	33	693
121086	83700	78267
121087	6	132
121088	717	11077
121089	92702	3192
121090	2426	6591
121091	2428	5327
121092	2432	4256
121093	717	48996
121094	2437	3018
121095	2443	44970
121096	67	9766
121097	2447	3462
121098	2449	27827
121099	2451	21631
121100	2451	4089
121101	2452	13395
121102	296	3831
121103	68	639
121104	2481	3228
121105	2485	11299
121106	2488	2490
121107	138	1677
121108	2485	2648
121109	2495	6755
121110	138	3012
121111	2496	61969
121112	725	21743
121113	2502	3479
121114	2502	2936
121115	86740	3049
121116	2506	9377
121117	727	4308
121118	2508	9896
121119	86738	27340
121120	138	23036
121121	2510	4859
121122	730	19439
121123	731	2420
121124	732	6943
121125	2514	8343
121126	299	10909
121127	140	26436
121128	2517	2867
121129	2517	5723
121130	81950	2785
121131	2517	43529
121132	734	15760
121133	2518	4341
121134	2518	8391
121135	2519	18900
121136	2522	2534
121137	2523	2750
121138	2523	6267
121139	2524	5957
121140	2526	3228
121141	736	1972
121142	2533	2580
121143	2533	5712
121144	2542	7439
121145	81962	2633
121146	301	45135
121147	2544	5489
121148	86791	4408
121149	2554	56597
121150	2555	4273
121151	2558	2560
121152	2562	2569
121153	2564	3618
121154	303	1082
121155	86782	1005
121156	2571	7255
121157	86781	8352
121158	2573	2579
121159	2580	17580
121160	2585	3677
121161	2586	2593
121162	303	1814
121163	2596	43739
121164	743	15507
121165	2609	3887
121166	2609	9426
121167	747	12273
121168	2609	4346
121169	34	4067
121170	306	2827
121171	2624	12864
121172	306	1495
121173	752	4960
121174	2629	24281
121175	2632	38625
121176	2638	17300
121177	307	323
121178	755	2976
121179	2644	2797
121180	307	1781
121181	307	2585
121182	2645	33131
121183	308	1073
121184	2647	2697
121185	308	2977
121186	2649	3465
121187	2650	11702
121188	759	35148
121189	760	10285
121190	761	3009
121191	761	1740
121192	2653	3054
121193	2653	7776
121194	2653	11812
121195	2656	21091
121196	2657	9238
121197	310	926
121198	2657	4705
121199	763	838
121200	2660	6259
121201	763	1303
121202	310	1095
121203	2666	18666
121204	2666	17022
121205	83800	4746
121206	2667	2939
121207	766	2254
121208	766	849
121209	311	673
121210	86127	22048
121211	2678	10180
121212	2678	9742
121213	2679	3303
121214	314	2963
121215	770	15167
121216	83828	631
121217	2688	5310
121218	773	2715
121219	71	3862
121220	774	3865
121221	2697	11163
121222	316	3024
121223	2701	2761
121224	316	640
121225	2706	3599
121226	2708	74144
121227	2711	10410
121228	316	7455
121229	2714	3877
121230	2715	11299
121231	2715	47133
121232	2718	5884
121233	778	3192
121234	71	3779
121235	779	4928
121236	779	4132
121237	71	35206
121238	317	1981
121239	317	559
121240	2733	4096
121241	317	2510
121242	2735	23235
121243	782	10237
121244	2740	7035
121245	2740	4699
121246	2743	2906
121247	145	10163
121248	2743	3823
121249	2743	3641
121250	2743	19489
121251	2745	4026
121252	318	3955
121253	71	20150
121254	2747	3591
121255	320	3633
121256	2759	36998
121257	72	609
121258	2763	14700
121259	2764	23790
121260	321	1632
121261	788	3254
121262	2776	7305
121263	2776	13710
121264	791	13646
121265	322	883
121266	322	2420
121267	793	2973
121268	2787	4275
121269	20	191
121270	20	1409
121271	2794	6973
121272	2794	14744
121273	2795	4435
121274	2795	3260
121275	2795	13288
121276	323	1036
121277	323	383
121278	799	5073
121279	323	2254
121280	323	19681
121281	86904	2188
121282	2817	7859
121283	2822	3032
121284	2825	2826
121285	804	1089
121286	2830	2832
121287	804	11744
121288	2835	5550
121289	323	6366
121290	2838	2853
121291	2845	6758
121292	2850	3408
121293	806	939
121294	2857	2859
121295	2862	6183
121296	2866	9853
121297	810	5832
121298	811	23766
121299	2868	12864
121300	814	5196
121301	2875	2975
121302	2876	5519
121303	2878	24435
121304	149	2215
121305	826	2655
121306	2884	6438
121307	327	823
121308	826	5126
121309	2884	13367
121310	2885	34931
121311	826	17108
121312	826	22196
121313	827	3020
121314	827	6847
121315	830	1065
121316	830	1070
121317	149	4705
121318	2894	7597
121319	2896	4714
121320	834	13418
121321	2898	2910
121322	837	967
121323	2902	4140
121324	2902	4393
121325	149	6324
121326	2903	4387
121327	73	13033
121328	2920	44419
121329	842	5906
121330	330	4435
121331	86944	4519
121332	331	2771
121333	333	3959
121334	2929	9279
121335	333	15967
121336	844	4724
121337	2942	4792
121338	2948	2953
121339	2952	4904
121340	847	950
121341	73	27417
121342	2960	26993
121343	86958	77483
121344	2971	2979
121345	2973	4384
121346	2974	12314
121347	851	6741
121348	2975	8521
121349	86961	3106
121350	854	885
121351	335	10662
121352	335	6133
121353	2990	3987
121354	2994	33861
121355	2999	7733
121356	79399	2420
121357	336	6261
121358	3002	48666
121359	3007	3049
121360	872	2827
121361	873	973
121362	874	1322
121363	3014	3644
121364	338	671
121365	3016	20939
121366	3019	3021
121367	152	729
121368	3020	32567
121369	86983	14990
121370	3023	3025
121371	3027	5838
121372	152	2846
121373	3033	20867
121374	3034	18384
121375	3035	3308
121376	3036	8705
121377	152	7435
121378	3045	7738
121379	3045	3487
121380	153	753
121381	3061	3371
121382	3061	5514
121383	3064	7124
121384	897	986
121385	898	10149
121386	3087	3932
121387	3092	56027
121388	3093	9162
121389	904	1025
121390	3107	4725
121391	3122	3262
121392	3128	6394
121393	3138	4523
121394	3144	3145
121395	3149	3151
121396	3165	3167
121397	154	3685
121398	3180	6379
121399	21	204
121400	3185	9677
121401	920	1020
121402	920	5758
121403	3200	3901
121404	155	430
121405	924	1472
121406	347	1153
121407	155	2919
121408	347	4339
121409	3233	4001
121410	3234	74250
121411	87040	4176
121412	3240	3633
121413	86076	79529
121414	155	14723
121415	931	3701
121416	3245	6049
121417	932	1022
121418	3242	3779
121419	932	47859
121420	87061	400
121421	349	398
121422	3249	4720
121423	3250	4283
121424	3250	11290
121425	349	9598
121426	938	2446
121427	3269	5042
121428	3281	50561
121429	76	2985
121430	941	7118
121431	3291	10426
121432	942	2934
121433	3305	3307
121434	3306	6622
121435	83954	10172
121436	3319	3531
121437	945	4280
121438	946	4541
121439	3328	4647
121440	3334	3959
121441	3346	3347
121442	3352	3354
121443	3359	3365
121444	3366	3370
121445	3371	4445
121446	3372	3387
121447	3388	3390
121448	3391	45585
121449	3393	8601
121450	83961	1136
121451	357	3106
121452	3430	3439
121453	80905	17410
121454	3449	4372
121455	21	1431
121456	3451	13653
121457	3451	19615
121458	3452	9415
121459	357	38577
121460	955	22795
121461	3463	75363
121462	3468	74071
121463	3473	9427
121464	3478	23113
121465	3479	10362
121466	3484	9255
121467	962	2180
121468	3486	22808
121469	3487	5133
121470	962	6308
121471	3489	7227
121472	3490	13916
121473	3492	13359
121474	964	1089
121475	3494	3512
121476	3498	19030
121477	971	975
121478	3517	3535
121479	3518	4149
121480	974	1950
121481	362	13061
121482	3540	27054
121483	3549	45876
121484	363	628
121485	363	11497
121486	3584	24245
121487	3584	7778
121488	3585	9938
121489	992	4140
121490	994	41598
121491	3595	4345
121492	363	42614
121493	3596	8482
121494	161	361
121495	79	3104
121496	3600	6475
121497	1003	4546
121498	1007	2158
121499	3611	4388
121500	364	530
121501	364	4019
121502	3618	10032
121503	3622	8575
121504	1010	6295
121505	3647	25467
121506	3650	5968
121507	365	4453
121508	3667	8384
121509	3705	3713
121510	3710	11065
121511	22	289
121512	1019	2532
121513	3730	23002
121514	3739	3755
121515	3744	8828
121516	3747	22966
121517	3777	75338
121518	1021	1520
121519	163	3636
121520	3788	28017
121521	3790	33135
121522	3797	4276
121523	1025	2707
121524	3801	8065
121525	1026	2896
121526	371	941
121527	3841	3852
121528	371	989
121529	1040	1665
121530	3912	47218
121531	3937	3938
121532	1043	6604
121533	3942	47238
121534	3952	25049
121535	3981	12340
121536	3997	5292
121537	84082	3003
121538	4015	4017
121539	4023	19491
121540	4036	4044
121541	4059	4600
121542	1054	5703
121543	1055	9904
121544	4078	5267
121545	4094	8011
121546	4125	5953
121547	4147	4153
121548	4161	4165
121549	4167	4181
121550	4206	21321
121551	4228	26729
121552	4235	4236
121553	1077	2704
121554	4287	13652
121555	4300	4302
121556	4305	4306
121557	4310	4315
121558	4318	4321
121559	391	3079
121560	4348	7159
121561	4385	14901
121562	4418	6044
121563	4484	4489
121564	401	5549
121565	4513	18037
121566	4544	4551
121567	4636	5919
121568	4642	47901
121569	87341	81231
121570	4706	4710
121571	4779	48049
