77360	2481	4675
77361	394	400
77362	6289	63813
77363	77361	15
77364	217	4675
77365	2386	3352
77366	77360	225
77367	225	2481
77368	46	192
77369	2367	30513
77370	337	1712
77371	546	5490
77372	394	2481
77373	2486	2527
77374	5524	5542
77375	498	18049
77376	5041	5157
77377	4697	5050
77378	77362	750
77379	7632	23953
77380	1498	4694
77381	2475	2478
77382	7430	10667
77383	320	4986
77384	225	4675
77385	34	394
77386	3362	3451
77387	77370	77368
77388	77375	7812
77389	5398	5715
77390	377	8861
77391	151	403
77392	2401	5172
77393	2813	7651
77394	3050	4699
77395	1535	5126
77396	12179	16969
77397	15	394
77398	1549	2503
77399	2470	5187
77400	34	2481
77401	77381	77373
77402	871	7669
77403	77366	217
77404	381	3450
77405	77364	225
77406	2526	5016
77407	4697	5057
77408	377	4675
77409	251	263
77410	284	1781
77411	77387	77380
77412	546	15579
77413	77378	397
77414	4669	7462
77415	408	2611
77416	2539	5198
77417	5245	5398
77418	2270	5168
77419	8628	8861
77420	6115	6117
77421	5514	14847
77422	1521	5053
77423	185	4963
77424	77360	217
77425	77363	143
77426	77379	7641
77427	77383	77376
77428	5226	12953
77429	34	2811
77430	3450	5131
77431	2602	2809
77432	394	4675
77433	3376	5050
77434	1704	5064
77435	2127	2225
77436	2836	4755
77437	46	2593
77438	595	2863
77439	4756	6051
77440	377	7649
77441	3454	15904
77442	2942	6354
77443	5007	10531
77444	5245	5715
77445	1960	5192
77446	2813	4875
77447	77395	1275
77448	4668	4882
77449	9411	11353
77450	4697	5398
77451	5390	5900
77452	5421	9422
77453	2307	6116
77454	510	5018
77455	10817	10889
77456	77392	2495
77457	394	403
77458	77441	16713
77459	5050	8861
77460	2539	3882
77461	16969	17539
77462	5280	6071
77463	5320	5329
77464	1012	1062
77465	184	5137
77466	2470	2481
77467	3376	4679
77468	34	5107
77469	143	5062
77470	2425	2485
77471	6348	6444
77472	1509	5006
77473	225	394
77474	15875	15885
77475	77435	1115
77476	1699	5117
77477	5050	8628
77478	377	2481
77479	77458	77386
77480	5034	5578
77481	5102	5205
77482	850	21282
77483	0	2490
77484	2803	6232
77485	3451	4675
77486	4697	8861
77487	1801	5000
77488	5398	7462
77489	2425	18475
77490	153	8128
77491	1284	5759
77492	46	2811
77493	6199	6209
77494	2524	5161
77495	1120	1825
77496	2813	4675
77497	5057	5900
77498	77371	6125
77499	1490	2350
77500	4698	8248
77501	34	1521
77502	377	3451
77503	381	6089
77504	2470	6261
77505	1211	7728
77506	77474	15726
77507	5318	23574
77508	2292	5397
77509	5884	13567
77510	83	1621
77511	77489	6322
77512	77511	77507
77513	4943	9697
77514	205	1059
77515	3450	4697
77516	377	5245
77517	4669	6139
77518	5131	5170
77519	2358	2721
77520	2514	5152
77521	3882	5198
77522	4875	8639
77523	5050	5715
77524	5357	7681
77525	5491	12065
77526	151	394
77527	6109	7778
77528	2567	4755
77529	77506	77479
77530	77411	532
77531	34	4675
77532	5770	7649
77533	46	2481
77534	2836	5090
77535	103	2366
77536	5255	9806
77537	5526	12050
77538	2539	8861
77539	7729	7857
77540	25592	25594
77541	77525	6196
77542	4886	6241
77543	217	225
77544	398	1219
77545	9677	24776
77546	3426	6232
77547	244	6033
77548	4773	4899
77549	5122	8673
77550	5437	7736
77551	364	725
77552	397	12924
77553	2813	6155
77554	46	595
77555	3212	3376
77556	4679	4695
77557	1641	5398
77558	272	1220
77559	1970	5952
77560	2747	10502
77561	2481	5107
77562	6199	7994
77563	2593	6120
77564	461	7705
77565	2863	7669
77566	602	1622
77567	220	15762
77568	77461	15014
77569	77406	6244
77570	1692	11371
77571	34	225
77572	5490	6102
77573	2247	5506
77574	17	186
77575	7462	8628
77576	11659	21253
77577	77540	25597
77578	5205	5759
77579	3451	5198
77580	77365	377
77581	7699	8027
77582	394	4697
77583	8851	9068
77584	77369	1999
77585	77363	403
77586	4675	8861
77587	4762	5516
77588	115	4690
77589	5000	5187
77590	3050	4986
77591	2470	2771
77592	2489	5421
77593	2838	5994
77594	3459	4698
77595	77482	13119
77596	77427	77401
77597	4882	4884
77598	361	5076
77599	7717	18172
77600	189	16731
77601	3451	6017
77602	77362	397
77603	13	4902
77604	77413	539
77605	4448	5370
77606	4675	6139
77607	4755	5107
77608	5057	8861
77609	1979	5245
77610	5200	17898
77611	2056	5033
77612	5819	9284
77613	2803	5900
77614	9950	10485
77615	77418	2476
77616	77577	77529
77617	5050	5398
77618	5390	10185
77619	394	3450
77620	1042	8035
77621	34	46
77622	5131	6354
77623	883	7693
77624	143	7462
77625	66	1825
77626	2539	4699
77627	8248	13365
77628	2926	3086
77629	1364	5060
77630	3439	8235
77631	77425	77391
77632	4697	8318
77633	34	2470
77634	5199	5691
77635	5218	12272
77636	871	6089
77637	2863	4679
77638	2811	5930
77639	16777	17958
77640	3726	8407
77641	16969	24776
77642	77434	2493
77643	77431	8097
77644	77552	6209
77645	2813	4668
77646	4707	5080
77647	5057	7609
77648	1962	6033
77649	5579	19164
77650	5839	6602
77651	2398	5922
77652	408	1870
77653	1120	2942
77654	185	5162
77655	77361	143
77656	77363	399
77657	77420	7974
77658	4344	9040
77659	77595	77576
77660	4672	5759
77661	715	7697
77662	377	5050
77663	2803	2836
77664	2811	4762
77665	46	1521
77666	192	337
77667	3264	5753
77668	3450	4699
77669	1532	2730
77670	77398	2499
77671	77376	320
77672	77541	4910
77673	77568	24621
77674	1635	7669
77675	77673	77644
77676	4675	4697
77677	5057	5198
77678	4963	5691
77679	5050	5245
77680	871	5398
77681	5521	11769
77682	2230	5297
77683	394	2485
77684	2813	9086
77685	1521	6261
77686	77360	394
77687	77390	7649
77688	77403	6057
77689	1641	4930
77690	239	5514
77691	2	395
77692	4884	8702
77693	5090	7669
77694	5390	5593
77695	5357	8994
77696	2470	6139
77697	2481	6139
77698	2539	4972
77699	398	17050
77700	2550	12367
77701	2932	8628
77702	502	9685
77703	3451	8912
77704	1635	10093
77705	77409	3194
77706	77367	394
77707	4667	9688
77708	4707	5205
77709	4755	7617
77710	2092	5532
77711	5490	6117
77712	377	4697
77713	8318	8457
77714	8254	17929
77715	2863	5186
77716	510	5471
77717	3426	5119
77718	3450	11420
77719	3470	8248
77720	3882	5255
77721	77363	2425
77722	4695	5102
77723	4856	7609
77724	5090	5107
77725	8	2505
77726	871	8861
77727	5703	8352
77728	377	5357
77729	2400	15950
77730	6115	8133
77731	6116	6125
77732	2492	10185
77733	2525	7794
77734	2942	5065
77735	3450	5398
77736	20998	33322
77737	77370	192
77738	77428	12231
77739	4448	5678
77740	4697	5715
77741	4672	6241
77742	4697	5245
77743	4893	14987
77744	5057	6144
77745	4936	9422
77746	1855	2208
77747	5122	5151
77748	5170	7684
77749	5198	5698
77750	2470	5161
77751	403	4899
77752	8216	51447
77753	2836	6209
77754	8763	15817
77755	46	6120
77756	10096	10114
77757	11816	18954
77758	1371	5494
77759	595	5187
77760	104	4756
77761	220	7462
77762	77394	5743
77763	77393	9086
77764	225	6139
77765	4669	4699
77766	4882	4895
77767	1874	5900
77768	1925	11693
77769	5200	10185
77770	5269	6354
77771	34	5048
77772	0	186
77773	5421	8912
77774	5930	7617
77775	2350	8337
77776	5995	41562
77777	381	5131
77778	6199	6232
77779	2398	8319
77780	1016	7835
77781	7723	7740
77782	397	4762
77783	143	2470
77784	8529	10596
77785	2863	3212
77786	3089	4808
77787	12891	32510
77788	546	6117
77789	25	1200
77790	4257	11811
77791	4852	4972
77792	4962	5579
77793	272	1367
77794	1825	5770
77795	1900	4671
77796	5186	7579
77797	5205	8489
77798	1996	2811
77799	5226	5490
77800	5421	7462
77801	377	5398
77802	2286	6339
77803	377	8994
77804	7701	12118
77805	2481	5245
77806	6602	7609
77807	2771	6489
77808	2836	3086
77809	8824	9697
77810	10726	11896
77811	3130	4675
77812	3242	4930
77813	1386	5922
77814	3451	5011
77815	1517	2374
77816	77361	403
77817	205	4986
77818	77509	22318
77819	4318	7704
77820	4522	5678
77821	4616	5349
77822	1641	8628
77823	4755	6209
77824	710	2366
77825	58	4805
77826	5280	6115
77827	1924	5284
77828	5357	8248
77829	137	140
77830	7617	7994
77831	5390	6354
77832	6089	11262
77833	2475	2505
77834	2539	9179
77835	2611	5799
77836	450	2217
77837	184	4694
77838	1284	5090
77839	198	1825
77840	3450	5759
77841	1419	6102
77842	3451	5559
77843	19164	40116
77844	17494	25696
77845	20660	20667
77846	77368	1712
77847	77371	15579
77848	77391	77361
77849	77401	5127
77850	4690	5678
77851	4698	5357
77852	4853	6951
77853	5161	10724
77854	320	2514
77855	8	1090
77856	5198	6144
77857	2031	8690
77858	5370	8657
77859	5715	5770
77860	6131	13157
77861	416	11262
77862	2492	4675
77863	2531	5600
77864	2531	5195
77865	7534	7562
77866	1120	4808
77867	7936	15902
77868	46	2478
77869	2932	5120
77870	3035	4160
77871	477	8288
77872	22	498
77873	3095	8510
77874	11420	12260
77875	13500	13511
77876	13583	19406
77877	3426	5205
77878	3882	5398
77879	3882	4448
77880	3954	7742
77881	1521	2481
77882	77396	629
77883	220	6209
77884	77421	77378
77885	225	5490
77886	14	5065
77887	4664	8233
77888	4675	5057
77889	4679	6241
77890	4699	7604
77891	4715	7909
77892	1641	3439
77893	4843	10082
77894	5000	6017
77895	4884	7488
77896	5011	5448
77897	5041	5053
77898	1890	24123
77899	5102	6232
77900	5122	5187
77901	368	1855
77902	947	1699
77903	6364	12062
77904	381	2833
77905	6070	6261
77906	2495	5172
77907	151	2425
77908	7096	33620
77909	2470	2803
77910	5691	5740
77911	7774	7879
77912	416	6248
77913	8628	10065
77914	2863	10596
77915	2942	8566
77916	498	5131
77917	12545	21562
77918	3450	5107
77919	15551	27110
77920	1498	2401
77921	595	7669
77922	37289	62695
77923	77366	394
77924	77407	4856
77925	4406	19164
77926	1620	11702
77927	4697	5090
77928	4699	4789
77929	5008	6089
77930	58	12260
77931	5016	5137
77932	5052	11175
77933	788	17545
77934	192	1712
77935	5199	5532
77936	2092	2771
77937	5593	9747
77938	2286	3264
77939	5698	10093
77940	919	8405
77941	389	8319
77942	394	2425
77943	403	6139
77944	2562	4943
77945	377	5770
77946	2571	3470
77947	2863	5245
77948	8026	15543
77949	8377	32806
77950	2811	5048
77951	2803	3426
77952	8754	14500
77953	447	1901
77954	2803	5107
77955	1254	7868
77956	1284	7462
77957	10627	12220
77958	3426	5200
77959	3376	5349
77960	531	1331
77961	3450	4852
77962	24613	24877
77963	1521	5002
77964	3954	5218
77965	77364	2813
77966	77364	4668
77967	77363	151
77968	77393	4875
77969	77405	6057
77970	77410	2522
77971	77522	8641
77972	77469	7482
77973	77917	77675
77974	77922	11723
77975	4669	5759
77976	77973	77962
77977	4675	5050
77978	4675	4695
77979	1641	3086
77980	669	18580
77981	4690	6248
77982	4697	5131
77983	4697	5198
77984	115	1890
77985	4755	7864
77986	4884	7649
77987	4926	5910
77988	4963	13280
77989	772	5959
77990	5004	5715
77991	5064	6284
77992	5076	5157
77993	5151	5357
77994	34	1826
77995	34	1801
77996	835	11083
77997	871	8741
77998	2189	18890
77999	5831	5870
78000	2350	2593
78001	143	403
78002	2366	2529
78003	381	8457
78004	6111	8141
78005	2470	4963
78006	6334	9695
78007	2481	8248
78008	6376	11661
78009	2485	6120
78010	2527	5016
78011	416	2470
78012	8322	9082
78013	8235	8628
78014	2771	4755
78015	9604	9608
78016	9798	9813
78017	1273	5739
78018	2347	2410
78019	11689	12890
78020	11811	12671
78021	3264	9697
78022	3378	10248
78023	13249	14986
78024	14211	18389
78025	3882	4972
78026	25593	25598
78027	5398	8861
78028	1521	1801
78029	595	5691
78030	1553	8352
78031	619	898
78032	77453	5986
78033	77365	3459
78034	52	8413
78035	4679	5050
78036	4672	5122
78037	4708	5902
78038	251	871
78039	4882	7651
78040	729	1772
78041	283	5208
78042	4908	5840
78043	4856	5900
78044	5057	11262
78045	77378	5514
78046	5095	11605
78047	125	1298
78048	5120	8673
78049	5161	10857
78050	59	6602
78051	34	416
78052	5384	10440
78053	5421	16975
78054	5520	10139
78055	5559	9311
78056	5547	6513
78057	5800	23364
78058	5740	8508
78059	5770	6232
78060	5839	7473
78061	5715	7462
78062	2307	2747
78063	5876	31318
78064	66	408
78065	377	4886
78066	143	2863
78067	381	5398
78068	6168	12895
78069	991	1869
78070	397	5471
78071	408	4694
78072	2511	6656
78073	1059	3031
78074	7673	10289
78075	1090	6961
78076	2730	5002
78077	2398	4762
78078	8248	10204
78079	8080	17081
78080	2858	2862
78081	8730	11175
78082	8697	8764
78083	1211	10065
78084	8861	10306
78085	1219	2334
78086	2932	8994
78087	1275	1535
78088	498	7812
78089	10158	23943
78090	3050	5743
78091	10803	15002
78092	3242	8318
78093	11811	11824
78094	3264	5205
78095	3330	4808
78096	3426	5080
78097	3439	8912
78098	3450	6199
78099	3451	7617
78100	1445	5195
78101	15902	25090
78102	565	9229
78103	15817	19354
78104	1478	1825
78105	585	15950
78106	599	4616
78107	77360	6057
78108	15	400
78109	77380	184
78110	602	5008
78111	77385	5107
78112	77391	77363
78113	1560	4690
78114	77465	6029
78115	629	6071
78116	4448	5199
78117	77974	31501
78118	4610	4698
78119	4690	5195
78120	263	4986
78121	4756	10513
78122	4762	7701
78123	4793	10584
78124	4844	5186
78125	1768	3583
78126	58	13647
78127	5034	5060
78128	1874	2216
78129	5053	5393
78130	5095	10624
78131	5122	5150
78132	5131	5958
78133	318	19164
78134	5161	7669
78135	5170	6089
78136	1996	2567
78137	1979	5050
78138	5490	6133
78139	5678	12671
78140	5703	20681
78141	5863	12962
78142	5922	5930
78143	5922	6354
78144	377	4808
78145	6009	11371
78146	394	397
78147	2481	4697
78148	7892	13230
78149	7892	9837
78150	7694	7742
78151	2486	5157
78152	7794	7978
78153	2733	8972
78154	7994	8228
78155	2771	10614
78156	2778	8489
78157	2778	10185
78158	8235	8529
78159	8247	41562
78160	2803	4755
78161	46	4675
78162	2926	9697
78163	1284	5691
78164	1273	16546
78165	510	7841
78166	11730	28597
78167	3212	6241
78168	3247	6017
78169	11782	27093
78170	3242	4679
78171	3376	7649
78172	3398	5004
78173	3450	5199
78174	565	5151
78175	49	6476
78176	3726	8398
78177	3882	5421
78178	216	379
78179	77367	2813
78180	77371	6364
78181	77377	5245
78182	77377	5421
78183	220	6199
78184	77442	7859
78185	77446	9086
78186	77464	155
78187	77498	15579
78188	77428	2747
78189	77659	21280
78190	77640	338
78191	77898	1042
78192	77976	9429
78193	4616	11326
78194	4675	7651
78195	4616	4930
78196	1635	15428
78197	4669	5198
78198	4699	11420
78199	4707	9172
78200	4747	6017
78201	4761	52448
78202	710	2470
78203	115	6089
78204	1744	5163
78205	4882	4886
78206	4873	4893
78207	283	595
78208	4967	9422
78209	4962	10302
78210	5102	8702
78211	799	1001
78212	5198	8930
78213	5269	6232
78214	34	1298
78215	5367	7734
78216	5390	7684
78217	5588	6329
78218	2307	9068
78219	5759	8393
78220	2286	4699
78221	5752	7681
78222	143	2358
78223	947	5436
78224	5930	10513
78225	6077	13137
78226	6139	7462
78227	394	5107
78228	5753	7669
78229	2481	2813
78230	2492	11262
78231	6602	9837
78232	403	4668
78233	2539	4852
78234	2721	12075
78235	46	2486
78236	1211	5062
78237	46	394
78238	2961	7936
78239	10628	13942
78240	4823	4842
78241	11596	14615
78242	3212	4697
78243	11751	18744
78244	3264	5179
78245	3330	8510
78246	1361	5198
78247	12671	13167
78248	3341	9391
78249	47	7852
78250	3378	5593
78251	3378	10306
78252	198	2682
78253	48	6168
78254	3426	3462
78255	3450	5532
78256	3451	4759
78257	1440	25127
78258	1445	12118
78259	14988	15544
78260	15772	19043
78261	16129	21079
78262	19216	20052
78263	3806	5703
78264	103	2490
78265	102	837
78266	23545	41562
78267	77366	2813
78268	77369	510
78269	77374	1298
78270	602	19406
78271	5016	5192
78272	602	35241
78273	77384	2813
78274	77390	10309
78275	77402	4318
78276	77422	7719
78277	77423	77399
78278	77443	104
78279	77631	399
78280	77616	25596
78281	225	2485
78282	78192	15201
78283	4669	4679
78284	4695	5411
78285	677	1874
78286	4736	11811
78287	4755	5284
78288	1704	2527
78289	699	2766
78290	1768	2492
78291	4844	10177
78292	4875	4884
78293	1772	5567
78294	4886	4895
78295	4920	11747
78296	4926	4943
78297	115	5219
78298	58	381
78299	1825	4793
78300	4808	17815
78301	5000	6489
78302	1855	6051
78303	284	5076
78304	284	13624
78305	1901	2350
78306	772	1091
78307	125	1874
78308	1933	10506
78309	5187	6040
78310	5219	10596
78311	59	9747
78312	5255	9429
78313	5349	9806
78314	5245	8861
78315	66	137
78316	143	4762
78317	5900	6261
78318	377	9482
78319	5986	12953
78320	377	4695
78321	2371	2431
78322	6102	6117
78323	68	9982
78324	6134	12933
78325	6199	8628
78326	6144	10093
78327	394	2811
78328	394	6139
78329	2461	6114
78330	6232	8233
78331	2481	2485
78332	2481	2811
78333	2489	7462
78334	401	402
78335	7469	7609
78336	7620	8930
78337	7604	8730
78338	408	2571
78339	2747	10361
78340	416	527
78341	2511	4678
78342	2730	5399
78343	1120	4209
78344	2781	5199
78345	2836	7617
78346	2846	7860
78347	9082	10374
78348	2933	19164
78349	9521	15402
78350	9522	15069
78351	3002	4038
78352	1273	5050
78353	3043	9016
78354	10696	11420
78355	10568	11371
78356	3130	7473
78357	1329	2031
78358	78056	60334
78359	3212	8318
78360	11689	16969
78361	523	565
78362	1371	5527
78363	3376	8325
78364	195	8039
78365	3426	5850
78366	3470	5839
78367	3459	11528
78368	15214	19293
78369	17578	19043
78370	49	5409
78371	1490	1801
78372	15772	35241
78373	3882	5357
78374	77393	4668
78375	77364	6057
78376	77366	7651
78377	225	403
78378	77372	15
78379	77370	1498
78380	77365	2539
78381	4127	15551
78382	77389	4972
78383	77398	7749
78384	77405	2813
78385	4209	5678
78386	77415	1999
78387	77421	16969
78388	77419	143
78389	77445	3954
78390	77462	6132
78391	77530	77456
78392	77641	77639
78393	77688	77448
78394	4448	5357
78395	4522	5900
78396	78178	2773
78397	4672	4698
78398	4675	6057
78399	78117	3875
78400	0	510
78401	1692	5102
78402	251	3450
78403	4747	5117
78404	1712	8027
78405	4755	5122
78406	4756	5952
78407	1751	5532
78408	4808	11824
78409	4813	10491
78410	4887	4899
78411	4903	5549
78412	4930	5120
78413	4943	5800
78414	4963	7632
78415	4972	13365
78416	4985	5375
78417	283	5370
78418	5090	6354
78419	5126	7699
78420	1933	8412
78421	5119	5200
78422	59	2366
78423	5161	10248
78424	1979	8861
78425	34	6334
78426	5284	5910
78427	5297	14065
78428	5390	12260
78429	835	5547
78430	5398	7669
78431	5398	6089
78432	5398	5770
78433	850	21280
78434	34	7701
78435	5511	7883
78436	5516	8097
78437	5588	5600
78438	871	5198
78439	5593	8702
78440	5662	7673
78441	5740	6017
78442	368	9012
78443	2331	2526
78444	2340	6039
78445	5902	10491
78446	66	13193
78447	377	3882
78448	377	3439
78449	5958	7441
78450	959	4805
78451	2398	7617
78452	6089	8247
78453	2401	2495
78454	6296	10200
78455	2481	5691
78456	2505	2535
78457	2524	7617
78458	143	394
78459	7441	8657
78460	2539	3130
78461	7681	8994
78462	2593	5471
78463	7579	8457
78464	7705	7843
78465	2669	8750
78466	7955	15579
78467	7964	12924
78468	2780	5008
78469	2836	6199
78470	8306	14593
78471	2811	5187
78472	8628	10185
78473	2863	8861
78474	2863	5057
78475	2933	5579
78476	179	2558
78477	3038	19164
78478	185	7740
78479	11354	35238
78480	510	2593
78481	3201	7649
78482	3201	3361
78483	5490	6134
78484	47	398
78485	3806	7838
78486	12272	30564
78487	3350	5025
78488	1371	1560
78489	12895	14821
78490	3376	4856
78491	1386	1445
78492	3398	9179
78493	13466	17578
78494	3450	5205
78495	3451	4697
78496	3451	5800
78497	13942	14069
78498	48	2810
78499	3470	5131
78500	3583	11319
78501	205	2539
78502	205	3050
78503	206	9672
78504	3717	8824
78505	3847	12166
78506	3882	5050
78507	595	871
78508	217	394
78509	77367	217
78510	77379	12833
78511	4127	4217
78512	1553	6089
78513	77394	77383
78514	1560	2092
78515	1622	1825
78516	77564	7843
78517	77551	2666
78518	1620	26780
78519	77933	1988
78520	1635	4699
78521	1622	10302
78522	77527	5489
78523	78191	78069
78524	1641	22544
78525	4665	5186
78526	4669	5050
78527	1641	5715
78528	4679	7720
78529	4695	11528
78530	4697	4882
78531	4699	5004
78532	4700	6248
78533	4707	10724
78534	4702	5090
78535	4755	6261
78536	4762	9097
78537	1727	2501
78538	4793	9068
78539	4756	4772
78540	4807	5482
78541	4893	5532
78542	4936	15660
78543	58	4793
78544	1861	30751
78545	1825	10724
78546	284	2208
78547	5030	6209
78548	1874	5678
78549	5035	12087
78550	5049	5126
78551	5050	7462
78552	5057	8673
78553	5057	5102
78554	5090	11175
78555	796	1779
78556	1944	7853
78557	5107	5205
78558	5122	5900
78559	5161	8930
78560	34	4762
78561	5245	5899
78562	5245	5421
78563	1979	5357
78564	2031	4746
78565	2043	8912
78566	5282	9012
78567	34	11167
78568	5297	5312
78569	5398	6232
78570	5390	15738
78571	5421	8248
78572	5564	19164
78573	883	7736
78574	2216	7828
78575	2258	10083
78576	140	2789
78577	5698	5753
78578	2286	5689
78579	5753	12592
78580	5799	7738
78581	5770	8673
78582	2366	2833
78583	377	14668
78584	2379	5482
78585	381	11262
78586	381	2942
78587	6070	10513
78588	6093	6241
78589	6127	15896
78590	2470	4755
78591	2437	7609
78592	6209	7473
78593	2470	12118
78594	6280	6878
78595	6261	9115
78596	2474	11824
78597	6241	8489
78598	6610	12220
78599	2485	5490
78600	2490	4895
78601	2492	3212
78602	153	6117
78603	2507	3662
78604	2531	6017
78605	2539	9422
78606	2539	4697
78607	7517	8393
78608	405	11361
78609	2571	10221
78610	2571	7994
78611	416	4522
78612	7851	8079
78613	7892	8352
78614	7968	10289
78615	7994	8253
78616	2836	10614
78617	2781	16700
78618	2811	9672
78619	8340	16924
78620	8566	11324
78621	1200	5479
78622	46	2771
78623	46	5090
78624	2926	20681
78625	2932	8912
78626	9697	11747
78627	9747	10204
78628	3037	13319
78629	3043	27089
78630	46	7669
78631	1298	5527
78632	3086	3426
78633	3086	9697
78634	189	5018
78635	10896	52448
78636	3171	10111
78637	3451	5107
78638	93	7748
78639	11702	11782
78640	3242	10309
78641	11811	27093
78642	11896	18527
78643	527	14986
78644	1363	7428
78645	12255	12262
78646	3201	5011
78647	871	1635
78648	1386	6354
78649	48	1594
78650	546	2485
78651	3439	5715
78652	3482	15428
78653	15402	28597
78654	3583	4805
78655	15725	15783
78656	206	5601
78657	49	10900
78658	15014	16969
78659	103	6489
78660	1508	1829
78661	1509	2476
78662	213	8319
78663	3954	6033
78664	1521	5048
78665	3940	8261
78666	77360	377
78667	216	3451
78668	4217	12671
78669	77367	403
78670	77368	337
78671	77373	1012
78672	1553	12729
78673	77399	185
78674	77405	4668
78675	77437	7712
78676	77448	77403
78677	77519	2334
78678	77537	11769
78679	1594	2400
78680	77545	77396
78681	77574	77483
78682	77599	7096
78683	14	5397
78684	4397	8662
78685	77700	21161
78686	77736	29256
78687	4406	4962
78688	4522	4856
78689	78282	77721
78690	4554	8993
78691	78396	302
78692	4610	11166
78693	4669	6092
78694	4675	4707
78695	4689	5269
78696	4697	5390
78697	4698	10093
78698	4729	5559
78699	115	6352
78700	4787	9229
78701	710	4844
78702	56	12012
78703	724	5119
78704	4808	9000
78705	4852	8182
78706	4860	11038
78707	272	2400
78708	4887	6139
78709	1801	4986
78710	4930	10309
78711	4963	9883
78712	4963	5168
78713	58	406
78714	4986	11420
78715	4986	16071
78716	5002	6017
78717	5052	7892
78718	1870	5127
78719	284	1275
78720	58	5065
78721	783	18491
78722	5080	8235
78723	290	16071
78724	5095	5195
78725	59	2090
78726	5122	5411
78727	5041	5126
78728	1970	6199
78729	5170	8861
78730	5102	5107
78731	5170	8248
78732	128	4821
78733	7	4978
78734	5200	10656
78735	5226	6115
78736	5255	10204
78737	5187	6248
78738	5280	5521
78739	5349	9412
78740	5384	14999
78741	2092	2371
78742	5370	10248
78743	5421	10093
78744	34	3362
78745	5448	5890
78746	5520	9950
78747	5678	7669
78748	5703	6602
78749	5703	5839
78750	5715	8235
78751	5740	11083
78752	5715	6089
78753	5755	7869
78754	5799	6706
78755	5759	7892
78756	374	3089
78757	5856	5899
78758	5870	17578
78759	376	5588
78760	5902	14988
78761	377	1454
78762	2371	10083
78763	5910	8628
78764	377	7462
78765	381	5532
78766	6125	8851
78767	6070	8821
78768	66	6379
78769	6118	7974
78770	6168	24832
78771	381	5151
78772	394	4884
78773	5759	15349
78774	6209	22024
78775	2470	4669
78776	6296	7673
78777	2481	10656
78778	2470	5000
78779	2482	11326
78780	7462	10065
78781	7473	8861
78782	416	13230
78783	7669	10185
78784	7681	8494
78785	2611	8027
78786	7847	12671
78787	7684	9747
78788	2669	2932
78789	7936	10941
78790	7994	11262
78791	8015	8348
78792	2771	2778
78793	8233	8527
78794	8248	8994
78795	8254	10248
78796	2794	5635
78797	434	5299
78798	2803	5161
78799	440	2144
78800	8319	11689
78801	2809	5280
78802	2836	5922
78803	2863	6354
78804	175	835
78805	8936	19043
78806	177	3451
78807	2938	14615
78808	1273	1641
78809	9412	13280
78810	9439	9668
78811	2926	17340
78812	498	3450
78813	3038	4282
78814	3086	13137
78815	10584	16444
78816	10941	32510
78817	3208	5901
78818	11751	17405
78819	3264	11083
78820	12093	18890
78821	1361	4787
78822	12205	12208
78823	0	2425
78824	532	7718
78825	1367	2789
78826	539	6364
78827	3376	5715
78828	13249	36961
78829	1361	4736
78830	3426	3439
78831	546	6120
78832	1425	4690
78833	1425	2781
78834	3459	16814
78835	1426	7109
78836	1426	27761
78837	3482	6209
78838	14986	30044
78839	1521	4868
78840	15507	28802
78841	15551	23694
78842	15014	17539
78843	15902	27089
78844	15950	16071
78845	206	1298
78846	16889	25832
78847	1478	5900
78848	1517	2056
78849	19043	19164
78850	1490	8628
78851	1498	5034
78852	1521	2350
78853	215	6676
78854	35989	48195
78855	1532	5399
78856	77360	2813
78857	225	2813
78858	4040	10941
78859	77362	2470
78860	77360	4697
78861	77371	6133
78862	77369	837
78863	77372	403
78864	602	12260
78865	77385	15
78866	1553	2474
78867	77409	3076
78868	4217	8381
78869	220	3104
78870	4208	4217
78871	220	4616
78872	4251	12671
78873	602	2529
78874	77500	10204
78875	4345	5853
78876	77573	77490
78877	77615	7704
78878	77691	397
78879	77656	6322
78880	77421	239
78881	111	128
78882	77514	3031
78883	4448	4680
78884	77980	544
78885	1622	9837
78886	78399	3730
78887	1641	12166
78888	1641	5050
78889	4677	8489
78890	4671	4886
78891	4672	7649
78892	4678	5288
78893	4689	5958
78894	4690	14021
78895	4669	8861
78896	4697	4854
78897	4697	5421
78898	4699	10622
78899	4700	9747
78900	1712	5397
78901	4762	8319
78902	4736	5511
78903	4755	5930
78904	115	5740
78905	4756	8489
78906	4756	5930
78907	6	18660
78908	710	3050
78909	4826	5196
78910	4843	15902
78911	4837	33912
78912	1768	2882
78913	4807	5567
78914	32	374
78915	4875	7651
78916	4893	6280
78917	4909	13466
78918	1825	2493
78919	281	1997
78920	8	192
78921	4967	5208
78922	4991	6144
78923	4990	6089
78924	5002	5009
78925	4844	5150
78926	1855	10934
78927	4893	14830
78928	5030	5268
78929	1874	5008
78930	1874	2836
78931	284	540
78932	5048	10596
78933	5057	6139
78934	5057	6339
78935	5002	10614
78936	125	2531
78937	5107	6337
78938	5114	8233
78939	798	14956
78940	1953	5494
78941	5151	5698
78942	1962	9625
78943	5157	5168
78944	5080	5269
78945	5162	6361
78946	5119	5187
78947	1979	5398
78948	5195	7740
78949	34	595
78950	5200	11258
78951	5210	18460
78952	5288	10096
78953	34	5516
78954	5349	5390
78955	5357	13365
78956	5370	10596
78957	5370	10159
78958	5378	12242
78959	5398	6248
78960	5411	10146
78961	5490	5506
78962	5479	7027
78963	2184	27803
78964	5593	12858
78965	5579	16700
78966	883	2489
78967	2216	4345
78968	17	395
78969	5600	11782
78970	5601	7828
78971	5619	9099
78972	2240	30564
78973	5691	9047
78974	2286	5864
78975	8	5065
78976	5729	11027
78977	5752	8750
78978	2307	8337
78979	5837	6033
78980	5870	10440
78981	143	381
78982	143	4899
78983	5900	6354
78984	377	2966
78985	2366	10096
78986	5946	8857
78987	2286	5155
78988	5899	10309
78989	6021	8393
78990	2398	7701
78991	6131	9092
78992	6115	10502
78993	6155	16144
78994	68	818
78995	2450	2891
78996	6241	7604
78997	2503	5172
78998	6261	8318
78999	998	11478
79000	149	9294
79001	2478	5157
79002	6354	8235
79003	6199	6354
79004	2485	5479
79005	2481	5186
79006	2492	2501
79007	2492	10365
79008	6623	11258
79009	40	10582
79010	1042	2207
79011	2529	4785
79012	1062	5000
79013	7579	11614
79014	2571	4698
79015	160	1478
79016	7844	15641
79017	7864	20507
79018	7883	8286
79019	7883	8048
79020	416	835
79021	1120	6168
79022	2766	5827
79023	8228	8824
79024	2788	5547
79025	8286	10890
79026	8313	11258
79027	20	5559
79028	8662	9196
79029	2891	16700
79030	85	779
79031	8912	9422
79032	8928	33026
79033	2926	4963
79034	2932	5853
79035	2938	11401
79036	9293	16975
79037	9837	11262
79038	9645	12592
79039	3011	5999
79040	185	7617
79041	3043	26774
79042	498	5857
79043	22	9141
79044	3050	20243
79045	91	5284
79046	3104	10146
79047	3124	9798
79048	3125	18281
79049	10890	11824
79050	5540	48053
79051	3208	3470
79052	3212	10750
79053	3242	8457
79054	11747	13249
79055	11782	13095
79056	11786	27591
79057	11811	40116
79058	12012	20381
79059	3292	5195
79060	3292	8991
79061	3330	17815
79062	3330	4372
79063	12878	18491
79064	3362	3940
79065	539	6120
79066	1379	10584
79067	1386	4697
79068	13130	15239
79069	3378	3470
79070	3389	4828
79071	3426	6189
79072	3450	4808
79073	3450	5958
79074	23	11751
79075	3426	5255
79076	3451	7994
79077	3462	12728
79078	3470	5743
79079	3451	4707
79080	1428	8991
79081	14662	19734
79082	15544	16889
79083	15349	17954
79084	205	5703
79085	205	4690
79086	15817	27110
79087	15844	19119
79088	15902	19043
79089	15939	41562
79090	565	8468
79091	1477	13647
79092	102	186
79093	574	5053
79094	17701	19395
79095	1490	5547
79096	3806	9697
79097	585	1324
79098	1521	4702
79099	1521	4678
79100	595	10628
79101	3940	8735
79102	216	2410
79103	61110	61111
79104	599	1884
79105	4116	8015
79106	77364	7651
79107	77365	2932
79108	4116	10941
79109	77374	12118
79110	77380	2270
79111	77382	34
79112	77384	4882
79113	602	25090
79114	4133	14069
79115	595	5901
79116	4142	7609
79117	77406	2056
79118	1560	6352
79119	77420	12956
79120	77424	2813
79121	220	5057
79122	77426	4805
79123	77419	8393
79124	77439	104
79125	77447	7734
79126	77431	6134
79127	4257	13937
79128	4257	32510
79129	77472	7482
79130	77483	186
79131	4282	5219
79132	77487	77415
79133	4282	5579
79134	629	6116
79135	1590	1901
79136	77535	6489
79137	77550	1999
79138	77569	447
79139	4398	10584
79140	225	5770
79141	77860	30620
79142	77446	8639
79143	77940	16046
79144	1620	3940
79145	77971	9531
79146	1621	5127
79147	77394	361
79148	4522	4702
79149	78261	58059
79150	78280	78026
79151	78358	63669
79152	647	1250
79153	4664	5102
79154	4729	4908
79155	4616	11934
79156	4675	5102
79157	4675	5198
79158	1667	2942
79159	1667	7569
79160	1667	8404
79161	4694	8242
79162	4698	4930
79163	4697	4755
79164	4697	10656
79165	4755	20507
79166	4727	14044
79167	4702	8384
79168	4736	7109
79169	1712	4986
79170	4736	8316
79171	696	5076
79172	1708	5090
79173	4742	7338
79174	115	2519
79175	4698	5770
79176	56	91
79177	4762	5532
79178	4787	5635
79179	4793	6878
79180	4793	15544
79181	4789	7669
79182	4789	21028
79183	115	9813
79184	4793	9889
79185	4799	4839
79186	4802	12166
79187	125	5542
79188	4813	11702
79189	4850	18744
79190	265	5291
79191	4852	19406
79192	6	3317
79193	4868	13517
79194	4859	4874
79195	4872	4884
79196	1779	5614
79197	4879	11115
79198	4899	7649
79199	1819	8377
79200	4936	5899
79201	1824	5187
79202	1826	2481
79203	1825	2571
79204	4990	5205
79205	4986	9567
79206	1855	2485
79207	5011	5357
79208	5025	6144
79209	58	4723
79210	5050	5448
79211	5050	6261
79212	5050	7649
79213	1890	1924
79214	5057	7462
79215	5088	8337
79216	5090	5131
79217	1925	6339
79218	5103	8673
79219	5107	7462
79220	59	205
79221	5120	7604
79222	5131	7994
79223	5122	5131
79224	5127	7832
79225	809	8912
79226	5186	8445
79227	5186	7649
79228	34	4903
79229	5199	6261
79230	5199	8928
79231	5199	5902
79232	5268	15349
79233	5245	5753
79234	5219	17516
79235	5245	7669
79236	59	9287
79237	5268	5390
79238	5269	6199
79239	5349	5703
79240	5340	8404
79241	5380	5396
79242	5398	8457
79243	5398	8248
79244	340	8926
79245	5421	15817
79246	5421	6139
79247	5349	7839
79248	5443	7497
79249	2148	2475
79250	5506	7687
79251	871	1059
79252	871	5050
79253	5521	10153
79254	5532	10096
79255	5564	5579
79256	5588	13193
79257	5564	8529
79258	5631	6623
79259	5662	9672
79260	891	9934
79261	5678	11811
79262	2478	3954
79263	5703	7883
79264	66	4729
79265	5759	8352
79266	2539	5398
79267	5800	10696
79268	5819	6329
79269	918	1622
79270	5831	10596
79271	5839	10427
79272	5899	15326
79273	5910	12895
79274	377	8628
79275	377	3450
79276	5952	11938
79277	954	1874
79278	6017	6018
79279	2380	11354
79280	6017	8319
79281	6033	15543
79282	6089	8857
79283	6071	12953
79284	6102	6199
79285	2437	7742
79286	381	1298
79287	6194	10909
79288	394	1825
79289	394	1851
79290	394	5198
79291	988	4657
79292	2470	2492
79293	6232	8673
79294	2466	27803
79295	2470	8683
79296	2474	10200
79297	149	4708
79298	2478	2486
79299	2481	4895
79300	2481	5900
79301	1012	1704
79302	2481	3426
79303	6379	13952
79304	2482	10248
79305	6395	41562
79306	397	10502
79307	7096	7717
79308	6656	7909
79309	6951	30751
79310	7096	18172
79311	2511	4715
79312	403	4759
79313	7462	11333
79314	7469	9229
79315	2535	4665
79316	2538	4896
79317	2539	8248
79318	7580	11584
79319	7609	8445
79320	2553	32571
79321	2571	11934
79322	2563	10083
79323	408	5755
79324	1109	1772
79325	7847	11782
79326	7892	9016
79327	2727	2748
79328	416	9885
79329	7924	7985
79330	2602	5226
79331	1120	2474
79332	2746	12212
79333	2747	6116
79334	7968	10724
79335	2771	2811
79336	2781	9885
79337	8133	12931
79338	8248	8254
79339	2778	5925
79340	2809	4756
79341	2810	9727
79342	8348	9099
79343	8382	8508
79344	2836	5284
79345	171	3138
79346	8494	9338
79347	8510	10628
79348	83	1535
79349	8731	10548
79350	8629	9747
79351	46	2350
79352	1198	6109
79353	2926	9798
79354	8930	10159
79355	8936	13624
79356	1219	7778
79357	1219	5676
79358	8985	9079
79359	2926	4843
79360	9000	21063
79361	9068	12050
79362	1238	4040
79363	9179	11083
79364	9249	15745
79365	3000	7517
79366	1273	15762
79367	9806	10126
79368	1273	2942
79369	10078	10126
79370	10200	12304
79371	22	5198
79372	1302	1454
79373	498	602
79374	189	394
79375	3124	11083
79376	3130	10440
79377	510	599
79378	1334	9889
79379	11401	13167
79380	3201	7669
79381	3212	9697
79382	11535	21916
79383	3225	5371
79384	523	4672
79385	3247	5151
79386	527	2189
79387	11897	22414
79388	527	7693
79389	11940	15035
79390	3264	5973
79391	12012	14821
79392	3317	3350
79393	1364	5034
79394	12383	13319
79395	12753	21620
79396	12826	41562
79397	3350	10093
79398	3317	5255
79399	3361	13538
79400	12924	12953
79401	3376	4522
79402	13096	40794
79403	95	1622
79404	1386	2803
79405	198	5922
79406	198	1090
79407	3422	5635
79408	546	7701
79409	546	2307
79410	3439	19134
79411	13776	14430
79412	3439	8994
79413	3451	5390
79414	3459	7681
79415	3462	4930
79416	3482	9141
79417	3492	5715
79418	14847	18508
79419	14972	23364
79420	3538	5183
79421	99	19164
79422	15702	22157
79423	1454	14021
79424	15772	15957
79425	565	9614
79426	16546	19354
79427	3662	9625
79428	206	12166
79429	1478	5559
79430	3726	8396
79431	17921	20309
79432	49	5048
79433	49	5033
79434	19024	40116
79435	19043	19354
79436	3806	4230
79437	3806	9521
79438	103	8821
79439	595	5161
79440	3882	8988
79441	1521	5000
79442	3882	5752
79443	593	2522
79444	32399	37351
79445	217	2481
79446	4040	16700
79447	77361	151
79448	77361	2490
79449	77362	2481
79450	4522	13230
79451	77384	6057
79452	77365	220
79453	77363	0
79454	1	6051
79455	77365	5692
79456	77367	5930
79457	77377	2863
79458	77378	539
79459	77377	5958
79460	77381	2527
79461	77384	216
79462	77389	10093
79463	77389	14800
79464	77396	9677
79465	77404	77402
79466	77424	77391
79467	77425	151
79468	4209	10582
79469	77436	5925
79470	4230	5678
79471	77467	7469
79472	77462	2247
79473	221	379
79474	77494	77445
79475	77643	7743
79476	1590	2863
79477	77539	77447
79478	4338	40680
79479	77544	17050
79480	4350	4997
79481	4350	11546
79482	77629	7731
79483	1590	2350
79484	225	2811
79485	77682	209
79486	4406	27089
79487	225	11587
79488	4448	8225
79489	1620	5600
79490	1621	6039
79491	78034	1913
79492	78241	24585
79493	78324	18512
79494	78427	56641
79495	78519	17549
79496	1635	8337
79497	4616	8322
79498	1635	14891
79499	4616	9998
79500	239	1122
79501	4669	9446
79502	4669	5593
79503	4672	4884
79504	4675	5245
79505	4680	10221
79506	243	14986
79507	4690	5614
79508	4675	5227
79509	4695	8318
79510	4695	7468
79511	4697	5179
79512	4697	6209
79513	4698	5189
79514	4699	11175
79515	4700	6023
79516	1692	5195
79517	4708	5195
79518	1699	5494
79519	4707	10374
79520	4723	4851
79521	251	10440
79522	4747	9737
79523	4747	13048
79524	4755	5691
79525	4756	5490
79526	115	5840
79527	4777	19395
79528	710	1256
79529	263	1712
79530	32	408
79531	4808	23586
79532	1768	10724
79533	4844	5901
79534	4856	5119
79535	4852	5008
79536	4856	5103
79537	4854	7664
79538	4875	9531
79539	4963	5062
79540	4882	4899
79541	4884	5770
79542	4884	5541
79543	4886	9082
79544	4893	6878
79545	4895	16293
79546	4909	14978
79547	4920	28597
79548	1825	5399
79549	4936	4967
79550	4950	7706
79551	4963	5850
79552	4972	5198
79553	4972	5371
79554	4985	8566
79555	283	1211
79556	1842	7027
79557	5000	10513
79558	284	5041
79559	284	5870
79560	1874	7841
79561	284	4678
79562	1874	11123
79563	5049	7441
79564	58	8242
79565	284	15573
79566	793	11262
79567	5080	7789
79568	5050	8994
79569	290	9697
79570	5107	5740
79571	5122	6144
79572	5131	9196
79573	5150	13544
79574	1972	2810
79575	5187	8821
79576	5196	5689
79577	1979	11439
79578	5448	8247
79579	5199	8432
79580	5218	19433
79581	5245	5390
79582	5205	5593
79583	5268	5271
79584	5269	6144
79585	5277	13280
79586	5284	9000
79587	337	4986
79588	5357	5398
79589	2073	11782
79590	0	1
79591	835	14978
79592	5339	5380
79593	5360	18473
79594	5374	6602
79595	8	4667
79596	5378	6354
79597	2092	11268
79598	5384	11123
79599	349	3450
79600	5511	6033
79601	5421	8861
79602	349	12174
79603	5490	6115
79604	5527	5549
79605	2189	7968
79606	5559	5577
79607	5542	6189
79608	5549	12093
79609	2223	13193
79610	5575	21421
79611	5574	11402
79612	2208	5151
79613	338	3726
79614	5588	8993
79615	5678	8510
79616	5575	16700
79617	5567	5627
79618	5601	13230
79619	2223	21680
79620	5619	14981
79621	5631	13748
79622	5691	6623
79623	368	11730
79624	5739	9908
79625	371	7694
79626	5800	7684
79627	5813	9626
79628	2322	11811
79629	5853	8529
79630	5844	7717
79631	143	244
79632	143	1553
79633	5900	9998
79634	5899	8267
79635	5899	9179
79636	376	16443
79637	66	4736
79638	5715	6354
79639	5930	12118
79640	951	7778
79641	381	6232
79642	6026	10082
79643	6080	6139
79644	2401	2475
79645	6096	10361
79646	381	7669
79647	6139	9522
79648	6144	8861
79649	2437	8857
79650	6194	16504
79651	6225	8752
79652	6134	8097
79653	6237	9091
79654	6241	8527
79655	3	5689
79656	2482	3462
79657	1120	10737
79658	6476	9889
79659	2489	8254
79660	2492	7579
79661	6602	18890
79662	6602	27089
79663	2492	3086
79664	40	5600
79665	2499	5436
79666	40	4840
79667	2507	20064
79668	2507	8015
79669	2519	5280
79670	397	12890
79671	7428	11371
79672	403	9488
79673	2531	10437
79674	7469	7839
79675	2539	7649
79676	7497	8298
79677	7594	10644
79678	2563	2794
79679	7649	8325
79680	2567	16889
79681	1090	6361
79682	2593	6261
79683	2629	2961
79684	2682	8876
79685	416	2489
79686	7860	15014
79687	7892	8316
79688	8182	8318
79689	2781	4826
79690	2788	6168
79691	8261	14021
79692	8306	8750
79693	434	2431
79694	2836	11782
79695	8462	9472
79696	2836	3882
79697	8529	16832
79698	85	9000
79699	2858	4902
79700	447	2503
79701	2863	7579
79702	2863	6602
79703	8662	8968
79704	84	4895
79705	8683	11049
79706	8702	9082
79707	173	2403
79708	1200	1371
79709	1211	7701
79710	2862	8398
79711	46	1855
79712	1211	2964
79713	2891	16443
79714	8936	27093
79715	85	11420
79716	85	10131
79717	2932	5208
79718	2938	9521
79719	2941	4683
79720	9157	10437
79721	22	3450
79722	9445	9594
79723	9448	11262
79724	22	251
79725	9385	10309
79726	480	1962
79727	9813	9977
79728	185	5137
79729	1284	5052
79730	1284	6476
79731	10302	11983
79732	11083	17578
79733	1298	2481
79734	1298	5619
79735	3086	12833
79736	3086	4133
79737	10596	11326
79738	10506	13488
79739	3107	22544
79740	3124	12018
79741	3124	9141
79742	3050	11420
79743	510	772
79744	10890	19043
79745	1325	3130
79746	11262	27803
79747	1334	1925
79748	3198	8628
79749	5988	15489
79750	3242	9747
79751	3208	5095
79752	11354	16832
79753	11528	27110
79754	11591	42622
79755	3242	8988
79756	3242	11401
79757	3247	14800
79758	11786	15402
79759	3264	5245
79760	11913	12831
79761	3264	5370
79762	3292	8235
79763	1361	5619
79764	12177	13691
79765	527	10628
79766	12344	12791
79767	12338	12350
79768	3332	12166
79769	12729	23694
79770	1371	10485
79771	12828	17503
79772	3376	8861
79773	539	11896
79774	12895	14986
79775	3376	5170
79776	13197	19259
79777	3389	10714
79778	3398	8673
79779	13468	16620
79780	3450	4675
79781	3426	8233
79782	95	8104
79783	13667	17150
79784	48	5799
79785	3450	5057
79786	3450	9141
79787	48	2844
79788	3450	8861
79789	3451	7609
79790	3451	4991
79791	13937	26774
79792	13952	28843
79793	1425	2090
79794	1425	6177
79795	3465	11835
79796	3470	5371
79797	1428	2881
79798	14615	17663
79799	14615	22926
79800	14946	19354
79801	1445	5080
79802	15168	58190
79803	1445	9082
79804	15544	25832
79805	3583	5567
79806	1453	2558
79807	3660	4338
79808	206	1641
79809	3666	13167
79810	16907	16927
79811	206	4839
79812	1477	2092
79813	17073	17110
79814	1477	15239
79815	1	4708
79816	16975	23735
79817	17701	18835
79818	1478	3138
79819	49	8097
79820	18172	33620
79821	49	5090
79822	18847	20681
79823	18996	22195
79824	1490	2270
79825	19024	19164
79826	1486	5219
79827	1490	11689
79828	20243	22629
79829	585	11702
79830	3882	10185
79831	1508	14021
79832	3882	7669
79833	77386	3454
79834	49	1824
79835	211	4690
79836	1517	5117
79837	595	9737
79838	30585	30587
79839	1521	5600
79840	3954	5715
79841	217	2813
79842	599	7936
79843	599	3025
79844	1521	5186
79845	77360	403
79846	77360	6018
79847	77360	7488
79848	595	2481
79849	77367	7649
79850	77367	6139
79851	77374	6261
79852	77377	5698
79853	77364	394
79854	77381	2486
79855	77376	5006
79856	77392	5064
79857	602	12004
79858	77385	1521
79859	4144	9625
79860	4144	10170
79861	77393	3212
79862	4153	9705
79863	77397	2943
79864	77396	12073
79865	77404	954
79866	77405	4886
79867	77406	5063
79868	1560	10640
79869	77412	5530
79870	77411	2292
79871	77413	8097
79872	77418	5437
79873	4209	12004
79874	77422	4903
79875	77422	77411
79876	220	3459
79877	4209	5595
79878	1567	8370
79879	220	5901
79880	77429	1996
79881	77433	10187
79882	77440	4868
79883	1569	5048
79884	77471	83
79885	77473	151
79886	77480	6361
79887	221	3296
79888	77492	2478
79889	77490	5506
79890	77520	2331
79891	1590	2092
79892	77536	15210
79893	217	7651
79894	77546	1855
79895	77558	1367
79896	77566	93
79897	1594	1829
79898	221	5245
79899	222	10037
79900	4347	8953
79901	77598	8024
79902	77600	5018
79903	77604	5530
79904	77604	8128
79905	77611	4738
79906	225	4671
79907	77655	151
79908	225	2771
79909	225	7651
79910	1608	16037
79911	4398	5284
79912	77738	6127
79913	225	8861
79914	77846	77380
79915	78089	23955
79916	1622	4448
79917	4507	19043
79918	1622	4958
79919	78215	6105
79920	78484	78334
79921	4588	16546
79922	78667	77417
79923	78733	4980
79924	78886	24092
79925	79103	75836
79926	4665	4677
79927	1641	16836
79928	1641	8235
79929	239	1098
79930	4668	7534
79931	4669	6623
79932	4672	5151
79933	4675	8628
79934	4678	9097
79935	4679	4689
79936	251	4986
79937	4680	9316
79938	4690	4805
79939	1667	11782
79940	4688	9099
79941	4689	5080
79942	1670	9998
79943	4689	5198
79944	4675	4882
79945	4695	6261
79946	4695	6019
79947	4695	8293
79948	244	6029
79949	4699	5357
79950	4700	5090
79951	677	22450
79952	4707	7892
79953	4707	5988
79954	4793	6379
79955	4707	5009
79956	1692	10248
79957	1692	7684
79958	4723	16889
79959	4729	4851
79960	0	216
79961	4742	6280
79962	4742	4793
79963	4755	5759
79964	4755	4992
79965	4755	7338
79966	4759	5004
79967	4759	11938
79968	4785	10627
79969	710	2043
79970	710	19329
79971	263	3081
79972	6	20064
79973	56	5422
79974	4808	15163
79975	4808	7936
79976	1751	4986
79977	56	2116
79978	4821	5579
79979	4843	9044
79980	1772	6017
79981	4856	5390
79982	4868	6241
79983	4882	5952
79984	4882	5357
79985	4886	13557
79986	4889	5411
79987	4908	14307
79988	4926	15772
79989	272	15950
79990	119	993
79991	4908	5527
79992	1825	5199
79993	4943	5008
79994	1825	10221
79995	4884	6021
79996	4950	35241
79997	4958	11710
79998	4958	11811
79999	1829	5288
80000	4856	5057
80001	4984	14978
80002	4972	8750
80003	4985	8683
80004	4893	27803
80005	283	5076
80006	769	1962
80007	5000	10976
80008	58	1329
80009	5000	5284
80010	283	6040
80011	5011	5186
80012	1855	5511
80013	772	8319
80014	58	498
80015	5033	5218
80016	1874	5935
80017	5048	5268
80018	5050	8248
80019	5050	13280
80020	1901	2524
80021	290	2610
80022	5075	5867
80023	5088	6051
80024	796	932
80025	796	2076
80026	1925	6017
80027	1924	10289
80028	5102	5114
80029	796	5389
80030	5114	10065
80031	1933	2466
80032	5119	10185
80033	5126	6610
80034	5131	8468
80035	5131	8321
80036	809	9625
80037	1949	4448
80038	5150	5511
80039	5151	8994
80040	1960	7728
80041	318	11029
80042	5163	5165
80043	1970	3378
80044	128	4675
80045	5170	5541
80046	1972	4787
80047	1979	4938
80048	1979	7684
80049	5198	6241
80050	5198	7474
80051	5199	7617
80052	5200	5900
80053	818	5678
80054	818	4116
80055	34	1692
80056	5219	8824
80057	34	5187
80058	5255	8994
80059	5226	8128
80060	5268	10205
80061	5284	9737
80062	5291	5547
80063	131	7844
80064	5294	5306
80065	835	15641
80066	337	2863
80067	5277	5593
80068	2076	18048
80069	5370	8228
80070	2092	5959
80071	2092	5280
80072	5380	9422
80073	5390	25830
80074	5390	10111
80075	2116	7838
80076	5399	5755
80077	5490	7909
80078	5437	8027
80079	5427	8730
80080	5398	11420
80081	5457	10890
80082	2148	8922
80083	5486	12077
80084	5521	8851
80085	5511	12895
80086	871	5375
80087	871	10126
80088	871	10096
80089	5521	10913
80090	5559	10177
80091	356	2810
80092	5593	13280
80093	2216	5065
80094	2216	4153
80095	5594	20507
80096	361	11803
80097	5588	12093
80098	5619	11203
80099	5653	10221
80100	2216	5161
80101	5678	10200
80102	5678	10306
80103	5691	7883
80104	140	1120
80105	2247	12047
80106	5715	8457
80107	2286	7579
80108	5728	9682
80109	5740	6089
80110	66	6951
80111	5759	8861
80112	5770	5839
80113	66	2090
80114	2307	10502
80115	5800	13249
80116	5805	8741
80117	2322	4345
80118	5839	8930
80119	5831	10096
80120	374	9311
80121	5829	26586
80122	5839	8527
80123	5853	15220
80124	5857	6144
80125	938	1653
80126	5900	8730
80127	5900	6081
80128	5906	11528
80129	5910	8861
80130	377	4789
80131	377	5421
80132	377	9385
80133	5925	12152
80134	377	3130
80135	2366	23735
80136	5952	6089
80137	2379	3451
80138	6009	14972
80139	381	7720
80140	6044	10934
80141	6057	9482
80142	2398	10114
80143	381	1979
80144	6108	12193
80145	6116	11413
80146	6120	7711
80147	6120	6656
80148	2431	5729
80149	2431	13647
80150	6116	11769
80151	68	21538
80152	381	8741
80153	6168	10454
80154	6199	7612
80155	394	2490
80156	394	5511
80157	6209	8994
80158	3	15428
80159	6248	10584
80160	6248	9326
80161	2470	10200
80162	2470	6070
80163	6248	14981
80164	6250	8457
80165	6296	17503
80166	1001	2682
80167	149	3847
80168	6339	10614
80169	6395	10093
80170	2481	5161
80171	2481	8673
80172	2481	7649
80173	2482	10596
80174	2482	12131
80175	2486	5076
80176	2489	10248
80177	6602	10436
80178	381	3264
80179	2497	5909
80180	2485	6117
80181	2501	5065
80182	6878	10724
80183	6947	8301
80184	2520	8080
80185	1059	2967
80186	2525	6244
80187	7428	11974
80188	7482	9681
80189	1062	2517
80190	19	2485
80191	2529	12260
80192	2531	4799
80193	7462	9422
80194	7488	11587
80195	2552	4687
80196	157	8261
80197	2562	41562
80198	2562	4948
80199	2492	4844
80200	406	8808
80201	406	5910
80202	2567	2811
80203	2567	4723
80204	406	8735
80205	7673	14988
80206	7706	8026
80207	2571	4930
80208	7701	11175
80209	1091	1444
80210	2610	9793
80211	7838	13193
80212	1114	22900
80213	2733	7109
80214	8080	11413
80215	2771	7338
80216	2775	5691
80217	8182	9697
80218	8248	10656
80219	20	5205
80220	3130	7469
80221	2784	2788
80222	2784	11268
80223	1124	32446
80224	1142	15544
80225	8286	9837
80226	8228	13956
80227	2781	11782
80228	8288	14986
80229	2803	5186
80230	2803	4759
80231	8325	10622
80232	8314	27093
80233	2809	12231
80234	8322	11632
80235	2811	5490
80236	434	8529
80237	2813	7994
80238	8406	8409
80239	2833	2839
80240	8508	11730
80241	8508	11782
80242	8566	8824
80243	8566	8912
80244	2862	5464
80245	2863	6225
80246	8657	13277
80247	8692	13610
80248	8735	9705
80249	8808	15163
80250	8824	11751
80251	8785	27276
80252	8808	14821
80253	46	185
80254	2881	9977
80255	1211	16879
80256	2892	5065
80257	175	4802
80258	46	5187
80259	8877	23279
80260	2920	3330
80261	2921	19164
80262	461	2242
80263	2926	7579
80264	9000	13937
80265	2932	5902
80266	9044	11324
80267	2933	15902
80268	9090	10361
80269	1230	15896
80270	1238	16444
80271	9099	26999
80272	9141	11420
80273	9158	9627
80274	9311	18351
80275	9521	16444
80276	9626	27089
80277	184	510
80278	3000	4963
80279	1273	10440
80280	1273	9160
80281	185	5691
80282	9977	10491
80283	10088	34468
80284	3038	8763
80285	10113	13997
80286	498	5398
80287	1284	4856
80288	10158	21363
80289	498	7844
80290	3057	9885
80291	3061	5678
80292	10374	11202
80293	3086	6337
80294	1298	5600
80295	3086	8657
80296	10449	19395
80297	91	1829
80298	1310	8061
80299	1315	2497
80300	508	559
80301	3125	4255
80302	510	5759
80303	3130	8781
80304	11299	14891
80305	1648	2578
80306	35066	35068
80307	192	5034
80308	192	5163
80309	1337	1371
80310	3212	10153
80311	11545	19336
80312	11614	12671
80313	3242	5269
80314	3242	13538
80315	3242	5080
80316	3247	5155
80317	523	5431
80318	3247	4904
80319	11824	18491
80320	3263	5208
80321	3264	6089
80322	527	7892
80323	11896	16969
80324	11913	30583
80325	527	2092
80326	11948	20384
80327	3284	5973
80328	1361	4943
80329	12093	12983
80330	3282	17696
80331	1361	19288
80332	12166	17539
80333	12118	12144
80334	12174	15413
80335	1363	15896
80336	527	1768
80337	1363	7430
80338	47	546
80339	12272	15239
80340	3292	7469
80341	12424	21194
80342	3341	5281
80343	3341	4448
80344	3348	7609
80345	12671	15902
80346	3350	8755
80347	3354	5231
80348	3362	5199
80349	1371	7811
80350	12895	16879
80351	3372	4813
80352	3376	8489
80353	532	1712
80354	3376	10204
80355	3378	5374
80356	13249	28597
80357	195	4793
80358	3386	8468
80359	1386	10925
80360	13280	29845
80361	13130	27089
80362	1386	7883
80363	13230	18744
80364	13318	32040
80365	13404	22195
80366	3376	5031
80367	198	1478
80368	3403	5150
80369	198	5187
80370	13466	14972
80371	13319	20815
80372	3426	7497
80373	48	11751
80374	3450	7617
80375	3433	4672
80376	3434	6241
80377	13679	13689
80378	3436	6209
80379	3439	9338
80380	546	4756
80381	3439	5011
80382	3439	14668
80383	3439	5984
80384	13748	13952
80385	3450	5703
80386	3450	5443
80387	3450	4282
80388	13933	19433
80389	3451	8242
80390	3451	13365
80391	3451	3454
80392	1424	2470
80393	97	4756
80394	14069	35241
80395	1426	5568
80396	1428	8247
80397	1428	5958
80398	3470	8235
80399	1428	9977
80400	1425	1603
80401	3482	11913
80402	14577	15817
80403	3482	10427
80404	14821	35131
80405	14821	14981
80406	14821	14978
80407	14946	20243
80408	14988	25832
80409	14999	15519
80410	205	13053
80411	48	9798
80412	205	374
80413	205	7669
80414	15551	19080
80415	3583	9889
80416	565	4894
80417	3583	9727
80418	1454	4116
80419	15957	17815
80420	565	8628
80421	1454	7828
80422	1454	20681
80423	1454	15003
80424	16071	16845
80425	1456	14307
80426	16197	63030
80427	565	8104
80428	3662	9099
80429	1464	7684
80430	16770	18890
80431	3662	12671
80432	1477	9778
80433	3672	4700
80434	1477	3451
80435	1477	12878
80436	3717	9798
80437	1478	4522
80438	17546	20478
80439	17675	18920
80440	17800	18768
80441	16899	18475
80442	18177	48028
80443	1486	13956
80444	18744	37549
80445	18835	35131
80446	3766	5770
80447	19380	24589
80448	19979	29335
80449	103	2056
80450	20501	20506
80451	20851	28685
80452	3847	9567
80453	23538	65712
80454	23938	41562
80455	19024	23694
80456	3882	10088
80457	3882	8248
80458	31820	31905
80459	32570	32572
80460	33210	71360
80461	215	6115
80462	36961	57947
80463	3954	6489
80464	39433	60682
80465	48047	48048
80466	216	2286
80467	54673	62267
80468	3977	14069
80469	56792	56794
80470	1532	2535
80471	1535	4694
80472	4009	30751
80473	595	2803
80474	71242	71243
80475	4038	4040
80476	77360	34
80477	4040	5008
80478	1538	2358
80479	217	4899
80480	77362	8319
80481	77360	8468
80482	77368	2478
80483	77364	11938
80484	77369	2571
80485	77365	8991
80486	77377	3242
80487	1549	7742
80488	1549	7723
80489	77372	1874
80490	77379	7864
80491	77382	1219
80492	602	11614
80493	1553	1870
80494	77382	7462
80495	1553	4956
80496	1553	11353
80497	77389	10934
80498	77390	5906
80499	77394	3076
80500	77403	5186
80501	220	377
80502	77416	3104
80503	77417	5120
80504	220	5421
80505	77397	403
80506	77423	5192
80507	220	2850
80508	77430	2286
80509	220	8404
80510	77432	2813
80511	77437	397
80512	77444	77377
80513	77448	5265
80514	77452	9429
80515	77453	6132
80516	77464	1953
80517	77467	3249
80518	77467	4991
80519	77452	2964
80520	77476	5137
80521	4260	39704
80522	629	7909
80523	629	7430
80524	222	228
80525	77535	5397
80526	4282	8404
80527	4338	36763
80528	4338	34785
80529	631	4690
80530	4345	26774
80531	77583	8133
80532	4347	9526
80533	4347	10622
80534	77587	5538
80535	4350	7828
80536	4350	5065
80537	4350	11010
80538	14	1428
80539	4351	8808
80540	225	5057
80541	77659	12026
80542	225	3450
80543	77670	77472
80544	225	2266
80545	225	1692
80546	77696	6146
80547	77702	5163
80548	77763	9482
80549	4406	4958
80550	77793	2400
80551	1620	9727
80552	77844	12134
80553	4448	5198
80554	4448	9798
80555	111	190
80556	4452	21231
80557	4448	10724
80558	111	2730
80559	4507	15402
80560	1622	2611
80561	645	13735
80562	1622	19354
80563	1635	5753
80564	78262	11545
80565	4554	17150
80566	4557	9016
80567	4610	5245
80568	79143	16614
80569	79151	78689
80570	79166	7596
80571	4616	16700
80572	79922	253
80573	4664	4855
80574	1641	2431
80575	4669	5698
80576	4669	4747
80577	4669	9842
80578	4671	18243
80579	662	826
80580	4675	8741
80581	1660	6018
80582	4678	4736
80583	4679	10204
80584	4679	4854
80585	4679	4894
80586	243	918
80587	4680	5443
80588	4678	8445
80589	4689	8766
80590	4690	5574
80591	4690	5301
80592	4690	5627
80593	4690	4808
80594	243	8928
80595	671	8445
80596	4695	5014
80597	4697	7462
80598	4697	9311
80599	244	7872
80600	4698	6209
80601	4675	4884
80602	1683	12304
80603	4699	5131
80604	4699	5170
80605	4700	9157
80606	4707	5119
80607	677	35238
80608	1692	9247
80609	4713	4805
80610	251	3022
80611	4732	4799
80612	4736	17503
80613	699	14999
80614	77369	408
80615	699	3093
80616	4762	9677
80617	4759	5542
80618	115	6296
80619	4785	7841
80620	4777	8510
80621	4777	4926
80622	1729	4991
80623	4787	5199
80624	4787	5421
80625	4787	5284
80626	4787	22133
80627	263	1059
80628	710	1590
80629	4793	10289
80630	263	3469
80631	1751	5579
80632	4808	9885
80633	1751	3651
80634	715	2730
80635	1751	13624
80636	4814	20718
80637	4826	8912
80638	265	645
80639	4843	13937
80640	4851	13867
80641	4850	8104
80642	1769	4554
80643	4852	5014
80644	4852	5739
80645	4856	11262
80646	1772	1925
80647	1772	2350
80648	4852	5151
80649	4882	7469
80650	267	13130
80651	4884	11322
80652	4886	9998
80653	4885	4901
80654	4887	11507
80655	1790	2358
80656	4891	13579
80657	1801	2481
80658	1801	5048
80659	4899	6241
80660	737	5579
80661	737	13319
80662	4909	7384
80663	4882	6241
80664	4917	24592
80665	4920	8242
80666	4916	5471
80667	272	1925
80668	4926	15902
80669	4930	6602
80670	4936	4972
80671	4939	5752
80672	4943	5690
80673	1825	33322
80674	281	377
80675	281	3042
80676	1826	22195
80677	1826	5212
80678	1829	19080
80679	4972	5357
80680	1839	7778
80681	4992	11175
80682	4992	12858
80683	4997	19329
80684	769	2128
80685	1846	23694
80686	58	5900
80687	5008	7497
80688	5025	8741
80689	283	15514
80690	5030	10568
80691	779	10506
80692	779	5297
80693	5035	7694
80694	1874	3806
80695	122	434
80696	5036	5142
80697	5048	8662
80698	5009	15069
80699	1890	2611
80700	5057	8293
80701	58	8381
80702	1933	18782
80703	5100	12118
80704	5095	6139
80705	5102	8953
80706	1925	6177
80707	5103	7742
80708	5107	5357
80709	5107	8988
80710	125	9889
80711	5119	8628
80712	125	4522
80713	5121	8861
80714	5122	8457
80715	1933	7620
80716	5137	6706
80717	1962	6039
80718	59	8261
80719	5150	5770
80720	5150	6139
80721	5150	13365
80722	5151	5759
80723	809	3940
80724	1962	10078
80725	809	18491
80726	1962	3426
80727	318	5564
80728	320	2476
80729	318	23263
80730	1970	2803
80731	1970	6168
80732	128	6352
80733	1972	6286
80734	1979	4698
80735	5195	5448
80736	812	2563
80737	814	9885
80738	5199	8240
80739	1997	14069
80740	5199	11934
80741	5200	12858
80742	5200	8912
80743	5200	7455
80744	5198	8861
80745	324	932
80746	34	4963
80747	5245	7462
80748	5219	12895
80749	5219	15660
80750	5245	8628
80751	34	7669
80752	2031	28953
80753	826	1751
80754	2031	5271
80755	5272	9352
80756	5269	9179
80757	829	1621
80758	34	8242
80759	5280	7743
80760	5282	6070
80761	5290	6189
80762	835	918
80763	2062	5579
80764	2076	8991
80765	2076	13544
80766	2056	5064
80767	2079	5579
80768	5340	10412
80769	840	4667
80770	5370	12260
80771	5374	7609
80772	5390	8258
80773	5390	13954
80774	340	2379
80775	2116	8508
80776	2116	5511
80777	5411	8457
80778	5421	21680
80779	34	2771
80780	858	13836
80781	5448	7474
80782	5520	6125
80783	5444	7733
80784	5457	9013
80785	5490	7828
80786	5511	11420
80787	5516	7851
80788	871	8015
80789	871	6623
80790	5521	8518
80791	2181	5662
80792	2184	10268
80793	137	2090
80794	2184	2466
80795	5527	10724
80796	5547	6280
80797	5546	14987
80798	5547	6017
80799	5549	11811
80800	137	2659
80801	5549	10289
80802	5549	10506
80803	137	2092
80804	5574	11811
80805	5568	5722
80806	5569	5574
80807	878	1612
80808	356	4843
80809	5579	11123
80810	883	5049
80811	17	143
80812	5593	10153
80813	2216	2788
80814	5594	16546
80815	5601	11786
80816	5630	16443
80817	5635	6168
80818	5642	13249
80819	140	2230
80820	5691	5698
80821	5692	11333
80822	5740	5870
80823	2275	8248
80824	5722	11699
80825	918	11811
80826	2286	5958
80827	5740	15522
80828	5740	15641
80829	5755	5831
80830	5755	26766
80831	2307	16969
80832	374	1091
80833	5819	5840
80834	2322	18996
80835	5770	9179
80836	374	13735
80837	2334	2721
80838	5853	8912
80839	143	5016
80840	5865	15543
80841	5867	6199
80842	5871	7851
80843	376	2810
80844	2350	5471
80845	5900	7462
80846	376	19388
80847	5902	30062
80848	5906	11653
80849	5909	8544
80850	143	1059
80851	2358	5899
80852	5922	8489
80853	5902	9465
80854	5900	6139
80855	377	5457
80856	5952	7994
80857	377	21680
80858	951	6102
80859	2371	2794
80860	2374	2526
80861	2379	3057
80862	954	4366
80863	6019	6070
80864	2398	6199
80865	2398	8097
80866	6051	9097
80867	2398	5739
80868	6089	10200
80869	6096	9338
80870	2425	9074
80871	2431	6878
80872	6127	18511
80873	6129	12931
80874	6108	8097
80875	6139	7649
80876	6139	19293
80877	6144	8880
80878	6139	7651
80879	6150	9441
80880	394	5090
80881	6189	12304
80882	6189	11175
80883	6199	9412
80884	6199	15762
80885	2450	8382
80886	6194	9806
80887	2450	13942
80888	394	1826
80889	394	7669
80890	394	5715
80891	6232	10177
80892	6248	12828
80893	2470	6476
80894	2470	10096
80895	2474	5890
80896	2474	11371
80897	2481	4899
80898	2476	5117
80899	6337	9655
80900	2481	6232
80901	6354	9044
80902	2485	5511
80903	6476	7883
80904	2490	6057
80905	2492	5186
80906	2492	8261
80907	6602	19395
80908	2492	11163
80909	398	1925
80910	6623	7579
80911	151	3104
80912	398	6103
80913	2496	7744
80914	2497	4904
80915	2499	5840
80916	2497	5226
80917	2505	10221
80918	2507	40116
80919	7109	14986
80920	2519	4907
80921	7015	9542
80922	2524	6361
80923	2527	7729
80924	403	2481
80925	2535	2836
80926	2511	5186
80927	2539	5050
80928	2539	3459
80929	2539	15988
80930	2539	5103
80931	157	1603
80932	7617	8629
80933	406	10449
80934	7441	8988
80935	2531	5664
80936	7651	13557
80937	7579	9886
80938	7670	30751
80939	7673	25369
80940	7680	8352
80941	2571	4807
80942	7693	7728
80943	408	4854
80944	7681	10306
80945	7713	7802
80946	2593	10131
80947	7742	8527
80948	2611	7740
80949	1098	5547
80950	160	1090
80951	2669	7473
80952	1108	2842
80953	2692	13567
80954	416	4742
80955	416	1329
80956	7892	10096
80957	7892	11123
80958	416	10289
80959	8	4985
80960	416	6009
80961	416	30751
80962	7965	11268
80963	1120	17578
80964	1120	1478
80965	7974	10485
80966	8104	11751
80967	2932	17929
80968	2757	8434
80969	8015	10065
80970	1120	10803
80971	2766	5664
80972	2771	7673
80973	1122	23004
80974	2774	4107
80975	2778	3081
80976	2778	8318
80977	2780	11402
80978	2781	14978
80979	20	5198
80980	8247	10900
80981	2788	5065
80982	2789	5291
80983	8267	9565
80984	2803	5922
80985	2803	11049
80986	8314	13501
80987	8322	8628
80988	83	7731
80989	2811	5107
80990	8348	14999
80991	8382	15844
80992	8393	17811
80993	8432	13647
80994	1165	9082
80995	2827	2832
80996	2813	4665
80997	1165	2775
80998	2833	4963
80999	2836	7669
81000	441	10365
81001	441	32040
81002	2840	5559
81003	1183	2573
81004	2844	6500
81005	8603	10201
81006	8623	8857
81007	2863	4664
81008	8647	9944
81009	8657	11262
81010	8657	10374
81011	2863	3376
81012	8673	8890
81013	175	2481
81014	175	403
81015	8781	10513
81016	8799	11935
81017	175	2844
81018	1211	7738
81019	2892	2942
81020	46	5131
81021	1219	10269
81022	2920	17815
81023	8936	17578
81024	2921	3038
81025	1220	2400
81026	9012	9114
81027	2932	8432
81028	9037	11322
81029	177	1824
81030	2937	38414
81031	2938	11913
81032	9157	11308
81033	85	11811
81034	9234	15349
81035	9287	20220
81036	9293	11083
81037	9326	10437
81038	1254	12050
81039	9326	12833
81040	2966	4813
81041	9635	15239
81042	1256	4144
81043	9521	13615
81044	9522	9555
81045	9627	10083
81046	2990	6209
81047	9697	10185
81048	9766	10527
81049	9806	11841
81050	1273	3376
81051	3009	4821
81052	3009	4543
81053	9837	10976
81054	1273	6102
81055	9885	15002
81056	9876	15817
81057	9940	9945
81058	22	4398
81059	3025	19648
81060	3037	13167
81061	1280	5600
81062	1280	23912
81063	88	9931
81064	3037	3095
81065	10100	31449
81066	498	5199
81067	10159	10845
81068	498	2481
81069	498	9000
81070	22	8702
81071	10185	11083
81072	10204	11934
81073	498	6602
81074	22	5370
81075	3050	16443
81076	10269	20681
81077	3057	13130
81078	1298	1490
81079	3076	26688
81080	3081	9000
81081	3084	13953
81082	10440	13624
81083	1302	13594
81084	91	8288
81085	10628	15641
81086	10724	17150
81087	3111	20352
81088	3130	5050
81089	190	13956
81090	3138	9974
81091	11057	31050
81092	11083	11752
81093	3138	5568
81094	510	6354
81095	3152	5284
81096	11128	33880
81097	3155	4762
81098	11163	11239
81099	1334	2781
81100	189	1371
81101	93	5139
81102	191	389
81103	11333	23586
81104	4785	51594
81105	3201	3348
81106	3201	10146
81107	0	15
81108	3208	7473
81109	1337	2189
81110	3212	5122
81111	11484	17851
81112	3208	5136
81113	3212	5953
81114	11510	11532
81115	11528	16814
81116	3212	10248
81117	11542	11587
81118	11577	11770
81119	11614	21194
81120	3242	5900
81121	11699	12166
81122	523	4756
81123	523	5894
81124	3245	4552
81125	11736	26867
81126	11751	11782
81127	11748	32823
81128	1348	1641
81129	1348	3519
81130	11786	19080
81131	3254	4807
81132	526	7609
81133	1355	10941
81134	3258	10407
81135	11824	16805
81136	3264	5161
81137	11913	20243
81138	12004	18847
81139	12004	24832
81140	11996	13952
81141	11983	16444
81142	3277	3292
81143	3277	4852
81144	1361	8352
81145	12079	20998
81146	3292	10491
81147	1361	3108
81148	12166	19395
81149	1363	20507
81150	1364	2475
81151	12260	17150
81152	5530	9950
81153	539	4762
81154	3330	23694
81155	3330	8963
81156	1367	12549
81157	12729	14844
81158	12592	13280
81159	12826	13249
81160	1371	7740
81161	3341	9412
81162	12826	15402
81163	3350	5349
81164	3352	10309
81165	1371	4808
81166	12831	17806
81167	3354	9522
81168	1371	18555
81169	3362	5280
81170	3362	9889
81171	3362	5930
81172	12913	12962
81173	12231	12956
81174	13095	28843
81175	3376	7462
81176	3378	5752
81177	13244	15239
81178	3378	5973
81179	1386	8242
81180	3386	8242
81181	540	3076
81182	13280	19134
81183	3398	8468
81184	13319	27110
81185	1386	12012
81186	3401	8318
81187	198	4805
81188	3426	4347
81189	3422	5678
81190	3426	4930
81191	3426	4679
81192	13624	15957
81193	13626	60458
81194	546	5226
81195	13673	14593
81196	3436	7609
81197	3439	5703
81198	546	5280
81199	3439	5349
81200	3439	4664
81201	546	5102
81202	13756	17815
81203	3450	9158
81204	3450	5090
81205	3450	12111
81206	1415	6839
81207	1419	16928
81208	3451	5212
81209	3451	5421
81210	13901	13902
81211	3451	10158
81212	3451	7459
81213	13941	17696
81214	13953	20381
81215	1425	11262
81216	3459	5906
81217	14020	19043
81218	14021	20814
81219	14021	19045
81220	550	10374
81221	3462	5014
81222	48	5703
81223	1426	5574
81224	14069	22544
81225	3469	9783
81226	3470	12413
81227	23	13667
81228	1428	16257
81229	14307	22136
81230	3482	8861
81231	14599	15172
81232	14615	14821
81233	3492	5984
81234	14827	27667
81235	3493	25090
81236	3493	7620
81237	557	2470
81238	1440	2481
81239	3493	19024
81240	3515	13475
81241	14972	14976
81242	99	4280
81243	710	2116
81244	14999	23586
81245	205	2629
81246	205	7704
81247	15003	19354
81248	3538	15878
81249	3538	5752
81250	205	5902
81251	1444	31217
81252	15163	18653
81253	99	5349
81254	1445	10153
81255	15543	23411
81256	15546	20064
81257	205	9727
81258	3583	6296
81259	15642	29129
81260	15660	15711
81261	3583	22195
81262	3583	14020
81263	565	4856
81264	565	8730
81265	15772	20681
81266	15825	36506
81267	16084	16092
81268	16186	18461
81269	16247	16274
81270	16335	16406
81271	16442	25090
81272	16444	20243
81273	16546	19043
81274	16546	27110
81275	1464	11354
81276	206	5619
81277	16876	22013
81278	3672	8912
81279	16957	17539
81280	16836	30795
81281	17029	22629
81282	3717	10340
81283	3717	8822
81284	3717	4909
81285	17541	17543
81286	17578	24951
81287	17494	18172
81288	17696	20878
81289	17761	17762
81290	17815	18744
81291	3735	4009
81292	1485	8319
81293	1486	2096
81294	3747	21538
81295	3747	4038
81296	18768	19043
81297	18782	35131
81298	19259	23263
81299	1490	16959
81300	19354	28685
81301	4038	35238
81302	19535	24832
81303	49	2505
81304	103	113
81305	77360	2490
81306	1495	8444
81307	3847	11811
81308	22507	29466
81309	22629	34468
81310	23357	35241
81311	1508	2374
81312	23565	23585
81313	23832	57947
81314	3882	5170
81315	3882	5107
81316	23413	27089
81317	3882	6232
81318	25696	30204
81319	26688	26801
81320	103	10696
81321	27276	53481
81322	595	1608
81323	3912	5072
81324	29446	40711
81325	29979	30928
81326	30105	45322
81327	30414	30416
81328	1521	5187
81329	1521	9543
81330	1521	1567
81331	595	8235
81332	1521	19021
81333	32369	46957
81334	48045	48046
81335	35128	35135
81336	35417	58190
81337	34468	35238
81338	36961	38414
81339	1523	2481
81340	49	7892
81341	3954	8994
81342	43726	44548
81343	25	2682
81344	44087	73861
81345	47958	49208
81346	49430	51127
81347	50315	54607
81348	56563	62988
81349	215	5513
81350	60223	60224
81351	4038	13319
81352	1535	6339
81353	77360	4668
81354	77360	7482
81355	4038	30795
81356	4038	40680
81357	4040	11913
81358	77361	7712
81359	77362	175
81360	77362	4762
81361	1635	2926
81362	77369	2535
81363	217	5994
81364	77366	6080
81365	710	4821
81366	77371	12047
81367	77372	46
81368	77373	77369
81369	77374	9787
81370	4116	24356
81371	77365	7469
81372	4125	12131
81373	602	14069
81374	4125	5753
81375	1553	2159
81376	77383	5041
81377	1553	13735
81378	77384	175
81379	77385	77382
81380	77387	7736
81381	77388	12166
81382	77391	4668
81383	77393	6155
81384	4153	4729
81385	4153	14307
81386	4153	4699
81387	77397	0
81388	77398	2493
81389	77402	77370
81390	4174	9727
81391	77403	8397
81392	4174	5288
81393	77407	5900
81394	77407	4884
81395	77408	7649
81396	1560	5722
81397	1560	5691
81398	77410	1275
81399	77413	11239
81400	4201	19164
81401	1560	8434
81402	77424	6065
81403	77426	12833
81404	77425	17
81405	4217	9982
81406	1567	5946
81407	1567	3807
81408	77430	5198
81409	77430	5231
81410	220	1641
81411	1567	3128
81412	77439	12963
81413	220	8494
81414	1569	5117
81415	77446	6146
81416	77447	7740
81417	77451	10750
81418	77451	9957
81419	4240	5627
81420	77454	6127
81421	1571	32510
81422	77463	5550
81423	1571	4808
81424	4257	19395
81425	4257	47026
81426	77470	17
81427	1573	12729
81428	4282	17663
81429	77494	11689
81430	77497	13365
81431	4282	19164
81432	4282	26656
81433	77510	5494
81434	629	11769
81435	77513	2562
81436	77513	8953
81437	77517	4887
81438	77514	1622
81439	77542	4855
81440	629	1198
81441	4338	9982
81442	77560	14844
81443	4345	4726
81444	77572	6117
81445	4347	7517
81446	77599	13567
81447	4351	9141
81448	77603	5315
81449	77616	15783
81450	77610	9247
81451	1603	5195
81452	4372	13953
81453	225	2482
81454	77661	12220
81455	225	5972
81456	4382	5759
81457	77681	12073
81458	4397	8697
81459	77731	12062
81460	77737	1699
81461	4406	10890
81462	77772	77470
81463	14	11699
81464	225	11061
81465	1613	7651
81466	4448	4963
81467	225	10374
81468	77848	2425
81469	1620	3108
81470	77942	77675
81471	77994	3362
81472	4486	12012
81473	78080	8398
81474	1622	2507
81475	1622	5770
81476	111	10622
81477	4522	5050
81478	4522	14764
81479	78185	8639
81480	4554	4675
81481	4523	7742
81482	78386	1292
81483	78420	8408
81484	4543	4954
81485	78504	52849
81486	225	498
81487	4557	12260
81488	4557	7844
81489	227	4759
81490	227	8477
81491	1635	5245
81492	111	9284
81493	1635	11342
81494	4610	5009
81495	4616	5985
81496	4616	5189
81497	656	4884
81498	79925	74087
81499	80447	24583
81500	80572	79863
81501	1641	5057
81502	81234	8184
81503	4664	6866
81504	4664	10656
81505	1641	10306
81506	239	2571
81507	4665	6102
81508	1641	5095
81509	4669	5205
81510	4669	5357
81511	4672	11324
81512	4669	10153
81513	4675	8254
81514	4668	4675
81515	4675	4899
81516	4675	4679
81517	4675	7994
81518	1660	5000
81519	4698	9592
81520	4678	8432
81521	4679	5103
81522	4679	9614
81523	1667	4040
81524	4680	5205
81525	4683	11324
81526	4687	9321
81527	4683	10307
81528	1667	5752
81529	1667	8963
81530	243	5284
81531	4690	10582
81532	243	4009
81533	4690	5212
81534	1670	4698
81535	1670	9813
81536	4694	11460
81537	4698	11123
81538	4690	8299
81539	4695	7711
81540	4695	6339
81541	4697	5691
81542	4697	10772
81543	671	17516
81544	31	1091
81545	1683	10454
81546	4699	19983
81547	4700	6951
81548	4707	5050
81549	677	9047
81550	677	7847
81551	4707	11115
81552	1692	17029
81553	4708	8766
81554	4713	14988
81555	4723	8104
81556	4723	5819
81557	4729	4730
81558	4727	28052
81559	4736	10609
81560	4735	4752
81561	4738	19288
81562	4747	5161
81563	4729	5195
81564	699	710
81565	4755	12093
81566	4747	8338
81567	4755	4787
81568	115	7811
81569	56	10584
81570	4762	4772
81571	4762	4837
81572	4777	18491
81573	115	12304
81574	1729	5600
81575	1729	8322
81576	14	2891
81577	4787	10737
81578	4787	9284
81579	4789	14939
81580	1730	13953
81581	4789	8861
81582	4793	5526
81583	4795	7841
81584	1744	6348
81585	4807	11165
81586	4806	14285
81587	4807	4844
81588	4807	12172
81589	4807	10449
81590	4808	5057
81591	263	9982
81592	4799	22385
81593	4813	13926
81594	4821	12008
81595	4821	5600
81596	4826	4997
81597	4828	5131
81598	56	20220
81599	6	6337
81600	265	381
81601	4843	8936
81602	4844	6337
81603	1751	4802
81604	4844	15507
81605	265	4127
81606	4850	5288
81607	1751	18890
81608	1768	6615
81609	4851	4903
81610	725	21421
81611	4852	5835
81612	4853	9284
81613	1772	2571
81614	1779	30795
81615	4875	8396
81616	4879	12214
81617	4884	5958
81618	32	9465
81619	4884	7789
81620	4884	10513
81621	4889	11587
81622	267	16975
81623	4896	11108
81624	737	2831
81625	4930	5398
81626	4903	5316
81627	4903	12118
81628	1801	5187
81629	4915	5588
81630	4929	16504
81631	1823	8491
81632	119	175
81633	1824	4729
81634	4936	10309
81635	4941	5421
81636	1825	5289
81637	1825	3806
81638	281	360
81639	4950	14069
81640	281	2892
81641	4951	6281
81642	4967	16200
81643	4926	20681
81644	4967	12135
81645	4967	8994
81646	4972	5448
81647	4985	7701
81648	4984	11811
81649	4986	9016
81650	1837	2380
81651	58	11125
81652	4990	5546
81653	4990	5114
81654	4991	10159
81655	283	10596
81656	4991	8182
81657	1846	12383
81658	283	3726
81659	5002	10200
81660	283	8233
81661	5004	8912
81662	5006	7698
81663	1855	2842
81664	283	3470
81665	1855	7720
81666	5004	12592
81667	5011	6209
81668	5018	8079
81669	5018	5065
81670	5053	5126
81671	5014	7173
81672	1870	5516
81673	1870	7687
81674	5025	11177
81675	1874	5187
81676	1874	4234
81677	1874	5743
81678	779	4680
81679	284	7455
81680	5042	9681
81681	5050	5107
81682	5050	8857
81683	5052	5174
81684	58	313
81685	5057	8912
81686	5057	8930
81687	5057	9786
81688	5060	5137
81689	1900	11716
81690	58	8993
81691	5068	5792
81692	5064	7718
81693	1901	6706
81694	5065	5397
81695	793	12345
81696	794	6168
81697	794	4522
81698	5080	5151
81699	5076	5378
81700	290	6839
81701	5088	10437
81702	5090	5161
81703	125	1329
81704	796	2400
81705	5090	10775
81706	796	3125
81707	5095	15428
81708	796	9311
81709	1924	12828
81710	5126	7482
81711	796	835
81712	5107	5490
81713	5107	7609
81714	1926	4914
81715	5114	11862
81716	1933	8928
81717	5119	15934
81718	799	3212
81719	799	4793
81720	5120	5199
81721	1933	9625
81722	1936	7863
81723	1941	2322
81724	5126	8267
81725	59	6656
81726	5142	5421
81727	1960	1980
81728	5151	7625
81729	809	1426
81730	318	40116
81731	5168	7669
81732	1970	2942
81733	1970	5136
81734	5168	11996
81735	5170	7649
81736	5170	9757
81737	5170	5398
81738	5170	6146
81739	1972	6199
81740	1972	11354
81741	5179	5245
81742	5186	6190
81743	1979	8492
81744	59	5374
81745	128	1824
81746	1979	5405
81747	5187	5289
81748	5187	7620
81749	5189	5733
81750	5195	9798
81751	5196	9747
81752	5196	17043
81753	5196	10427
81754	1979	3094
81755	5198	16504
81756	5198	9522
81757	5199	8133
81758	5199	14800
81759	128	9672
81760	1997	18281
81761	5200	6261
81762	1999	7832
81763	5212	10289
81764	5207	5210
81765	818	10070
81766	2001	7860
81767	5208	17929
81768	5200	5890
81769	5200	14891
81770	5226	5471
81771	34	7109
81772	2015	3081
81773	5241	7469
81774	5245	33026
81775	5245	15326
81776	5245	6139
81777	5255	15817
81778	34	2350
81779	826	6033
81780	5269	8657
81781	5219	5902
81782	131	4808
81783	5280	8048
81784	5245	6144
81785	5284	6209
81786	5284	8228
81787	5284	6195
81788	5289	9739
81789	5289	13956
81790	131	5827
81791	5290	15586
81792	337	2270
81793	2062	15002
81794	5292	9705
81795	337	361
81796	337	2366
81797	835	2031
81798	5297	13643
81799	835	4209
81800	8	574
81801	34	13095
81802	5318	8337
81803	835	6296
81804	5325	27803
81805	5325	7265
81806	132	5378
81807	2076	2811
81808	5343	5378
81809	5349	6144
81810	5349	9844
81811	5371	5899
81812	5357	9338
81813	5357	5532
81814	5370	5739
81815	5371	10438
81816	2092	14988
81817	5375	15641
81818	5378	16144
81819	5380	5906
81820	5384	5579
81821	5384	11030
81822	5398	7517
81823	2119	4540
81824	5411	8628
81825	5421	17259
81826	5421	5722
81827	5421	8209
81828	5422	14021
81829	858	5006
81830	135	8311
81831	5457	26774
81832	135	4802
81833	135	58190
81834	5482	5827
81835	5492	5527
81836	2159	5375
81837	349	3482
81838	5514	5521
81839	2176	11560
81840	871	5532
81841	2176	27093
81842	5521	8337
81843	871	5698
81844	5520	12074
81845	2184	2497
81846	5527	16959
81847	2184	18693
81848	871	7681
81849	5532	11614
81850	5532	5840
81851	5532	10088
81852	5542	7473
81853	5546	7841
81854	2194	7731
81855	5542	6489
81856	2197	11124
81857	5564	5722
81858	356	1256
81859	5569	10582
81860	5574	10976
81861	2207	6248
81862	2208	10824
81863	2208	9082
81864	5579	35241
81865	65	1280
81866	17	4715
81867	5593	11472
81868	2216	3043
81869	2216	11036
81870	2216	11353
81871	883	4868
81872	5594	13501
81873	361	381
81874	361	1999
81875	5600	11460
81876	5601	11125
81877	5601	16071
81878	5602	9668
81879	2223	13197
81880	5601	11123
81881	5614	8529
81882	5619	12134
81883	5627	6248
81884	5635	12895
81885	5653	14846
81886	5678	8928
81887	5255	9422
81888	5678	14764
81889	5691	8695
81890	5691	8220
81891	140	1901
81892	5692	8293
81893	5703	10440
81894	5715	7534
81895	368	8808
81896	3	3264
81897	5720	15725
81898	66	171
81899	2286	8228
81900	368	15939
81901	5753	18340
81902	5759	10248
81903	918	2092
81904	918	4943
81905	5795	10412
81906	2297	2315
81907	918	13230
81908	2299	6286
81909	66	1120
81910	5783	5995
81911	2307	2602
81912	6364	8141
81913	5795	8314
81914	5795	19043
81915	5799	7669
81916	5816	7872
81917	2322	5569
81918	5819	11262
81919	5715	10323
81920	2322	10637
81921	5827	26688
81922	5829	15732
81923	5837	6070
81924	5839	10824
81925	2331	6051
81926	66	5297
81927	374	25075
81928	5853	13130
81929	5853	15543
81930	143	5150
81931	5857	11258
81932	5870	10082
81933	2350	7441
81934	5853	7669
81935	5900	6301
81936	2350	20042
81937	5901	8489
81938	5902	11298
81939	5906	9326
81940	5910	12105
81941	143	4697
81942	377	5179
81943	377	3009
81944	2366	14972
81945	2366	2470
81946	2366	6329
81947	2366	2431
81948	5930	6051
81949	377	19164
81950	2371	4793
81951	2371	5490
81952	2371	5482
81953	2371	23674
81954	5986	9460
81955	5988	8352
81956	2379	6767
81957	6009	9293
81958	6017	8660
81959	6017	10976
81960	6033	10496
81961	6047	7651
81962	381	6489
81963	6089	10185
81964	6070	8489
81965	6089	8404
81966	6089	8325
81967	6093	7720
81968	6093	9316
81969	2425	11371
81970	6109	6118
81971	6111	9068
81972	381	17811
81973	2425	5490
81974	6115	11974
81975	2470	5930
81976	6139	9604
81977	68	281
81978	6139	8930
81979	2425	6033
81980	2437	6139
81981	2437	5208
81982	2437	16504
81983	6146	7625
81984	6168	28843
81985	2449	30950
81986	394	2771
81987	6195	8880
81988	6199	8457
81989	988	4432
81990	394	6057
81991	990	8434
81992	2461	5516
81993	6232	10436
81994	149	7838
81995	2466	2517
81996	6241	13304
81997	394	3208
81998	2466	14987
81999	2466	8936
82000	6248	10628
82001	6250	14891
82002	2470	4675
82003	6261	7632
82004	6261	21421
82005	2470	16856
82006	6280	8286
82007	149	7122
82008	2474	8993
82009	2474	5290
82010	6316	11940
82011	2481	6017
82012	2481	7669
82013	2481	5090
82014	6354	7749
82015	6354	9298
82016	395	4671
82017	2482	4759
82018	2485	5131
82019	2495	7744
82020	2485	11371
82021	397	5186
82022	1023	4678
82023	6602	11420
82024	6602	19406
82025	2492	5122
82026	1026	2838
82027	2747	5506
82028	1026	11730
82029	2489	19043
82030	6656	9915
82031	74	3057
82032	2501	3093
82033	2501	8299
82034	1042	2065
82035	2505	5002
82036	6951	16190
82037	2539	2863
82038	2508	2519
82039	2519	8104
82040	7173	10589
82041	2519	11782
82042	7231	15515
82043	1059	13280
82044	403	1979
82045	7462	8306
82046	7441	12118
82047	1062	2511
82048	1062	5157
82049	2529	8058
82050	2531	8434
82051	7462	7604
82052	7462	7693
82053	2535	7517
82054	2538	4860
82055	2536	9731
82056	2536	4040
82057	7482	10427
82058	7517	8766
82059	7519	11938
82060	7528	16190
82061	7604	15505
82062	7614	17929
82063	7617	10909
82064	7620	10568
82065	157	11689
82066	157	12890
82067	7632	10065
82068	157	2531
82069	7649	10622
82070	406	5870
82071	1086	11658
82072	7669	12671
82073	2567	12838
82074	7681	13365
82075	7681	11528
82076	7682	7693
82077	2571	2593
82078	157	416
82079	7699	7728
82080	7717	17494
82081	2593	7712
82082	1098	10491
82083	1098	4914
82084	408	510
82085	2611	9727
82086	2662	4486
82087	7832	20701
82088	7817	15543
82089	2682	17382
82090	1108	3292
82091	2682	10330
82092	7864	16190
82093	7864	27093
82094	7883	11354
82095	7892	9294
82096	1114	1486
82097	7892	10628
82098	7892	8683
82099	1098	5567
82100	2669	3201
82101	416	5199
82102	416	2481
82103	7908	9889
82104	7936	13167
82105	7955	8508
82106	81	4909
82107	2747	8337
82108	7971	9747
82109	2747	10185
82110	1120	10724
82111	8015	36961
82112	2766	10596
82113	8026	28597
82114	2766	4853
82115	2769	3451
82116	8031	8926
82117	8039	8983
82118	2770	18744
82119	8058	8242
82120	2775	10995
82121	2776	2787
82122	2778	6248
82123	2781	5008
82124	2771	4675
82125	1142	7909
82126	8252	10306
82127	8254	8293
82128	2794	9672
82129	2794	4398
82130	434	4840
82131	8299	8390
82132	8301	10307
82133	2803	9737
82134	8316	11751
82135	8319	13466
82136	8321	8730
82137	8322	16248
82138	2810	5065
82139	2810	4789
82140	2810	14978
82141	2811	4697
82142	171	6339
82143	8352	28685
82144	171	10491
82145	8384	28597
82146	8398	8416
82147	2833	5375
82148	1165	15057
82149	171	17675
82150	2836	6194
82151	2836	3470
82152	8485	25278
82153	8508	14998
82154	8527	8741
82155	8529	11653
82156	2840	7962
82157	8529	35783
82158	2842	34579
82159	172	5678
82160	2850	10204
82161	175	11938
82162	172	6168
82163	8657	8755
82164	8636	8648
82165	2863	5044
82166	8673	10307
82167	8683	10640
82168	2863	15505
82169	8692	13299
82170	8763	14999
82171	2864	9567
82172	8713	11354
82173	2872	2895
82174	20	8871
82175	2881	20064
82176	175	10582
82177	8821	16932
82178	46	5162
82179	1211	5900
82180	85	157
82181	175	1477
82182	1211	9787
82183	175	10243
82184	2892	8861
82185	2892	19164
82186	8880	10311
82187	8879	11258
82188	1219	2358
82189	1219	5513
82190	8956	9465
82191	461	883
82192	2921	2966
82193	8968	9645
82194	85	4195
82195	2926	6281
82196	2920	4813
82197	9011	20381
82198	461	2527
82199	2932	19648
82200	2933	8994
82201	2933	13319
82202	9099	12729
82203	1238	1553
82204	2938	4793
82205	177	4350
82206	2938	4251
82207	46	5930
82208	85	6489
82209	2942	10017
82210	2942	5826
82211	2942	4963
82212	9190	42993
82213	9210	13673
82214	9287	10088
82215	9302	9326
82216	2961	3038
82217	9350	10153
82218	9360	11165
82219	1254	12069
82220	9422	15660
82221	3125	19080
82222	2967	16273
82223	9446	10448
82224	9521	10628
82225	475	12272
82226	9459	17036
82227	9628	13937
82228	9664	12152
82229	22	1120
82230	9747	13191
82231	9747	10177
82232	9783	14615
82233	9798	13624
82234	1273	5611
82235	1273	5277
82236	3009	25451
82237	9889	17930
82238	9885	23364
82239	9885	10340
82240	185	5000
82241	3022	4280
82242	9971	11938
82243	9977	25090
82244	1273	8890
82245	3025	5715
82246	9998	12012
82247	10082	22629
82248	10083	10581
82249	10092	11401
82250	3037	32510
82251	10096	14821
82252	1284	2771
82253	10111	55751
82254	10131	20243
82255	3043	5902
82256	10158	10159
82257	10160	10173
82258	498	7701
82259	10200	11308
82260	10214	13126
82261	498	3490
82262	498	35238
82263	3052	3125
82264	1298	7609
82265	10361	41751
82266	10361	12671
82267	3076	10733
82268	1298	12828
82269	3081	18849
82270	3081	41229
82271	3086	4958
82272	91	7338
82273	10582	13501
82274	3094	23263
82275	10078	13319
82276	10614	19615
82277	10651	10868
82278	3104	8306
82279	10696	16444
82280	3105	4116
82281	3108	9813
82282	3111	3146
82283	3124	3292
82284	10836	18172
82285	10506	12093
82286	3125	9521
82287	3125	11841
82288	3130	10306
82289	3130	36441
82290	11029	21421
82291	3131	23586
82292	3138	4669
82293	3138	6056
82294	1329	1590
82295	1329	4851
82296	22	3332
82297	11125	25335
82298	3146	18475
82299	11268	16921
82300	11262	16889
82301	1334	2778
82302	11292	12145
82303	1334	6878
82304	1334	4943
82305	23072	23074
82306	36099	54831
82307	11371	12118
82308	11372	15515
82309	3201	15611
82310	11402	12012
82311	11401	15519
82312	93	1765
82313	192	1699
82314	11383	13501
82315	11401	11786
82316	192	1364
82317	11435	11757
82318	11439	12131
82319	1337	2474
82320	3211	3954
82321	11446	12260
82322	1337	10696
82323	1337	16810
82324	47	394
82325	11527	13292
82326	11528	13941
82327	11528	16239
82328	3212	8248
82329	11542	19539
82330	11542	11681
82331	192	4986
82332	11632	20118
82333	3225	9868
82334	11669	13466
82335	3242	9179
82336	3242	5117
82337	11710	15772
82338	3242	18940
82339	11730	16975
82340	11730	21680
82341	11420	35131
82342	11568	11587
82343	11747	13762
82344	523	8930
82345	3247	4700
82346	3247	9102
82347	3264	8182
82348	523	16444
82349	11752	29892
82350	1348	2892
82351	11769	16969
82352	1348	14980
82353	11782	30751
82354	11789	40734
82355	3255	5272
82356	3255	12120
82357	3257	10407
82358	11811	19164
82359	11811	12871
82360	3258	4698
82361	11824	22629
82362	3260	9179
82363	3260	6225
82364	3262	3376
82365	1356	10440
82366	1356	10622
82367	1356	2076
82368	3264	4675
82369	527	6033
82370	11940	16581
82371	1357	5532
82372	11996	14976
82373	1357	28843
82374	12012	15939
82375	3277	4372
82376	3277	12831
82377	3277	9837
82378	12018	12166
82379	3282	14747
82380	12071	24776
82381	3284	3950
82382	12075	17055
82383	3286	9429
82384	1361	6042
82385	3292	5585
82386	3292	5559
82387	12093	16889
82388	1361	9731
82389	3296	12592
82390	12166	16975
82391	12166	23586
82392	1363	5136
82393	3308	12979
82394	1363	4755
82395	12191	30433
82396	3317	9376
82397	12272	21680
82398	12272	21890
82399	12272	17800
82400	12304	19395
82401	532	947
82402	3330	4257
82403	12383	40116
82404	12383	21017
82405	1361	7748
82406	12485	29186
82407	3330	4962
82408	1366	15413
82409	12671	14987
82410	12592	19120
82411	1367	2215
82412	3341	15189
82413	12729	16975
82414	3348	4789
82415	3348	13292
82416	3350	15342
82417	95	2531
82418	12775	22022
82419	12822	25929
82420	12828	21890
82421	12849	41562
82422	3356	4616
82423	12858	23041
82424	3356	8247
82425	12863	25353
82426	12878	14972
82427	12891	21680
82428	12891	62106
82429	12891	20681
82430	12924	33322
82431	12929	25510
82432	3376	5198
82433	13009	13022
82434	3376	3726
82435	13095	29463
82436	3376	5187
82437	539	5284
82438	13137	13379
82439	3378	6269
82440	13157	30620
82441	13167	15902
82442	3378	15342
82443	13230	19288
82444	13230	15239
82445	1382	6316
82446	3379	14555
82447	13215	18411
82448	3379	37307
82449	23	198
82450	540	11308
82451	1386	7994
82452	3386	11109
82453	1425	4850
82454	13167	13953
82455	1386	5187
82456	3389	3482
82457	3389	5816
82458	1386	6320
82459	13319	13926
82460	13319	17971
82461	48	4985
82462	4	1122
82463	540	2498
82464	3401	5195
82465	13401	32799
82466	540	17701
82467	13404	23266
82468	13404	15902
82469	13466	16189
82470	3403	4951
82471	1396	9871
82472	48	637
82473	3426	5048
82474	3426	9102
82475	13594	15641
82476	13594	16555
82477	13611	13647
82478	13610	15239
82479	13610	20507
82480	3422	5600
82481	3426	12765
82482	13611	27093
82483	13611	19588
82484	546	6102
82485	13646	60485
82486	3376	4695
82487	1411	4201
82488	3436	10695
82489	3439	7482
82490	198	4797
82491	3439	16975
82492	13735	23413
82493	13735	22133
82494	3450	5289
82495	3450	6602
82496	48	4799
82497	3450	5268
82498	48	796
82499	546	7909
82500	13822	26901
82501	13826	22689
82502	1419	18513
82503	97	7832
82504	3451	4756
82505	3451	15413
82506	1424	5187
82507	3451	26688
82508	3450	10696
82509	13937	27089
82510	13937	38414
82511	13952	26780
82512	13952	23735
82513	1425	1508
82514	13987	18475
82515	14020	15738
82516	23	4153
82517	3459	11326
82518	14021	20681
82519	14021	18890
82520	3462	5935
82521	3462	11824
82522	1426	4793
82523	14056	14535
82524	23	5532
82525	3465	10306
82526	1426	10835
82527	1426	15544
82528	3469	5120
82529	1428	3883
82530	3470	5739
82531	552	7805
82532	14307	20507
82533	3472	4689
82534	3482	16637
82535	14549	14648
82536	3485	6077
82537	99	4201
82538	3492	16651
82539	3470	10044
82540	14747	16421
82541	557	2208
82542	14751	14761
82543	99	1022
82544	3515	5004
82545	14821	22133
82546	3515	5692
82547	3519	5671
82548	557	5100
82549	14917	19261
82550	559	2481
82551	14981	23263
82552	14978	18048
82553	14981	22689
82554	14998	43029
82555	559	12700
82556	14999	15772
82557	14999	15957
82558	1445	8225
82559	3538	9311
82560	3542	8327
82561	15114	16836
82562	3542	10312
82563	15168	18048
82564	15239	16805
82565	205	2967
82566	205	2964
82567	15349	58190
82568	15273	15762
82569	15402	20815
82570	15507	15514
82571	15513	15522
82572	1445	8725
82573	15544	16959
82574	15544	22629
82575	99	3042
82576	15551	35128
82577	3582	8350
82578	15564	15762
82579	565	8741
82580	565	4708
82581	15522	25751
82582	3583	4799
82583	15707	15762
82584	565	4840
82585	1454	9982
82586	1454	5575
82587	15950	20815
82588	1456	1970
82589	15957	25090
82590	15349	23279
82591	16071	16832
82592	16115	33349
82593	16190	19395
82594	1457	10302
82595	16239	17815
82596	16546	18048
82597	16568	35131
82598	3660	4789
82599	16700	26688
82600	3662	7669
82601	16832	27089
82602	16832	20815
82603	3666	5219
82604	16975	22385
82605	206	8311
82606	1477	1933
82607	1477	2116
82608	1477	11324
82609	1477	9311
82610	17401	18744
82611	1478	2511
82612	1478	5635
82613	17494	18731
82614	206	20381
82615	17682	45086
82616	3726	11130
82617	1478	4664
82618	17714	20493
82619	3726	12383
82620	17808	19080
82621	17815	61728
82622	1478	6248
82623	3726	7173
82624	17929	17954
82625	18048	19164
82626	18048	18768
82627	18172	25696
82628	49	8293
82629	18380	33820
82630	1486	2247
82631	18491	35131
82632	23	9045
82633	3743	20815
82634	3747	4195
82635	18762	25832
82636	577	25091
82637	18953	18959
82638	3766	6339
82639	1490	5062
82640	19080	23735
82641	3767	18393
82642	19354	43029
82643	19406	20214
82644	3805	32470
82645	23	5921
82646	3806	7841
82647	20281	20285
82648	20491	51710
82649	20557	29004
82650	20609	31410
82651	20652	27803
82652	20971	23397
82653	103	3050
82654	21017	21680
82655	21701	26688
82656	21971	27803
82657	22013	27110
82658	3847	7828
82659	22105	22107
82660	3847	4690
82661	1502	1844
82662	22333	59707
82663	22544	32510
82664	22415	22418
82665	3856	26583
82666	23149	42487
82667	1508	8856
82668	1507	5037
82669	23415	31155
82670	103	10431
82671	23716	33024
82672	23803	34507
82673	23890	49577
82674	3882	8322
82675	3882	5245
82676	3882	11262
82677	3882	4700
82678	3882	10159
82679	3883	7714
82680	3883	10695
82681	1510	2090
82682	28843	35417
82683	29960	29963
82684	595	6023
82685	29708	29718
82686	595	3672
82687	30972	30973
82688	31217	33880
82689	214	6070
82690	1521	8097
82691	25	1364
82692	3940	6352
82693	3940	12004
82694	3940	8936
82695	33668	33673
82696	34160	45044
82697	34210	51412
82698	34402	49072
82699	35973	53620
82700	3954	6029
82701	38297	45017
82702	39739	47735
82703	44156	46178
82704	48043	48044
82705	4040	15035
82706	103	11546
82707	216	5743
82708	54176	54177
82709	3984	10475
82710	3984	8381
82711	1532	4993
82712	1532	1944
82713	4009	5630
82714	4009	6839
82715	599	5126
82716	4012	34468
82717	4019	6636
82718	4019	5513
82719	4019	13711
82720	3726	8405
82721	4038	29186
82722	77360	7473
82723	77360	11038
82724	77360	9737
82725	4040	9798
82726	77361	225
82727	4040	5448
82728	77362	1970
82729	599	29845
82730	217	1772
82731	217	4895
82732	77362	5075
82733	77362	2789
82734	217	5909
82735	77363	2490
82736	77364	3738
82737	77365	5198
82738	77365	9522
82739	77365	4972
82740	77366	7659
82741	77367	7651
82742	77367	4875
82743	77368	5163
82744	1543	11165
82745	104	10177
82746	1543	13956
82747	77370	7728
82748	77371	6102
82749	77372	2503
82750	77372	4854
82751	77373	263
82752	77372	34
82753	77376	5152
82754	77374	9747
82755	77377	15402
82756	1549	11935
82757	602	6337
82758	602	10302
82759	602	8381
82760	77378	12075
82761	602	2933
82762	77382	4882
82763	77383	2514
82764	4127	24092
82765	1553	7027
82766	77384	377
82767	77384	2850
82768	77384	11484
82769	77385	5516
82770	77385	9786
82771	4116	11803
82772	77386	17288
82773	1553	8930
82774	602	27110
82775	602	27089
82776	77388	394
82777	77389	5196
82778	602	10327
82779	77390	8994
82780	77390	4698
82781	77390	11587
82782	77389	3378
82783	77391	84
82784	77399	8301
82785	77395	361
82786	4153	4736
82787	77396	12072
82788	77396	7430
82789	77396	30034
82790	77397	217
82791	77399	4856
82792	77400	7428
82793	77400	2561
82794	77401	5033
82795	1560	2216
82796	4144	8763
82797	1560	6329
82798	77408	4697
82799	77408	4886
82800	77404	1275
82801	77408	18660
82802	4195	9385
82803	77410	5162
82804	77410	3007
82805	77414	4708
82806	77414	8604
82807	77403	1
82808	1560	7670
82809	4201	13960
82810	77416	4929
82811	4208	5121
82812	4208	26774
82813	1564	2760
82814	77418	8209
82815	77420	8128
82816	77420	6130
82817	4209	11083
82818	77426	10596
82819	77427	7729
82820	4217	9731
82821	4217	15519
82822	4217	11123
82823	220	3001
82824	1567	11689
82825	77431	153
82826	77433	3212
82827	77432	7651
82828	77432	151
82829	220	3037
82830	77434	77415
82831	77436	77382
82832	77442	2503
82833	77445	7188
82834	220	10204
82835	77430	10131
82836	77450	8766
82837	77450	4756
82838	77454	837
82839	77452	8207
82840	4240	34498
82841	4251	7936
82842	77460	5698
82843	77460	8880
82844	4251	8382
82845	77465	9284
82846	1571	21538
82847	4257	8510
82848	77470	9074
82849	77471	4694
82850	77469	7693
82851	77471	2139
82852	625	16889
82853	1577	1972
82854	77488	8657
82855	77491	8445
82856	77492	5107
82857	77490	12079
82858	77496	6155
82859	77496	9311
82860	1584	8048
82861	77505	5162
82862	77508	5064
82863	77508	77409
82864	77513	4920
82865	77518	5919
82866	77517	5988
82867	77519	1790
82868	77522	8647
82869	77530	77520
82870	77536	9422
82871	77532	10793
82872	1590	4707
82873	4318	8198
82874	4345	4962
82875	4345	11030
82876	77558	176
82877	77559	13829
82878	77563	7712
82879	77563	11820
82880	77564	2527
82881	77567	9310
82882	77567	8476
82883	77401	5076
82884	1594	8855
82885	4347	22063
82886	4347	9391
82887	4350	9141
82888	77593	7701
82889	77598	77402
82890	77596	2522
82891	4357	5630
82892	77614	12076
82893	77613	5004
82894	77623	77469
82895	77639	16969
82896	77641	3111
82897	637	871
82898	77642	7719
82899	77652	1699
82900	4372	17815
82901	225	4884
82902	225	4665
82903	77657	6338
82904	225	377
82905	225	5102
82906	77671	7794
82907	4379	58190
82908	4380	12592
82909	77679	2539
82910	77684	11584
82911	4382	4694
82912	1603	10453
82913	77691	401
82914	77699	18508
82915	225	7673
82916	4397	15934
82917	1608	5088
82918	77718	5374
82919	77722	15153
82920	4398	8399
82921	4398	7847
82922	4398	8286
82923	4406	7453
82924	77746	2475
82925	77762	2503
82926	77768	28307
82927	110	10057
82928	77774	9948
82929	4432	15641
82930	225	10114
82931	225	10596
82932	77808	10845
82933	77811	11326
82934	77815	502
82935	77818	5697
82936	225	6019
82937	77865	11510
82938	4448	19406
82939	4448	4985
82940	1620	4050
82941	1620	8026
82942	77948	1962
82943	77949	2585
82944	77957	5035
82945	77977	7469
82946	4486	7109
82947	4448	10082
82948	4486	22689
82949	78024	7805
82950	1620	16832
82951	78079	35
82952	1622	2839
82953	1622	7883
82954	1560	4742
82955	4522	4675
82956	4522	5611
82957	1622	5494
82958	78136	8016
82959	78151	1062
82960	1622	5594
82961	645	11702
82962	4551	9806
82963	4543	7462
82964	4551	6602
82965	78383	77569
82966	1627	10842
82967	1627	4742
82968	647	1675
82969	78467	12956
82970	14	1997
82971	4554	9627
82972	1627	19120
82973	78476	2751
82974	647	8240
82975	78753	26917
82976	4588	10941
82977	78818	22484
82978	78884	6873
82979	1635	5161
82980	78991	12814
82981	1635	6209
82982	1635	9070
82983	656	5490
82984	79358	8340
82985	1641	5827
82986	4616	9412
82987	79418	77378
82988	4	4680
82989	25	6050
82990	79754	78189
82991	79767	17733
82992	79923	162
82993	80377	1058
82994	1641	3954
82995	80459	79320
82996	80464	16597
82997	80469	10974
82998	4668	4875
82999	80556	21230
83000	1641	8861
83001	1641	4789
83002	81091	31054
83003	1641	3076
83004	81348	79149
83005	81485	37224
83006	81500	44524
83007	81502	32550
83008	4616	4808
83009	1641	8248
83010	4664	5922
83011	4664	7789
83012	4665	7474
83013	4667	9271
83014	239	7994
83015	239	377
83016	4669	4697
83017	4671	9249
83018	4672	4697
83019	4672	5057
83020	4672	10976
83021	4673	6225
83022	4674	6189
83023	4675	4854
83024	4675	6232
83025	4675	4886
83026	4675	7488
83027	4675	5370
83028	1657	7809
83029	239	3108
83030	662	9625
83031	4675	9311
83032	1657	27352
83033	662	8928
83034	663	35071
83035	4677	9229
83036	4678	10596
83037	4678	5870
83038	4689	8926
83039	4675	7462
83040	243	8508
83041	1667	12671
83042	4680	6089
83043	4680	11263
83044	4683	10185
83045	4683	16545
83046	243	2116
83047	4688	8404
83048	4688	9287
83049	4689	5151
83050	4689	5092
83051	4690	5065
83052	243	4920
83053	1670	5011
83054	4690	9626
83055	4690	19045
83056	4695	11841
83057	4695	5349
83058	671	5619
83059	4695	5692
83060	4697	8248
83061	671	25832
83062	4697	8673
83063	4697	11175
83064	4697	6296
83065	4697	6489
83066	113	2160
83067	4698	14747
83068	4699	7734
83069	677	9115
83070	4700	10739
83071	710	2524
83072	677	4116
83073	677	18555
83074	1692	5170
83075	4707	4742
83076	4702	6017
83077	1692	5527
83078	4707	4881
83079	1692	2811
83080	4708	9735
83081	4710	9157
83082	4713	25832
83083	4713	6089
83084	4713	7864
83085	4715	5288
83086	4710	9287
83087	4717	4755
83088	4717	18890
83089	4721	12878
83090	4723	25832
83091	685	1239
83092	1703	6951
83093	251	1059
83094	4726	8968
83095	251	6018
83096	4729	5299
83097	4729	9727
83098	4732	6379
83099	1704	18206
83100	4736	27618
83101	4736	5579
83102	4736	10449
83103	1706	2809
83104	1706	4793
83105	4742	11824
83106	4742	6352
83107	4745	4749
83108	1712	2524
83109	699	4726
83110	4748	4785
83111	4747	10096
83112	115	2811
83113	4755	6489
83114	115	6018
83115	4755	6615
83116	4755	9837
83117	4755	13544
83118	699	4633
83119	1712	29004
83120	699	2662
83121	115	4893
83122	115	8254
83123	4759	12644
83124	4759	8654
83125	4772	5922
83126	4772	16959
83127	1729	5559
83128	4777	9220
83129	4780	9612
83130	4782	5212
83131	4777	4893
83132	1729	14800
83133	1729	9842
83134	251	510
83135	4785	8348
83136	1729	5370
83137	4787	10088
83138	4789	5715
83139	4789	14593
83140	710	2481
83141	4793	5195
83142	710	1334
83143	263	6337
83144	4797	9626
83145	4799	16921
83146	4799	7338
83147	56	13197
83148	4802	4990
83149	710	8390
83150	4802	33026
83151	263	2555
83152	4805	6379
83153	4806	11972
83154	263	3130
83155	4807	11446
83156	1751	3847
83157	4808	4830
83158	4808	9044
83159	4808	11123
83160	4808	32508
83161	4808	32510
83162	1756	10418
83163	56	2075
83164	4821	7864
83165	263	5031
83166	4826	15349
83167	4826	5398
83168	4829	4852
83169	4834	8678
83170	4834	5627
83171	265	2789
83172	4837	9287
83173	4839	27803
83174	4843	4926
83175	4843	33026
83176	724	6232
83177	4844	9697
83178	4850	11324
83179	4852	8242
83180	4852	5831
83181	4852	10323
83182	4852	8058
83183	4853	13735
83184	4853	8384
83185	4853	10150
83186	4853	8808
83187	4855	14273
83188	4854	5200
83189	57	207
83190	1772	4887
83191	4855	5434
83192	4855	11536
83193	4856	5187
83194	4854	5922
83195	1772	17259
83196	4868	7712
83197	4867	42578
83198	4872	10063
83199	4875	6232
83200	4884	6250
83201	267	5579
83202	4851	5187
83203	4882	7474
83204	4884	9979
83205	4884	7231
83206	4885	11038
83207	267	11913
83208	4886	11248
83209	4887	6160
83210	4893	10506
83211	4893	9465
83212	4893	18890
83213	4895	6080
83214	4894	5973
83215	1801	5119
83216	4897	5052
83217	4899	6005
83218	4899	9608
83219	1801	4694
83220	4899	9168
83221	1801	8242
83222	4900	11115
83223	737	14668
83224	272	1870
83225	4904	13262
83226	4908	8851
83227	4909	9465
83228	4910	5220
83229	1809	14976
83230	4920	11371
83231	4920	7433
83232	4921	6329
83233	4926	11786
83234	32	1315
83235	57	1766
83236	1819	4895
83237	4930	9115
83238	4930	9422
83239	1824	5316
83240	4936	5593
83241	4936	10909
83242	1824	1874
83243	1824	11353
83244	4942	12172
83245	4943	5850
83246	274	356
83247	4943	10078
83248	1825	3081
83249	281	2961
83250	1825	8247
83251	4954	6395
83252	1825	5946
83253	4954	11030
83254	4956	6056
83255	1825	8327
83256	4957	7015
83257	4958	16443
83258	1826	1924
83259	4962	8015
83260	1826	17340
83261	32	9668
83262	1826	6168
83263	281	15416
83264	1829	3208
83265	4963	16700
83266	1829	3043
83267	1825	5600
83268	4972	6623
83269	4972	8529
83270	4967	9806
83271	32	24832
83272	1835	11239
83273	282	376
83274	1835	8741
83275	4985	7453
83276	4985	5952
83277	4985	5840
83278	4986	5103
83279	4986	5436
83280	1837	4872
83281	282	9311
83282	4990	7740
83283	4990	10596
83284	58	2474
83285	4991	5161
83286	4990	5631
83287	4991	5541
83288	4992	7669
83289	283	11345
83290	4986	8381
83291	4997	7109
83292	1846	1861
83293	4999	10925
83294	5000	6019
83295	5000	8384
83296	5002	9567
83297	5002	9316
83298	5002	7965
83299	5004	5102
83300	1851	4903
83301	1851	5088
83302	5004	7569
83303	1855	2366
83304	1855	5473
83305	1855	5913
83306	1846	8432
83307	5008	5958
83308	772	8079
83309	1855	6089
83310	5008	10289
83311	5008	16071
83312	5009	9350
83313	5014	8254
83314	1861	9412
83315	5018	5959
83316	1870	2208
83317	5020	7707
83318	1870	13193
83319	5030	5174
83320	5030	10374
83321	284	1245
83322	5029	7716
83323	5031	7138
83324	284	2942
83325	1874	4697
83326	5033	7728
83327	1874	8316
83328	283	2489
83329	5050	5198
83330	122	2374
83331	58	16443
83332	1874	7791
83333	5036	8750
83334	58	7384
83335	5040	8991
83336	284	5630
83337	5048	11165
83338	5049	10111
83339	1884	17663
83340	58	25369
83341	5050	7428
83342	1890	1962
83343	5052	8104
83344	5052	5900
83345	5052	6054
83346	1890	8299
83347	1890	13488
83348	5060	7742
83349	5060	6029
83350	5062	6102
83351	5057	10185
83352	290	1590
83353	1901	10105
83354	1874	6232
83355	5067	9697
83356	290	2938
83357	125	190
83358	5080	8258
83359	5065	9626
83360	796	1220
83361	5090	8673
83362	5080	7604
83363	5095	18965
83364	290	30751
83365	5090	12828
83366	1924	5218
83367	5102	8815
83368	5103	5930
83369	5131	5245
83370	799	5672
83371	5090	6017
83372	5117	8704
83373	58	11269
83374	5119	8318
83375	1933	8857
83376	5120	6218
83377	5120	5899
83378	5121	16378
83379	5122	6248
83380	5122	10436
83381	1936	11879
83382	5122	9948
83383	1941	2611
83384	5126	5157
83385	5131	9313
83386	5134	9186
83387	59	3050
83388	313	36961
83389	807	1200
83390	5147	14048
83391	318	818
83392	5150	9592
83393	5150	10033
83394	5151	10772
83395	5151	13468
83396	1960	15543
83397	5154	19627
83398	5155	7488
83399	809	2536
83400	809	14021
83401	1962	10475
83402	809	13466
83403	1962	5850
83404	5161	9229
83405	1968	2475
83406	5163	11258
83407	1970	5117
83408	5168	6261
83409	809	4787
83410	1970	4697
83411	1970	8956
83412	810	14966
83413	59	14048
83414	1972	2013
83415	5179	8988
83416	5200	6033
83417	5186	5922
83418	1979	11324
83419	5200	5984
83420	59	7579
83421	5187	8527
83422	34	408
83423	128	2836
83424	1982	7687
83425	5195	7809
83426	5195	19045
83427	5198	11038
83428	1996	2780
83429	1996	13488
83430	1996	15544
83431	128	14972
83432	1996	27162
83433	5199	6232
83434	5199	12671
83435	1999	9260
83436	5199	9311
83437	5205	10724
83438	5202	17029
83439	5205	16190
83440	34	5479
83441	2001	4762
83442	5207	5865
83443	818	9982
83444	821	874
83445	5212	7338
83446	5219	15772
83447	5218	16549
83448	5219	8729
83449	822	12838
83450	34	5157
83451	5226	7711
83452	5226	5959
83453	34	3450
83454	2015	3000
83455	2019	9937
83456	5245	5958
83457	2021	8596
83458	5244	21162
83459	5245	17000
83460	5255	8370
83461	5255	11089
83462	826	1334
83463	5257	10044
83464	5257	8397
83465	826	1667
83466	2031	5733
83467	5205	10185
83468	826	5588
83469	5268	25933
83470	5269	8235
83471	34	5490
83472	5272	10111
83473	5272	11824
83474	5277	11335
83475	5280	7935
83476	2043	4961
83477	5282	8321
83478	5282	9930
83479	332	12091
83480	5289	12004
83481	5288	11824
83482	5288	8808
83483	5288	10200
83484	5289	12018
83485	5290	5292
83486	5291	5405
83487	5292	6089
83488	835	4785
83489	835	2844
83490	5301	28595
83491	5301	8240
83492	835	14987
83493	835	11751
83494	835	3451
83495	5315	9482
83496	337	1073
83497	5325	23661
83498	2076	8381
83499	5337	9697
83500	5340	5400
83501	5357	5692
83502	5357	5718
83503	5357	11587
83504	5357	15822
83505	2084	8731
83506	5365	6120
83507	2090	5288
83508	2090	2431
83509	5370	5988
83510	5371	5389
83511	5370	8332
83512	5370	5628
83513	2092	14307
83514	5375	11689
83515	5375	8628
83516	5375	13193
83517	5375	5567
83518	844	9705
83519	5382	8457
83520	5384	17942
83521	5390	18768
83522	338	16071
83523	2096	2775
83524	5398	5906
83525	5398	5541
83526	2116	4678
83527	5399	6339
83528	5401	8182
83529	5405	13189
83530	340	16969
83531	5411	12592
83532	5421	20139
83533	5421	16620
83534	5411	9813
83535	5422	21482
83536	5436	5753
83537	858	5114
83538	858	2816
83539	5448	14774
83540	5411	7838
83541	861	3292
83542	5466	5487
83543	5471	5922
83544	5471	17862
83545	2147	4895
83546	2148	5107
83547	135	22629
83548	861	27591
83549	5482	10438
83550	5482	5678
83551	5490	6189
83552	5492	5759
83553	34	19329
83554	5495	20259
83555	5504	24237
83556	2170	3100
83557	5514	11769
83558	5514	5527
83559	871	5397
83560	871	2811
83561	2181	5579
83562	63	1768
83563	2181	10485
83564	5521	9668
83565	2181	7968
83566	871	13475
83567	2181	5878
83568	871	5718
83569	5526	8851
83570	5527	6051
83571	2188	8768
83572	5532	15772
83573	2189	8026
83574	5540	8509
83575	5546	26999
83576	5547	13624
83577	5549	7430
83578	2197	4785
83579	5559	23263
83580	8	1528
83581	137	8299
83582	356	794
83583	5567	11402
83584	5573	8382
83585	17	147
83586	2208	6125
83587	5575	36961
83588	5579	8808
83589	2208	5431
83590	5586	9016
83591	5588	13964
83592	5593	10093
83593	5588	11163
83594	2216	14821
83595	2216	14020
83596	2216	14987
83597	17	16731
83598	5600	8489
83599	2223	9977
83600	5606	7604
83601	5614	15641
83602	5619	6044
83603	5627	17995
83604	2230	7096
83605	5628	13538
83606	5630	30751
83607	5635	10506
83608	5637	8861
83609	890	7620
83610	891	923
83611	5671	16770
83612	5677	12383
83613	5676	10221
83614	5678	7604
83615	2248	10374
83616	5691	8628
83617	2258	10374
83618	2258	10184
83619	140	1985
83620	5689	11544
83621	5690	20557
83622	2260	3376
83623	5691	19395
83624	364	8926
83625	5703	11354
83626	5703	7706
83627	374	2379
83628	5704	5743
83629	2275	6095
83630	5718	15073
83631	2286	7744
83632	5703	9016
83633	5718	8314
83634	2286	4734
83635	2286	5245
83636	34	3940
83637	913	2567
83638	140	5835
83639	368	10656
83640	5739	9522
83641	5740	7027
83642	8	11319
83643	5740	17663
83644	5740	6281
83645	5752	8544
83646	5755	13466
83647	5755	15594
83648	5759	7441
83649	3	5205
83650	5759	8233
83651	5759	5925
83652	918	19340
83653	2299	5291
83654	5703	6040
83655	2299	5676
83656	3	2208
83657	2307	7662
83658	5795	8821
83659	374	737
83660	5813	7812
83661	374	11163
83662	5813	8662
83663	66	8242
83664	5819	12304
83665	66	9697
83666	5826	8657
83667	66	8808
83668	5827	9099
83669	5834	8993
83670	2307	8509
83671	5837	18836
83672	932	11372
83673	5839	10354
83674	5839	13475
83675	5840	22053
83676	5850	5890
83677	377	602
83678	5857	6139
83679	5853	21680
83680	5857	15326
83681	5870	9000
83682	5871	6476
83683	5873	47323
83684	5878	5952
83685	143	5850
83686	2350	5999
83687	5894	8518
83688	143	5231
83689	5900	10976
83690	143	3011
83691	5900	5952
83692	5900	44421
83693	5901	6017
83694	5902	9184
83695	376	18824
83696	941	36961
83697	5909	10513
83698	5910	58190
83699	66	2755
83700	377	5255
83701	377	5994
83702	377	3378
83703	377	9311
83704	377	4683
83705	5871	6071
83706	377	3330
83707	2366	3050
83708	947	3007
83709	5929	8133
83710	2366	35238
83711	5930	8880
83712	377	7469
83713	5933	12413
83714	5946	5988
83715	5946	12174
83716	5946	7847
83717	377	12929
83718	5952	17142
83719	5953	8489
83720	2371	18676
83721	377	9735
83722	5973	10309
83723	5984	7994
83724	5995	9482
83725	6009	9220
83726	2380	2481
83727	2374	7719
83728	2380	2775
83729	6017	10793
83730	6021	10596
83731	6026	12618
83732	381	4723
83733	381	8314
83734	6033	9747
83735	381	4554
83736	2398	2811
83737	2398	3155
83738	2400	4840
83739	2401	7728
83740	2401	2730
83741	6029	15542
83742	6089	6093
83743	6089	8434
83744	6092	7455
83745	6095	7488
83746	970	1256
83747	2410	7512
83748	381	20220
83749	6096	12826
83750	6102	6602
83751	6102	6135
83752	68	9503
83753	970	13702
83754	6113	7680
83755	2425	5988
83756	6123	8134
83757	6129	12242
83758	2431	19259
83759	2431	4793
83760	6118	6130
83761	2433	4745
83762	6139	8240
83763	6139	7684
83764	2433	10706
83765	6144	7649
83766	6146	6158
83767	6168	8529
83768	6168	11998
83769	2441	5831
83770	6179	6243
83771	389	16926
83772	6196	17000
83773	6199	15844
83774	394	1521
83775	394	4854
83776	394	1855
83777	6209	9082
83778	394	6117
83779	6209	21988
83780	6209	8183
83781	394	7109
83782	6222	13371
83783	394	2788
83784	394	6017
83785	2466	5840
83786	6241	10146
83787	394	1819
83788	70	137
83789	36	14981
83790	2466	2881
83791	2466	3519
83792	2470	4868
83793	6209	12345
83794	6260	11438
83795	6260	11835
83796	6261	12828
83797	6280	7883
83798	6289	17075
83799	6296	11203
83800	149	10644
83801	149	8247
83802	2474	8928
83803	2474	4802
83804	1001	5393
83805	6316	7680
83806	2475	9229
83807	149	17701
83808	6337	8267
83809	6337	7639
83810	6339	8200
83811	6339	18460
83812	2478	7723
83813	149	11786
83814	6352	8973
83815	2481	5958
83816	2481	5000
83817	2481	6120
83818	1012	2493
83819	2481	5569
83820	2481	5390
83821	2481	9615
83822	2481	4882
83823	2481	12364
83824	6354	18805
83825	2481	12260
83826	6361	8319
83827	6379	8508
83828	6379	13748
83829	2482	4698
83830	2482	5289
83831	6395	9876
83832	6427	26745
83833	6455	22143
83834	6476	10609
83835	2486	6105
83836	397	11130
83837	151	2497
83838	151	2593
83839	397	5799
83840	151	7649
83841	40	140
83842	6500	12304
83843	2489	9645
83844	2489	10065
83845	6513	9439
83846	2489	10306
83847	2489	5579
83848	397	7768
83849	6581	11262
83850	2492	3492
83851	6602	12729
83852	6602	12858
83853	1026	3081
83854	2492	2844
83855	397	5676
83856	1026	8390
83857	2493	5063
83858	6650	11782
83859	2495	2527
83860	74	265
83861	398	5863
83862	2498	8083
83863	2499	4699
83864	6791	16928
83865	1042	1944
83866	1042	8511
83867	6947	16932
83868	6951	10176
83869	6951	10596
83870	74	5312
83871	74	7015
83872	7015	20851
83873	7015	12174
83874	7027	19433
83875	7125	9097
83876	7203	12012
83877	153	12062
83878	1059	1296
83879	1059	2892
83880	1059	14668
83881	2525	7857
83882	403	4879
83883	1059	12671
83884	403	5464
83885	2527	7705
83886	7441	9284
83887	2529	6248
83888	2492	10096
83889	2535	8267
83890	7488	8233
83891	2536	5284
83892	7473	8912
83893	2539	10309
83894	2539	9668
83895	7497	8332
83896	2539	5715
83897	2539	3095
83898	7514	13926
83899	7517	7714
83900	1073	15105
83901	7520	9074
83902	7693	8027
83903	3	5090
83904	7579	9249
83905	7595	9608
83906	7579	10146
83907	7609	9429
83908	7604	12742
83909	7617	7734
83910	7625	8821
83911	157	10269
83912	2539	10440
83913	2562	3043
83914	2562	4040
83915	2562	4714
83916	2563	13230
83917	2563	10628
83918	2563	4805
83919	2563	6703
83920	157	5740
83921	2563	8261
83922	2567	5569
83923	2571	12878
83924	2571	12736
83925	7684	13941
83926	2571	8255
83927	2571	18676
83928	7699	7784
83929	7701	11063
83930	7705	7738
83931	7706	9875
83932	7706	8890
83933	7730	7857
83934	7736	13197
83935	2602	9949
83936	408	5546
83937	2605	20882
83938	7744	8322
83939	160	2747
83940	160	244
83941	408	12182
83942	7803	33026
83943	7812	9179
83944	7828	24832
83945	2669	5856
83946	7838	16546
83947	413	990
83948	7844	13953
83949	1108	10775
83950	2682	22450
83951	2682	10724
83952	7851	10480
83953	7859	11699
83954	1109	10724
83955	7860	11353
83956	7860	28683
83957	8	2784
83958	7876	10568
83959	416	10200
83960	7883	8015
83961	7883	9739
83962	7892	7965
83963	2721	7909
83964	81	177
83965	416	4909
83966	7936	11710
83967	7962	8683
83968	2747	15014
83969	1120	7838
83970	7971	16740
83971	1120	5567
83972	7982	8290
83973	2747	24776
83974	1120	1132
83975	7994	16050
83976	1120	3263
83977	2794	18491
83978	2766	5482
83979	2766	5008
83980	2766	5458
83981	8039	9012
83982	2770	21847
83983	2771	4759
83984	2771	19329
83985	8079	18309
83986	8079	11896
83987	2774	20667
83988	8104	14987
83989	8104	8629
83990	8097	12953
83991	2778	6199
83992	8183	13468
83993	2780	5527
83994	8235	15507
83995	2780	11319
83996	8204	8457
83997	8228	9141
83998	2781	5357
83999	8225	8518
84000	8235	9674
84001	8235	8352
84002	8235	8861
84003	8240	8930
84004	2784	19406
84005	8242	10506
84006	2784	8434
84007	8242	11268
84008	1142	11998
84009	2788	9439
84010	2789	29193
84011	2789	15002
84012	2794	9757
84013	8286	42054
84014	83	5108
84015	8297	10728
84016	2803	8468
84017	8306	23394
84018	434	4690
84019	434	11030
84020	2803	5839
84021	2803	4679
84022	8316	18491
84023	8318	8755
84024	8318	11934
84025	2794	45759
84026	8325	12135
84027	8322	10644
84028	2810	13735
84029	2810	10584
84030	8337	10396
84031	434	13230
84032	2810	4972
84033	8338	23389
84034	8345	37197
84035	2811	5471
84036	8348	8381
84037	2811	4856
84038	8352	14593
84039	8379	9079
84040	8381	8857
84041	8384	10131
84042	8405	16046
84043	8404	14999
84044	2833	5409
84045	8445	9082
84046	8450	9593
84047	2833	12413
84048	8457	10440
84049	8468	17516
84050	2836	10772
84051	2836	4747
84052	2836	13475
84053	8494	10146
84054	8508	18744
84055	8529	17669
84056	8539	9739
84057	2840	14981
84058	2844	5199
84059	2844	14464
84060	2846	15014
84061	2844	17190
84062	8587	30410
84063	44	25751
84064	2859	18821
84065	2859	7800
84066	2858	4872
84067	8639	8647
84068	2860	8968
84069	447	7729
84070	2862	3127
84071	2862	9517
84072	2863	7994
84073	2863	5168
84074	2863	12828
84075	8662	9522
84076	2863	4844
84077	8683	18395
84078	8692	10177
84079	20	29714
84080	8697	12728
84081	8697	8994
84082	8702	10374
84083	1200	11103
84084	2872	18782
84085	2872	10696
84086	8750	11175
84087	8750	22528
84088	8741	13197
84089	8763	14069
84090	8763	21680
84091	2883	3057
84092	8803	10159
84093	8803	10614
84094	8824	19043
84095	8821	9736
84096	2888	10078
84097	8824	9157
84098	175	4730
84099	85	765
84100	2895	5421
84101	46	6051
84102	175	5831
84103	8928	10941
84104	85	2967
84105	2919	3057
84106	1219	7847
84107	2920	3086
84108	8936	19535
84109	1219	17029
84110	8985	34368
84111	8993	10291
84112	9012	10065
84113	9000	9626
84114	9016	32470
84115	2932	5390
84116	9016	9047
84117	2932	9047
84118	2932	5691
84119	9032	9099
84120	9074	10925
84121	2937	2946
84122	9102	10548
84123	9102	16832
84124	9115	12118
84125	1238	8267
84126	4	79
84127	85	18595
84128	9167	11371
84129	9172	11048
84130	185	5192
84131	85	26688
84132	85	6219
84133	2946	11083
84134	2946	4523
84135	2946	4127
84136	9274	27591
84137	2947	3587
84138	9293	15551
84139	9287	11782
84140	9320	16266
84141	9320	13057
84142	2961	9727
84143	9439	18804
84144	2961	10941
84145	2964	5052
84146	180	2490
84147	9439	16190
84148	2967	4012
84149	2967	3662
84150	2961	11165
84151	9446	10328
84152	2968	4813
84153	1256	9727
84154	9521	11401
84155	9542	20815
84156	9592	11326
84157	9626	11175
84158	9677	17539
84159	9689	13658
84160	9677	16969
84161	3000	10836
84162	9705	17958
84163	9705	17367
84164	3000	5588
84165	3001	8488
84166	9731	10698
84167	9737	10187
84168	9739	20442
84169	480	5910
84170	9751	15667
84171	1273	9013
84172	9798	23263
84173	9813	10596
84174	9813	12671
84175	3009	4807
84176	9837	10093
84177	9837	11384
84178	9885	10221
84179	1275	5630
84180	3024	3050
84181	185	7742
84182	9982	11165
84183	3025	3812
84184	1282	7854
84185	10082	10426
84186	3037	3660
84187	3037	4958
84188	3037	8191
84189	10096	12093
84190	1284	1298
84191	1284	10093
84192	1284	6089
84193	1284	1361
84194	1284	9623
84195	10130	17367
84196	10131	23364
84197	498	2811
84198	498	8928
84199	3048	5602
84200	10175	10181
84201	498	13567
84202	10221	12890
84203	3051	5575
84204	22	10131
84205	10269	30751
84206	10306	12825
84207	10327	16443
84208	22	4755
84209	10342	15732
84210	10349	12644
84211	1298	22195
84212	22	17340
84213	500	1603
84214	1298	12093
84215	3081	3666
84216	3081	20064
84217	10427	11326
84218	3086	8235
84219	3086	5511
84220	3086	19406
84221	3086	3608
84222	10475	16845
84223	3089	38414
84224	10509	16921
84225	1298	5840
84226	3093	5375
84227	3094	8928
84228	10568	10656
84229	3095	3439
84230	10584	16845
84231	189	2322
84232	10614	15349
84233	10614	17578
84234	10623	13096
84235	10628	18491
84236	3100	9287
84237	3103	9326
84238	3104	10656
84239	189	1478
84240	10700	18179
84241	10698	16545
84242	3107	4251
84243	3108	9567
84244	10900	16836
84245	3124	11124
84246	1319	15543
84247	10824	12424
84248	10845	14800
84249	3125	15551
84250	3127	5065
84251	10890	25090
84252	3130	4963
84253	3130	19535
84254	3130	13501
84255	11010	11413
84256	11029	18386
84257	11066	16832
84258	11083	14976
84259	3138	6379
84260	1329	2096
84261	11123	15402
84262	11125	13709
84263	3152	5065
84264	1331	13318
84265	1331	35238
84266	3180	5770
84267	3138	4708
84268	11262	12093
84269	3194	5168
84270	3180	8951
84271	11299	18744
84272	11307	18676
84273	3194	11166
84274	1334	5635
84275	1334	11702
84276	11324	20851
84277	11333	15702
84278	54829	65407
84279	13048	37425
84280	30968	30979
84281	74329	74330
84282	73860	73862
84283	81210	13903
84284	1761	68893
84285	192	394
84286	11354	29668
84287	11354	11669
84288	11359	20511
84289	11361	13904
84290	93	1980
84291	3201	5411
84292	11371	15939
84293	47	399
84294	11372	17503
84295	1335	4951
84296	3201	7468
84297	11383	23735
84298	11384	16580
84299	11401	13095
84300	11401	16619
84301	11402	13956
84302	11402	19288
84303	11413	11420
84304	11413	17024
84305	11413	12831
84306	11420	12826
84307	11420	12131
84308	3208	5057
84309	3208	13114
84310	11420	15163
84311	3208	4697
84312	3208	10214
84313	11420	16832
84314	3208	8660
84315	1337	5994
84316	22	12671
84317	1337	2485
84318	11472	11542
84319	3212	5443
84320	3212	5090
84321	11479	46186
84322	11495	11527
84323	3212	10306
84324	192	1692
84325	3212	6040
84326	3212	9645
84327	11542	12304
84328	1340	41893
84329	3212	21514
84330	11591	16763
84331	46	17205
84332	11614	16864
84333	11614	16266
84334	11621	38020
84335	3233	9412
84336	11658	12174
84337	1344	2210
84338	3242	3378
84339	11689	24849
84340	3242	11175
84341	192	3451
84342	3242	5057
84343	11699	13942
84344	3242	7469
84345	11702	17536
84346	11702	15957
84347	3242	9196
84348	523	5715
84349	523	17701
84350	3244	9114
84351	11729	19395
84352	11730	13960
84353	11729	18804
84354	11729	15702
84355	1346	6168
84356	11731	27318
84357	3247	10513
84358	11747	27665
84359	523	4697
84360	11751	22484
84361	3247	10657
84362	1348	8596
84363	3247	5929
84364	1348	1997
84365	11752	13463
84366	11754	18773
84367	523	6189
84368	11759	17929
84369	1348	15512
84370	3249	10656
84371	11769	18607
84372	11770	15003
84373	11770	16805
84374	22	9045
84375	3254	4234
84376	11782	16770
84377	11782	11996
84378	11782	13193
84379	11782	13658
84380	11782	22800
84381	11782	23735
84382	3254	3439
84383	11782	23364
84384	11786	26688
84385	3255	8318
84386	11801	13319
84387	3255	13400
84388	47	172
84389	11811	17539
84390	11809	14593
84391	11811	25335
84392	11811	12093
84393	11811	16444
84394	11811	12890
84395	11811	13624
84396	11811	23364
84397	3258	3493
84398	11811	14615
84399	1355	2450
84400	1355	4338
84401	3258	8808
84402	11816	16254
84403	11824	13240
84404	11824	12831
84405	11824	20220
84406	11841	20700
84407	3262	5752
84408	3262	7474
84409	11845	17272
84410	3262	5827
84411	526	12291
84412	526	6631
84413	1356	10449
84414	1356	11747
84415	3263	5664
84416	11875	12118
84417	3263	5835
84418	11896	12118
84419	11896	18515
84420	3263	4672
84421	3264	5380
84422	3264	5155
84423	3264	6489
84424	3264	5119
84425	11909	17469
84426	11913	51757
84427	527	1712
84428	3264	7612
84429	11934	15153
84430	527	7847
84431	11934	15068
84432	11940	25450
84433	11960	15762
84434	527	11786
84435	1357	7883
84436	3269	4116
84437	1357	12065
84438	3269	8267
84439	3270	3882
84440	47	16731
84441	11996	20681
84442	11998	35131
84443	12004	13912
84444	12004	15551
84445	12004	15455
84446	12014	30670
84447	527	4616
84448	3277	11312
84449	12016	19475
84450	3278	11263
84451	3281	26106
84452	12054	16731
84453	12050	14844
84454	3284	4523
84455	12074	12330
84456	1360	7802
84457	3286	28611
84458	3292	14069
84459	3292	4679
84460	3277	8472
84461	3282	7681
84462	3292	8877
84463	3282	5255
84464	1361	12838
84465	3292	14901
84466	1361	4808
84467	1361	8235
84468	12121	16924
84469	1361	7473
84470	12134	19017
84471	12136	18340
84472	12136	45098
84473	12137	21194
84474	12166	17340
84475	12166	16548
84476	1361	13501
84477	12166	23803
84478	12166	16879
84479	12166	30795
84480	12174	19080
84481	12172	13952
84482	1363	10925
84483	3308	7462
84484	3314	4280
84485	3317	9421
84486	3317	11723
84487	3317	5004
84488	12251	23751
84489	3317	42407
84490	12242	12565
84491	12260	35131
84492	1364	1521
84493	12260	28685
84494	12260	33428
84495	12262	15014
84496	12272	13230
84497	12272	37331
84498	12304	27803
84499	12304	13953
84500	12342	15290
84501	12345	13813
84502	3330	13937
84503	12383	15772
84504	3330	58190
84505	1364	6703
84506	12413	22350
84507	12429	23901
84508	12416	21318
84509	3330	23698
84510	12460	15415
84511	1366	1884
84512	12481	12483
84513	3332	10440
84514	3332	9521
84515	12535	15543
84516	3332	13925
84517	12535	27089
84518	12549	47671
84519	12592	12671
84520	3341	9522
84521	12618	18744
84522	3341	13468
84523	3341	5900
84524	12671	40680
84525	12671	16821
84526	193	2116
84527	3344	11916
84528	12729	22385
84529	12671	19043
84530	3348	14788
84531	12729	29953
84532	12760	14598
84533	3350	11326
84534	3350	5836
84535	12760	14986
84536	12779	13048
84537	1371	2490
84538	1371	2358
84539	12828	23415
84540	12833	13891
84541	12838	13778
84542	12838	12878
84543	3354	3376
84544	3354	3462
84545	12838	14988
84546	1360	14615
84547	1371	4347
84548	12858	15707
84549	1371	11308
84550	3357	11094
84551	12866	20220
84552	12870	15660
84553	12866	16571
84554	3361	10177
84555	3361	3726
84556	3361	5627
84557	12878	30751
84558	3361	9391
84559	95	1765
84560	3361	5906
84561	3362	9429
84562	12891	47026
84563	12895	14987
84564	12895	14978
84565	12895	34468
84566	12895	13567
84567	539	2184
84568	3362	13927
84569	3362	8566
84570	1373	12124
84571	3362	9625
84572	12939	15544
84573	12979	22528
84574	12979	38313
84575	12983	13020
84576	12983	17289
84577	12996	15896
84578	13017	14980
84579	13022	20652
84580	3372	5482
84581	13090	17653
84582	3376	4860
84583	3376	4697
84584	13095	18380
84585	3376	7482
84586	13121	35131
84587	13130	36850
84588	13135	13878
84589	13143	27110
84590	13167	19019
84591	13167	13843
84592	1379	2839
84593	13167	13916
84594	48	91
84595	13167	26296
84596	13193	44421
84597	13197	23415
84598	1382	7872
84599	13197	44421
84600	13230	24215
84601	48	6354
84602	13241	17685
84603	1386	4826
84604	1386	2836
84605	13256	29071
84606	13262	17352
84607	3386	24092
84608	3386	7907
84609	3386	13611
84610	3376	5411
84611	3389	5057
84612	13277	15888
84613	13280	13365
84614	3389	5374
84615	3389	9323
84616	3389	5255
84617	1386	3882
84618	13289	17700
84619	13299	15507
84620	13304	13538
84621	13319	20681
84622	3398	10044
84623	1386	8319
84624	540	8953
84625	3398	13233
84626	3401	3451
84627	3401	6623
84628	3401	13567
84629	48	16805
84630	3401	5050
84631	13371	42576
84632	95	5008
84633	3401	11383
84634	3398	11326
84635	198	1108
84636	13409	31217
84637	13440	27882
84638	3403	7474
84639	3403	3735
84640	13466	25384
84641	48	2297
84642	13468	27273
84643	198	5953
84644	13475	14891
84645	13488	21890
84646	198	7892
84647	13506	13518
84648	13513	21247
84649	1401	9099
84650	13555	17577
84651	3422	3686
84652	3422	4805
84653	198	6280
84654	545	1104
84655	3426	5733
84656	48	2292
84657	3426	5107
84658	3426	5122
84659	13610	41271
84660	3426	19084
84661	3426	10185
84662	13624	30795
84663	3426	5245
84664	13647	19080
84665	13647	21421
84666	13668	13875
84667	13677	26660
84668	1411	8457
84669	3436	12978
84670	3436	9875
84671	3436	6199
84672	3439	4699
84673	546	4736
84674	3426	4675
84675	13712	18430
84676	23	5827
84677	3439	9645
84678	3439	5375
84679	48	17190
84680	13735	27089
84681	13735	33620
84682	3450	5245
84683	1415	2571
84684	3450	5516
84685	1535	5053
84686	3450	15239
84687	3450	5050
84688	3450	7462
84689	3450	5930
84690	13780	23735
84691	1415	11301
84692	546	19329
84693	1419	6126
84694	1419	6113
84695	13822	17215
84696	97	6261
84697	1424	1962
84698	23	3954
84699	3451	4366
84700	3451	3932
84701	3451	9179
84702	13891	23415
84703	3451	4695
84704	97	16921
84705	3451	13371
84706	3451	15875
84707	3451	7681
84708	1424	1523
84709	13916	25235
84710	13924	25696
84711	13843	19164
84712	3451	23694
84713	13930	16239
84714	3459	5004
84715	13933	13941
84716	13933	19022
84717	1424	2810
84718	3451	11269
84719	13937	17606
84720	1424	5601
84721	13942	15957
84722	1424	4816
84723	13952	17578
84724	1425	5032
84725	13954	19164
84726	1425	5301
84727	3459	3492
84728	3459	11484
84729	3459	9806
84730	550	6178
84731	14014	14424
84732	14020	17930
84733	97	19615
84734	14021	19288
84735	3462	9184
84736	3462	8318
84737	3462	5770
84738	1426	4779
84739	14067	14084
84740	14069	25090
84741	1426	1972
84742	14069	36990
84743	97	918
84744	1426	5657
84745	3467	5080
84746	3468	4257
84747	3468	4630
84748	552	1825
84749	3469	3954
84750	3469	6018
84751	552	11621
84752	3470	7451
84753	1426	5547
84754	1428	5703
84755	1428	8288
84756	3470	8225
84757	3470	9998
84758	3470	9766
84759	1428	2933
84760	14205	27110
84761	14205	15772
84762	14205	21063
84763	3470	4882
84764	3482	7812
84765	3474	4434
84766	14285	28215
84767	3477	4447
84768	3477	37342
84769	3477	11747
84770	3482	4856
84771	3482	7604
84772	3482	15710
84773	3482	4372
84774	3482	5011
84775	14464	16836
84776	14464	16266
84777	3482	8579
84778	202	1925
84779	14501	20507
84780	14555	19354
84781	3485	6241
84782	14576	29590
84783	3485	9215
84784	14585	16623
84785	3485	5143
84786	3485	8758
84787	14615	35241
84788	3490	7455
84789	3490	8248
84790	3490	4695
84791	14668	19164
84792	14668	27952
84793	3492	5170
84794	3492	5728
84795	14697	17288
84796	14714	16157
84797	14736	19080
84798	3493	3662
84799	3493	12452
84800	557	5060
84801	14762	35241
84802	14765	32890
84803	14764	21890
84804	14774	23435
84805	3506	13475
84806	14815	16707
84807	557	9689
84808	3512	7579
84809	14843	19550
84810	3519	4789
84811	1440	2846
84812	14910	26999
84813	1440	6792
84814	3515	10824
84815	14936	21109
84816	14946	15950
84817	14960	14971
84818	14966	15806
84819	14966	14987
84820	3515	4795
84821	14972	51757
84822	559	858
84823	14978	18768
84824	3529	10082
84825	14986	28492
84826	559	2358
84827	14988	15543
84828	14999	22689
84829	14999	28597
84830	3532	3838
84831	14999	16581
84832	3538	8325
84833	3538	9697
84834	15087	15168
84835	3542	7068
84836	3542	5281
84837	3542	8468
84838	559	10083
84839	15163	16071
84840	15163	22385
84841	15163	21890
84842	15206	36254
84843	15226	15515
84844	15209	29930
84845	99	4616
84846	15239	27093
84847	1445	4697
84848	15257	22521
84849	1445	1979
84850	15428	17281
84851	15428	24832
84852	1445	9141
84853	15455	19024
84854	15469	40681
84855	1445	3115
84856	15532	25090
84857	3582	5559
84858	15564	58190
84859	205	7844
84860	205	21542
84861	15641	32040
84862	12	7462
84863	3583	11446
84864	1454	4699
84865	1454	2096
84866	3583	7884
84867	15711	24765
84868	205	2475
84869	15738	26587
84870	15738	17353
84871	15762	15783
84872	3583	4839
84873	15772	27089
84874	1454	2892
84875	1454	10438
84876	1454	8510
84877	15817	27882
84878	15817	20112
84879	15817	23735
84880	15882	21017
84881	15817	37307
84882	206	2481
84883	15845	15853
84884	15853	19084
84885	565	855
84886	15882	15902
84887	15903	31672
84888	205	20718
84889	1456	1620
84890	15939	18474
84891	565	10609
84892	15950	16444
84893	565	5068
84894	1456	6878
84895	3608	4005
84896	16012	23123
84897	16029	23741
84898	16040	24951
84899	3608	8432
84900	16094	17151
84901	16150	17886
84902	565	13277
84903	1454	5547
84904	16189	32040
84905	16234	17938
84906	16239	16814
84907	1457	26999
84908	1456	5559
84909	16443	27007
84910	16371	16976
84911	3640	10596
84912	16444	16581
84913	3645	5567
84914	16443	26570
84915	16496	27110
84916	16504	19479
84917	16541	19293
84918	16545	33620
84919	16548	19014
84920	3651	15641
84921	206	1256
84922	16571	16753
84923	16651	26281
84924	1464	2489
84925	206	5635
84926	206	5575
84927	1464	3482
84928	206	5568
84929	1464	18145
84930	16706	23897
84931	206	2770
84932	16731	47966
84933	16739	29953
84934	206	1120
84935	16770	20243
84936	16805	20381
84937	16779	17870
84938	3662	13132
84939	1464	30862
84940	3662	10491
84941	16805	43892
84942	16832	23956
84943	16836	32486
84944	3666	5421
84945	16865	19648
84946	16889	21890
84947	1470	25356
84948	3672	10448
84949	206	6018
84950	16927	18475
84951	16941	18343
84952	16975	25090
84953	16975	27093
84954	1477	23982
84955	1477	14966
84956	17190	25701
84957	17251	34773
84958	17261	22629
84959	3717	5289
84960	3717	28286
84961	1478	5588
84962	17347	23574
84963	3717	5799
84964	3717	8912
84965	17492	24969
84966	1478	7474
84967	102	2475
84968	17536	29443
84969	1478	2076
84970	3723	4133
84971	574	16015
84972	3723	18660
84973	17674	26286
84974	1478	9531
84975	3726	11401
84976	17704	22013
84977	17701	33428
84978	3726	6199
84979	3726	7964
84980	17811	34769
84981	3726	34540
84982	3727	9567
84983	49	3451
84984	17954	19629
84985	3730	30130
84986	3733	9982
84987	3735	3871
84988	206	7042
84989	18316	20541
84990	18346	18984
84991	18263	18763
84992	18052	19216
84993	18386	21017
84994	3736	5421
84995	18442	18455
84996	18446	20676
84997	18460	18555
84998	18475	30433
84999	18491	23586
85000	18491	31318
85001	18491	20243
85002	18526	29256
85003	18529	18532
85004	1486	21445
85005	3747	4144
85006	3747	5567
85007	18676	24832
85008	18660	23279
85009	18668	24143
85010	18676	19288
85011	17954	19734
85012	18835	22202
85013	1488	5172
85014	1488	5083
85015	18923	22195
85016	18890	35955
85017	18904	19717
85018	3766	12392
85019	19023	19433
85020	1490	5192
85021	1490	2567
85022	19043	20064
85023	1490	9672
85024	19080	43892
85025	19084	33428
85026	3774	9837
85027	3774	18944
85028	3774	6489
85029	3774	15582
85030	19288	22584
85031	19354	21443
85032	19343	20683
85033	1490	9320
85034	1490	6379
85035	49	4852
85036	3806	20681
85037	19481	26745
85038	19496	19501
85039	19490	25075
85040	19535	27493
85041	19550	30018
85042	49	4347
85043	19804	28546
85044	19855	19924
85045	19983	25075
85046	3805	5569
85047	3805	8039
85048	1493	13579
85049	3806	15168
85050	20100	43891
85051	3806	5511
85052	3806	23936
85053	3806	7631
85054	103	2771
85055	20253	20267
85056	3806	7827
85057	3806	6995
85058	20276	23672
85059	20352	23954
85060	20498	25510
85061	20507	23586
85062	1498	1980
85063	1498	2478
85064	49	8786
85065	20851	32510
85066	20998	66525
85067	3847	32508
85068	21108	26745
85069	3829	4844
85070	21421	26286
85071	21443	23023
85072	3833	3982
85073	585	5579
85074	21992	53025
85075	22024	47135
85076	20282	20283
85077	3847	10890
85078	22133	22818
85079	22370	27273
85080	22385	51758
85081	22450	25075
85082	1502	15950
85083	3850	10283
85084	3850	26994
85085	22618	24477
85086	22700	22702
85087	22759	23006
85088	23263	48312
85089	1508	4729
85090	23310	34265
85091	23407	23409
85092	1508	5627
85093	211	3152
85094	1508	12012
85095	1508	5600
85096	23364	30795
85097	211	7420
85098	23904	50664
85099	211	1001
85100	24060	24061
85101	49	2846
85102	1508	18768
85103	24155	68168
85104	24455	40703
85105	24611	66021
85106	24744	28896
85107	103	10420
85108	24821	24839
85109	211	19395
85110	1508	20516
85111	3882	5593
85112	3882	4664
85113	15904	16713
85114	25118	25121
85115	3882	4683
85116	3882	9412
85117	3882	5375
85118	211	1553
85119	3883	10438
85120	26505	30062
85121	27093	28843
85122	26999	41562
85123	27803	42369
85124	27938	51449
85125	27983	66774
85126	28564	47482
85127	28898	36526
85128	29099	44421
85129	103	10200
85130	29668	32734
85131	29851	33147
85132	30062	36763
85133	1521	5057
85134	1521	5759
85135	595	7849
85136	1521	5542
85137	30952	30954
85138	595	4668
85139	595	2497
85140	215	1517
85141	595	12304
85142	1521	2258
85143	13	11577
85144	595	13594
85145	215	5959
85146	3940	7265
85147	3940	10527
85148	32294	76848
85149	49	17017
85150	215	6232
85151	3949	26406
85152	34543	59923
85153	1523	4897
85154	35408	41674
85155	35417	46226
85156	1523	5034
85157	36961	51758
85158	1523	12093
85159	38189	48431
85160	38494	38610
85161	38410	71089
85162	3954	15428
85163	39433	49720
85164	1523	9689
85165	39657	39658
85166	40163	47762
85167	48551	72078
85168	3954	8799
85169	1527	9465
85170	3963	6348
85171	1527	8015
85172	3970	11935
85173	1528	2783
85174	48348	48351
85175	53684	53686
85176	3984	6082
85177	57602	57603
85178	3954	9311
85179	599	2942
85180	216	7669
85181	3996	18897
85182	59114	59115
85183	599	2529
85184	62220	62222
85185	4012	8327
85186	4019	8917
85187	4019	5131
85188	68844	68846
85189	70185	70186
85190	599	2849
85191	71899	71900
85192	74647	74650
85193	75399	75400
85194	75736	75737
85195	77360	5107
85196	599	9207
85197	77360	8683
85198	4019	5318
85199	4038	4679
85200	4038	16545
85201	77360	7720
85202	599	8348
85203	77360	2811
85204	4038	10440
85205	4040	10082
85206	1538	1801
85207	1538	6296
85208	4040	7203
85209	77361	2481
85210	77361	2425
85211	104	4988
85212	77362	2593
85213	77362	7338
85214	77362	2474
85215	77362	8441
85216	77362	9097
85217	77362	4697
85218	217	5930
85219	217	5205
85220	77363	4895
85221	217	7562
85222	77364	4690
85223	77364	5265
85224	77364	4884
85225	4058	8991
85226	77364	403
85227	77365	15069
85228	77365	8258
85229	77366	77361
85230	77366	4759
85231	599	7340
85232	77366	11061
85233	77366	12314
85234	77367	2811
85235	77367	46
85236	77368	186
85237	4066	14020
85238	77367	12424
85239	77368	83
85240	77369	2334
85241	77369	6017
85242	4072	19003
85243	77369	844
85244	4092	4555
85245	77371	17372
85246	77371	9950
85247	77372	7533
85248	77372	1744
85249	77372	1751
85250	77372	1851
85251	600	19096
85252	4097	15611
85253	77374	397
85254	77374	4903
85255	602	4675
85256	77374	5443
85257	77374	2481
85258	4107	7936
85259	4107	5853
85260	77376	5172
85261	77364	4882
85262	77376	1712
85263	77374	16144
85264	77377	5120
85265	217	2809
85266	77377	6209
85267	77377	16620
85268	77377	10744
85269	77377	4092
85270	217	10248
85271	77380	5033
85272	77381	186
85273	4125	5276
85274	4125	11542
85275	602	9521
85276	77382	2836
85277	77382	4777
85278	1553	2485
85279	25	14987
85280	1553	2366
85281	1553	3043
85282	4127	5770
85283	77384	5030
85284	77384	7651
85285	77384	14944
85286	77384	19976
85287	77385	2470
85288	77385	4755
85289	77385	5088
85290	77386	10348
85291	77386	15783
85292	4130	30044
85293	77387	5157
85294	4133	9813
85295	77388	6139
85296	77388	10436
85297	77388	4116
85298	4133	8936
85299	77388	2881
85300	77389	8608
85301	77389	7681
85302	77389	2437
85303	4142	31975
85304	1553	5921
85305	1553	4744
85306	77393	2858
85307	77392	5399
85308	77393	7533
85309	77394	180
85310	4153	4690
85311	4153	7841
85312	4153	10584
85313	77396	2878
85314	77396	1569
85315	77397	151
85316	77397	401
85317	77397	157
85318	77398	5065
85319	77399	10269
85320	77400	8258
85321	77400	2470
85322	77401	5048
85323	4153	17674
85324	77360	4899
85325	4174	6960
85326	4174	14752
85327	4174	13784
85328	77404	947
85329	77404	5743
85330	77404	5902
85331	4174	16975
85332	1560	4688
85333	1560	4738
85334	77405	4902
85335	77405	6215
85336	1560	11125
85337	77407	3462
85338	77408	5899
85339	218	226
85340	77408	5131
85341	77409	5367
85342	4195	16545
85343	77412	19029
85344	77412	17035
85345	77414	5207
85346	220	4679
85347	4201	12383
85348	4201	8086
85349	77416	5122
85350	77418	696
85351	77419	7681
85352	4208	15702
85353	220	3376
85354	77422	77415
85355	4209	8314
85356	220	2539
85357	220	283
85358	77426	24124
85359	77427	7749
85360	77427	7733
85361	1567	1703
85362	77424	7651
85363	77429	2836
85364	77429	2485
85365	619	5020
85366	77430	2148
85367	1567	13735
85368	77432	1851
85369	77433	4930
85370	77433	4689
85371	1567	11782
85372	77436	2926
85373	1567	11353
85374	77437	17097
85375	77436	7728
85376	77436	8228
85377	77439	2511
85378	77439	772
85379	77438	5131
85380	77438	2242
85381	77438	9614
85382	77440	10153
85383	77440	16273
85384	77440	4448
85385	77440	11587
85386	77443	1298
85387	77444	3439
85388	1569	6164
85389	4230	10935
85390	77447	77410
85391	77446	77366
85392	1569	8360
85393	77446	5988
85394	1569	2803
85395	77449	10881
85396	4234	5602
85397	77508	3011
85398	77453	9460
85399	77454	2476
85400	77454	22053
85401	77455	4914
85402	4251	4282
85403	77461	24776
85404	77461	8340
85405	77460	4669
85406	77462	6134
85407	1571	2629
85408	1567	4690
85409	77467	5014
85410	4257	16770
85411	77470	1200
85412	77471	7978
85413	77474	25596
85414	77475	2258
85415	77476	7859
85416	77461	6209
85417	77481	8261
85418	77484	7625
85419	77484	11272
85420	77492	2331
85421	4280	10073
85422	77493	77485
85423	77495	157
85424	77495	2133
85425	4282	6395
85426	4282	4699
85427	221	2926
85428	77497	8735
85429	77499	5108
85430	77500	6241
85431	77501	151
85432	4300	9521
85433	1584	21306
85434	77515	3672
85435	77516	394
85436	77516	5050
85437	77514	77402
85438	77520	8
85439	77520	320
85440	77527	12062
85441	77528	11131
85442	1590	8058
85443	77533	2425
85444	77534	8857
85445	77534	12683
85446	4318	5187
85447	77537	6071
85448	77538	5011
85449	77542	381
85450	631	3152
85451	77542	8489
85452	77543	4882
85453	77545	1444
85454	1590	7562
85455	77548	8446
85456	77548	6005
85457	77549	9737
85458	4338	43029
85459	77555	10065
85460	631	13727
85461	4345	5276
85462	77558	2081
85463	77551	3050
85464	4345	13319
85465	4345	10857
85466	77560	6127
85467	77562	5000
85468	77562	8702
85469	77563	840
85470	77564	7691
85471	77565	4699
85472	77567	4868
85473	631	2794
85474	77570	10248
85475	77570	14981
85476	1594	5678
85477	77572	8128
85478	4346	10185
85479	1594	6081
85480	4347	5131
85481	77578	10835
85482	4347	11335
85483	4347	10734
85484	1594	3212
85485	77583	160
85486	77584	1980
85487	77586	16581
85488	77588	171
85489	77588	14069
85490	1594	2431
85491	222	23507
85492	631	8810
85493	4350	4708
85494	77593	8824
85495	77594	6097
85496	77594	4397
85497	77596	2292
85498	1594	21971
85499	77600	153
85500	77601	1772
85501	4351	16546
85502	77602	7909
85503	77602	10361
85504	77606	10187
85505	77609	8861
85506	4357	8708
85507	632	7502
85508	4360	11446
85509	77614	2092
85510	4363	6703
85511	4366	4830
85512	77626	498
85513	4366	8936
85514	1600	2317
85515	25	5635
85516	77643	77587
85517	110	225
85518	77646	5861
85519	4372	9293
85520	77642	2511
85521	225	4683
85522	637	11752
85523	637	2511
85524	77657	951
85525	225	4886
85526	77657	6071
85527	77664	2771
85528	77665	1876
85529	77669	5108
85530	77674	8695
85531	4380	4734
85532	77677	5867
85533	4382	5312
85534	77681	12069
85535	77690	5527
85536	4382	16805
85537	4397	8457
85538	77711	6125
85539	4397	21722
85540	225	7604
85541	4397	10793
85542	77718	10046
85543	77724	11130
85544	225	7994
85545	4398	11196
85546	77727	1284
85547	4398	4844
85548	1608	13557
85549	77731	539
85550	77733	7749
85551	225	8398
85552	77734	6623
85553	4406	8912
85554	4406	32169
85555	77743	10269
85556	4406	9311
85557	4406	5421
85558	225	835
85559	77759	4675
85560	77765	10146
85561	77765	6395
85562	77766	4904
85563	77778	19060
85564	77781	7697
85565	77789	7843
85566	225	8248
85567	77786	4789
85568	4432	14418
85569	77790	2757
85570	4398	13527
85571	77793	8080
85572	77799	8128
85573	4434	13277
85574	77806	2450
85575	77807	5068
85576	77810	9459
85577	1613	15842
85578	77829	207
85579	225	12413
85580	4444	10698
85581	77835	7159
85582	77841	7889
85583	77843	15455
85584	77845	799
85585	4447	13408
85586	4448	9196
85587	77857	5237
85588	77819	2505
85589	4448	4936
85590	77867	8763
85591	77902	180
85592	111	115
85593	1620	11624
85594	77906	77550
85595	1620	6602
85596	77908	18172
85597	1620	5284
85598	77915	12095
85599	4459	5575
85600	1620	17150
85601	77938	5585
85602	77944	27997
85603	4470	8999
85604	1620	15844
85605	4486	9889
85606	77967	77470
85607	77969	7458
85608	77972	77423
85609	4484	9643
85610	4484	14901
85611	4484	15428
85612	77987	4795
85613	225	18965
85614	78009	5479
85615	78012	6070
85616	1620	19045
85617	111	5627
85618	78022	5752
85619	643	10821
85620	78045	26379
85621	78032	12191
85622	78038	77505
85623	78048	10166
85624	78055	5389
85625	78066	9338
85626	78069	24123
85627	78083	184
85628	78085	77519
85629	78090	8346
85630	78112	2481
85631	1622	3247
85632	1622	4522
85633	4522	8341
85634	78138	6112
85635	111	2501
85636	4522	4853
85637	225	2784
85638	1622	4351
85639	78206	8752
85640	1622	2933
85641	78224	9218
85642	78279	1754
85643	78278	16889
85644	78293	1109
85645	4540	13262
85646	4543	4616
85647	78349	11401
85648	111	413
85649	4551	17528
85650	78433	9531
85651	647	1425
85652	78451	4759
85653	1622	11268
85654	78491	3398
85655	4557	4808
85656	4557	10696
85657	78537	6081
85658	1631	4707
85659	78564	28953
85660	78581	11166
85661	4557	7838
85662	78608	17223
85663	78633	8785
85664	78626	8891
85665	78662	13467
85666	78678	12953
85667	78735	77572
85668	78738	1329
85669	4588	15002
85670	4588	9982
85671	4588	9542
85672	78822	9717
85673	78878	396
85674	1635	5698
85675	78916	16845
85676	78939	20625
85677	78958	6108
85678	79050	12934
85679	4610	5902
85680	4610	11266
85681	111	4984
85682	4610	4856
85683	14	527
85684	79318	21909
85685	79324	6329
85686	79332	158
85687	656	2517
85688	4616	19134
85689	79377	77423
85690	79382	78999
85691	1641	2571
85692	79491	78190
85693	79494	44856
85694	111	6327
85695	4616	22850
85696	79838	9677
85697	79920	399
85698	79924	25484
85699	4630	11333
85700	4630	8574
85701	1641	1712
85702	80467	3743
85703	80546	6150
85704	1641	2839
85705	80569	5405
85706	80570	2249
85707	1641	3282
85708	81104	32063
85709	81193	41074
85710	81231	44245
85711	81259	29128
85712	81289	17759
85713	81345	79387
85714	4647	43280
85715	4650	5857
85716	82289	1001
85717	82687	30976
85718	82991	22083
85719	4664	16040
85720	4664	15068
85721	4664	8639
85722	4664	11938
85723	239	1091
85724	85717	84280
85725	4665	4668
85726	4666	22826
85727	4666	4894
85728	4666	7883
85729	111	13026
85730	239	7501
85731	4667	4694
85732	239	1751
85733	4668	5088
85734	4669	6241
85735	111	7594
85736	4669	5131
85737	4669	5011
85738	1647	1812
85739	4669	10089
85740	4671	8397
85741	4664	28843
85742	4672	7639
85743	662	13927
85744	4675	4713
85745	112	5387
85746	4672	5900
85747	4675	5490
85748	4675	5297
85749	4671	4892
85750	4675	5819
85751	4674	7428
85752	662	4821
85753	112	1670
85754	4675	13240
85755	4675	18275
85756	4675	9930
85757	662	28843
85758	239	12852
85759	1660	4805
85760	1660	14648
85761	4678	5164
85762	239	10736
85763	4679	8861
85764	4679	4843
85765	4680	5297
85766	4680	5800
85767	1667	10185
85768	4683	5103
85769	1667	10845
85770	4687	17653
85771	4687	13304
85772	243	10934
85773	243	4350
85774	4688	36695
85775	4688	4804
85776	4688	5853
85777	4690	5323
85778	4690	5601
85779	4690	6215
85780	4690	33026
85781	671	835
85782	1670	11816
85783	4694	5034
85784	4694	4702
85785	4694	15659
85786	671	4736
85787	671	10640
85788	4697	13365
85789	4695	5198
85790	4695	4904
85791	671	9626
85792	4695	9522
85793	1673	5995
85794	4697	5857
85795	4697	5151
85796	4697	5004
85797	4697	5080
85798	4697	8306
85799	1670	5001
85800	1675	2926
85801	4697	17662
85802	4698	5398
85803	4698	8318
85804	4698	9070
85805	1683	2788
85806	4699	10449
85807	4699	8314
85808	4699	5925
85809	677	13968
85810	4700	6261
85811	4700	10046
85812	4700	10671
85813	4	8708
85814	677	9889
85815	4700	5048
85816	4700	7710
85817	4700	12706
85818	677	14764
85819	1692	8393
85820	4702	10913
85821	4700	12145
85822	4702	12775
85823	677	5678
85824	244	9120
85825	54	22247
85826	4736	5662
85827	4699	8432
85828	1692	4697
85829	1692	1729
85830	4708	5398
85831	4708	5000
85832	4708	10803
85833	4710	31751
85834	4713	5691
85835	4713	9837
85836	4713	4908
85837	4713	8434
85838	1699	2511
85839	4714	13230
85840	1699	2730
85841	4717	18744
85842	4723	5187
85843	4723	9045
85844	4724	16568
85845	685	2350
85846	1703	6168
85847	1703	2926
85848	4729	6209
85849	4729	16779
85850	4730	10696
85851	114	5965
85852	4734	6334
85853	4736	5678
85854	4736	10443
85855	4736	13277
85856	1706	2497
85857	4737	7844
85858	4738	5195
85859	4737	5090
85860	4738	7706
85861	1708	8489
85862	1708	11128
85863	1708	5398
85864	1708	11201
85865	4742	5662
85866	4741	5155
85867	4742	10185
85868	4744	5733
85869	4745	6009
85870	4745	5611
85871	4747	6040
85872	4749	10581
85873	1712	2881
85874	4755	4851
85875	115	7058
85876	4755	10515
85877	699	4843
85878	1712	4005
85879	4755	4785
85880	699	26688
85881	115	4723
85882	4756	9068
85883	699	3022
85884	4756	5280
85885	4756	9149
85886	4756	9673
85887	4747	9229
85888	4759	5103
85889	4761	8694
85890	4762	16969
85891	6	68
85892	4762	10244
85893	4762	10096
85894	4762	5107
85895	56	11699
85896	4767	18155
85897	4767	6261
85898	4762	5102
85899	4772	9097
85900	1727	2197
85901	4777	5511
85902	1727	3805
85903	1728	6656
85904	4777	15519
85905	1728	7497
85906	1728	8332
85907	1729	5142
85908	4779	11124
85909	1729	7701
85910	1729	9668
85911	4782	5100
85912	1729	7669
85913	4785	5083
85914	4785	6296
85915	56	11782
85916	4787	6489
85917	4787	8104
85918	4787	11164
85919	4787	4951
85920	4789	7340
85921	1730	15002
85922	4787	19080
85923	4789	5909
85924	4789	11484
85925	56	16832
85926	263	5169
85927	4789	5718
85928	4793	7832
85929	710	8029
85930	56	11770
85931	4793	9672
85932	1734	4738
85933	4793	9798
85934	263	7936
85935	263	13956
85936	4799	35241
85937	4799	11125
85938	4802	9705
85939	4802	16876
85940	1846	2507
85941	115	4793
85942	4804	7494
85943	32	4889
85944	4805	10900
85945	4805	5105
85946	4807	16071
85947	4807	14821
85948	1751	5559
85949	4799	9000
85950	4808	11811
85951	715	6244
85952	1751	3037
85953	1751	3009
85954	4808	14891
85955	1751	11027
85956	1751	7742
85957	4811	7400
85958	4811	10083
85959	4811	12878
85960	1751	23586
85961	4811	5831
85962	4813	12729
85963	4820	5340
85964	4821	20502
85965	4821	18693
85966	4828	5421
85967	1761	2210
85968	4826	5662
85969	4826	5568
85970	4828	8200
85971	1763	5532
85972	4834	5601
85973	1763	3122
85974	4834	8912
85975	4834	5642
85976	4834	10088
85977	4837	6139
85978	4837	10637
85979	4837	10322
85980	265	413
85981	4837	27803
85982	1765	2803
85983	4839	7892
85984	1765	11042
85985	4841	10278
85986	4843	10092
85987	4843	7669
85988	1768	5585
85989	4826	6232
85990	4844	16071
85991	1768	10088
85992	1768	14821
85993	4847	5390
85994	1768	8821
85995	4844	5421
85996	4850	5900
85997	4850	8566
85998	4850	13731
85999	4851	19329
86000	4852	10436
86001	1772	2481
86002	4852	23550
86003	725	5602
86004	4854	11547
86005	725	4914
86006	4854	10527
86007	1772	6656
86008	1772	13057
86009	4856	7892
86010	1772	7811
86011	4856	28804
86012	1772	9077
86013	4868	4896
86014	4868	15314
86015	4873	4896
86016	1779	3128
86017	4875	11333
86018	4884	11371
86019	267	5245
86020	4881	14891
86021	4882	8397
86022	4882	5958
86023	4886	7651
86024	4886	11262
86025	4886	10765
86026	4887	9858
86027	4889	8318
86028	4889	6199
86029	4891	8623
86030	4894	9184
86031	4894	11532
86032	4894	5136
86033	4884	19046
86034	4895	6225
86035	4896	23541
86036	4895	10582
86037	4899	11038
86038	737	12018
86039	4903	9102
86040	4903	5542
86041	4903	7058
86042	272	5289
86043	4904	21971
86044	4904	10170
86045	1801	9220
86046	4908	5492
86047	4909	8315
86048	4909	8319
86049	4909	6839
86050	4909	9989
86051	4909	18048
86052	1809	6379
86053	1809	11319
86054	4918	5527
86055	4918	8509
86056	4920	9705
86057	4920	5062
86058	4920	4954
86059	4921	6951
86060	272	2844
86061	4930	6241
86062	4926	5398
86063	4926	13233
86064	1819	11115
86065	4926	12878
86066	1819	9696
86067	1819	2838
86068	4929	11754
86069	4929	8994
86070	4930	15762
86071	4930	18805
86072	4936	11546
86073	1824	5195
86074	1824	7741
86075	4938	5340
86076	1824	11438
86077	4930	8912
86078	1825	4569
86079	4943	8026
86080	274	15163
86081	4943	12895
86082	1825	7828
86083	1825	8930
86084	119	7441
86085	4950	30795
86086	4950	17150
86087	4951	5546
86088	4951	6944
86089	4951	11258
86090	1825	11402
86091	4951	19733
86092	4953	10302
86093	58	4736
86094	4954	7684
86095	119	1232
86096	4954	11751
86097	4954	9521
86098	4956	10948
86099	4956	8529
86100	4957	10082
86101	4958	15105
86102	58	4808
86103	4958	16849
86104	4958	8730
86105	1826	4350
86106	4961	57947
86107	4961	28597
86108	4961	7068
86109	1826	2882
86110	281	17355
86111	58	1553
86112	4963	5837
86113	4963	10330
86114	4963	10093
86115	4963	15114
86116	4963	22853
86117	1829	9287
86118	1829	5161
86119	1829	5431
86120	4964	8655
86121	4966	47026
86122	4967	6033
86123	4984	9047
86124	4984	9045
86125	4984	13750
86126	4963	5200
86127	4985	24100
86128	4972	13438
86129	4986	8311
86130	4986	5095
86131	4986	5121
86132	1837	12999
86133	4986	12272
86134	4988	8968
86135	282	2501
86136	4990	6489
86137	4990	8235
86138	4990	14901
86139	1839	9114
86140	4991	5122
86141	4991	5154
86142	283	43029
86143	1842	2013
86144	4996	5279
86145	4997	5117
86146	4997	5141
86147	283	377
86148	4997	10724
86149	1846	7701
86150	5000	5542
86151	5000	6361
86152	5001	9977
86153	5000	9948
86154	769	8027
86155	283	5984
86156	1851	2475
86157	1851	11371
86158	772	10485
86159	5006	5041
86160	1855	5227
86161	1855	2350
86162	5004	7468
86163	772	1245
86164	1855	8821
86165	283	13960
86166	5008	8953
86167	5008	7841
86168	5008	11418
86169	1855	11177
86170	5008	29478
86171	1855	7670
86172	5009	5068
86173	5011	7883
86174	5011	8247
86175	1861	20681
86176	5016	5157
86177	5016	12826
86178	5008	11163
86179	1868	5328
86180	5008	11354
86181	5025	6146
86182	5009	9522
86183	284	5065
86184	5031	5198
86185	1874	5150
86186	5031	8478
86187	5031	9000
86188	1874	5034
86189	1874	2842
86190	5033	7497
86191	1874	8235
86192	1874	8781
86193	779	9705
86194	5036	12828
86195	5036	5102
86196	779	15544
86197	5036	5227
86198	1874	8083
86199	5036	9682
86200	5036	5405
86201	1874	19588
86202	5039	15057
86203	1870	8337
86204	5047	5201
86205	5047	11224
86206	5048	5068
86207	5048	5062
86208	5048	7617
86209	122	2810
86210	783	1874
86211	5050	8244
86212	5050	8936
86213	5050	10614
86214	5050	18437
86215	5050	6168
86216	5050	10695
86217	5050	41562
86218	783	9245
86219	1	2455
86220	1884	13925
86221	5053	5076
86222	5052	6726
86223	5052	7712
86224	5052	18824
86225	1884	2062
86226	5057	9697
86227	5057	10793
86228	5060	19944
86229	5062	8299
86230	5062	15611
86231	5050	10185
86232	1901	6071
86233	290	6296
86234	1901	11268
86235	5065	9837
86236	5068	6337
86237	5068	7684
86238	5068	17954
86239	1905	2775
86240	5072	13095
86241	5074	13400
86242	5076	8683
86243	5076	5857
86244	1906	5049
86245	5076	10589
86246	794	37793
86247	5080	5698
86248	5080	7473
86249	290	2539
86250	125	4821
86251	125	10506
86252	5088	9112
86253	5090	5288
86254	5090	8254
86255	1913	8412
86256	796	3549
86257	5095	5257
86258	5100	7686
86259	5100	18461
86260	5100	19361
86261	1924	18676
86262	796	5457
86263	1924	3426
86264	5102	5542
86265	796	12637
86266	1925	5195
86267	5102	13308
86268	290	8752
86269	796	4830
86270	1925	6500
86271	1925	14821
86272	5103	5601
86273	5107	6144
86274	1925	5689
86275	5107	12424
86276	5107	19216
86277	796	5827
86278	5114	6009
86279	5114	7841
86280	5114	5755
86281	799	2334
86282	1933	2942
86283	1933	8261
86284	1933	7789
86285	799	1751
86286	1933	10582
86287	125	5657
86288	1933	2536
86289	1933	2789
86290	5102	5398
86291	1933	12895
86292	5119	5197
86293	5119	10033
86294	5120	15428
86295	5121	8628
86296	5120	19084
86297	5120	9179
86298	5121	8566
86299	1936	10750
86300	5122	9341
86301	799	13594
86302	5122	5671
86303	5122	5269
86304	799	10650
86305	1941	12304
86306	1941	3022
86307	5131	8673
86308	1941	13204
86309	1943	7567
86310	1944	5280
86311	5131	7872
86312	802	4372
86313	313	11747
86314	5134	10909
86315	1949	8258
86316	1949	2170
86317	59	5901
86318	804	8015
86319	5141	25426
86320	804	3172
86321	59	5161
86322	5150	7684
86323	5150	22563
86324	5151	12826
86325	1960	3007
86326	1960	2160
86327	1960	2139
86328	809	7096
86329	59	5114
86330	809	1379
86331	5155	10769
86332	5155	5593
86333	5157	6610
86334	5157	8027
86335	5157	11083
86336	1962	5161
86337	1962	4821
86338	5159	10695
86339	1962	14978
86340	5161	7892
86341	5161	5577
86342	1965	2411
86343	5161	5819
86344	5162	6178
86345	128	932
86346	1970	1985
86347	809	11815
86348	5168	36961
86349	5168	5527
86350	5172	7723
86351	5170	10204
86352	5170	12137
86353	5170	21194
86354	1972	12416
86355	5174	9773
86356	1972	8708
86357	5179	8879
86358	1979	5199
86359	5186	6306
86360	5186	15312
86361	1979	4669
86362	128	1727
86363	1979	19197
86364	1972	2780
86365	5187	8799
86366	5187	15299
86367	5186	6261
86368	814	983
86369	17	394
86370	1972	22134
86371	34	4884
86372	5189	10170
86373	34	4610
86374	5190	13748
86375	5192	6029
86376	5195	5231
86377	320	5602
86378	5195	14978
86379	5196	7742
86380	5196	11934
86381	5198	5281
86382	5198	8322
86383	5198	12979
86384	5198	7517
86385	814	10407
86386	1996	12765
86387	59	18414
86388	1996	5567
86389	5199	8518
86390	1997	2095
86391	1997	3009
86392	5199	5207
86393	1997	3519
86394	5199	6241
86395	1997	3125
86396	59	8629
86397	818	1454
86398	5200	5922
86399	5200	18340
86400	818	10302
86401	818	13916
86402	5205	11689
86403	5205	7828
86404	34	2485
86405	5207	16581
86406	5208	5740
86407	5208	5792
86408	5212	6018
86409	59	20681
86410	5218	17929
86411	2006	19329
86412	5219	10628
86413	5219	11333
86414	5220	8247
86415	5223	6017
86416	2013	9885
86417	2013	7109
86418	5226	29256
86419	5226	8337
86420	5227	10096
86421	331	5678
86422	2015	9044
86423	822	22689
86424	5237	10589
86425	5237	11009
86426	5241	5541
86427	5241	9852
86428	331	3000
86429	5243	10326
86430	2021	14021
86431	5245	10772
86432	5245	11333
86433	5245	9104
86434	5255	5277
86435	2024	4899
86436	5255	15845
86437	5255	21791
86438	5255	17694
86439	5272	8877
86440	2031	2919
86441	5268	5593
86442	5257	8527
86443	2031	9316
86444	5269	7744
86445	5269	5736
86446	34	4756
86447	5269	13188
86448	2034	2844
86449	34	9168
86450	131	2474
86451	131	13748
86452	5279	8083
86453	5280	6878
86454	34	9689
86455	5280	8830
86456	5280	17782
86457	131	3469
86458	2043	5870
86459	2043	15239
86460	5284	8657
86461	5284	14844
86462	5284	11353
86463	5284	5421
86464	5284	21421
86465	34	8953
86466	5284	6047
86467	131	16826
86468	5288	6189
86469	5288	8261
86470	2055	15312
86471	2055	5349
86472	5288	8968
86473	5288	5490
86474	5288	10891
86475	5288	5671
86476	131	21824
86477	34	2789
86478	2056	3152
86479	5289	14285
86480	5289	8750
86481	5291	11125
86482	5292	6281
86483	34	5770
86484	2062	4282
86485	5297	5309
86486	5297	11402
86487	835	14846
86488	34	8731
86489	5301	17190
86490	131	11322
86491	5307	8994
86492	5310	5327
86493	2073	10340
86494	337	1324
86495	5318	17288
86496	337	10733
86497	5323	7817
86498	5323	13610
86499	5325	12144
86500	5325	8311
86501	5325	6280
86502	2076	10454
86503	2076	43029
86504	2076	3127
86505	2077	9124
86506	132	6706
86507	2079	2539
86508	2079	3330
86509	5337	7994
86510	2079	3037
86511	5340	6206
86512	5339	15100
86513	5339	11453
86514	5339	9302
86515	132	1837
86516	2079	3086
86517	2079	8741
86518	5340	15428
86519	5342	5405
86520	5349	8457
86521	5349	7681
86522	60	215
86523	5353	9274
86524	5356	5382
86525	5398	6237
86526	5357	6092
86527	840	1200
86528	2084	25278
86529	2087	14987
86530	2087	12983
86531	5365	7847
86532	5370	5390
86533	2090	5327
86534	5367	13082
86535	2090	13775
86536	5370	5371
86537	5340	8248
86538	5370	17503
86539	2092	3124
86540	2090	2789
86541	5374	7684
86542	2092	5521
86543	2092	13735
86544	5372	8657
86545	5375	5479
86546	5375	6248
86547	5375	14751
86548	5375	10340
86549	5375	20243
86550	34	498
86551	2092	17815
86552	844	2572
86553	5384	8247
86554	5384	13748
86555	5384	17663
86556	5384	19024
86557	5387	15402
86558	2095	6513
86559	5387	16359
86560	5398	8628
86561	5390	8489
86562	5390	16359
86563	5390	13594
86564	5390	14981
86565	2096	10089
86566	5396	10000
86567	340	397
86568	5398	6070
86569	340	1478
86570	340	10622
86571	2116	5527
86572	2116	2366
86573	2116	2431
86574	2116	8228
86575	2119	5292
86576	5407	15711
86577	5421	9806
86578	5421	14747
86579	5421	8048
86580	5421	19127
86581	2133	11974
86582	855	6613
86583	5422	10248
86584	2133	2721
86585	2133	17096
86586	5421	7625
86587	5424	11975
86588	858	2481
86589	858	5901
86590	2139	2524
86591	5431	13193
86592	5431	9141
86593	2139	15738
86594	5434	16661
86595	5436	19757
86596	5443	6018
86597	5443	6044
86598	5448	5899
86599	2140	2511
86600	5448	9608
86601	5448	5541
86602	5448	14937
86603	5457	10296
86604	5464	8930
86605	34	4793
86606	5471	8349
86607	2148	2292
86608	2148	6179
86609	135	1727
86610	2148	11263
86611	5479	6329
86612	5479	13057
86613	5482	11528
86614	5482	23735
86615	5485	7494
86616	5490	6125
86617	5490	17372
86618	5490	22195
86619	2159	10088
86620	2159	5827
86621	5504	14988
86622	5504	8595
86623	5505	11131
86624	5505	18522
86625	5448	8857
86626	5511	8683
86627	5511	15536
86628	2170	11723
86629	2170	11747
86630	349	2952
86631	63	2266
86632	34	8956
86633	871	8322
86634	2181	2563
86635	2181	10200
86636	5521	15153
86637	871	15762
86638	871	6209
86639	2184	6792
86640	2184	5530
86641	2184	18768
86642	5526	18420
86643	2184	13008
86644	2184	8578
86645	2184	10506
86646	5530	6017
86647	5532	8468
86648	2184	4785
86649	2189	5231
86650	5532	17492
86651	5532	25335
86652	5532	18281
86653	2189	10283
86654	5533	12913
86655	2189	3138
86656	5521	11845
86657	5542	5715
86658	5542	11258
86659	137	1594
86660	5542	12895
86661	5542	12413
86662	5546	11130
86663	5546	24015
86664	5547	11936
86665	5549	13731
86666	5558	15290
86667	2197	4432
86668	34	5009
86669	354	5304
86670	5559	15483
86671	5559	32470
86672	5564	5641
86673	5564	9837
86674	2203	7809
86675	5567	5635
86676	5567	10454
86677	5568	14986
86678	5568	35071
86679	5568	37577
86680	356	5579
86681	5569	29193
86682	5573	15902
86683	5574	9637
86684	5574	10289
86685	5574	19045
86686	5575	13600
86687	356	22689
86688	5575	12671
86689	5577	9710
86690	5577	14501
86691	2208	11614
86692	5579	19354
86693	880	10137
86694	5579	13954
86695	5579	9465
86696	5583	26745
86697	882	20628
86698	2212	28287
86699	5586	17150
86700	2208	4793
86701	5593	10185
86702	5593	5876
86703	2216	8048
86704	2216	3726
86705	5594	18744
86706	5594	6329
86707	5549	14988
86708	5595	13937
86709	8	1108
86710	2216	18773
86711	2216	2891
86712	2216	11402
86713	5601	10724
86714	883	10278
86715	5602	9637
86716	5602	10772
86717	5606	17929
86718	5611	16889
86719	2223	3032
86720	5611	22810
86721	2224	10167
86722	5619	10340
86723	5619	6248
86724	5619	20243
86725	5619	10495
86726	5627	27618
86727	2230	9727
86728	5627	10131
86729	5628	17259
86730	5634	5637
86731	5635	7338
86732	890	8508
86733	5653	9974
86734	890	5935
86735	361	18048
86736	5659	16959
86737	5662	7517
86738	5662	18890
86739	2245	13240
86740	5662	22437
86741	5667	22995
86742	5671	8679
86743	5664	9287
86744	5671	26296
86745	362	9320
86746	5676	11010
86747	5677	58190
86748	5678	8235
86749	2250	16889
86750	5678	13557
86751	5678	23936
86752	2258	13612
86753	5684	9284
86754	140	1302
86755	5691	10502
86756	5691	6168
86757	5691	6094
86758	2266	5532
86759	5692	5914
86760	5698	7340
86761	5697	12462
86762	66	337
86763	5703	24832
86764	5703	8404
86765	5703	6168
86766	5703	7847
86767	5715	8673
86768	5715	8936
86769	368	2990
86770	2270	7794
86771	2286	6354
86772	8	2789
86773	5716	7791
86774	5718	8861
86775	5721	23586
86776	368	11802
86777	368	8510
86778	2286	9303
86779	368	13126
86780	5728	5770
86781	5729	11669
86782	5728	6040
86783	5729	11420
86784	2286	15799
86785	5733	9982
86786	5739	5759
86787	5739	6195
86788	368	2778
86789	5703	7632
86790	5740	14987
86791	5740	9626
86792	5740	11308
86793	2290	10089
86794	5743	8027
86795	5743	13280
86796	5745	20072
86797	5745	7789
86798	5752	20681
86799	5752	21864
86800	5752	11934
86801	5753	11527
86802	2292	10582
86803	918	8683
86804	5755	9115
86805	5755	9012
86806	5757	16654
86807	5759	5864
86808	918	5816
86809	5759	7517
86810	918	26780
86811	918	25880
86812	5765	11029
86813	5770	18351
86814	2299	2496
86815	2299	7971
86816	2299	26688
86817	918	6280
86818	2299	19329
86819	5779	8172
86820	143	151
86821	5779	18890
86822	5783	10375
86823	5792	7717
86824	2307	12305
86825	5800	7015
86826	5800	13938
86827	2314	7971
86828	66	9672
86829	5805	29186
86830	66	8104
86831	5810	5925
86832	5810	16107
86833	5813	10340
86834	5816	11326
86835	5819	10475
86836	5819	9668
86837	5826	9697
86838	2322	27089
86839	2322	4997
86840	5827	22195
86841	5827	6248
86842	5831	16385
86843	2325	5701
86844	5836	7706
86845	2331	5163
86846	5836	32440
86847	374	3050
86848	932	9727
86849	932	5257
86850	374	19406
86851	5840	6364
86852	6009	7338
86853	932	17190
86854	5850	16879
86855	5853	15687
86856	5856	13468
86857	5857	8248
86858	5857	7649
86859	5857	8673
86860	2340	9774
86861	5857	19043
86862	143	883
86863	5864	6225
86864	5867	12131
86865	5870	8566
86866	5867	6139
86867	5878	10412
86868	5878	5910
86869	5894	12274
86870	143	6250
86871	5899	15413
86872	2350	2371
86873	5853	5884
86874	5899	25075
86875	376	7109
86876	5900	8176
86877	5901	8321
86878	5902	8730
86879	377	3376
86880	376	11438
86881	5902	27591
86882	941	8763
86883	376	34915
86884	5910	9016
86885	5909	10000
86886	5909	7482
86887	5910	10506
86888	5910	10440
86889	5910	10696
86890	5910	9158
86891	5910	10635
86892	5914	9000
86893	5919	8200
86894	5919	8991
86895	377	4899
86896	5921	23263
86897	5922	5952
86898	5922	6301
86899	377	10323
86900	377	11333
86901	5925	8341
86902	5925	9644
86903	2366	3108
86904	377	3086
86905	5929	6009
86906	377	15551
86907	377	1571
86908	377	8398
86909	5930	7789
86910	5930	9172
86911	2366	9926
86912	377	18363
86913	377	9141
86914	5935	11288
86915	5935	13043
86916	5938	7643
86917	5938	8423
86918	5946	8628
86919	5943	13538
86920	377	9626
86921	5949	9786
86922	377	8334
86923	5952	15014
86924	5952	9625
86925	5952	11333
86926	5952	17578
86927	377	22544
86928	5953	10105
86929	5953	17623
86930	377	4351
86931	5958	11542
86932	5958	6035
86933	5958	9210
86934	377	5899
86935	5958	11550
86936	377	38414
86937	5959	22378
86938	2366	8242
86939	2371	5301
86940	143	10724
86941	2371	16832
86942	2371	3130
86943	5973	8225
86944	5973	15690
86945	377	32470
86946	5984	11528
86947	5985	7701
86948	954	4834
86949	143	9769
86950	954	1120
86951	2379	2398
86952	377	21017
86953	2379	20873
86954	954	2794
86955	2379	5947
86956	5999	14959
86957	2380	2839
86958	6009	8729
86959	6009	15402
86960	6017	7877
86961	954	15428
86962	6017	18762
86963	954	8390
86964	6018	20681
86965	6019	16845
86966	6033	8824
86967	381	523
86968	6033	12260
86969	381	4988
86970	381	2437
86971	2394	15531
86972	2394	6615
86973	6040	12826
86974	959	6280
86975	6042	13953
86976	6044	22195
86977	2398	7907
86978	6054	9229
86979	963	8596
86980	963	13594
86981	6077	9697
86982	381	11333
86983	2401	3662
86984	6077	10105
86985	2401	8434
86986	6089	6337
86987	2401	13365
86988	6089	7428
86989	6089	11811
86990	144	6376
86991	6089	18897
86992	6096	9411
86993	6095	12979
86994	6096	8530
86995	970	10108
86996	381	4217
86997	6089	19648
86998	6102	8322
86999	145	12736
87000	6109	13892
87001	6111	6364
87002	145	783
87003	6115	8629
87004	2423	8384
87005	6115	16908
87006	68	3660
87007	6116	8133
87008	6109	29256
87009	6120	8141
87010	2425	13090
87011	6126	8102
87012	6125	12231
87013	6127	10502
87014	6127	10180
87015	6131	12050
87016	6131	20259
87017	6117	12193
87018	6137	8288
87019	6139	8247
87020	6138	9521
87021	6139	8861
87022	68	8235
87023	6146	11418
87024	6146	18900
87025	68	23694
87026	2437	4678
87027	983	1273
87028	2437	3103
87029	6166	7706
87030	6168	16975
87031	6168	22629
87032	6177	10485
87033	6194	7994
87034	6168	14464
87035	6195	8861
87036	6195	9070
87037	2450	22063
87038	2450	34468
87039	394	4773
87040	394	5202
87041	3	7609
87042	394	4895
87043	394	5018
87044	6199	7109
87045	6209	9837
87046	6201	15428
87047	6201	15611
87048	6201	9155
87049	394	15014
87050	988	34376
87051	394	5930
87052	6213	32018
87053	990	4224
87054	6225	16779
87055	2460	9439
87056	394	2593
87057	6232	8629
87058	394	8494
87059	6236	7706
87060	6237	11354
87061	2466	6089
87062	6241	15505
87063	6241	13544
87064	6241	10038
87065	394	9689
87066	6244	10431
87067	2466	9814
87068	2466	5482
87069	6248	8741
87070	2466	11239
87071	2466	22134
87072	6250	8810
87073	2470	5399
87074	2470	4887
87075	2470	8261
87076	2470	7701
87077	2470	4909
87078	149	10454
87079	2470	8915
87080	6250	19197
87081	2470	8861
87082	6261	12118
87083	6261	8856
87084	2470	8516
87085	6280	11203
87086	6276	7231
87087	6279	12703
87088	6280	10506
87089	6286	22133
87090	6286	12890
87091	2474	5179
87092	6300	7053
87093	6301	14800
87094	2478	2527
87095	2475	7474
87096	6327	10185
87097	6329	15003
87098	2476	2499
87099	6333	8871
87100	149	11010
87101	6337	8220
87102	6339	9179
87103	6339	8318
87104	6339	11354
87105	6341	10328
87106	2481	5095
87107	2481	4174
87108	2481	2520
87109	2481	11420
87110	2481	7462
87111	6354	16186
87112	2481	8325
87113	2481	6352
87114	6372	7517
87115	6374	12537
87116	6383	23940
87117	2482	8489
87118	6395	7609
87119	2481	3376
87120	6395	7474
87121	2482	7451
87122	2485	9672
87123	2485	2593
87124	1016	10440
87125	40	135
87126	397	750
87127	397	5002
87128	397	12075
87129	6489	11353
87130	397	17087
87131	6489	15522
87132	6489	10214
87133	397	12011
87134	2488	3025
87135	2489	5850
87136	2489	5901
87137	6500	7674
87138	2489	11326
87139	2490	9179
87140	1022	38414
87141	6602	40116
87142	6602	9889
87143	2492	7494
87144	2492	8965
87145	2492	2965
87146	2492	2863
87147	2492	11452
87148	1026	2043
87149	1026	2946
87150	6602	8248
87151	6615	16921
87152	1026	9521
87153	6623	8228
87154	1026	21680
87155	398	5202
87156	6636	19395
87157	74	136
87158	398	10221
87159	151	12728
87160	6676	12134
87161	74	1059
87162	6700	11542
87163	6703	21129
87164	6704	9245
87165	1034	27110
87166	2497	9115
87167	74	33880
87168	74	2623
87169	6733	8629
87170	2498	8391
87171	6747	27539
87172	6754	49243
87173	6767	18475
87174	6767	9889
87175	2498	4921
87176	2499	11752
87177	6787	8912
87178	6792	11308
87179	2501	2515
87180	6835	11066
87181	6839	8912
87182	1039	14307
87183	6878	14307
87184	6878	7968
87185	6878	10243
87186	1042	15544
87187	1042	9279
87188	400	2490
87189	2505	6476
87190	6944	8673
87191	6949	13867
87192	1044	1924
87193	1044	4839
87194	6951	14985
87195	2539	7673
87196	2507	26774
87197	2507	16442
87198	2507	6513
87199	7015	13130
87200	7109	17503
87201	2515	6177
87202	2515	10475
87203	74	14648
87204	2519	7338
87205	2519	2611
87206	2519	4702
87207	2519	6254
87208	7213	8619
87209	153	8509
87210	7216	8432
87211	7216	9977
87212	7307	13230
87213	1059	4799
87214	2526	5060
87215	7327	9626
87216	7338	7864
87217	2526	4986
87218	1059	32470
87219	403	5409
87220	7428	8704
87221	7430	11268
87222	155	1012
87223	403	8457
87224	7441	8397
87225	7450	7473
87226	2529	8242
87227	1062	11166
87228	2531	4903
87229	2531	4729
87230	2531	5219
87231	155	5025
87232	2531	11262
87233	7461	9614
87234	2529	5008
87235	403	14055
87236	2535	12137
87237	7469	30939
87238	7474	7994
87239	2535	14889
87240	2536	8026
87241	2536	16239
87242	2539	8930
87243	2539	4610
87244	2539	5049
87245	7497	8815
87246	7501	8059
87247	75	8310
87248	7517	7581
87249	7517	8489
87250	1073	15641
87251	1073	2788
87252	2539	7809
87253	7567	11527
87254	7569	12906
87255	405	2813
87256	7579	11326
87257	2541	9114
87258	157	7673
87259	7569	9664
87260	7604	9774
87261	2550	7744
87262	405	9082
87263	7609	15762
87264	7604	13941
87265	7617	8922
87266	7620	12676
87267	7625	10374
87268	406	5600
87269	2559	12152
87270	2562	6086
87271	406	5837
87272	7632	7641
87273	7638	21456
87274	7649	10330
87275	8	4921
87276	7649	19043
87277	2563	18996
87278	7651	13280
87279	2563	8527
87280	7653	8397
87281	2563	7877
87282	1086	22688
87283	7669	8808
87284	406	3130
87285	2567	4721
87286	406	9099
87287	157	5482
87288	406	12983
87289	7681	11324
87290	2571	5374
87291	2571	10214
87292	7681	10644
87293	2571	9813
87294	7698	10111
87295	19	17862
87296	1091	5301
87297	408	4667
87298	7712	10506
87299	2593	20998
87300	2593	4882
87301	7726	8059
87302	408	2492
87303	1093	5299
87304	7731	7889
87305	7736	8316
87306	7740	12384
87307	2602	5490
87308	7740	8288
87309	2602	5476
87310	7743	10139
87311	1098	1415
87312	2610	4050
87313	1098	2792
87314	7769	32160
87315	1098	24820
87316	2611	13299
87317	1098	7213
87318	1098	15532
87319	7789	10436
87320	7789	13488
87321	7789	8639
87322	7803	13716
87323	2629	3910
87324	160	2374
87325	7803	12172
87326	2629	15817
87327	2641	3091
87328	2669	5357
87329	7817	26713
87330	7828	21421
87331	7828	19535
87332	7832	10067
87333	2669	5705
87334	7838	10083
87335	7838	8242
87336	7838	9875
87337	7839	16457
87338	1108	1364
87339	7840	18307
87340	7844	10269
87341	7843	10083
87342	7844	16700
87343	7844	8508
87344	2682	12866
87345	2682	8337
87346	7847	14972
87347	2682	9735
87348	7847	13767
87349	2682	12736
87350	7851	11224
87351	2684	15543
87352	416	2398
87353	2692	4950
87354	7872	13240
87355	2682	9668
87356	416	1073
87357	416	1256
87358	416	1485
87359	416	5952
87360	7907	13567
87361	7898	14987
87362	7909	9949
87363	7909	18984
87364	7909	25832
87365	416	8596
87366	2730	10568
87367	7935	17555
87368	2733	7457
87369	7953	9681
87370	1120	1603
87371	416	8382
87372	7968	9293
87373	7974	9460
87374	2747	5050
87375	2747	5986
87376	2747	8766
87377	2747	6096
87378	1120	2576
87379	7971	18900
87380	2747	22013
87381	7994	8247
87382	7994	20042
87383	1120	17118
87384	2757	8220
87385	8020	10649
87386	8020	13230
87387	8020	21999
87388	2766	3950
87389	8026	9627
87390	8026	19433
87391	8026	8258
87392	8027	19329
87393	2766	10340
87394	8031	12255
87395	2769	11333
87396	2769	18169
87397	2769	13961
87398	8039	28332
87399	8039	16921
87400	8015	23586
87401	1121	1902
87402	8048	23735
87403	8048	13095
87404	2771	4729
87405	1122	13643
87406	2771	8821
87407	2771	3940
87408	2771	3451
87409	2771	9786
87410	166	2682
87411	8091	8149
87412	8102	12069
87413	8104	14732
87414	2775	10724
87415	2775	4756
87416	2775	11030
87417	2778	3201
87418	8182	18594
87419	8182	10995
87420	166	14320
87421	8200	20094
87422	8202	9483
87423	8204	16230
87424	8204	11653
87425	2780	8382
87426	8207	8445
87427	8235	10656
87428	8220	9643
87429	8220	24578
87430	2781	5721
87431	2781	9837
87432	8209	8657
87433	8225	18460
87434	8228	12272
87435	2781	9284
87436	8228	10033
87437	2781	8288
87438	8228	14981
87439	2781	3935
87440	8233	14978
87441	1138	11938
87442	8240	12549
87443	8240	9465
87444	2784	7877
87445	8242	11751
87446	2784	4351
87447	2784	11782
87448	8247	11770
87449	20	11083
87450	1142	8288
87451	8252	15515
87452	8252	9298
87453	2784	12895
87454	1142	12637
87455	1142	17942
87456	8261	19045
87457	8258	9555
87458	2794	4793
87459	8281	10437
87460	8281	17017
87461	8286	26780
87462	8288	8457
87463	8288	11632
87464	8293	9623
87465	8298	11299
87466	8298	9429
87467	8299	17578
87468	434	10640
87469	2803	13814
87470	8298	8785
87471	8313	30049
87472	8314	8339
87473	8318	16071
87474	2809	6133
87475	171	1835
87476	8322	8695
87477	8319	11938
87478	2810	3422
87479	2810	11824
87480	8327	12708
87481	8332	11516
87482	8334	11063
87483	8336	13408
87484	8336	12231
87485	171	11792
87486	2811	5280
87487	2811	4747
87488	2811	4837
87489	2811	6046
87490	2811	6117
87491	2811	5770
87492	8345	9159
87493	8352	17577
87494	434	5031
87495	8362	16595
87496	2813	16190
87497	8381	13167
87498	8382	13130
87499	8382	21542
87500	8384	16770
87501	8389	32311
87502	8389	11319
87503	8393	9429
87504	8390	9668
87505	2816	4730
87506	8393	9385
87507	8391	15957
87508	8392	27771
87509	8398	16081
87510	2831	3057
87511	2825	20815
87512	8404	28597
87513	8432	12134
87514	2831	9141
87515	8434	27110
87516	2833	8655
87517	2836	2863
87518	441	4958
87519	441	51757
87520	2833	8293
87521	1165	10737
87522	8467	10628
87523	8468	8988
87524	2836	5245
87525	2836	5219
87526	2836	9889
87527	2836	5405
87528	8488	38414
87529	8492	8623
87530	8494	13538
87531	8494	8662
87532	2833	8261
87533	8510	16975
87534	8508	13501
87535	8509	9097
87536	8510	10070
87537	8508	18491
87538	8510	10302
87539	2839	4174
87540	2836	15084
87541	8516	15530
87542	8518	14891
87543	8529	8890
87544	8529	13488
87545	8529	15057
87546	20	4664
87547	2840	11998
87548	2842	5065
87549	2839	30433
87550	172	14307
87551	2844	10644
87552	2844	8058
87553	2846	12171
87554	8577	22866
87555	1186	3582
87556	2850	8994
87557	8603	13280
87558	2850	10436
87559	8607	28695
87560	172	10641
87561	172	10096
87562	2859	4787
87563	84	5269
87564	8628	8750
87565	8629	17538
87566	8640	11038
87567	1198	1741
87568	2862	2863
87569	8662	8848
87570	8662	15508
87571	8662	22803
87572	8662	11123
87573	2863	16805
87574	8673	9930
87575	8673	15805
87576	84	9543
87577	8678	15002
87578	8679	19043
87579	2864	5457
87580	2863	14891
87581	1200	12558
87582	8730	9786
87583	8730	10769
87584	8731	8768
87585	8735	8808
87586	2872	11178
87587	8735	10088
87588	8735	13249
87589	8738	9526
87590	8741	10323
87591	8750	9517
87592	8750	10775
87593	2881	2947
87594	8762	24773
87595	8763	15902
87596	2881	7517
87597	8768	16959
87598	8781	10548
87599	2882	10037
87600	450	10309
87601	8766	11934
87602	175	7955
87603	8803	9234
87604	8808	9643
87605	8815	10214
87606	8820	11420
87607	8821	16190
87608	8821	16722
87609	1211	11262
87610	1211	13009
87611	46	2425
87612	175	1692
87613	46	5049
87614	2891	9274
87615	175	2189
87616	8848	11600
87617	2891	31057
87618	2892	5579
87619	2892	3519
87620	8824	23206
87621	8857	30795
87622	8861	10548
87623	8861	12304
87624	2895	9625
87625	8861	16313
87626	85	7851
87627	85	377
87628	2901	10322
87629	8891	13249
87630	175	6194
87631	8912	21644
87632	8912	9220
87633	8917	11029
87634	8917	9412
87635	85	13624
87636	8926	9883
87637	8928	10296
87638	8928	16443
87639	8929	10934
87640	8930	10676
87641	2919	15532
87642	2920	2968
87643	2920	10941
87644	8968	9016
87645	461	6706
87646	8973	10737
87647	2921	13167
87648	1219	10637
87649	2926	9727
87650	2926	18491
87651	2926	5842
87652	1220	7809
87653	85	5799
87654	9000	21766
87655	9000	10900
87656	461	10515
87657	1220	2852
87658	9013	22908
87659	2932	5057
87660	9047	23364
87661	2932	9385
87662	9047	10057
87663	9049	16071
87664	2932	12272
87665	9073	41562
87666	9082	9697
87667	2933	8508
87668	9090	11948
87669	177	16805
87670	464	3149
87671	9104	15069
87672	1238	4992
87673	2938	3042
87674	2938	8381
87675	2938	23638
87676	2938	8311
87677	2938	5479
87678	9141	11528
87679	9141	23263
87680	1238	10000
87681	2941	5398
87682	9152	9751
87683	2941	4698
87684	46	1211
87685	9179	11250
87686	2942	6296
87687	9190	11162
87688	9196	10185
87689	2942	18743
87690	2942	10296
87691	9218	10750
87692	9220	13731
87693	9229	12108
87694	9245	9731
87695	2946	3100
87696	9247	10775
87697	9249	13793
87698	2946	21453
87699	46	12826
87700	9287	14464
87701	9293	16805
87702	9294	18676
87703	9302	10093
87704	9310	12383
87705	9310	10491
87706	9311	10737
87707	9311	28150
87708	9320	16071
87709	2961	3057
87710	2961	11998
87711	2961	8763
87712	1250	10088
87713	9352	16541
87714	1254	5516
87715	9385	9886
87716	9385	15902
87717	9391	10935
87718	9411	9837
87719	1254	10480
87720	2966	23803
87721	9434	9435
87722	85	14751
87723	475	779
87724	2967	9624
87725	9448	10485
87726	9465	16444
87727	9472	11269
87728	9509	9522
87729	9488	11476
87730	1256	1874
87731	1256	3022
87732	9522	11324
87733	9522	11811
87734	2971	10309
87735	9555	10185
87736	9567	15163
87737	9591	11515
87738	9625	11239
87739	9625	13968
87740	1257	16555
87741	9625	19045
87742	9643	20557
87743	9627	20718
87744	2983	11782
87745	9664	13951
87746	9673	25253
87747	184	2861
87748	9697	10696
87749	1256	51757
87750	3000	15949
87751	184	6361
87752	9727	24832
87753	3002	16805
87754	3002	3098
87755	9739	35238
87756	9747	21461
87757	9747	20927
87758	9778	9806
87759	480	16845
87760	1273	8936
87761	9785	13137
87762	1273	38414
87763	1273	7008
87764	9807	9948
87765	9813	15738
87766	3009	3091
87767	3009	14020
87768	3009	19164
87769	9813	12272
87770	1273	5245
87771	3009	7015
87772	88	403
87773	3009	5853
87774	9827	16071
87775	9842	9844
87776	9842	21861
87777	9856	12121
87778	9864	19216
87779	9871	54765
87780	9889	18744
87781	9974	12304
87782	9977	13304
87783	9977	11614
87784	9885	15163
87785	9998	11668
87786	1280	2246
87787	3031	3660
87788	10057	22683
87789	3032	3061
87790	3032	5121
87791	3032	9047
87792	10070	40116
87793	10088	16186
87794	3037	3996
87795	10092	16581
87796	10096	13167
87797	10096	23735
87798	1284	4756
87799	10096	13233
87800	3038	15641
87801	3025	10440
87802	10126	11095
87803	185	4759
87804	1284	11175
87805	10131	30795
87806	3042	15551
87807	10139	13160
87808	89	12003
87809	10158	13365
87810	10159	15038
87811	498	5690
87812	10181	27213
87813	3050	7649
87814	10185	15543
87815	3050	15163
87816	3050	4853
87817	1289	17190
87818	3050	14069
87819	10200	16190
87820	10202	10218
87821	10204	11383
87822	3051	10170
87823	498	4486
87824	10248	18340
87825	10269	35907
87826	3057	4351
87827	10280	13952
87828	3061	7812
87829	10312	30642
87830	3064	3233
87831	1298	2092
87832	10485	12953
87833	22	1673
87834	10330	17516
87835	10340	14978
87836	10340	16801
87837	1298	6051
87838	3076	32440
87839	10407	13130
87840	3081	3100
87841	1298	8432
87842	1298	2901
87843	10326	16443
87844	3081	4338
87845	3081	7828
87846	10425	14431
87847	10427	10994
87848	3081	8846
87849	10431	15015
87850	10435	13658
87851	3086	5284
87852	1302	1949
87853	3086	8822
87854	3086	20951
87855	3086	5208
87856	10454	27093
87857	10454	11083
87858	10454	13576
87859	1302	15428
87860	1302	4690
87861	1302	5291
87862	10485	10527
87863	3087	7669
87864	10491	17182
87865	10502	10925
87866	3089	30751
87867	10506	11384
87868	3093	13826
87869	3093	9521
87870	3094	10803
87871	10548	13081
87872	3094	16115
87873	10548	17485
87874	91	4785
87875	10596	15530
87876	10614	12137
87877	3098	5031
87878	10621	14020
87879	10622	14999
87880	189	5533
87881	3100	16700
87882	1314	6046
87883	1314	6281
87884	3100	19398
87885	10644	19043
87886	3103	8293
87887	10644	11730
87888	1315	22754
87889	3103	23357
87890	91	7994
87891	3104	4930
87892	1315	5740
87893	3104	21791
87894	10696	12304
87895	3107	9312
87896	10724	15586
87897	3108	4830
87898	3108	5205
87899	10733	11811
87900	506	7809
87901	3108	37370
87902	10737	13643
87903	91	7965
87904	3122	13468
87905	3124	3807
87906	1298	2470
87907	10839	13365
87908	10845	10934
87909	10857	12989
87910	10868	21194
87911	10863	15428
87912	3125	30642
87913	3127	12121
87914	10882	10965
87915	10890	18768
87916	10890	17340
87917	510	5479
87918	3108	9977
87919	510	2942
87920	3130	5421
87921	1324	24820
87922	190	3201
87923	10941	25090
87924	1325	10882
87925	3128	13249
87926	3130	5198
87927	92	5107
87928	190	10783
87929	3130	14986
87930	10988	13189
87931	3130	14046
87932	11001	11017
87933	3130	9712
87934	11030	11751
87935	3132	15402
87936	92	7653
87937	3133	26766
87938	11083	17494
87939	190	11614
87940	1329	2517
87941	1329	1890
87942	11120	13723
87943	3152	14420
87944	3155	5490
87945	3155	4522
87946	11163	19433
87947	22	28802
87948	3155	4852
87949	3155	12926
87950	1329	1560
87951	11235	57201
87952	3171	9806
87953	3171	8877
87954	3171	15519
87955	11262	12858
87956	3172	12162
87957	11268	20507
87958	11269	12327
87959	3180	5257
87960	11301	13178
87961	11305	17585
87962	1334	2258
87963	11308	18475
87964	1	151
87965	3198	10177
87966	11319	14978
87967	1334	23354
87968	3198	6250
87969	11341	13190
87970	11344	11852
87971	3198	5357
87972	3198	5800
87973	11326	17516
87974	11354	11913
87975	11593	13211
87976	11891	38114
87977	13241	18040
87978	16186	71872
87979	20151	66478
87980	21127	50939
87981	22117	44108
87982	23168	23169
87983	23527	23535
87984	25615	25617
87985	25690	50565
87986	27834	63080
87987	32714	69921
87988	41760	41762
87989	41853	68022
87990	48524	48526
87991	50703	56260
87992	15732	39833
87993	71726	71728
87994	74088	75999
87995	82305	23073
87996	84968	29442
87997	85174	48339
87998	5037	12856
87999	5689	30577
88000	8294	24300
88001	8311	48986
88002	9623	31993
88003	3050	8040
88004	11224	21387
88005	1335	5755
88006	11354	22063
88007	11354	19195
88008	3199	8504
88009	11354	17401
88010	11354	15617
88011	517	3065
88012	3200	11333
88013	1335	12166
88014	11359	16649
88015	11354	25832
88016	11371	17773
88017	11371	20374
88018	11371	32464
88019	3201	10706
88020	93	4738
88021	11372	19057
88022	3201	6023
88023	11372	12345
88024	11372	11702
88025	1335	5819
88026	11379	15490
88027	3201	8628
88028	11383	27591
88029	11384	15738
88030	11388	14976
88031	11420	13121
88032	11401	13713
88033	11401	23717
88034	11372	18380
88035	517	5631
88036	11402	11446
88037	11402	13545
88038	11402	12004
88039	3204	8332
88040	11409	15312
88041	11413	18676
88042	3205	15226
88043	11417	14693
88044	11484	11587
88045	3208	10574
88046	11413	16190
88047	11420	21327
88048	1337	4986
88049	11420	14999
88050	527	11699
88051	3208	18195
88052	3208	13544
88053	11430	37030
88054	11435	37542
88055	11438	13700
88056	11441	12113
88057	3210	7883
88058	11446	14764
88059	11450	14800
88060	11453	16728
88061	192	1925
88062	11460	25265
88063	3211	16063
88064	11462	16502
88065	3211	5779
88066	192	1104
88067	11476	13647
88068	3212	8322
88069	11478	22112
88070	3212	9013
88071	3212	9971
88072	11484	50066
88073	11491	22122
88074	11496	12833
88075	11498	11668
88076	11507	22656
88077	11527	19043
88078	11506	12131
88079	11527	15525
88080	11527	25087
88081	192	6348
88082	11528	14957
88083	3212	5901
88084	11528	27442
88085	192	6619
88086	12	891
88087	11542	19150
88088	11542	17342
88089	11545	21695
88090	11545	29159
88091	11546	26745
88092	11545	12260
88093	11546	12886
88094	11549	51381
88095	11550	12391
88096	11550	23394
88097	3212	10693
88098	11560	11586
88099	11573	25830
88100	11575	22626
88101	3225	6092
88102	11586	11655
88103	11587	13962
88104	11591	13501
88105	11599	11626
88106	11600	27089
88107	11614	13673
88108	3225	3281
88109	11614	39540
88110	93	2507
88111	11614	16700
88112	11621	15618
88113	11621	21658
88114	3225	15073
88115	11632	11843
88116	11632	13468
88117	11632	15772
88118	11633	19648
88119	11633	12172
88120	11635	14307
88121	11635	14205
88122	11638	11652
88123	11643	28597
88124	11648	12733
88125	11643	14648
88126	11648	15934
88127	11648	13281
88128	11652	18835
88129	11653	15603
88130	11656	12592
88131	3231	26803
88132	11653	28802
88133	3231	15181
88134	3233	5092
88135	11681	23279
88136	11658	17685
88137	93	6339
88138	3233	22563
88139	11669	13735
88140	11681	13450
88141	11681	19303
88142	11689	18475
88143	11689	12118
88144	3242	10201
88145	3242	8750
88146	11614	15949
88147	3242	16120
88148	11614	31751
88149	11693	25306
88150	3242	7455
88151	11699	15120
88152	3242	15762
88153	11699	17674
88154	3242	7633
88155	3242	5342
88156	192	3264
88157	11710	11747
88158	11710	12694
88159	523	5457
88160	11716	21017
88161	11718	12172
88162	11718	17281
88163	11722	11791
88164	11723	13475
88165	3244	15695
88166	11723	37092
88167	523	4884
88168	3244	9274
88169	3244	19288
88170	3244	8696
88171	3244	8341
88172	523	15482
88173	11729	33188
88174	3245	4212
88175	11730	11751
88176	3245	8015
88177	11730	20502
88178	1346	2912
88179	11731	23418
88180	1346	10900
88181	3247	5119
88182	11731	57870
88183	11732	13645
88184	11733	25369
88185	11743	15916
88186	11743	22564
88187	3247	3262
88188	1348	4939
88189	11747	12260
88190	11747	17663
88191	1348	5568
88192	11747	23557
88193	1348	5504
88194	3247	5218
88195	11751	17929
88196	11751	35376
88197	3247	11614
88198	11751	26688
88199	3247	9196
88200	11752	12416
88201	11752	24897
88202	11752	12016
88203	1348	4350
88204	11754	19119
88205	1348	19721
88206	11757	14464
88207	11759	11790
88208	3248	9783
88209	11760	12004
88210	11760	13109
88211	3247	8766
88212	523	2838
88213	11761	13026
88214	11768	28683
88215	11768	16880
88216	523	20915
88217	3249	20570
88218	523	5104
88219	3249	17674
88220	1348	25264
88221	11776	13262
88222	1348	14021
88223	11782	23550
88224	523	10187
88225	1348	12826
88226	3254	6168
88227	11782	19535
88228	11782	25090
88229	11786	11811
88230	11786	18395
88231	11770	16189
88232	11786	36655
88233	11786	27618
88234	11786	41562
88235	11782	14981
88236	523	13592
88237	11789	31764
88238	3254	17201
88239	11792	14976
88240	11792	12039
88241	11794	17674
88242	11796	13611
88243	3255	3403
88244	11801	20112
88245	3255	8488
88246	11804	19398
88247	11804	16849
88248	11807	14566
88249	11809	13624
88250	11811	15539
88251	11811	13395
88252	11811	15003
88253	11811	28843
88254	11811	18403
88255	3258	9422
88256	3258	9503
88257	3258	7839
88258	3258	15383
88259	11815	17494
88260	192	2860
88261	11815	29876
88262	11816	12166
88263	3258	10352
88264	47	448
88265	11824	19043
88266	11824	12121
88267	11824	13501
88268	3260	4761
88269	1355	34498
88270	1355	41229
88271	11835	14976
88272	11835	22344
88273	3262	8494
88274	11841	22286
88275	11841	20804
88276	11841	19699
88277	11841	36961
88278	22	4742
88279	11845	13695
88280	11845	13063
88281	11845	15035
88282	11845	22507
88283	11845	41208
88284	3262	22136
88285	11846	33308
88286	3262	19253
88287	3263	6602
88288	11858	41062
88289	11862	15603
88290	11863	17272
88291	11870	21847
88292	3263	7579
88293	93	2631
88294	3263	16959
88295	11877	13280
88296	11877	34633
88297	11878	14648
88298	11878	21040
88299	11878	14926
88300	11879	14846
88301	3263	9934
88302	11896	17036
88303	11891	13939
88304	11896	17029
88305	3264	5102
88306	3264	8327
88307	11901	20374
88308	3264	26745
88309	11904	30450
88310	1356	24844
88311	11912	15603
88312	11913	14367
88313	527	1761
88314	11913	14946
88315	11916	14997
88316	11917	17918
88317	11921	26729
88318	11924	20645
88319	11929	33891
88320	527	7617
88321	3264	13537
88322	3264	21653
88323	11934	22022
88324	11934	16257
88325	1356	10655
88326	11935	18446
88327	11935	13826
88328	11938	12152
88329	3264	19540
88330	11939	38544
88331	11940	16700
88332	11940	16150
88333	3264	12327
88334	11943	13538
88335	11960	13298
88336	11961	22665
88337	11967	11969
88338	11968	14909
88339	11968	22121
88340	1357	5018
88341	1357	7828
88342	11975	13817
88343	11975	13956
88344	3269	4679
88345	11975	44421
88346	1357	5485
88347	11981	13371
88348	11983	26647
88349	11984	14821
88350	47	2350
88351	11996	12174
88352	3273	5068
88353	11996	19603
88354	11996	13964
88355	11996	12413
88356	11996	19134
88357	11996	14392
88358	11998	15710
88359	11998	15554
88360	3275	5678
88361	11999	19111
88362	1357	10365
88363	3275	21461
88364	12004	24327
88365	12004	15331
88366	12004	16254
88367	12008	12182
88368	1357	4664
88369	12012	20718
88370	12012	17206
88371	3277	4220
88372	527	4116
88373	3277	22385
88374	12012	28150
88375	12015	13579
88376	12012	30751
88377	3277	5103
88378	3277	5389
88379	12016	21890
88380	3278	6184
88381	12018	17288
88382	3278	10868
88383	3278	11009
88384	12028	14296
88385	12028	14651
88386	3280	9483
88387	12041	42169
88388	12039	26570
88389	12044	36961
88390	12062	29473
88391	1360	2242
88392	3282	4195
88393	3282	14911
88394	3282	27885
88395	12056	12935
88396	1360	1689
88397	3284	5453
88398	527	21531
88399	3284	10204
88400	12065	12145
88401	3284	8741
88402	3284	8392
88403	1360	6093
88404	3284	13567
88405	12072	13892
88406	12071	16963
88407	12072	24929
88408	3284	31751
88409	1361	5002
88410	3286	8200
88411	1361	1692
88412	1361	2831
88413	12086	15182
88414	12086	12728
88415	1361	11262
88416	3292	4038
88417	12093	25723
88418	12093	26766
88419	12093	14853
88420	12093	32405
88421	3292	18414
88422	1361	5955
88423	3292	7936
88424	12103	30738
88425	3292	15882
88426	3292	26959
88427	12120	23586
88428	3292	6352
88429	12121	13249
88430	3294	28357
88431	12131	19084
88432	1361	38414
88433	3296	9842
88434	12134	26994
88435	12134	12671
88436	12135	15404
88437	12135	19134
88438	3296	7839
88439	3296	4991
88440	1361	8118
88441	12166	15641
88442	12137	46150
88443	12144	14842
88444	527	26745
88445	12146	12152
88446	12148	15592
88447	12145	13188
88448	12154	12260
88449	12160	22673
88450	1361	9689
88451	3299	6089
88452	12166	13571
88453	12166	37875
88454	3299	9044
88455	12166	30619
88456	12166	40076
88457	1361	2462
88458	12172	16084
88459	12172	18835
88460	12172	15835
88461	1363	6116
88462	12174	18890
88463	12166	24832
88464	0	7648
88465	12177	40643
88466	1363	1727
88467	1363	2380
88468	1363	2809
88469	12182	29729
88470	12187	13964
88471	3314	5245
88472	3314	6320
88473	1366	1997
88474	12260	19406
88475	3242	7579
88476	12199	14765
88477	3317	9326
88478	12215	12216
88479	1363	16975
88480	3317	4338
88481	1363	12742
88482	3317	23394
88483	12233	14999
88484	12234	12785
88485	12234	16928
88486	3317	11969
88487	12239	18292
88488	12252	16580
88489	12253	13466
88490	12253	28048
88491	12253	33880
88492	12255	30402
88493	12260	28597
88494	3318	16410
88495	1364	2401
88496	3318	9422
88497	12260	22537
88498	12261	13997
88499	3320	9012
88500	3320	10695
88501	12272	19288
88502	12272	35241
88503	22	27276
88504	12272	15140
88505	12286	25365
88506	3323	7528
88507	12304	12939
88508	12294	15896
88509	3323	10296
88510	12304	19400
88511	12326	18676
88512	12310	29876
88513	193	5516
88514	12327	15707
88515	12334	19141
88516	12334	15660
88517	12345	39736
88518	12347	13096
88519	12347	17692
88520	12358	30048
88521	12359	13964
88522	12359	20236
88523	12359	22070
88524	1364	6208
88525	12376	21653
88526	3330	16550
88527	3330	15544
88528	12383	20681
88529	12383	21680
88530	12383	16444
88531	3330	21680
88532	3330	10431
88533	12391	21864
88534	3330	5856
88535	12392	22486
88536	12413	15331
88537	12424	20948
88538	12424	28674
88539	1366	14069
88540	12450	15870
88541	4	815
88542	12461	25143
88543	193	1528
88544	12480	12489
88545	12485	21439
88546	3332	26530
88547	3332	51757
88548	12492	17197
88549	12502	15882
88550	3332	5740
88551	1366	3344
88552	12545	21475
88553	12545	25127
88554	3332	5697
88555	1367	1596
88556	3333	13256
88557	12591	16567
88558	12592	21887
88559	12592	12833
88560	12592	13053
88561	3338	4154
88562	12604	15514
88563	12618	22953
88564	12611	25871
88565	12614	22247
88566	12614	19164
88567	12637	15902
88568	12637	15402
88569	12490	12491
88570	12644	12890
88571	3342	3640
88572	12671	16071
88573	1369	10092
88574	12677	12683
88575	3344	12530
88576	3344	10275
88577	12689	18785
88578	12694	33428
88579	12699	13181
88580	12700	18149
88581	12701	12736
88582	12701	25805
88583	1369	11353
88584	1369	15689
88585	12729	35131
88586	3346	5119
88587	12708	18717
88588	12719	21807
88589	1369	14957
88590	12728	16876
88591	12729	12753
88592	12729	16889
88593	12729	13843
88594	12729	17150
88595	12729	14946
88596	1369	22256
88597	12731	23127
88598	12735	30880
88599	3348	4808
88600	3348	4679
88601	1370	9727
88602	12757	13488
88603	3350	7681
88604	3350	7579
88605	95	4807
88606	3350	25346
88607	0	3149
88608	12775	16546
88609	12799	25314
88610	47	7712
88611	1371	2485
88612	12826	19105
88613	12826	15772
88614	1371	2433
88615	3352	3485
88616	12827	26324
88617	12828	16700
88618	12828	27919
88619	12831	23364
88620	12829	22866
88621	12831	14547
88622	12831	21421
88623	12831	14999
88624	12831	19023
88625	12836	14972
88626	12836	30751
88627	12836	15522
88628	3354	3426
88629	3354	13001
88630	3354	16189
88631	1371	33322
88632	3354	15530
88633	12844	12846
88634	3354	13735
88635	12849	15551
88636	12849	21443
88637	12852	24533
88638	12858	21784
88639	3356	10622
88640	3356	9159
88641	3357	3468
88642	3356	5411
88643	3362	4690
88644	12866	20373
88645	3354	15656
88646	12878	16969
88647	12878	13658
88648	3361	3401
88649	3361	3665
88650	12878	29478
88651	3361	10845
88652	12886	23422
88653	12886	27089
88654	12890	18179
88655	3362	6489
88656	12890	14961
88657	12891	22013
88658	3362	7322
88659	3362	8104
88660	12892	18430
88661	3362	6044
88662	12895	13501
88663	12895	19388
88664	12895	25832
88665	95	5716
88666	3362	10387
88667	3362	14821
88668	47	8660
88669	12895	23522
88670	12906	16432
88671	12907	30751
88672	12909	12929
88673	539	2470
88674	12914	12932
88675	12929	15732
88676	12924	21129
88677	12924	20749
88678	12924	17154
88679	12924	34238
88680	12924	15250
88681	12929	15012
88682	12929	16511
88683	12931	17862
88684	12944	23997
88685	539	10513
88686	539	12075
88687	1373	1925
88688	12963	14732
88689	3363	9312
88690	12976	16890
88691	3366	9806
88692	12977	19038
88693	1373	14751
88694	12978	24370
88695	12959	46040
88696	1373	27135
88697	3366	9312
88698	3366	6339
88699	12983	16932
88700	12995	24174
88701	12996	13723
88702	13001	13486
88703	3367	25441
88704	13017	19111
88705	1377	9787
88706	3372	13713
88707	1377	13843
88708	13026	18294
88709	3372	35241
88710	3372	16443
88711	1377	11063
88712	13053	18555
88713	13053	35831
88714	3372	8857
88715	13060	17347
88716	3376	5727
88717	13077	13100
88718	13095	13647
88719	13090	22859
88720	3376	10309
88721	13095	18762
88722	13095	14987
88723	13095	18403
88724	13095	22067
88725	13095	18744
88726	3376	5004
88727	1373	2431
88728	13116	13193
88729	13116	13130
88730	13116	13843
88731	23	56
88732	13119	57649
88733	13121	20073
88734	1386	6261
88735	4	239
88736	13130	22450
88737	13130	28862
88738	3376	12327
88739	13132	21924
88740	1379	6951
88741	95	12018
88742	13137	15611
88743	13137	13829
88744	13140	13142
88745	3376	6206
88746	13143	21603
88747	13144	14826
88748	13146	39028
88749	13153	13154
88750	23	140
88751	13167	19395
88752	3378	8200
88753	13167	22313
88754	3378	8628
88755	3378	21017
88756	3378	9783
88757	3378	16395
88758	3378	5594
88759	3378	10082
88760	13188	25830
88761	13189	20722
88762	13182	14821
88763	540	2346
88764	1382	6636
88765	13199	15504
88766	13210	42616
88767	3382	3984
88768	13224	15527
88769	13227	14980
88770	13230	14420
88771	3382	15403
88772	48	2567
88773	13233	16889
88774	13233	14338
88775	1382	9316
88776	3384	3542
88777	13241	15515
88778	13244	15454
88779	13244	13268
88780	13246	22689
88781	3386	8628
88782	13248	19586
88783	13249	17532
88784	13249	15546
88785	13254	26363
88786	1386	4936
88787	1386	5048
88788	3386	13063
88789	3386	6080
88790	1386	5136
88791	3376	8750
88792	13262	13463
88793	195	12304
88794	1386	2692
88795	13268	30966
88796	13193	17578
88797	13268	18395
88798	13268	17289
88799	3386	4926
88800	540	10609
88801	13275	20570
88802	3386	9592
88803	13280	15189
88804	3389	12437
88805	13280	21456
88806	3389	35071
88807	3389	27450
88808	1386	11782
88809	48	2816
88810	3389	26363
88811	13289	22063
88812	13291	16963
88813	13292	15366
88814	4	1081
88815	13292	21856
88816	3390	13308
88817	13298	16055
88818	13299	13647
88819	1	2771
88820	13302	17528
88821	23	818
88822	13304	16608
88823	13304	14424
88824	13306	44196
88825	13308	18897
88826	3398	11409
88827	13310	53620
88828	13312	18340
88829	13316	33307
88830	13316	47321
88831	1386	7465
88832	13319	16248
88833	13319	17704
88834	13319	30062
88835	1386	10114
88836	13319	34633
88837	13322	14999
88838	3398	11134
88839	13333	16876
88840	13334	27481
88841	13334	18562
88842	13336	21142
88843	13338	13589
88844	13343	22629
88845	13338	34184
88846	13365	15707
88847	3401	10656
88848	195	5190
88849	13348	27942
88850	3401	15742
88851	13365	30738
88852	13369	32499
88853	3401	8926
88854	3401	8319
88855	13389	17285
88856	13400	14871
88857	13404	23586
88858	198	4990
88859	13433	20667
88860	3403	5122
88861	13438	21096
88862	13440	25913
88863	95	1331
88864	3403	6089
88865	3403	10248
88866	3403	5574
88867	13463	16545
88868	3403	8504
88869	13466	25723
88870	13466	13574
88871	3403	20199
88872	3403	8297
88873	13468	14909
88874	13468	22530
88875	13468	47212
88876	13474	18473
88877	13484	24330
88878	3404	11009
88879	3404	3492
88880	198	2476
88881	198	2077
88882	3408	5753
88883	13501	17150
88884	13501	14736
88885	3408	10146
88886	95	9013
88887	3408	11258
88888	13531	17945
88889	3413	9125
88890	13538	18965
88891	13551	16919
88892	13544	15882
88893	13544	17359
88894	13544	23936
88895	198	1477
88896	13556	16835
88897	13557	17929
88898	13564	26063
88899	13567	38038
88900	13567	26656
88901	543	18569
88902	3422	5800
88903	13567	23935
88904	13569	18437
88905	13569	21331
88906	13576	15939
88907	13576	17731
88908	13576	22507
88909	3422	8988
88910	13579	40708
88911	3422	19505
88912	13582	17340
88913	13582	14615
88914	13582	23263
88915	545	9787
88916	3422	11030
88917	13585	27318
88918	3426	5779
88919	3426	4986
88920	546	6115
88921	13602	25335
88922	13605	14320
88923	13610	23304
88924	3426	9352
88925	3426	6339
88926	13601	13643
88927	3426	7620
88928	3426	18835
88929	13615	14285
88930	13615	18944
88931	13617	13800
88932	13624	14408
88933	13624	17930
88934	13624	16149
88935	13627	17359
88936	3426	8577
88937	1408	13839
88938	545	41519
88939	546	2747
88940	13644	28894
88941	3428	6792
88942	546	3155
88943	13647	19329
88944	546	5952
88945	3433	3470
88946	3433	3436
88947	13657	13788
88948	3433	4698
88949	3433	8204
88950	3433	26363
88951	3433	30774
88952	13667	14307
88953	198	16546
88954	3434	4856
88955	13673	17261
88956	3434	17482
88957	13673	21924
88958	546	2602
88959	1411	2966
88960	1411	1502
88961	13684	14514
88962	13685	16164
88963	3439	11268
88964	3439	5958
88965	13696	27104
88966	3439	16040
88967	3450	10984
88968	3439	4157
88969	3439	4633
88970	13705	13804
88971	3439	4852
88972	546	840
88973	13711	15120
88974	3439	7625
88975	13711	13904
88976	48	13583
88977	1	1044
88978	1411	36961
88979	3439	11877
88980	1411	2292
88981	13713	14652
88982	198	4837
88983	13714	13767
88984	13714	34570
88985	3439	10218
88986	13715	18269
88987	546	2258
88988	96	1334
88989	13735	18422
88990	13735	27165
88991	13735	17701
88992	13748	15003
88993	13748	32018
88994	546	6232
88995	13750	17503
88996	13750	26801
88997	3444	51657
88998	3447	35273
88999	1415	2842
89000	13762	15063
89001	3450	8381
89002	13767	16005
89003	3450	17701
89004	3450	7468
89005	3450	6044
89006	1415	4345
89007	1415	11196
89008	13784	16443
89009	13784	21314
89010	13784	34846
89011	3450	18157
89012	1415	5325
89013	3450	9644
89014	13791	13882
89015	13791	13877
89016	13793	17189
89017	13803	46247
89018	13804	13954
89019	13804	17140
89020	13810	13961
89021	97	5909
89022	13814	22910
89023	1419	12231
89024	13823	40412
89025	13826	18994
89026	3450	15641
89027	13829	16581
89028	546	23669
89029	13843	35971
89030	13872	24991
89031	1422	4997
89032	3451	4713
89033	3451	5684
89034	3451	8048
89035	13891	16086
89036	3451	6339
89037	3451	10803
89038	3451	4913
89039	13904	13928
89040	13904	22112
89041	13904	19288
89042	3451	6120
89043	13907	35241
89044	3451	4875
89045	13912	16189
89046	13915	26660
89047	13916	13927
89048	3451	9552
89049	3451	15817
89050	13920	17340
89051	1424	6706
89052	13925	16359
89053	549	1273
89054	13926	18692
89055	1424	5205
89056	13927	32040
89057	13928	15738
89058	13928	17675
89059	13930	13942
89060	13930	25069
89061	13931	17115
89062	3451	9521
89063	13937	47735
89064	13937	14884
89065	97	9360
89066	13937	18373
89067	97	2883
89068	3451	11460
89069	1424	8762
89070	3451	18048
89071	13952	16921
89072	13942	32241
89073	1424	14668
89074	13948	23634
89075	13948	21318
89076	13951	18587
89077	3451	5291
89078	13951	18849
89079	13952	29203
89080	13952	18048
89081	13953	27089
89082	549	10628
89083	1425	1835
89084	1425	16731
89085	13953	18390
89086	13953	15349
89087	549	5579
89088	13952	20718
89089	549	18555
89090	13942	17815
89091	13956	14988
89092	1425	9627
89093	13956	14501
89094	13964	16084
89095	13958	58190
89096	13962	19912
89097	13975	14366
89098	1425	1884
89099	3459	5120
89100	3459	13240
89101	3459	5050
89102	48	7828
89103	13997	17516
89104	1425	4821
89105	3459	10323
89106	3459	8861
89107	14014	21306
89108	14020	18414
89109	14020	14704
89110	14020	15844
89111	1425	10955
89112	3459	10327
89113	550	7609
89114	23	4799
89115	14029	29221
89116	3462	3882
89117	14042	14698
89118	3462	10354
89119	3462	15163
89120	3462	11262
89121	14053	38038
89122	14055	22854
89123	1426	2079
89124	14069	19024
89125	552	4993
89126	14069	14751
89127	14069	15002
89128	14069	47026
89129	552	5201
89130	3465	8868
89131	1426	14986
89132	3467	5088
89133	3467	12390
89134	3467	19173
89135	14109	53621
89136	552	9680
89137	3468	7447
89138	3468	35546
89139	14128	34916
89140	3469	4698
89141	1428	2492
89142	1426	19627
89143	3469	4083
89144	552	4699
89145	3469	15069
89146	1428	2788
89147	1428	5375
89148	3469	8803
89149	3470	7649
89150	3470	7669
89151	552	5569
89152	14168	17465
89153	1428	2139
89154	14168	37665
89155	1428	9886
89156	3470	8876
89157	14191	14550
89158	3470	35090
89159	14203	21514
89160	14205	14577
89161	3470	5409
89162	14213	23674
89163	14257	26530
89164	14260	15762
89165	552	5521
89166	1428	5676
89167	14615	45083
89168	1428	8857
89169	3472	3485
89170	3472	9523
89171	3474	18118
89172	3474	16477
89173	14307	23674
89174	1428	13941
89175	14327	24237
89176	14307	15239
89177	14338	14345
89178	14307	14986
89179	1428	8983
89180	3477	21661
89181	14373	21637
89182	14387	15746
89183	3481	9429
89184	3482	10614
89185	14420	14726
89186	202	11042
89187	3482	9842
89188	14431	15063
89189	14438	21241
89190	14431	51757
89191	14447	16974
89192	14447	35416
89193	202	5568
89194	14458	61283
89195	14464	14533
89196	3482	5389
89197	1430	7719
89198	14502	56759
89199	1431	2559
89200	3484	10900
89201	3484	7474
89202	3484	10622
89203	3484	6225
89204	3485	13137
89205	3485	17147
89206	555	11128
89207	1432	4811
89208	14593	16084
89209	3485	26609
89210	3485	15660
89211	14615	18768
89212	14615	15002
89213	14615	18595
89214	14615	27008
89215	14626	17912
89216	14634	27051
89217	14634	17682
89218	3490	5677
89219	14662	27772
89220	3490	14787
89221	14668	18386
89222	3492	8861
89223	14671	29705
89224	14671	16856
89225	3492	8787
89226	3492	5861
89227	3492	7473
89228	14693	24897
89229	14693	33576
89230	14723	15611
89231	14723	18281
89232	3492	15762
89233	14732	17017
89234	3493	3743
89235	3493	3940
89236	3493	9412
89237	3493	4962
89238	14747	19024
89239	3493	7488
89240	3493	9499
89241	14762	42483
89242	14774	16157
89243	14779	16566
89244	14787	21018
89245	14787	17811
89246	14791	23586
89247	557	7789
89248	14800	16271
89249	14800	16789
89250	14800	15226
89251	3506	6700
89252	14697	16239
89253	3508	5421
89254	1440	4908
89255	14821	18380
89256	99	3171
89257	3511	16222
89258	3515	9298
89259	14842	14857
89260	3515	10806
89261	14844	22444
89262	14844	20502
89263	14844	30673
89264	557	12416
89265	3515	29255
89266	14857	20676
89267	557	8796
89268	14870	27089
89269	14870	33349
89270	14891	15349
89271	14885	14926
89272	14885	26917
89273	14889	15153
89274	14891	23619
89275	3519	10999
89276	14901	34940
89277	14906	14911
89278	14910	15641
89279	3519	9643
89280	3519	21421
89281	14916	19174
89282	14917	22606
89283	14917	17930
89284	1440	2508
89285	14936	17785
89286	14937	16434
89287	1442	1962
89288	14939	15762
89289	14944	17823
89290	14946	19406
89291	14946	17748
89292	14960	15525
89293	14956	21443
89294	3520	9007
89295	1440	30795
89296	14966	32241
89297	14972	17289
89298	14972	21084
89299	14972	28983
89300	14978	26801
89301	14978	18744
89302	14981	14987
89303	99	4260
89304	14917	17539
89305	14981	18380
89306	14981	23566
89307	14986	16620
89308	1442	7632
89309	14987	33088
89310	1445	5930
89311	1442	3108
89312	14998	15551
89313	14994	14995
89314	1	225
89315	14997	29729
89316	14999	22866
89317	3530	3774
89318	1442	6383
89319	205	5117
89320	99	487
89321	14999	31924
89322	559	4755
89323	205	5743
89324	3530	20533
89325	1442	18804
89326	205	8956
89327	15002	23219
89328	15002	17190
89329	559	5900
89330	15002	41434
89331	15003	20915
89332	15003	26933
89333	15003	16805
89334	15012	16115
89335	559	6703
89336	15013	19187
89337	15014	17958
89338	15024	27276
89339	15024	17340
89340	15034	25373
89341	15038	17701
89342	1443	2501
89343	3538	11632
89344	15060	19134
89345	15060	23274
89346	15060	22680
89347	3538	5065
89348	3538	21421
89349	15068	22878
89350	15069	33088
89351	3538	5862
89352	15073	16189
89353	3538	16254
89354	1444	6286
89355	15082	27442
89356	15081	30066
89357	15083	16071
89358	15087	23127
89359	15087	32734
89360	15090	18295
89361	15091	16859
89362	15100	22926
89363	15100	15410
89364	15100	18448
89365	15099	30242
89366	1444	2073
89367	15110	28597
89368	15100	20684
89369	3542	10302
89370	3542	6024
89371	3538	5120
89372	15118	15155
89373	15132	22247
89374	15137	40076
89375	3544	14843
89376	15148	19603
89377	15153	16566
89378	15153	18460
89379	99	3064
89380	1444	11383
89381	15168	40672
89382	3542	15455
89383	205	7839
89384	15182	17996
89385	3549	4382
89386	3549	8678
89387	99	4777
89388	15205	62164
89389	15221	15239
89390	15214	15258
89391	15214	23674
89392	1445	1999
89393	3542	18805
89394	1445	3398
89395	15238	33416
89396	1445	5900
89397	15239	36451
89398	15244	16222
89399	15258	15738
89400	1445	4872
89401	15260	23451
89402	15286	19983
89403	15298	26651
89404	15326	17685
89405	15326	18475
89406	15336	26652
89407	15347	18100
89408	15356	15842
89409	15373	16612
89410	15380	15415
89411	15383	23265
89412	23	324
89413	15386	16083
89414	15388	17262
89415	15397	18351
89416	1445	6602
89417	1445	8337
89418	1445	3954
89419	15411	23254
89420	15415	23586
89421	3556	25069
89422	1445	2838
89423	15428	21563
89424	205	10204
89425	15455	27089
89426	15469	15475
89427	15507	15762
89428	15505	18436
89429	15505	19134
89430	205	10248
89431	15508	26416
89432	15508	24533
89433	15513	27318
89434	15515	15580
89435	1	3728
89436	15519	25075
89437	15519	27665
89438	15519	45339
89439	15532	18762
89440	15530	15556
89441	15532	26729
89442	15533	17150
89443	15533	16545
89444	1449	13770
89445	15537	17815
89446	205	349
89447	15543	23397
89448	15547	18944
89449	205	4127
89450	15569	19648
89451	3579	15227
89452	15558	37857
89453	99	8202
89454	15564	16581
89455	15579	17000
89456	15579	21766
89457	15580	15622
89458	15580	20984
89459	15583	15608
89460	15586	28595
89461	15590	21511
89462	15607	42054
89463	3582	16589
89464	15611	16248
89465	15618	21268
89466	15619	24118
89467	15631	23876
89468	3583	12983
89469	15594	24341
89470	15641	18923
89471	15641	32018
89472	15641	26999
89473	3583	8821
89474	3583	5739
89475	564	18796
89476	3583	12260
89477	15672	20893
89478	3583	16700
89479	3583	9747
89480	15682	20205
89481	565	2863
89482	3583	5504
89483	15687	15695
89484	99	8912
89485	1454	9631
89486	15688	17279
89487	565	4972
89488	1454	10682
89489	15702	31318
89490	3583	13735
89491	565	2354
89492	15718	20686
89493	15762	18555
89494	15722	27110
89495	15745	17603
89496	15765	15772
89497	15772	26296
89498	15779	20134
89499	15803	16434
89500	1454	13230
89501	3587	43029
89502	1454	4802
89503	15833	18565
89504	15837	15868
89505	15844	33867
89506	15868	16254
89507	15858	16506
89508	15867	15911
89509	1454	12460
89510	15877	21722
89511	15879	27952
89512	15902	22584
89513	3596	11030
89514	15902	17996
89515	15902	26655
89516	3596	5798
89517	15905	16238
89518	15905	20453
89519	15912	44421
89520	565	2811
89521	15925	26231
89522	15934	21306
89523	15939	15947
89524	3601	25922
89525	15939	18145
89526	15939	16410
89527	15949	37306
89528	15950	18346
89529	15950	27110
89530	15957	19406
89531	15951	21780
89532	1456	5922
89533	15957	24613
89534	15957	21680
89535	15988	19354
89536	15988	18431
89537	15990	19406
89538	1456	18346
89539	15999	16002
89540	565	7459
89541	16016	16832
89542	16024	37839
89543	16037	17706
89544	16035	17207
89545	3608	13942
89546	3608	27856
89547	16063	20186
89548	3611	15710
89549	1456	27093
89550	16071	28597
89551	16090	37104
89552	16100	16150
89553	16093	25918
89554	16108	16580
89555	1456	18491
89556	16115	16836
89557	16117	20559
89558	16149	30206
89559	16150	16395
89560	3622	4339
89561	16157	33862
89562	3608	8912
89563	16186	22684
89564	1457	4208
89565	16190	21612
89566	3624	4434
89567	16197	34579
89568	16200	16457
89569	16208	16254
89570	16215	22507
89571	1457	13843
89572	16228	29255
89573	16234	40441
89574	16190	17536
89575	1457	16845
89576	16239	17753
89577	16248	20758
89578	565	4742
89579	16256	32047
89580	3630	20243
89581	3630	12849
89582	16266	26994
89583	16273	16274
89584	1457	20714
89585	16273	17538
89586	3632	8991
89587	16287	16659
89588	16302	25998
89589	16302	22195
89590	99	36693
89591	16318	19862
89592	16328	21869
89593	3633	16836
89594	16378	35131
89595	16371	17701
89596	16378	43847
89597	16410	40116
89598	16385	26745
89599	16395	20167
89600	16396	29198
89601	16405	37332
89602	16421	36692
89603	3644	13933
89604	565	5356
89605	16442	16700
89606	16442	16975
89607	16444	34785
89608	16443	16700
89609	16443	23735
89610	16443	24951
89611	16443	45057
89612	566	2125
89613	16447	57947
89614	16487	43321
89615	16489	16821
89616	16504	20134
89617	16512	21017
89618	16458	76067
89619	16546	36961
89620	16546	41229
89621	3651	3747
89622	16546	32397
89623	3651	5627
89624	3651	10857
89625	3651	5577
89626	3651	13937
89627	16559	17674
89628	206	239
89629	3651	9930
89630	16580	20214
89631	16572	18340
89632	16581	17459
89633	16580	22249
89634	3655	4840
89635	3655	6296
89636	16584	36585
89637	16585	24320
89638	16594	26092
89639	3656	4629
89640	16629	17933
89641	1464	8993
89642	16661	20793
89643	16676	60990
89644	206	5202
89645	16700	31461
89646	16700	23364
89647	16700	17536
89648	3660	3759
89649	16706	17675
89650	16710	21370
89651	16725	23491
89652	16729	28438
89653	3660	18281
89654	206	430
89655	16740	19187
89656	16746	23316
89657	1464	7742
89658	3662	3807
89659	16769	23127
89660	3662	5831
89661	12	4811
89662	3662	8348
89663	16805	20645
89664	16814	23021
89665	16817	63140
89666	16821	47912
89667	16827	17503
89668	16832	22757
89669	16832	25384
89670	16834	16836
89671	16834	16959
89672	16836	20851
89673	3666	11723
89674	16845	19406
89675	16869	21890
89676	16872	21519
89677	16875	42344
89678	16884	24820
89679	16921	22195
89680	3662	13912
89681	16932	32721
89682	16941	40789
89683	16945	28611
89684	3676	15725
89685	16969	19955
89686	16969	27887
89687	206	10724
89688	3666	15817
89689	49	50
89690	572	1945
89691	23	3194
89692	206	11710
89693	3686	35241
89694	17008	54457
89695	17009	28958
89696	3686	4459
89697	1477	7971
89698	3686	8258
89699	1477	27803
89700	17029	26688
89701	17066	32240
89702	3694	15447
89703	206	8381
89704	3701	5839
89705	3708	4451
89706	17141	17663
89707	1477	2397
89708	17150	19045
89709	17150	23430
89710	1477	9316
89711	17150	19647
89712	17151	25087
89713	17150	21945
89714	1477	11438
89715	17190	18992
89716	17190	23417
89717	1477	33867
89718	17194	20681
89719	17211	36794
89720	1477	10475
89721	3713	10454
89722	17241	33404
89723	17288	25832
89724	3717	5001
89725	3717	3850
89726	1477	5546
89727	3717	5813
89728	17340	18343
89729	3717	24164
89730	3717	7462
89731	17378	19282
89732	3717	8441
89733	17430	17458
89734	17462	23694
89735	1478	3806
89736	1478	5602
89737	1478	5639
89738	17466	17578
89739	102	2242
89740	1478	6354
89741	17492	17539
89742	17503	17578
89743	1478	1772
89744	3720	3768
89745	17532	29193
89746	102	4908
89747	1478	9889
89748	17539	18821
89749	17539	18179
89750	3720	5284
89751	3720	16443
89752	17550	20840
89753	3720	9860
89754	17555	21040
89755	17568	20042
89756	17577	19721
89757	17578	17698
89758	23	5928
89759	206	7109
89760	17578	22133
89761	17578	18411
89762	102	6244
89763	17582	23350
89764	17585	30795
89765	17585	27093
89766	17588	18281
89767	3724	7497
89768	1478	2393
89769	17674	32241
89770	3726	8639
89771	3726	4736
89772	17685	25693
89773	17663	20064
89774	3726	9727
89775	1478	6476
89776	17701	19043
89777	3723	8510
89778	17765	29904
89779	17765	30066
89780	17774	23690
89781	17784	18647
89782	1478	15081
89783	3726	22742
89784	17808	32510
89785	1478	7965
89786	17815	18048
89787	17811	26059
89788	1478	12828
89789	17818	23379
89790	17819	20042
89791	17827	22507
89792	17870	18945
89793	17872	21021
89794	17881	17935
89795	17916	18804
89796	17929	18782
89797	17930	23413
89798	17929	21456
89799	102	5151
89800	17935	51598
89801	206	2946
89802	49	5490
89803	17968	22195
89804	17971	33428
89805	1	8673
89806	1481	3129
89807	1481	1622
89808	18048	19466
89809	1481	5049
89810	206	38672
89811	3729	18322
89812	18082	32503
89813	3730	21090
89814	18157	18595
89815	18177	23551
89816	18179	22133
89817	18180	25278
89818	18186	26073
89819	18195	29541
89820	18269	27805
89821	18277	23933
89822	1485	4729
89823	1485	2334
89824	18307	21739
89825	18317	18672
89826	18340	38500
89827	576	2319
89828	18380	30610
89829	49	5422
89830	18392	34468
89831	18392	29811
89832	18395	21680
89833	18395	37642
89834	18398	35131
89835	18403	21475
89836	18446	23310
89837	18409	36552
89838	18411	32017
89839	1486	6676
89840	18430	32040
89841	18430	25695
89842	18431	18835
89843	18430	21455
89844	18437	26227
89845	18439	18444
89846	18460	23049
89847	1486	11308
89848	206	10437
89849	18498	22411
89850	1486	4808
89851	18503	33878
89852	577	4915
89853	3742	34960
89854	3743	5482
89855	18511	40608
89856	18555	34960
89857	206	24039
89858	18564	22119
89859	18595	18835
89860	18555	33088
89861	3747	4234
89862	102	2154
89863	3747	5168
89864	18624	29902
89865	18660	21218
89866	577	1283
89867	3747	23263
89868	18676	18890
89869	18676	19259
89870	18689	18690
89871	18678	26319
89872	1486	24547
89873	18712	19654
89874	3747	51757
89875	49	361
89876	18749	24291
89877	18804	20373
89878	18803	24868
89879	1487	20339
89880	18827	36784
89881	18847	19395
89882	18835	23364
89883	18830	32478
89884	1488	7216
89885	18849	20722
89886	18859	20151
89887	18870	39611
89888	18890	37990
89889	18897	20381
89890	18904	29854
89891	18923	18996
89892	18944	19024
89893	18948	22826
89894	18984	23694
89895	18988	21012
89896	3766	3882
89897	3766	23017
89898	19014	28878
89899	3766	33594
89900	19015	20660
89901	19023	19406
89902	19024	21090
89903	1478	10083
89904	3767	5332
89905	1490	5090
89906	3767	5162
89907	19043	25090
89908	19043	28597
89909	19045	27541
89910	49	510
89911	19046	21932
89912	19058	33880
89913	19065	19077
89914	19102	54830
89915	19080	25871
89916	19120	29281
89917	3768	4678
89918	1490	6348
89919	1490	7643
89920	19209	33991
89921	19238	23413
89922	19266	30518
89923	3774	11001
89924	19288	22880
89925	19293	21012
89926	19293	34579
89927	19303	29176
89928	19293	22063
89929	19329	27067
89930	19354	58190
89931	19354	35436
89932	19374	26767
89933	19397	25699
89934	19400	25832
89935	19406	40934
89936	19395	32510
89937	19417	58190
89938	19413	45800
89939	19418	19881
89940	19603	19648
89941	19478	49195
89942	19478	40085
89943	19487	25833
89944	19509	28535
89945	3790	6269
89946	19535	37627
89947	19652	23486
89948	19790	33053
89949	19859	32420
89950	19861	19891
89951	19944	47203
89952	19978	22030
89953	3805	30062
89954	19983	21680
89955	3805	45980
89956	20018	38633
89957	20042	27183
89958	20064	41229
89959	20070	20074
89960	20083	62225
89961	3806	4127
89962	3806	4398
89963	3806	7484
89964	3806	9047
89965	20214	38414
89966	3806	14986
89967	20229	26652
89968	20243	26795
89969	583	1631
89970	583	1594
89971	20260	50997
89972	20373	24321
89973	20381	27803
89974	20381	26801
89975	20398	33554
89976	3807	13582
89977	20488	33914
89978	20502	23263
89979	1490	12424
89980	3807	18830
89981	20535	30343
89982	3807	9974
89983	20565	20684
89984	20652	29511
89985	20681	29953
89986	103	796
89987	3807	29454
89988	3808	28286
89989	3808	5876
89990	1498	5016
89991	20721	30135
89992	3808	5669
89993	20757	35875
89994	20758	42835
89995	20803	26490
89996	20815	29953
89997	20843	31842
89998	20852	21988
89999	20853	21269
90000	20875	29910
90001	20938	40574
90002	20947	20964
90003	21012	37272
90004	209	5312
90005	3819	10734
90006	21029	33264
90007	3819	16271
90008	583	8382
90009	3823	5894
90010	21063	23393
90011	21194	21661
90012	21269	28896
90013	3829	5284
90014	21445	26774
90015	21487	32494
90016	21538	22544
90017	21514	29018
90018	21514	37500
90019	1498	25812
90020	3836	9731
90021	21665	66913
90022	21680	34960
90023	21701	29094
90024	21749	38330
90025	21847	22195
90026	3843	8518
90027	21856	26637
90028	21887	34950
90029	21916	21919
90030	21971	29852
90031	21971	23694
90032	21988	26505
90033	21995	23955
90034	3847	4406
90035	3847	22287
90036	1500	7974
90037	22013	58190
90038	22024	24776
90039	22063	34785
90040	22013	25451
90041	3847	16581
90042	22133	25369
90043	22122	41897
90044	3829	10289
90045	103	988
90046	22193	23251
90047	22237	22818
90048	22247	22535
90049	209	2508
90050	1502	10824
90051	22372	22431
90052	22361	23011
90053	1502	18386
90054	22195	27803
90055	3850	4209
90056	22387	22421
90057	22404	25219
90058	209	8683
90059	22450	44261
90060	22468	32493
90061	3850	7907
90062	22528	35621
90063	1502	9099
90064	3854	5929
90065	22673	23634
90066	22689	23638
90067	22694	24832
90068	22697	32080
90069	22700	35098
90070	3856	15003
90071	22750	33308
90072	22770	36162
90073	103	9245
90074	22908	24432
90075	3862	3880
90076	23031	30751
90077	23065	25245
90078	3862	4961
90079	1507	15126
90080	23213	30806
90081	23310	43321
90082	3870	3986
90083	3871	8399
90084	23415	30751
90085	1508	4050
90086	23427	26996
90087	23430	35131
90088	23430	30066
90089	3873	5299
90090	1508	10283
90091	3873	10365
90092	23550	29478
90093	23562	25722
90094	23571	23577
90095	23604	41984
90096	23638	29203
90097	1508	4251
90098	23694	27110
90099	23735	35238
90100	23717	52269
90101	23803	25384
90102	1508	4522
90103	23932	26999
90104	1508	4895
90105	211	829
90106	1508	10491
90107	23959	25812
90108	23981	28802
90109	24042	49238
90110	24048	39993
90111	3879	13197
90112	24237	27761
90113	24378	27089
90114	24432	36242
90115	211	7800
90116	24533	28033
90117	24613	33308
90118	13	171
90119	24786	41077
90120	1509	5041
90121	24869	24872
90122	1508	22195
90123	1367	2400
90124	3882	5770
90125	1509	1621
90126	3882	3883
90127	24889	27295
90128	24930	40608
90129	24940	54599
90130	3882	4522
90131	1509	4738
90132	25042	25056
90133	25069	27776
90134	25075	26650
90135	25085	33428
90136	3882	12304
90137	25090	26586
90138	3882	4802
90139	591	5527
90140	25335	25800
90141	3882	19288
90142	25398	43290
90143	25441	31453
90144	25498	37519
90145	25637	68716
90146	25687	26693
90147	3882	12180
90148	593	1517
90149	3882	15290
90150	25998	32281
90151	26067	27291
90152	26034	26037
90153	26234	26239
90154	26284	35135
90155	26302	32169
90156	26315	39431
90157	26331	26334
90158	26390	26450
90159	26570	29945
90160	3883	15611
90161	1510	2872
90162	3883	21655
90163	26652	27862
90164	1510	2942
90165	26688	38567
90166	26713	36447
90167	26774	47026
90168	26774	40116
90169	26801	27282
90170	26780	40733
90171	1510	5800
90172	3891	7987
90173	26803	33289
90174	3891	9503
90175	26994	28611
90176	26999	29851
90177	27047	27048
90178	27057	27058
90179	1510	32440
90180	27110	40116
90181	27093	29463
90182	49	5875
90183	27257	27259
90184	27321	56437
90185	27352	37230
90186	27591	28402
90187	27591	58190
90188	1515	2788
90189	27805	27835
90190	27929	27935
90191	1517	5076
90192	3910	4338
90193	1517	5152
90194	28365	57947
90195	28365	37511
90196	28439	65748
90197	28597	28685
90198	3882	14327
90199	28802	30751
90200	28973	60549
90201	3913	12383
90202	595	5179
90203	29193	30583
90204	13	7519
90205	595	4677
90206	29544	47534
90207	595	7307
90208	30521	32319
90209	30582	64969
90210	3924	4234
90211	1521	4884
90212	3924	25444
90213	595	7717
90214	214	20994
90215	30983	30985
90216	31108	35556
90217	31151	38602
90218	595	5393
90219	3932	17115
90220	3932	43029
90221	3932	5600
90222	3932	13874
90223	1521	11134
90224	1521	5375
90225	1521	10806
90226	3935	20381
90227	215	2567
90228	3936	26258
90229	1521	6077
90230	595	13013
90231	3940	5630
90232	1521	12113
90233	595	11292
90234	32444	32447
90235	3940	18762
90236	32498	39402
90237	32833	61068
90238	33025	33028
90239	33246	44642
90240	3941	4885
90241	33565	45026
90242	33863	36611
90243	33929	51133
90244	215	3725
90245	3949	9885
90246	1522	7974
90247	34239	34241
90248	1521	35961
90249	34495	34497
90250	3950	21114
90251	1522	10389
90252	1522	9694
90253	49	2485
90254	3950	11845
90255	35159	63441
90256	3950	40921
90257	595	22065
90258	215	10407
90259	35783	37443
90260	36641	37590
90261	36550	36559
90262	1521	2811
90263	1523	9069
90264	3954	5409
90265	3954	5157
90266	37079	37321
90267	3954	9831
90268	1523	2239
90269	38038	43337
90270	3954	10609
90271	3954	10202
90272	38700	58608
90273	39243	39244
90274	39335	39337
90275	39829	39830
90276	39883	39888
90277	39993	43824
90278	3954	18937
90279	1523	6281
90280	39730	71090
90281	41898	73425
90282	42006	42009
90283	42235	73478
90284	43476	43478
90285	43378	43379
90286	1527	9672
90287	45010	45013
90288	1527	9689
90289	1527	6243
90290	1527	8956
90291	1527	5930
90292	45558	45559
90293	3970	12272
90294	47213	47215
90295	47564	47565
90296	48039	62792
90297	1528	10431
90298	1528	2315
90299	48396	50517
90300	48712	48716
90301	48765	48766
90302	3977	34302
90303	3977	18847
90304	215	5055
90305	49987	73212
90306	3982	4097
90307	50564	50567
90308	51274	51275
90309	103	19003
90310	51645	51921
90311	3983	18281
90312	52289	56709
90313	216	2425
90314	52978	52979
90315	1528	19896
90316	3984	4552
90317	3984	9184
90318	3984	19080
90319	216	5199
90320	54385	54391
90321	54994	54995
90322	3984	26374
90323	3984	10934
90324	3986	10309
90325	57591	74765
90326	57947	62106
90327	1532	2401
90328	52854	60258
90329	1532	1925
90330	58057	62638
90331	59108	63079
90332	1532	5393
90333	1532	9688
90334	216	6209
90335	4005	10333
90336	4005	5627
90337	25	2443
90338	4009	4372
90339	4009	19003
90340	59729	59731
90341	60688	60689
90342	4009	9798
90343	1535	2505
90344	599	3076
90345	216	6103
90346	1535	2056
90347	1535	5020
90348	62531	62534
90349	62583	76143
90350	62586	62587
90351	4012	5347
90352	4012	7936
90353	4012	19043
90354	63715	63716
90355	63848	69209
90356	64391	64392
90357	4012	28611
90358	4016	10093
90359	65933	65934
90360	4019	6178
90361	4019	6339
90362	4019	5107
90363	67057	67058
90364	67560	67561
90365	68166	68169
90366	68706	76686
90367	68851	68853
90368	4019	4677
90369	70365	70366
90370	70390	70392
90371	70579	70580
90372	216	4398
90373	71924	71925
90374	72854	72855
90375	73608	73609
90376	74130	74131
90377	73864	73865
90378	68845	68847
90379	75322	75323
90380	75356	75357
90381	75868	75869
90382	76402	76403
90383	4038	19134
90384	4038	23264
90385	77360	3450
90386	77360	13012
90387	77360	8486
90388	77360	4808
90389	77361	5057
90390	77361	5759
90391	77361	6080
90392	77361	10809
90393	599	14751
90394	599	16581
90395	217	4707
90396	216	394
90397	217	4759
90398	77362	7625
90399	77362	34
90400	77362	13544
90401	13	9162
90402	4040	22629
90403	77362	4755
90404	217	4896
90405	77362	2539
90406	4048	7013
90407	77362	2838
90408	77362	5196
90409	77515	8781
90410	77369	1835
90411	77362	17954
90412	77362	17075
90413	4053	27121
90414	1542	6051
90415	4055	8994
90416	77364	7609
90417	77364	4895
90418	77364	8164
90419	77364	125
90420	77364	10724
90421	77364	12858
90422	104	10389
90423	4058	14788
90424	77365	3184
90425	77365	7681
90426	77365	11528
90427	77365	12075
90428	77365	9517
90429	217	3167
90430	1542	5280
90431	217	1728
90432	599	11718
90433	77366	20
90434	77366	5151
90435	4061	10131
90436	77366	7462
90437	77367	5900
90438	77367	5901
90439	77367	5972
90440	77367	34
90441	77367	9689
90442	1542	18414
90443	77367	1359
90444	77367	77363
90445	77367	4854
90446	77367	11292
90447	1543	3107
90448	1543	17651
90449	4071	26577
90450	77369	111
90451	77369	5280
90452	77369	6284
90453	77369	7832
90454	77369	8311
90455	77369	4988
90456	77369	7892
90457	4083	20929
90458	104	826
90459	4083	23638
90460	4083	11266
90461	77370	2019
90462	77371	6118
90463	77371	8128
90464	77371	6117
90465	4092	12260
90466	217	11124
90467	77371	10571
90468	77372	5952
90469	77372	7600
90470	77372	1819
90471	4097	5008
90472	77373	1062
90473	77373	5016
90474	4097	9302
90475	77373	5192
90476	77371	20259
90477	77373	11984
90478	217	6057
90479	77374	102
90480	77374	12182
90481	77374	77366
90482	77374	5223
90483	4107	16832
90484	104	5220
90485	4107	19164
90486	77375	3662
90487	77375	8334
90488	602	5722
90489	4107	37768
90490	602	9047
90491	77375	11029
90492	4111	6352
90493	1549	5541
90494	77377	6139
90495	77365	5899
90496	77377	5922
90497	77377	7462
90498	77371	7428
90499	77377	2062
90500	77377	9338
90501	4116	4345
90502	4116	9629
90503	602	699
90504	77378	14844
90505	77379	1824
90506	77379	7740
90507	4116	14999
90508	77379	13190
90509	77379	6531
90510	77380	5439
90511	4125	8254
90512	4125	23973
90513	77382	6334
90514	77382	7701
90515	77382	4821
90516	77401	2525
90517	4125	9303
90518	77382	5619
90519	1553	1861
90520	77383	1507
90521	4127	8457
90522	4127	5715
90523	4127	11123
90524	77384	4884
90525	1553	14972
90526	4127	27300
90527	77384	34
90528	77384	12476
90529	77384	13140
90530	1553	8849
90531	77384	3877
90532	77385	6241
90533	77385	6139
90534	77385	12152
90535	77386	5398
90536	1553	5057
90537	77386	9567
90538	1553	13299
90539	602	29851
90540	77385	8
90541	4133	10836
90542	4133	8039
90543	77388	2780
90544	602	7338
90545	77388	5827
90546	77388	26688
90547	77389	5705
90548	602	19021
90549	77389	5411
90550	77389	23279
90551	4136	11166
90552	1553	4522
90553	4138	39357
90554	77389	7722
90555	77390	10307
90556	602	26623
90557	4142	18155
90558	77391	2862
90559	4142	51757
90560	77392	77380
90561	77392	1960
90562	4144	4507
90563	77392	1980
90564	77393	77364
90565	4153	5504
90566	77394	23310
90567	4153	22136
90568	4153	4730
90569	4153	17765
90570	77396	2351
90571	4153	9218
90572	77397	2499
90573	77397	77364
90574	77397	143
90575	77397	510
90576	77397	5943
90577	77397	9675
90578	77398	5018
90579	4154	4936
90580	77398	13081
90581	13	13003
90582	77399	11175
90583	77399	30858
90584	77400	15611
90585	77400	6139
90586	77402	1059
90587	77402	77389
90588	77403	6089
90589	77404	4736
90590	77404	22063
90591	4144	4808
90592	77404	5219
90593	77404	10935
90594	77404	4260
90595	1560	4710
90596	77405	4884
90597	1560	4839
90598	4175	13256
90599	77404	4522
90600	77405	9264
90601	4153	10724
90602	1560	7872
90603	77406	7705
90604	77406	251
90605	77406	7738
90606	4182	12131
90607	77407	10016
90608	77407	5277
90609	1560	16921
90610	1560	2021
90611	77407	10628
90612	1560	7838
90613	1560	13964
90614	77408	8248
90615	1560	6117
90616	77408	8486
90617	1560	7632
90618	4193	40076
90619	611	16590
90620	4195	14447
90621	4195	6839
90622	4195	42137
90623	77412	5532
90624	77412	2747
90625	77412	5506
90626	4197	15934
90627	77413	5906
90628	77413	27803
90629	4198	4208
90630	77414	68
90631	77414	8267
90632	77414	11177
90633	77415	1012
90634	4201	4697
90635	4201	5327
90636	4201	8450
90637	4201	13280
90638	4201	5667
90639	220	1273
90640	77416	221
90641	4201	25451
90642	77416	4434
90643	77416	15273
90644	77416	7256
90645	4206	8544
90646	77417	23815
90647	77417	10093
90648	77417	4280
90649	77417	16273
90650	4208	5430
90651	77422	2503
90652	77418	1498
90653	220	8861
90654	4208	12891
90655	77419	5902
90656	77419	12592
90657	4208	11211
90658	77419	6035
90659	77419	15060
90660	77420	16969
90661	77420	12924
90662	4209	13611
90663	4209	13712
90664	77422	77368
90665	4209	14021
90666	4209	9522
90667	4209	9293
90668	4209	4738
90669	1566	2090
90670	4209	4714
90671	77423	1103
90672	1566	2504
90673	77424	4671
90674	77424	9086
90675	77423	6070
90676	77425	2490
90677	77425	2425
90678	1566	5637
90679	220	3492
90680	4212	4928
90681	1567	2567
90682	4217	8327
90683	77428	2334
90684	77429	7428
90685	77429	119
90686	4217	34877
90687	1567	9439
90688	4217	27591
90689	77429	7768
90690	77430	2475
90691	619	7718
90692	77430	19398
90693	4217	10721
90694	77431	189
90695	1567	10640
90696	77433	24525
90697	77433	77416
90698	77433	4668
90699	77433	20134
90700	4222	7934
90701	4224	4256
90702	4224	6232
90703	1567	9668
90704	4224	8758
90705	77436	10769
90706	4224	11125
90707	77437	5492
90708	77437	60
90709	77437	5097
90710	77438	13057
90711	77438	25278
90712	77438	6105
90713	77440	8248
90714	77440	5401
90715	77440	1771
90716	77442	5753
90717	77443	1442
90718	4230	9844
90719	77444	1979
90720	77444	5372
90721	77444	4826
90722	77444	10193
90723	77445	2148
90724	77445	1647
90725	77445	6613
90726	77446	12693
90727	77448	4872
90728	4231	34529
90729	622	7784
90730	77448	8654
90731	4234	13780
90732	77449	263
90733	4234	16197
90734	77450	5198
90735	77450	2775
90736	77450	10913
90737	4234	6026
90738	4234	11308
90739	4234	9141
90740	77451	2926
90741	1569	17530
90742	77452	16541
90743	77452	6
90744	77452	5850
90745	4240	5190
90746	77453	9168
90747	1569	3583
90748	4240	5601
90749	625	710
90750	77455	10751
90751	77455	12218
90752	77446	6155
90753	220	24541
90754	77456	2148
90755	77457	8462
90756	77457	77366
90757	1569	37853
90758	4251	4657
90759	77459	5698
90760	625	11661
90761	77459	36488
90762	625	9543
90763	77460	6457
90764	4251	19024
90765	1571	4958
90766	77462	10135
90767	4255	10092
90768	77463	7789
90769	4255	8086
90770	1571	3091
90771	77466	1284
90772	77466	1103
90773	77466	710
90774	77466	4677
90775	77466	2423
90776	4257	11824
90777	625	9439
90778	77468	5122
90779	77468	11167
90780	77468	11845
90781	77469	4318
90782	4257	5853
90783	4257	15543
90784	77470	2771
90785	77470	19361
90786	77473	2813
90787	77473	9908
90788	77473	1190
90789	77475	10925
90790	4259	21443
90791	625	11124
90792	77477	1059
90793	4259	13229
90794	77477	7844
90795	77477	4991
90796	77478	4872
90797	4260	4805
90798	4260	12885
90799	77480	10726
90800	221	10201
90801	25	2371
90802	77481	7569
90803	4260	39805
90804	77483	395
90805	77484	8249
90806	627	10735
90807	77485	8298
90808	77485	5411
90809	77485	9948
90810	77486	1635
90811	77486	8472
90812	77486	9930
90813	4277	5805
90814	77486	11305
90815	627	2755
90816	77486	8731
90817	77487	1901
90818	1577	7690
90819	77487	1245
90820	77488	16814
90821	77488	5405
90822	4280	11705
90823	4280	4949
90824	4280	17367
90825	77492	1284
90826	77492	9215
90827	77493	5090
90828	77493	5928
90829	77493	1108
90830	77493	8917
90831	77494	77434
90832	77494	5511
90833	77495	1894
90834	4282	4944
90835	77495	5393
90836	77495	7203
90837	77497	5949
90838	629	1283
90839	4282	23397
90840	77498	5489
90841	77498	6132
90842	629	1651
90843	77439	4772
90844	1583	24116
90845	77500	3130
90846	77500	26505
90847	4282	9739
90848	77501	829
90849	77501	5662
90850	77501	1062
90851	629	4747
90852	4285	8629
90853	629	5105
90854	77502	6146
90855	77502	15904
90856	4285	6067
90857	77503	6540
90858	1584	11904
90859	4295	13912
90860	4297	4802
90861	629	6188
90862	1584	23413
90863	77508	2526
90864	4303	9338
90865	77509	31820
90866	77510	4993
90867	77510	185
90868	1584	3089
90869	77513	4956
90870	4305	10976
90871	77515	2485
90872	77515	8581
90873	77516	3470
90874	77517	5050
90875	77516	4533
90876	77517	2481
90877	77522	9531
90878	77510	5127
90879	4307	33088
90880	77521	4572
90881	77521	9391
90882	4307	16750
90883	77522	11115
90884	1589	6500
90885	77523	5011
90886	77523	9792
90887	77524	5339
90888	77526	77408
90889	77526	186
90890	77526	18243
90891	77550	1699
90892	77528	1706
90893	77528	7338
90894	77529	25595
90895	77531	7744
90896	77531	5102
90897	77531	10093
90898	77532	25309
90899	77532	9852
90900	77533	403
90901	77533	77362
90902	77534	20072
90903	77534	16359
90904	630	1217
90905	4318	9320
90906	1590	8544
90907	77537	12261
90908	77538	9204
90909	77538	5025
90910	77539	5020
90911	77539	5162
90912	1590	1594
90913	1590	7744
90914	77541	6189
90915	1590	7698
90916	77542	11498
90917	631	6733
90918	77543	11536
90919	1590	2071
90920	77547	6700
90921	77547	1245
90922	77547	10496
90923	77547	9623
90924	77548	77360
90925	77550	5142
90926	77550	5799
90927	4338	22013
90928	77551	5947
90929	77554	5142
90930	4339	9414
90931	77556	11292
90932	77556	30826
90933	77557	220
90934	222	8628
90935	77555	2932
90936	4345	13116
90937	77559	6327
90938	77559	4729
90939	77561	10755
90940	631	11353
90941	77561	28402
90942	77562	8981
90943	77562	10303
90944	4345	13404
90945	77565	5155
90946	4345	5431
90947	77567	25830
90948	4345	13193
90949	631	7847
90950	77570	12730
90951	77570	3086
90952	4345	20437
90953	77572	7569
90954	1594	5840
90955	4346	9737
90956	1594	2322
90957	77573	5280
90958	1594	7841
90959	4347	9794
90960	4347	8830
90961	4347	15939
90962	4347	4938
90963	77579	7567
90964	631	9813
90965	4347	11747
90966	4347	4991
90967	77581	7959
90968	77581	77472
90969	77582	5151
90970	77582	5723
90971	77585	2571
90972	77586	11940
90973	77586	6155
90974	1594	4807
90975	77590	11010
90976	77591	5490
90977	77591	5282
90978	77591	5064
90979	4350	41681
90980	77593	4019
90981	77593	10550
90982	4350	18607
90983	77599	17494
90984	77596	5053
90985	77597	7488
90986	632	7748
90987	4350	19189
90988	77598	77456
90989	4351	8763
90990	77598	5559
90991	77600	16190
90992	1594	17539
90993	77603	2538
90994	632	2781
90995	77606	7651
90996	77608	5890
90997	77605	6250
90998	1596	1901
90999	4357	5819
91000	77611	77472
91001	77612	5290
91002	1596	8200
91003	77612	19209
91004	77613	5102
91005	4360	11702
91006	77615	5063
91007	77617	6199
91008	1596	13799
91009	77619	5057
91010	4366	7681
91011	77623	7697
91012	1597	10412
91013	77625	6569
91014	4366	6120
91015	77625	2147
91016	222	7664
91017	77626	5341
91018	1599	10200
91019	77627	4939
91020	77628	21847
91021	4366	16444
91022	635	1980
91023	635	18511
91024	77632	8457
91025	77635	26779
91026	77636	5593
91027	77635	15395
91028	77636	9316
91029	77636	20527
91030	77641	8319
91031	77643	8128
91032	77647	8489
91033	222	20763
91034	77648	10065
91035	14	5671
91036	77648	11759
91037	1603	7064
91038	77649	35241
91039	77650	16189
91040	77650	13463
91041	77651	799
91042	4372	4695
91043	637	11723
91044	77653	7727
91045	77654	6361
91046	4372	10527
91047	77655	17
91048	77655	77483
91049	77655	5899
91050	637	9557
91051	77657	2247
91052	4372	10361
91053	77655	4551
91054	77659	9940
91055	77660	2076
91056	77661	7719
91057	225	4991
91058	77662	220
91059	637	677
91060	77665	7714
91061	77666	85
91062	77666	14821
91063	1603	3275
91064	77667	5367
91065	4375	4834
91066	77667	18984
91067	4375	7659
91068	225	5151
91069	77668	9844
91070	77669	4993
91071	77671	77395
91072	77672	6029
91073	4380	7497
91074	4380	4540
91075	77676	8799
91076	77677	8750
91077	637	2292
91078	4382	4942
91079	77686	3729
91080	77687	9499
91081	77687	13365
91082	77689	38085
91083	77690	9068
91084	77692	7720
91085	637	6080
91086	77695	16759
91087	77700	12344
91088	77698	8318
91089	77701	9179
91090	1604	5356
91091	77702	1062
91092	77702	10458
91093	77703	2240
91094	77704	331
91095	225	10449
91096	77706	1870
91097	637	15660
91098	77708	9172
91099	225	7488
91100	225	4875
91101	637	8578
91102	77711	8293
91103	4397	16592
91104	110	5163
91105	4397	15342
91106	77719	6095
91107	4398	5296
91108	77723	33357
91109	1608	11384
91110	4398	10656
91111	1608	4899
91112	4398	4908
91113	77729	1220
91114	77729	2882
91115	77730	216
91116	225	13057
91117	4398	19048
91118	1608	17706
91119	77737	532
91120	77737	5172
91121	110	1846
91122	77741	6190
91123	4406	8350
91124	110	1641
91125	77738	6111
91126	110	6316
91127	4406	5001
91128	1609	6337
91129	77747	6003
91130	77721	77391
91131	225	4852
91132	77749	13353
91133	4406	8857
91134	77750	8233
91135	77751	13262
91136	77749	22121
91137	77755	799
91138	77758	16012
91139	77755	7711
91140	77759	5925
91141	4406	11757
91142	77760	13159
91143	1609	10829
91144	225	9446
91145	77763	4893
91146	1609	8991
91147	639	978
91148	77769	7580
91149	25	4730
91150	1611	5170
91151	4430	25989
91152	4431	4611
91153	4432	8384
91154	77780	8808
91155	77781	5018
91156	225	5691
91157	77782	5476
91158	77782	6878
91159	77784	308
91160	1611	5208
91161	77785	7450
91162	4432	10582
91163	77788	6364
91164	77791	10306
91165	77791	4707
91166	77792	20557
91167	639	2433
91168	110	2501
91169	77797	7488
91170	77798	8016
91171	77799	4667
91172	77800	8345
91173	77802	9303
91174	77807	1523
91175	77789	2561
91176	77809	1838
91177	77810	6366
91178	77813	10022
91179	77812	33415
91180	225	3426
91181	77816	77470
91182	4436	27845
91183	77819	8824
91184	4436	8808
91185	77844	7717
91186	77821	10164
91187	77825	3155
91188	77830	10185
91189	77831	1318
91190	77832	2379
91191	77834	11175
91192	77834	9757
91193	77835	7748
91194	77837	77589
91195	1614	26316
91196	77838	8743
91197	77840	11058
91198	77845	20658
91199	77845	48655
91200	4447	5835
91201	77849	77642
91202	77851	27591
91203	4448	9284
91204	77853	7617
91205	77854	7794
91206	4448	12826
91207	4448	7473
91208	4448	13368
91209	77858	10436
91210	77858	32047
91211	77859	81
91212	1613	13724
91213	4448	14593
91214	4448	17275
91215	77861	18195
91216	77862	11326
91217	77867	1573
91218	77869	17382
91219	77872	9036
91220	4448	28531
91221	77872	12546
91222	77873	27952
91223	77874	19159
91224	77882	5546
91225	77877	671
91226	77882	2001
91227	77883	1641
91228	77883	10187
91229	77885	8635
91230	77886	4807
91231	77884	31
91232	1620	2784
91233	77889	13275
91234	1620	5826
91235	77890	13472
91236	77891	215
91237	77893	68
91238	77896	10146
91239	77897	2861
91240	77905	19654
91241	77905	5411
91242	77905	8233
91243	77907	186
91244	77907	77425
91245	77908	25696
91246	77910	14046
91247	77911	13727
91248	77912	10792
91249	4448	5009
91250	77913	4926
91251	77914	20303
91252	77920	6952
91253	111	705
91254	77924	20793
91255	77929	4486
91256	4459	11263
91257	4459	11166
91258	4459	5425
91259	4459	10582
91260	111	1282
91261	77815	77733
91262	77944	3043
91263	77951	3672
91264	77951	9184
91265	1620	17971
91266	77958	5795
91267	77961	25810
91268	77966	77393
91269	77968	11115
91270	77956	5703
91271	77970	155
91272	77975	16581
91273	77978	9317
91274	77985	4908
91275	4478	26645
91276	77989	9950
91277	77990	5716
91278	77992	2090
91279	77996	13916
91280	77997	7034
91281	77999	663
91282	77953	8024
91283	78001	8632
91284	4486	7375
91285	78010	2478
91286	4486	5527
91287	4486	4893
91288	78013	5378
91289	78020	21887
91290	78020	7994
91291	78030	35238
91292	78035	394
91293	4497	5697
91294	78037	13081
91295	1621	12881
91296	78038	2526
91297	4505	23586
91298	78049	14106
91299	78052	3197
91300	78053	36817
91301	78054	5473
91302	78055	17748
91303	78059	19978
91304	78059	5074
91305	4507	14392
91306	4507	12671
91307	78074	11809
91308	4507	13624
91309	78076	12900
91310	78080	9482
91311	645	2090
91312	78086	2883
91313	4511	5161
91314	78093	14844
91315	77614	1198
91316	78100	12424
91317	78100	2148
91318	78104	18522
91319	78106	23915
91320	78106	2871
91321	78108	19
91322	78111	10437
91323	78111	1729
91324	4514	29809
91325	78115	12953
91326	78119	5953
91327	78119	13404
91328	78120	15576
91329	78032	77730
91330	78126	2087
91331	111	4837
91332	1622	2090
91333	4522	8752
91334	78130	5092
91335	78133	13167
91336	78135	19003
91337	78024	8740
91338	78151	883
91339	78152	7718
91340	4522	28983
91341	4522	6352
91342	645	3806
91343	78162	28544
91344	4522	7839
91345	4522	19535
91346	78169	26745
91347	225	26887
91348	78172	5113
91349	78180	7778
91350	78169	4688
91351	1622	8039
91352	78188	77527
91353	78189	2019
91354	78195	5421
91355	78199	19615
91356	78201	1901
91357	78201	14106
91358	78209	37685
91359	1622	13942
91360	78214	4840
91361	78215	77409
91362	1622	23735
91363	78221	77416
91364	1622	5984
91365	78232	77446
91366	4523	14972
91367	78235	510
91368	78239	4957
91369	78243	4964
91370	78243	12897
91371	4531	6878
91372	4531	10995
91373	78247	13937
91374	4531	5541
91375	78251	5396
91376	78257	10283
91377	4531	11316
91378	78257	8031
91379	78267	6057
91380	78265	17
91381	78268	11496
91382	4536	28595
91383	4540	4698
91384	4540	13574
91385	78296	1675
91386	4540	20072
91387	78308	23213
91388	78313	18351
91389	78314	4347
91390	78319	6791
91391	78319	8509
91392	78321	2954
91393	78328	5972
91394	78337	8702
91395	1624	10696
91396	78339	12071
91397	78340	340
91398	1624	5170
91399	78352	220
91400	78364	398
91401	78371	8434
91402	78371	1509
91403	78373	13438
91404	4547	7459
91405	78375	2538
91406	78383	7693
91407	4549	5667
91408	78385	5641
91409	4549	19417
91410	78388	10407
91411	78392	13658
91412	646	6144
91413	4551	4939
91414	78397	25830
91415	78397	6391
91416	1627	5728
91417	78408	77678
91418	78410	77645
91419	78411	6281
91420	78414	7641
91421	78419	77370
91422	1627	20961
91423	78435	5834
91424	78436	2461
91425	78437	30939
91426	78466	8824
91427	78468	13020
91428	4554	7643
91429	78468	2769
91430	4554	15383
91431	78480	10965
91432	78481	8755
91433	78486	75807
91434	4554	15949
91435	78498	8692
91436	4555	12004
91437	78513	15126
91438	78517	8862
91439	1627	11352
91440	78522	6130
91441	1630	2961
91442	4557	11281
91443	78532	8167
91444	78535	5743
91445	78544	7832
91446	78522	12060
91447	4557	20758
91448	78556	5488
91449	78557	7639
91450	1631	1675
91451	78565	9310
91452	78586	14843
91453	4563	18653
91454	78603	18343
91455	78604	26801
91456	78602	12953
91457	78611	1296
91458	78681	77470
91459	4569	19164
91460	1631	7451
91461	78630	10134
91462	78638	7744
91463	78641	2926
91464	1631	4795
91465	78652	2861
91466	78661	2478
91467	1631	5341
91468	78670	7851
91469	78670	5006
91470	78671	78386
91471	225	26382
91472	78677	7778
91473	78676	11584
91474	78676	9082
91475	78677	2367
91476	78679	2792
91477	78679	8566
91478	78682	5844
91479	78682	1401
91480	647	17750
91481	78693	27882
91482	78706	7488
91483	225	19996
91484	78707	77666
91485	4573	8665
91486	78717	6228
91487	4573	12983
91488	78733	11
91489	78731	10824
91490	78735	2247
91491	4588	10596
91492	78741	794
91493	78742	4816
91494	78746	12073
91495	78754	16014
91496	78755	77379
91497	78760	13714
91498	4588	7837
91499	78771	11916
91500	78779	8695
91501	78780	12188
91502	78784	9778
91503	78796	2466
91504	78797	7841
91505	4588	23638
91506	78811	8926
91507	4592	10735
91508	1634	7203
91509	78862	398
91510	78867	21531
91511	78891	6023
91512	4595	5635
91513	4595	14723
91514	4595	17695
91515	52	16046
91516	1635	5994
91517	78927	78545
91518	78941	10502
91519	78945	5060
91520	1635	7907
91521	4598	10527
91522	4598	10791
91523	4598	17165
91524	78972	475
91525	78975	4914
91526	4598	4807
91527	1635	10934
91528	79020	16944
91529	79020	4850
91530	79023	7517
91531	79026	77630
91532	79034	3940
91533	79045	13319
91534	79070	8770
91535	79072	918
91536	4601	13868
91537	79089	77743
91538	79112	799
91539	79114	8220
91540	4610	17823
91541	1635	4789
91542	4610	9320
91543	79144	2508
91544	79150	25595
91545	79179	4713
91546	79185	5675
91547	79188	32470
91548	79190	5297
91549	79205	3984
91550	79221	10307
91551	111	6189
91552	79278	6056
91553	79279	7349
91554	4611	15642
91555	79291	5049
91556	79310	22318
91557	79316	23541
91558	79329	77499
91559	79331	8006
91560	79337	9092
91561	4616	8928
91562	79348	5152
91563	4616	11528
91564	79364	4885
91565	79370	2794
91566	79371	11804
91567	79393	77815
91568	79405	5152
91569	79417	8203
91570	79421	4957
91571	79432	12413
91572	79435	10438
91573	79461	8491
91574	79485	1926
91575	79537	8810
91576	79545	16295
91577	79561	3208
91578	656	14320
91579	79773	11224
91580	79621	4950
91581	4616	8586
91582	79634	3111
91583	79636	3067
91584	79643	77457
91585	79667	281
91586	79752	26745
91587	79757	78482
91588	79766	32540
91589	79772	3882
91590	79793	1693
91591	1638	8269
91592	4619	5002
91593	79815	13299
91594	79818	8382
91595	79831	11792
91596	79833	15725
91597	79853	7488
91598	4619	4664
91599	79861	7579
91600	4619	4707
91601	79865	10121
91602	79868	13731
91603	4619	6199
91604	79879	6208
91605	79915	23942
91606	79929	6086
91607	79966	8337
91608	79989	1324
91609	4619	8808
91610	80028	4992
91611	80150	29461
91612	80089	29618
91613	80105	8143
91614	80122	8293
91615	80156	192
91616	4630	10622
91617	4629	10700
91618	80210	26046
91619	80214	6538
91620	80227	29006
91621	80258	1284
91622	80316	5109
91623	80450	20496
91624	4633	36452
91625	231	2978
91626	80543	78275
91627	80544	79177
91628	80465	79493
91629	1641	5689
91630	80594	18395
91631	1641	8991
91632	80656	6329
91633	80684	400
91634	1641	3064
91635	80736	6329
91636	80760	5072
91637	80840	5328
91638	80892	7723
91639	80912	2396
91640	80947	5217
91641	1641	4282
91642	81070	9908
91643	81102	79631
91644	81125	14521
91645	81161	5692
91646	80973	28319
91647	231	22629
91648	81285	78519
91649	81308	19017
91650	81269	25168
91651	81391	79130
91652	4650	10824
91653	81616	12209
91654	81623	4867
91655	81706	5190
91656	81707	3847
91657	81819	5800
91658	81863	10330
91659	81499	79492
91660	1641	5490
91661	1641	10185
91662	82027	17372
91663	82049	15625
91664	82091	10619
91665	82105	27093
91666	82121	33741
91667	82201	5601
91668	82211	32
91669	82257	10172
91670	4650	5800
91671	82462	40706
91672	82641	45943
91673	82615	3509
91674	82696	2269
91675	82647	757
91676	82751	7736
91677	82777	11359
91678	82787	5378
91679	82842	33026
91680	82889	2529
91681	82919	2275
91682	82949	38304
91683	82977	32026
91684	82990	89
91685	82992	2551
91686	82999	849
91687	83005	38337
91688	83075	4111
91689	90132	10176
91690	89914	82306
91691	83300	20387
91692	83390	21162
91693	83394	9208
91694	83512	5110
91695	83711	16452
91696	83881	77398
91697	83952	2733
91698	87772	83610
91699	84281	81350
91700	87721	9436
91701	84546	50945
91702	84782	37578
91703	84784	338
91704	84815	44792
91705	84947	82425
91706	85100	24064
91707	85105	66022
91708	4657	6500
91709	85124	77752
91710	85154	41675
91711	85148	71071
91712	85166	73022
91713	85167	82699
91714	85189	81324
91715	85194	75738
91716	86046	60
91717	85853	21429
91718	85789	2531
91719	85712	13539
91720	85718	9321
91721	4664	6354
91722	4664	10205
91723	1641	4850
91724	4664	13244
91725	4664	11974
91726	4664	14761
91727	4665	5161
91728	4665	7570
91729	4665	5513
91730	4665	10806
91731	4665	6120
91732	1641	8350
91733	4666	9179
91734	4666	10425
91735	4665	4689
91736	4666	11542
91737	4666	8491
91738	4666	12291
91739	4667	11413
91740	1641	9806
91741	4667	10513
91742	4667	19550
91743	4667	6209
91744	4668	4844
91745	660	5299
91746	4668	6018
91747	1643	4943
91748	4668	7265
91749	4669	8619
91750	4669	4887
91751	1647	7784
91752	111	7671
91753	4669	9422
91754	4669	10177
91755	4669	5072
91756	4669	10204
91757	53	11125
91758	1648	26681
91759	4669	17000
91760	4669	32392
91761	4670	5282
91762	4671	4895
91763	4672	4844
91764	4672	7497
91765	4672	10750
91766	4672	7526
91767	112	796
91768	4672	16406
91769	239	5100
91770	4672	11100
91771	4672	14270
91772	4673	4747
91773	4673	7462
91774	4675	19329
91775	112	2766
91776	4675	5398
91777	4675	5161
91778	4675	6248
91779	4675	10449
91780	4675	7720
91781	112	2897
91782	4675	5532
91783	4675	12166
91784	4675	8629
91785	1657	5292
91786	4675	17692
91787	1657	13952
91788	4675	9412
91789	4675	10374
91790	662	3633
91791	662	6226
91792	1660	5114
91793	1660	6241
91794	1660	7441
91795	4677	8233
91796	1660	23486
91797	239	17815
91798	4677	11371
91799	4678	4756
91800	663	9016
91801	4678	17503
91802	663	9099
91803	4678	16581
91804	4678	30751
91805	4678	33560
91806	4679	5155
91807	4678	13191
91808	4679	8248
91809	4679	10824
91810	4679	10440
91811	4679	4698
91812	4679	14800
91813	4679	8249
91814	4679	8750
91815	112	3857
91816	1666	2736
91817	1667	10082
91818	4680	11149
91819	1667	14464
91820	1667	3515
91821	1667	3662
91822	243	765
91823	4680	10185
91824	4682	5906
91825	4683	6093
91826	4683	4872
91827	1667	15825
91828	4683	10088
91829	243	2536
91830	4687	9488
91831	239	27776
91832	243	35131
91833	4689	8928
91834	4689	7617
91835	4689	5199
91836	112	9073
91837	4689	5407
91838	4689	8182
91839	243	11093
91840	669	2771
91841	669	5755
91842	4690	13193
91843	1669	8423
91844	4690	5598
91845	27	6076
91846	4690	5664
91847	1670	7469
91848	671	4738
91849	4690	11692
91850	243	9977
91851	1670	8248
91852	4692	37492
91853	671	855
91854	1670	10896
91855	112	44245
91856	1670	8857
91857	671	959
91858	243	14846
91859	4694	5494
91860	1670	27885
91861	4694	8085
91862	671	11447
91863	4697	10306
91864	4695	5268
91865	31	63
91866	4695	10221
91867	243	7892
91868	31	89
91869	4695	10568
91870	1673	10449
91871	4697	11811
91872	4697	5025
91873	4697	4909
91874	4697	8527
91875	1675	2481
91876	4697	8628
91877	4697	6044
91878	4697	6047
91879	4697	13026
91880	4697	13095
91881	1675	10765
91882	4697	6602
91883	4697	15029
91884	244	7669
91885	672	7680
91886	4697	10733
91887	4698	7669
91888	244	5062
91889	1683	12166
91890	4698	10875
91891	4698	20510
91892	4698	4826
91893	4698	11811
91894	1683	6209
91895	1683	8311
91896	4698	5831
91897	676	7107
91898	4699	4886
91899	1683	12383
91900	4697	10750
91901	677	4699
91902	4698	8628
91903	4698	5050
91904	4699	9604
91905	677	2266
91906	4699	13137
91907	4699	8247
91908	4699	5075
91909	4699	10057
91910	4700	8039
91911	4700	4854
91912	1690	4454
91913	677	2881
91914	4699	10976
91915	677	8912
91916	4702	21461
91917	4702	8696
91918	4702	8673
91919	677	2946
91920	1692	5542
91921	4705	4720
91922	4706	6656
91923	4707	6144
91924	4707	5297
91925	677	31461
91926	1692	9858
91927	4707	8731
91928	4707	7549
91929	4707	9045
91930	4707	6354
91931	4707	11175
91932	1692	6199
91933	1692	6177
91934	1692	5107
91935	4707	6296
91936	677	13230
91937	4707	18744
91938	1692	4821
91939	1693	5299
91940	4708	6602
91941	4709	5471
91942	4710	13130
91943	4710	6081
91944	4713	6196
91945	1695	11166
91946	4713	9287
91947	4713	5790
91948	4714	5307
91949	1699	5127
91950	1699	7724
91951	246	983
91952	4715	6110
91953	4717	12172
91954	4717	9644
91955	4721	5549
91956	4720	14716
91957	4720	7620
91958	4723	4726
91959	4723	10737
91960	4723	11262
91961	4723	4907
91962	4723	11258
91963	4713	10412
91964	1703	2139
91965	1703	4742
91966	1703	18996
91967	1703	7955
91968	4726	9013
91969	4726	12849
91970	4726	9626
91971	685	13188
91972	4726	4795
91973	1703	5284
91974	4729	5527
91975	4729	9011
91976	4729	12730
91977	251	5661
91978	1704	7533
91979	251	2170
91980	4732	11307
91981	1704	4856
91982	4730	5424
91983	4730	5547
91984	4730	5635
91985	4731	5108
91986	4732	4985
91987	4732	5297
91988	4732	11178
91989	694	11161
91990	4736	5065
91991	4738	5033
91992	4736	14307
91993	4736	26292
91994	114	14464
91995	4736	5729
91996	1706	2024
91997	695	10130
91998	4737	20220
91999	1706	10126
92000	1706	9320
92001	4738	6906
92002	4738	5722
92003	696	7697
92004	1708	4707
92005	1708	7473
92006	4736	6352
92007	4742	5602
92008	1708	7812
92009	4742	18773
92010	1708	8758
92011	115	5280
92012	115	1357
92013	4747	5122
92014	4745	5661
92015	4745	6581
92016	4747	5900
92017	1712	3426
92018	4747	8104
92019	4747	15888
92020	251	11324
92021	251	3094
92022	4748	8808
92023	699	5284
92024	1712	1924
92025	699	1424
92026	4752	12078
92027	4742	15544
92028	115	5187
92029	4755	10221
92030	4755	4793
92031	4755	5169
92032	699	8015
92033	4755	30564
92034	699	3768
92035	115	6878
92036	4756	8341
92037	4756	6476
92038	4756	18508
92039	115	2836
92040	699	8808
92041	4756	7027
92042	115	1845
92043	4758	7473
92044	4758	5995
92045	4759	11599
92046	115	2803
92047	4761	11301
92048	4761	5952
92049	4761	10744
92050	703	1314
92051	4762	9948
92052	1725	41306
92053	4762	5114
92054	1726	10581
92055	4765	22150
92056	56	7669
92057	4767	38610
92058	1727	8716
92059	4772	5840
92060	4773	5007
92061	4773	4805
92062	4777	36961
92063	4777	8953
92064	1727	13952
92065	4777	20042
92066	4777	5288
92067	56	8432
92068	56	10088
92069	4777	5375
92070	4777	9809
92071	1728	10868
92072	115	14021
92073	4777	30642
92074	4777	16396
92075	4779	7965
92076	1728	14735
92077	4779	8518
92078	1729	8930
92079	1729	3130
92080	4782	16974
92081	4784	7892
92082	1729	5281
92083	705	10724
92084	4784	20644
92085	705	10656
92086	1729	5579
92087	4787	4793
92088	4785	8228
92089	32	59
92090	32	48
92091	705	33666
92092	4787	26999
92093	4787	23803
92094	1730	2058
92095	4789	11813
92096	1730	4805
92097	4789	5831
92098	4789	26570
92099	56	6089
92100	263	2669
92101	710	5676
92102	263	5831
92103	1731	10243
92104	710	7441
92105	4793	5205
92106	4793	16889
92107	4793	11239
92108	4793	9885
92109	710	5289
92110	710	826
92111	1734	2147
92112	710	844
92113	263	7791
92114	4795	16200
92115	710	16266
92116	4795	10460
92117	1740	8499
92118	4797	4853
92119	56	5245
92120	710	7488
92121	115	8240
92122	4799	11811
92123	4799	13193
92124	4799	15950
92125	1742	2197
92126	4801	13262
92127	4802	11354
92128	4802	4986
92129	4802	6248
92130	1744	5574
92131	1744	5053
92132	4802	5069
92133	1744	1825
92134	4802	14634
92135	4802	10435
92136	4803	5618
92137	4803	16849
92138	263	3100
92139	4805	4908
92140	4804	12034
92141	1744	1925
92142	4805	5635
92143	4805	8567
92144	115	18281
92145	4806	7127
92146	4806	9626
92147	4807	4893
92148	710	6352
92149	1751	5421
92150	1751	2833
92151	1751	3152
92152	1751	3011
92153	715	840
92154	4808	13647
92155	4808	20243
92156	4808	12131
92157	4808	20681
92158	1751	10736
92159	115	5212
92160	4809	10941
92161	56	9326
92162	4811	8828
92163	1751	2950
92164	1751	9974
92165	4811	8152
92166	1751	26774
92167	4811	16029
92168	115	5403
92169	4813	13268
92170	1756	1826
92171	115	6500
92172	4813	15721
92173	1756	8434
92174	4813	18414
92175	4815	5835
92176	4814	37527
92177	6	24070
92178	4817	23698
92179	4819	4951
92180	4819	5405
92181	4820	8390
92182	4821	18744
92183	4821	11998
92184	4821	10491
92185	4821	8000
92186	4821	9739
92187	4826	5020
92188	4826	5387
92189	4828	4942
92190	4828	22247
92191	4828	5994
92192	4829	14631
92193	1763	10248
92194	4830	18430
92195	56	6811
92196	1763	8692
92197	4830	25264
92198	4830	8824
92199	4830	5800
92200	1763	14988
92201	4833	18897
92202	4834	6086
92203	4837	7851
92204	4835	11029
92205	4837	10506
92206	4837	11202
92207	4837	10221
92208	265	1925
92209	4837	22579
92210	4837	10527
92211	4837	18052
92212	4837	15310
92213	4839	7811
92214	4839	13567
92215	4839	8510
92216	32	2427
92217	4839	11718
92218	4840	5559
92219	4839	5865
92220	4840	5245
92221	4843	21445
92222	4843	23735
92223	4843	7384
92224	265	3152
92225	4843	5642
92226	4844	5202
92227	4844	4882
92228	4844	11323
92229	4844	10427
92230	4844	15762
92231	4844	13389
92232	4844	13096
92233	1768	10835
92234	6	9813
92235	1768	3128
92236	1768	4984
92237	1768	27135
92238	1768	5988
92239	265	1571
92240	724	5635
92241	724	10201
92242	724	5958
92243	4847	13961
92244	4847	5341
92245	724	5689
92246	4847	9448
92247	4850	8286
92248	4850	5999
92249	4852	8566
92250	4851	7058
92251	4851	14988
92252	4851	13904
92253	1769	9266
92254	4852	8936
92255	1769	11782
92256	4852	6044
92257	725	16832
92258	4802	4852
92259	725	10491
92260	4852	10890
92261	4852	16620
92262	4852	27684
92263	4852	10803
92264	265	4787
92265	4853	21421
92266	4853	19535
92267	4853	8634
92268	4854	4875
92269	4854	10200
92270	725	8228
92271	4855	8412
92272	4855	26363
92273	4856	5939
92274	4854	6334
92275	265	17818
92276	4856	9114
92277	1772	7699
92278	57	4834
92279	4856	16741
92280	4856	27318
92281	1772	3100
92282	1772	7864
92283	1772	10640
92284	1772	4851
92285	1772	18180
92286	4866	4867
92287	4868	5653
92288	1772	10374
92289	4872	4880
92290	729	6631
92291	729	43316
92292	4873	6232
92293	1779	14725
92294	1779	15950
92295	729	10214
92296	4875	10720
92297	267	454
92298	1779	4100
92299	1779	11123
92300	1779	36698
92301	4882	7609
92302	267	13937
92303	4882	15097
92304	4884	5635
92305	4884	10218
92306	4884	10976
92307	267	2961
92308	732	15551
92309	4884	5220
92310	267	16189
92311	4885	17851
92312	4886	12703
92313	4886	10083
92314	0	8469
92315	733	861
92316	4889	10765
92317	4889	10849
92318	1784	4961
92319	1784	2794
92320	1786	10724
92321	4891	9934
92322	4893	9672
92323	733	3157
92324	1793	2241
92325	4893	16230
92326	1794	2015
92327	4894	8854
92328	4894	11586
92329	4894	11288
92330	734	2180
92331	4895	7534
92332	4895	9102
92333	4895	7669
92334	4895	13048
92335	4895	21711
92336	4899	4903
92337	4897	8061
92338	1801	5033
92339	715	1712
92340	1801	5161
92341	4896	11208
92342	737	2933
92343	4900	9100
92344	737	15087
92345	4903	5000
92346	737	4107
92347	4903	10609
92348	4903	5919
92349	272	2436
92350	1801	4854
92351	4904	9172
92352	4907	5212
92353	4907	10373
92354	272	4875
92355	4908	14249
92356	4909	28438
92357	4909	24832
92358	4909	17536
92359	15	15579
92360	4910	12983
92361	4912	10698
92362	1809	10034
92363	4916	9447
92364	1809	19535
92365	1809	15515
92366	4909	6168
92367	4917	6114
92368	4920	9016
92369	4920	8529
92370	4921	13408
92371	4922	15447
92372	4924	4954
92373	4920	4943
92374	4926	11653
92375	4926	8890
92376	4926	18782
92377	4929	26650
92378	4930	5371
92379	4929	9047
92380	4929	5379
92381	4930	8861
92382	4930	5906
92383	4932	55960
92384	1823	17000
92385	4936	8628
92386	744	8382
92387	1824	7832
92388	4936	27885
92389	1824	5532
92390	4936	8252
92391	4936	6442
92392	744	8450
92393	1824	2492
92394	4938	10000
92395	1824	10696
92396	4939	9385
92397	4941	5757
92398	1824	8692
92399	4942	26999
92400	4943	5186
92401	1825	2092
92402	4943	6878
92403	1825	2208
92404	1825	2486
92405	4943	7628
92406	745	17362
92407	1825	7907
92408	4943	5066
92409	745	20272
92410	4944	10656
92411	4944	10572
92412	4948	8683
92413	4948	10193
92414	4948	23735
92415	1825	3485
92416	747	1603
92417	4950	40116
92418	4950	15546
92419	4950	15772
92420	4950	13624
92421	4951	5117
92422	4943	12826
92423	4951	5678
92424	281	3052
92425	4951	14464
92426	4951	11446
92427	4953	27110
92428	6	4209
92429	4956	5827
92430	4956	10734
92431	58	10506
92432	1826	6271
92433	1826	6352
92434	4958	18804
92435	58	394
92436	1826	4723
92437	281	5611
92438	1826	10454
92439	4962	29004
92440	119	13230
92441	1826	10340
92442	281	4255
92443	281	19164
92444	281	11123
92445	1826	17326
92446	4963	15349
92447	4963	24164
92448	1829	4251
92449	4963	23283
92450	4964	11730
92451	4964	6021
92452	4964	32420
92453	4967	8104
92454	4967	5899
92455	4984	7968
92456	1829	37793
92457	1829	2466
92458	1829	21815
92459	1829	26297
92460	4972	5006
92461	58	10440
92462	4972	19046
92463	4972	34633
92464	4972	8220
92465	4972	8476
92466	1835	10436
92467	4984	11083
92468	4984	24951
92469	1835	29949
92470	58	9697
92471	4985	9032
92472	58	11751
92473	4985	19444
92474	4985	32478
92475	4967	5374
92476	4986	5198
92477	0	394
92478	120	5289
92479	282	4984
92480	4986	7812
92481	1837	6081
92482	4986	9977
92483	58	1036
92484	4986	8288
92485	1837	7742
92486	120	13625
92487	4986	24075
92488	765	2772
92489	1837	7649
92490	4990	5192
92491	282	10655
92492	4990	11326
92493	4990	26505
92494	4990	8760
92495	4991	8209
92496	4991	16585
92497	58	13711
92498	4991	22826
92499	4992	5357
92500	4992	6232
92501	1844	1949
92502	1844	20853
92503	4995	5631
92504	769	796
92505	4997	17503
92506	1846	15507
92507	120	14652
92508	4997	25741
92509	4999	5136
92510	283	4675
92511	5000	6042
92512	5000	10900
92513	5000	10134
92514	5000	8800
92515	5000	15505
92516	5000	9411
92517	5001	8457
92518	5001	9311
92519	283	2071
92520	5002	9204
92521	5002	5205
92522	5002	8209
92523	5002	13072
92524	5002	9482
92525	32	5458
92526	769	16821
92527	283	7488
92528	283	20302
92529	5004	6704
92530	1851	9482
92531	1851	10205
92532	1851	9577
92533	5004	35241
92534	1855	5280
92535	772	5489
92536	5006	8381
92537	1855	11175
92538	1855	11103
92539	58	14615
92540	5008	11268
92541	5008	5611
92542	5008	25087
92543	1855	13832
92544	5008	15939
92545	58	10151
92546	5009	5132
92547	5009	24421
92548	5009	19922
92549	5011	8225
92550	5011	9522
92551	5011	11109
92552	5014	5269
92553	120	2727
92554	1861	2223
92555	1861	5867
92556	1861	2184
92557	774	2211
92558	1861	4038
92559	5000	7712
92560	1867	8527
92561	776	10159
92562	776	11722
92563	5018	25796
92564	5022	20064
92565	1870	5602
92566	5025	10105
92567	5025	13438
92568	5025	5448
92569	1855	2816
92570	5025	8868
92571	58	1224
92572	5027	5030
92573	778	2520
92574	778	7061
92575	284	4747
92576	5030	10322
92577	5030	5914
92578	5030	8799
92579	5030	8246
92580	5031	8301
92581	1870	27986
92582	122	403
92583	5032	6051
92584	1874	2159
92585	32	20507
92586	1874	2170
92587	284	1594
92588	32	7649
92589	6	32877
92590	122	2268
92591	5034	8803
92592	5034	5343
92593	1874	5899
92594	779	3386
92595	5035	5343
92596	5036	5934
92597	779	17791
92598	5036	17323
92599	32	4793
92600	5036	5375
92601	5036	10824
92602	1874	2926
92603	5041	5195
92604	5041	5437
92605	779	24951
92606	5041	27776
92607	284	2932
92608	122	11693
92609	122	2789
92610	5048	5187
92611	5048	16404
92612	5048	6189
92613	284	11896
92614	284	17340
92615	1884	4954
92616	5049	15689
92617	1884	2842
92618	5050	9196
92619	5050	8258
92620	1884	13319
92621	783	7430
92622	1884	15003
92623	1884	3067
92624	1890	4951
92625	5052	5759
92626	5052	7728
92627	1890	5600
92628	5052	17932
92629	1890	9627
92630	5052	16478
92631	1890	13182
92632	284	14981
92633	1890	36961
92634	5052	13197
92635	1890	7265
92636	1890	7514
92637	15	8508
92638	5057	5072
92639	5057	5179
92640	5057	8991
92641	5057	6199
92642	1892	10407
92643	1894	5539
92644	1894	7923
92645	284	12093
92646	5060	15536
92647	5062	6018
92648	5062	5200
92649	5062	30753
92650	1900	6295
92651	793	2470
92652	793	9182
92653	5064	6348
92654	1901	8781
92655	58	20068
92656	290	2385
92657	1901	7501
92658	5065	14999
92659	58	25278
92660	793	7173
92661	5065	17835
92662	290	13193
92663	793	6040
92664	5065	5575
92665	5065	10700
92666	1901	11164
92667	793	13193
92668	5066	10596
92669	5067	7053
92670	5068	6215
92671	1903	10805
92672	1901	5337
92673	794	10582
92674	5068	9465
92675	58	2662
92676	5070	7720
92677	5072	7596
92678	5072	19288
92679	5075	9858
92680	5075	21928
92681	290	2181
92682	5076	9522
92683	794	11485
92684	794	4708
92685	1906	19627
92686	1906	10069
92687	5077	17369
92688	125	11413
92689	5080	5119
92690	5080	6261
92691	5080	8787
92692	125	3827
92693	5080	9179
92694	5080	5839
92695	5080	11341
92696	290	5065
92697	125	5186
92698	5088	7934
92699	5088	10375
92700	794	9626
92701	5088	8267
92702	5088	7612
92703	5090	8269
92704	796	2424
92705	1913	2000
92706	5090	16816
92707	5090	6155
92708	5095	5396
92709	5090	27093
92710	58	20835
92711	1913	10596
92712	5090	23035
92713	5092	5900
92714	125	2610
92715	796	3850
92716	5095	7109
92717	5095	8242
92718	5095	8288
92719	5095	10548
92720	5095	8445
92721	5095	7856
92722	5095	5457
92723	290	17017
92724	796	6017
92725	5100	12742
92726	796	8381
92727	796	7838
92728	1924	10449
92729	5101	9739
92730	5101	7664
92731	5102	5909
92732	5102	11274
92733	1924	4700
92734	1924	4787
92735	1924	26293
92736	58	11361
92737	5102	9012
92738	1924	30795
92739	5102	12403
92740	5102	9774
92741	5102	8762
92742	1925	2567
92743	5103	8930
92744	5103	6017
92745	290	9785
92746	1925	11984
92747	5104	5185
92748	796	26487
92749	5104	10448
92750	5107	6184
92751	5105	14927
92752	5122	7609
92753	5107	10548
92754	5107	9082
92755	5107	11974
92756	5107	12327
92757	5108	7216
92758	1925	5950
92759	15	10201
92760	5108	10773
92761	5109	5187
92762	125	2371
92763	5112	11438
92764	1926	19014
92765	5113	44732
92766	1927	2481
92767	798	16879
92768	5114	11233
92769	5114	7595
92770	5114	17679
92771	1927	13956
92772	5116	26959
92773	799	2194
92774	799	7802
92775	5117	9168
92776	1933	4665
92777	1933	5532
92778	5117	12775
92779	125	11312
92780	1933	6241
92781	1933	3806
92782	1933	12384
92783	5119	7669
92784	1933	4972
92785	799	2058
92786	1933	2757
92787	799	6379
92788	5121	9509
92789	5121	5227
92790	5121	24769
92791	303	10582
92792	1941	17077
92793	5126	28540
92794	5121	13325
92795	5131	5579
92796	5131	11648
92797	5131	11652
92798	5131	7681
92799	309	10327
92800	802	3043
92801	802	5568
92802	5131	5297
92803	311	5249
92804	802	9735
92805	5133	8527
92806	5133	11164
92807	1946	28388
92808	5134	5448
92809	313	3806
92810	5136	10372
92811	5136	10231
92812	5137	5399
92813	1949	3124
92814	1949	9567
92815	5137	7617
92816	804	16997
92817	5139	7978
92818	1957	5994
92819	5144	13109
92820	5144	10096
92821	5150	5179
92822	5150	8467
92823	5150	9090
92824	318	2062
92825	59	7109
92826	1958	9698
92827	5151	5399
92828	5151	5339
92829	1960	5063
92830	5151	10515
92831	5150	6206
92832	1960	5445
92833	1962	7968
92834	804	5511
92835	5151	5284
92836	1960	12828
92837	125	9102
92838	59	8657
92839	5152	5192
92840	809	2181
92841	5155	5272
92842	1962	7804
92843	1962	2189
92844	1962	4920
92845	59	11586
92846	5160	10412
92847	5161	5838
92848	809	5946
92849	5161	5448
92850	5161	8233
92851	5161	9348
92852	5162	7734
92853	5163	6244
92854	128	1098
92855	5164	10772
92856	5165	13079
92857	1970	6354
92858	5168	16285
92859	1970	7789
92860	318	57947
92861	5169	5841
92862	5169	16448
92863	5169	7789
92864	5169	10268
92865	5170	11140
92866	5170	5995
92867	5170	8564
92868	128	6602
92869	320	2503
92870	5170	34880
92871	1972	25473
92872	1972	8968
92873	5174	21759
92874	5174	20741
92875	5176	18562
92876	5179	5219
92877	5179	5538
92878	5183	9979
92879	5184	14878
92880	5185	15689
92881	5186	14307
92882	5186	11262
92883	1979	8639
92884	5186	8654
92885	1979	15334
92886	5186	14055
92887	1979	9222
92888	1979	4683
92889	1979	9998
92890	5186	9215
92891	1979	20706
92892	128	5310
92893	812	22866
92894	1979	5689
92895	5187	7684
92896	1979	3242
92897	5187	11258
92898	814	4961
92899	814	1779
92900	5189	6139
92901	5189	5336
92902	5189	11283
92903	5189	7791
92904	814	8711
92905	5189	31305
92906	5190	5212
92907	5191	12794
92908	128	16789
92909	1982	7716
92910	814	9904
92911	1985	2460
92912	5195	15580
92913	5195	8370
92914	5195	10537
92915	5195	9013
92916	815	1756
92917	815	2139
92918	5196	10897
92919	5196	5200
92920	5196	8339
92921	5196	10146
92922	1986	15221
92923	5198	5743
92924	5198	6139
92925	5198	12421
92926	5198	8339
92927	5198	9982
92928	5198	9521
92929	1996	2775
92930	1996	5108
92931	1996	2092
92932	1996	25832
92933	5199	8293
92934	1996	8748
92935	5199	10696
92936	5199	13647
92937	1997	4669
92938	1997	4038
92939	59	21661
92940	5199	7883
92941	1999	2514
92942	5200	8242
92943	5200	8994
92944	818	1022
92945	5200	8003
92946	5200	12012
92947	34	2730
92948	5200	12924
92949	5201	12188
92950	324	2380
92951	128	9037
92952	1999	2860
92953	5202	13954
92954	5205	5715
92955	128	4742
92956	2000	6848
92957	34	6261
92958	2000	2431
92959	5206	5345
92960	2000	13008
92961	5207	7519
92962	34	527
92963	5207	19648
92964	5207	14747
92965	5208	11322
92966	5208	19080
92967	5209	10861
92968	5209	9152
92969	5212	5325
92970	0	2470
92971	5212	7701
92972	5212	32470
92973	5212	25751
92974	5212	12182
92975	5212	9930
92976	5245	8890
92977	2004	7690
92978	2004	11128
92979	5218	9326
92980	5218	32314
92981	5218	37307
92982	5218	27352
92983	34	4678
92984	5219	8133
92985	5219	14551
92986	2013	5870
92987	2013	12535
92988	5220	12989
92989	5220	6188
92990	5220	10857
92991	5226	7778
92992	5226	6071
92993	822	9889
92994	5226	10139
92995	34	5922
92996	5226	10480
92997	5227	5988
92998	5227	12274
92999	5227	9009
93000	2015	8058
93001	5231	9787
93002	331	2933
93003	2015	11770
93004	5237	17163
93005	5237	10485
93006	5237	17285
93007	5241	16595
93008	2021	2031
93009	5243	8311
93010	5245	8248
93011	34	7828
93012	2021	9672
93013	5231	7462
93014	5245	5374
93015	5245	15035
93016	5245	11335
93017	5245	11653
93018	2021	30698
93019	8	201
93020	5245	12255
93021	5249	10863
93022	5249	26416
93023	2021	13784
93024	5255	7839
93025	5255	5402
93026	826	2882
93027	5257	9998
93028	5257	5559
93029	826	1336
93030	5261	7612
93031	826	2250
93032	5261	9832
93033	2031	7701
93034	5268	10096
93035	5265	15505
93036	5268	5910
93037	34	2497
93038	5268	9668
93039	5268	23413
93040	2031	10582
93041	5268	30751
93042	2031	14986
93043	5269	5277
93044	826	4557
93045	34	8341
93046	131	720
93047	5270	19778
93048	5271	9141
93049	5272	15069
93050	5272	9971
93051	5272	20607
93052	5272	5839
93053	5273	15189
93054	5276	5946
93055	5276	9157
93056	5277	6096
93057	5277	5856
93058	59	38414
93059	828	3043
93060	5279	10609
93061	2043	13582
93062	5280	8596
93063	2043	9731
93064	2043	2938
93065	5281	10951
93066	5281	9852
93067	5282	8849
93068	5282	9112
93069	5284	23936
93070	2045	10527
93071	5284	23713
93072	5284	5588
93073	2116	5900
93074	5284	21478
93075	5284	19045
93076	5287	5760
93077	5287	10182
93078	5288	5325
93079	5288	10609
93080	5288	8678
93081	5288	9974
93082	5288	14598
93083	5288	16777
93084	5289	14677
93085	5289	5398
93086	5289	9786
93087	5289	11383
93088	5291	9013
93089	833	1941
93090	5289	10306
93091	2062	26780
93092	833	12565
93093	5292	11760
93094	5292	11996
93095	2062	3125
93096	2056	6018
93097	2062	12753
93098	2062	4588
93099	337	2730
93100	2062	9287
93101	5296	11149
93102	5297	10724
93103	835	10596
93104	34	4747
93105	5297	8760
93106	2065	25090
93107	34	5150
93108	59	16239
93109	835	2517
93110	5301	13244
93111	835	9668
93112	337	11811
93113	2068	12093
93114	5301	8288
93115	835	12742
93116	2070	2172
93117	2071	18773
93118	5307	8672
93119	835	13804
93120	131	13574
93121	2071	10275
93122	2073	3050
93123	835	21749
93124	2073	2400
93125	5315	11595
93126	34	397
93127	2073	9990
93128	5323	7015
93129	835	7265
93130	5323	8015
93131	5323	11782
93132	5325	5527
93133	5325	11166
93134	5325	5857
93135	5325	11770
93136	5325	12134
93137	5327	9030
93138	837	913
93139	2076	12895
93140	5332	5631
93141	5332	10596
93142	5336	35733
93143	337	8233
93144	5337	7791
93145	5337	10999
93146	5337	5593
93147	837	6700
93148	2079	4144
93149	2079	2499
93150	5340	16444
93151	2079	21492
93152	5340	20430
93153	132	9644
93154	2079	16832
93155	5341	22426
93156	5344	9000
93157	5349	9503
93158	337	2849
93159	2081	7932
93160	5349	10185
93161	5349	19687
93162	2081	5867
93163	2081	7971
93164	5351	18762
93165	5351	10218
93166	5357	8233
93167	5357	15867
93168	5365	5378
93169	5357	8657
93170	5357	11816
93171	5357	6623
93172	5357	9785
93173	5357	32510
93174	5357	19893
93175	2087	20830
93176	5359	14615
93177	5360	5403
93178	5360	9673
93179	5361	8688
93180	5365	19265
93181	5365	11930
93182	5365	8491
93183	5367	7604
93184	2090	5559
93185	2090	4734
93186	5357	7649
93187	5357	8015
93188	5371	13137
93189	5375	8035
93190	5371	11935
93191	5371	22241
93192	2092	6115
93193	5374	9391
93194	2092	4282
93195	2092	14053
93196	2092	5526
93197	5375	5568
93198	5375	23393
93199	2092	6281
93200	2092	4899
93201	2092	20929
93202	5378	22058
93203	5378	36850
93204	5380	28509
93205	5382	8199
93206	5383	7720
93207	5384	8048
93208	5384	5422
93209	2092	3065
93210	5384	8104
93211	5384	19490
93212	5384	8472
93213	5384	5646
93214	2095	2577
93215	5389	6241
93216	5389	16849
93217	5390	8702
93218	5397	8027
93219	5390	11439
93220	5390	19395
93221	5390	8235
93222	2096	2481
93223	5390	15934
93224	2096	2517
93225	2096	7863
93226	8	5569
93227	2096	12012
93228	5390	18430
93229	2096	18467
93230	5392	7669
93231	5393	27665
93232	5390	5715
93233	5398	5743
93234	5398	9302
93235	5398	8930
93236	340	6476
93237	5398	6018
93238	5398	6168
93239	5398	13371
93240	5398	8247
93241	2116	2297
93242	2116	5031
93243	2116	5657
93244	5399	11874
93245	5399	7662
93246	5399	6650
93247	2119	2481
93248	5401	8990
93249	5401	14048
93250	5401	18273
93251	5403	8579
93252	2119	7872
93253	5405	8387
93254	5405	9009
93255	5405	5564
93256	2121	13677
93257	5405	11934
93258	5410	5894
93259	5410	27278
93260	5411	20113
93261	5411	16700
93262	5411	10150
93263	5411	9182
93264	5421	5559
93265	5410	8254
93266	5419	21994
93267	5421	13926
93268	34	3155
93269	340	4843
93270	5421	21864
93271	855	7791
93272	5422	5692
93273	34	15163
93274	5425	9293
93275	2136	13197
93276	855	40161
93277	5427	9886
93278	5427	7122
93279	5428	10750
93280	5430	6602
93281	5430	13277
93282	858	1062
93283	5431	14981
93284	15	12413
93285	5431	7453
93286	5433	6944
93287	5434	8926
93288	5434	8673
93289	5434	12828
93290	5434	8253
93291	5436	8104
93292	5436	10037
93293	5436	7859
93294	5436	5703
93295	5436	15388
93296	5437	6581
93297	2140	4755
93298	5443	11335
93299	5443	8361
93300	5444	13362
93301	858	26276
93302	5448	8629
93303	5448	8953
93304	34	6120
93305	5448	35034
93306	5453	19080
93307	5455	10628
93308	5455	6613
93309	5457	10440
93310	5457	6022
93311	5457	11307
93312	343	7791
93313	5458	17190
93314	5458	15102
93315	343	2610
93316	5471	13233
93317	2147	16770
93318	2147	14843
93319	2147	5219
93320	2148	5033
93321	5472	5540
93322	861	9037
93323	2148	7748
93324	5479	33880
93325	344	1837
93326	5479	11353
93327	34	5819
93328	34	4679
93329	5482	18996
93330	5482	14704
93331	5483	5486
93332	5486	11974
93333	5486	8374
93334	135	22136
93335	5490	6120
93336	5490	10200
93337	5490	6262
93338	5490	5922
93339	5490	6476
93340	2148	5727
93341	5490	7974
93342	866	13611
93343	2159	7761
93344	2159	29235
93345	5494	12031
93346	5492	8264
93347	5504	15544
93348	5504	21493
93349	5494	9190
93350	347	15535
93351	5508	7468
93352	5508	10214
93353	5511	7872
93354	349	2882
93355	5511	8261
93356	5511	6979
93357	2170	2498
93358	349	2942
93359	5511	12166
93360	2170	15310
93361	349	26688
93362	2170	13673
93363	5511	23430
93364	5514	5986
93365	5514	5546
93366	5514	10480
93367	349	9974
93368	5514	18609
93369	5514	11239
93370	5516	6132
93371	871	5967
93372	5516	6352
93373	871	2322
93374	5516	10509
93375	349	2788
93376	2176	14566
93377	349	15239
93378	349	3469
93379	34	20507
93380	2181	3057
93381	5521	12891
93382	871	1425
93383	5522	10886
93384	349	4926
93385	2181	7852
93386	137	2611
93387	5526	5538
93388	871	1256
93389	2184	30531
93390	2184	2519
93391	349	12826
93392	871	11028
93393	5527	13137
93394	5527	11268
93395	349	15038
93396	0	4543
93397	871	25176
93398	5532	18491
93399	5532	13182
93400	137	799
93401	137	1086
93402	871	9422
93403	2189	5837
93404	2189	5779
93405	5533	16731
93406	5533	20264
93407	5538	11269
93408	5538	16959
93409	5541	12118
93410	5541	9115
93411	2190	45744
93412	5542	10248
93413	5542	42679
93414	5542	8539
93415	5546	17118
93416	5546	13684
93417	5546	14327
93418	5546	10438
93419	5546	9664
93420	5533	6120
93421	5546	11804
93422	5547	9813
93423	5549	6839
93424	5549	7338
93425	5549	8321
93426	5549	17539
93427	5558	7462
93428	2197	2241
93429	5542	15526
93430	5559	6222
93431	2199	14278
93432	2199	2892
93433	5562	6286
93434	2199	8299
93435	5565	36652
93436	5565	6352
93437	5565	8881
93438	2203	19909
93439	34	22831
93440	356	10333
93441	5567	15902
93442	5567	25751
93443	5568	7984
93444	5569	15746
93445	5569	16569
93446	5573	9102
93447	356	3051
93448	356	9360
93449	5569	26651
93450	878	2374
93451	5573	9982
93452	5573	18382
93453	5573	5729
93454	5573	22134
93455	2207	8434
93456	5574	6476
93457	5574	9287
93458	5575	5640
93459	5575	7384
93460	2208	2478
93461	5575	9798
93462	356	15519
93463	5575	8692
93464	356	11803
93465	5577	5630
93466	2208	9218
93467	2208	9229
93468	5579	13910
93469	5579	9385
93470	5579	27110
93471	5579	21538
93472	5583	5635
93473	5583	5878
93474	2210	7895
93475	5585	5770
93476	5586	17190
93477	5587	5597
93478	5588	16827
93479	5588	5664
93480	5588	11066
93481	5588	30751
93482	883	5103
93483	5588	26766
93484	883	5743
93485	883	5367
93486	2213	11948
93487	5593	5653
93488	5593	8730
93489	5593	8543
93490	5593	5715
93491	5593	7883
93492	5593	8605
93493	5593	11371
93494	2216	8293
93495	2216	12304
93496	17	151
93497	2216	3000
93498	2216	18996
93499	5594	52187
93500	5595	6602
93501	5599	8849
93502	137	21478
93503	5600	15002
93504	361	8048
93505	5601	5637
93506	5601	11030
93507	5601	14683
93508	5601	14587
93509	5601	8731
93510	5602	15029
93511	5602	18723
93512	5603	26853
93513	884	2397
93514	5607	11824
93515	5607	15059
93516	5611	7884
93517	5627	12828
93518	5611	27924
93519	886	6706
93520	5612	14388
93521	5613	21890
93522	2224	22344
93523	5614	25687
93524	2224	20706
93525	5619	28843
93526	5619	6500
93527	886	15511
93528	5619	13822
93529	5623	5900
93530	5622	12728
93531	886	27847
93532	5627	12002
93533	2229	10589
93534	5627	8286
93535	2229	7487
93536	5627	7838
93537	2230	3561
93538	5631	23357
93539	2231	49116
93540	5635	7909
93541	5631	7027
93542	5635	10083
93543	361	5844
93544	5635	7027
93545	5635	12339
93546	2240	55860
93547	2240	18762
93548	5646	7847
93549	5646	35131
93550	890	8020
93551	5654	7731
93552	890	3149
93553	5619	16378
93554	5656	13804
93555	5657	17800
93556	5659	19278
93557	5662	18322
93558	5662	14168
93559	5662	12534
93560	5662	15140
93561	5664	8861
93562	2247	8133
93563	17	2481
93564	5667	6139
93565	5667	19696
93566	5668	5676
93567	5671	22564
93568	5672	16547
93569	5677	8432
93570	5678	8683
93571	364	1273
93572	2252	34425
93573	2254	6260
93574	5678	21890
93575	364	5532
93576	2258	10640
93577	5684	13780
93578	5689	20507
93579	5689	8996
93580	5689	12310
93581	5690	8930
93582	5691	6354
93583	5691	6636
93584	5691	10494
93585	140	8039
93586	5691	9889
93587	5691	10340
93588	5691	14986
93589	140	7096
93590	2266	15239
93591	2266	8722
93592	364	10803
93593	5701	30827
93594	5703	5728
93595	2270	7859
93596	5703	5869
93597	5703	17413
93598	5703	8164
93599	903	4183
93600	5703	10696
93601	5703	13954
93602	5703	9099
93603	903	14810
93604	5703	38414
93605	904	3940
93606	2270	6331
93607	5704	6213
93608	5715	9846
93609	5715	10205
93610	2271	16782
93611	5715	8861
93612	3	2492
93613	2275	17459
93614	2277	5037
93615	5715	10013
93616	368	8683
93617	5718	6354
93618	65	8842
93619	5718	17938
93620	2281	15553
93621	5719	9637
93622	5719	20740
93623	5720	24152
93624	5720	6199
93625	368	3198
93626	5720	6334
93627	5722	8027
93628	5722	7462
93629	368	3344
93630	5723	24094
93631	2286	5036
93632	2286	8544
93633	2286	9298
93634	2286	5850
93635	5728	6704
93636	5728	9412
93637	2286	14774
93638	5729	7812
93639	2286	17653
93640	5729	11587
93641	5729	10093
93642	2286	29811
93643	66	80
93644	5733	20740
93645	913	2477
93646	368	3149
93647	5736	12191
93648	5739	8539
93649	140	5291
93650	5739	17259
93651	5739	7474
93652	5740	27093
93653	5740	12833
93654	5740	14981
93655	5740	7791
93656	5740	9320
93657	5740	30751
93658	5740	10131
93659	368	10378
93660	5747	5753
93661	2292	9809
93662	5748	6024
93663	5752	7473
93664	5752	21701
93665	5752	26487
93666	5752	9179
93667	2292	6039
93668	5753	10466
93669	5753	20893
93670	2292	12849
93671	5755	9157
93672	5755	11752
93673	5757	28597
93674	5759	6189
93675	918	4787
93676	918	18835
93677	8	5052
93678	5759	17929
93679	5759	9410
93680	2297	3450
93681	918	8338
93682	918	2810
93683	2297	3566
93684	918	2507
93685	371	1292
93686	5765	8248
93687	5770	12644
93688	2298	5421
93689	5770	8434
93690	5770	6951
93691	5770	7664
93692	5770	22880
93693	66	1364
93694	5773	11061
93695	5777	17367
93696	5779	9522
93697	141	7528
93698	5781	9899
93699	2299	5801
93700	5783	11347
93701	141	1165
93702	2301	21012
93703	5790	8766
93704	5792	9757
93705	2307	12079
93706	2307	2803
93707	5792	17538
93708	5795	16740
93709	5795	10772
93710	5798	13767
93711	5799	6610
93712	5800	17578
93713	5800	20064
93714	2315	2576
93715	5801	8348
93716	5805	17674
93717	374	12018
93718	5805	10803
93719	5806	7684
93720	5806	8325
93721	5806	20851
93722	5808	6056
93723	5810	9697
93724	5813	34785
93725	5816	20681
93726	374	778
93727	5816	8628
93728	66	398
93729	5816	18098
93730	5819	6009
93731	2320	2844
93732	5819	7673
93733	5819	6738
93734	5826	5834
93735	5826	10584
93736	5826	11042
93737	5826	17929
93738	374	5740
93739	2322	10582
93740	5827	16568
93741	5827	6372
93742	5827	7802
93743	2322	8755
93744	5819	8969
93745	374	6513
93746	2324	15063
93747	2325	4244
93748	5835	10088
93749	5835	15695
93750	5835	27729
93751	5836	14726
93752	5837	12618
93753	5837	13284
93754	5837	7106
93755	5839	8333
93756	932	5008
93757	5840	20718
93758	5840	18048
93759	5840	11175
93760	5841	8314
93761	5842	8058
93762	5850	12592
93763	5850	8313
93764	5851	14842
93765	2334	3155
93766	5853	26999
93767	2340	9785
93768	5856	18102
93769	5853	23379
93770	5857	7856
93771	143	5030
93772	5859	21711
93773	5859	13143
93774	5863	24057
93775	5863	8806
93776	5863	10526
93777	143	5155
93778	5864	12904
93779	5867	6337
93780	5857	7712
93781	5870	18890
93782	5870	6248
93783	5870	9049
93784	937	11402
93785	5871	16926
93786	5871	6102
93787	5871	10204
93788	5876	8766
93789	5876	7892
93790	5878	9271
93791	5899	7617
93792	2350	5511
93793	5890	10536
93794	2350	8022
93795	2350	8527
93796	143	4345
93797	2350	8104
93798	5894	7837
93799	5899	10342
93800	35	189
93801	5899	15402
93802	5899	20851
93803	5900	8930
93804	5900	9930
93805	5900	10436
93806	376	9294
93807	5900	9013
93808	376	9541
93809	376	10449
93810	5902	34950
93811	5902	8936
93812	5902	14843
93813	376	5930
93814	376	5121
93815	5906	5946
93816	5906	8248
93817	376	32478
93818	377	5057
93819	2352	5836
93820	143	10403
93821	5910	16814
93822	143	2515
93823	5910	9293
93824	5914	9099
93825	943	14961
93826	5914	8973
93827	5914	29687
93828	5919	9274
93829	143	1302
93830	5919	17952
93831	377	5389
93832	5920	13132
93833	5922	6241
93834	377	9391
93835	377	4398
93836	377	599
93837	377	7936
93838	5922	20220
93839	377	8318
93840	5922	18189
93841	2366	4963
93842	377	737
93843	946	2520
93844	2366	5002
93845	377	22584
93846	5928	23735
93847	2366	14986
93848	377	8261
93849	2366	3194
93850	2374	5437
93851	377	6602
93852	5930	7750
93853	947	4884
93854	377	1108
93855	377	3201
93856	5931	6225
93857	5931	22618
93858	2366	4907
93859	5936	6602
93860	5938	11575
93861	377	6168
93862	5939	17623
93863	2366	32305
93864	377	3640
93865	947	3542
93866	5943	11263
93867	377	23694
93868	5946	32480
93869	5946	16040
93870	5950	23227
93871	377	4397
93872	5952	6209
93873	5952	20685
93874	5952	18923
93875	5953	7461
93876	5955	8469
93877	5958	7701
93878	2371	10088
93879	2366	6280
93880	5963	12690
93881	951	16928
93882	377	12464
93883	5973	8233
93884	2371	8623
93885	2371	5611
93886	377	30826
93887	2374	6328
93888	5986	6109
93889	5986	17370
93890	5986	11224
93891	5992	20067
93892	2379	5559
93893	2379	2486
93894	5994	7669
93895	2379	17996
93896	2379	22024
93897	377	1997
93898	2379	25753
93899	377	8286
93900	2379	9013
93901	6000	23550
93902	6003	11264
93903	2379	2865
93904	6003	9747
93905	2380	7617
93906	6009	25337
93907	6017	13579
93908	2380	25723
93909	143	26959
93910	2380	6357
93911	954	21015
93912	6018	6457
93913	6018	6070
93914	6018	26745
93915	6018	25933
93916	6019	16186
93917	6019	8786
93918	6021	10358
93919	6021	8539
93920	6021	10146
93921	6021	15888
93922	2384	9696
93923	2385	2921
93924	6021	7482
93925	6026	23263
93926	6026	15772
93927	6029	16572
93928	2387	10096
93929	6033	9448
93930	143	3094
93931	6023	8673
93932	381	23586
93933	6039	7728
93934	6040	7701
93935	6039	13071
93936	6040	10221
93937	6040	12735
93938	6040	8445
93939	381	5579
93940	6041	11319
93941	381	2139
93942	66	12671
93943	6042	11307
93944	6044	10438
93945	381	12890
93946	6047	8988
93947	2398	11258
93948	2398	10726
93949	2398	20351
93950	6051	8930
93951	2398	8953
93952	6054	6077
93953	963	3254
93954	963	5627
93955	6054	8253
93956	2398	4938
93957	6057	7651
93958	6056	10034
93959	2398	15844
93960	963	1256
93961	6057	17851
93962	6063	8900
93963	6065	7520
93964	6070	7617
93965	6067	6248
93966	6070	9747
93967	6070	9778
93968	6070	9260
93969	6089	6232
93970	963	3996
93971	2400	31980
93972	6071	33660
93973	2401	5117
93974	6077	15454
93975	381	16504
93976	963	13925
93977	6081	9009
93978	144	18835
93979	6089	12592
93980	6089	26999
93981	6089	17952
93982	2401	22880
93983	2404	5076
93984	6090	6095
93985	381	4951
93986	6092	10348
93987	6093	22336
93988	6093	15289
93989	6093	18908
93990	2410	6208
93991	2410	7669
93992	6096	10491
93993	2410	15362
93994	2410	4687
93995	6102	9785
93996	6102	8336
93997	381	4895
93998	6097	7469
93999	381	7468
94000	6102	48020
94001	6102	9141
94002	6102	7892
94003	6103	12644
94004	2418	3587
94005	6108	10490
94006	6111	6129
94007	2421	4451
94008	6113	18751
94009	2423	6143
94010	6116	7743
94011	6115	8128
94012	2425	4988
94013	68	3666
94014	2425	2611
94015	6116	12050
94016	971	11770
94017	381	10773
94018	6117	7964
94019	2425	6120
94020	6117	10200
94021	6118	6127
94022	6119	20254
94023	6120	13555
94024	2431	8489
94025	2431	6379
94026	68	11723
94027	6125	11163
94028	2431	11239
94029	68	7340
94030	6127	15732
94031	6127	11246
94032	68	3066
94033	6128	10906
94034	2431	2803
94035	6132	7810
94036	145	13500
94037	2431	15507
94038	68	22544
94039	2433	4050
94040	6135	17958
94041	6139	9813
94042	6135	11896
94043	6139	12936
94044	6139	10340
94045	6139	14910
94046	2433	25335
94047	6144	10323
94048	6144	17000
94049	981	21084
94050	68	9421
94051	6144	39373
94052	6145	10117
94053	3	17682
94054	2433	12831
94055	6146	8794
94056	6150	13145
94057	6155	6209
94058	2437	10724
94059	6168	15673
94060	983	5759
94061	6168	7717
94062	6174	10094
94063	68	3081
94064	68	6602
94065	983	11702
94066	2441	11745
94067	6194	15762
94068	6184	10131
94069	6185	8321
94070	2443	2593
94071	6189	6333
94072	2443	9184
94073	6190	20042
94074	2449	6117
94075	6194	9858
94076	6194	8476
94077	6189	10657
94078	6194	21994
94079	988	1291
94080	6199	10428
94081	6158	19282
94082	394	5050
94083	394	398
94084	394	970
94085	2450	5430
94086	6201	10046
94087	2450	16739
94088	394	1617
94089	2451	8434
94090	394	2307
94091	394	4665
94092	6209	9778
94093	394	15896
94094	394	16378
94095	6209	14307
94096	394	2470
94097	394	5628
94098	6209	9311
94099	394	6040
94100	990	1012
94101	6213	37478
94102	6214	7910
94103	6215	8752
94104	6218	8988
94105	2455	5340
94106	6219	8220
94107	6222	12181
94108	6225	8799
94109	6222	9644
94110	6225	13020
94111	6232	8199
94112	6232	9574
94113	6232	14891
94114	990	6248
94115	6232	10437
94116	6236	31905
94117	991	2863
94118	394	5370
94119	6241	10839
94120	70	106
94121	394	2507
94122	2466	6878
94123	2466	5678
94124	2466	11996
94125	2466	10506
94126	6244	8311
94127	394	10113
94128	6248	9727
94129	6248	9047
94130	6248	21890
94131	6248	15514
94132	149	5574
94133	994	8242
94134	2470	2535
94135	6250	10890
94136	6250	8341
94137	2470	7994
94138	2470	7673
94139	2470	7791
94140	6254	9411
94141	2470	5119
94142	2470	9930
94143	6261	8508
94144	6262	8850
94145	2470	22880
94146	149	1331
94147	6280	14988
94148	2470	28685
94149	2470	40116
94150	394	14946
94151	6280	14579
94152	2470	31217
94153	6280	7889
94154	6281	7265
94155	6281	16836
94156	2470	49947
94157	6286	13551
94158	6286	9625
94159	6286	10515
94160	2474	2816
94161	2474	2531
94162	149	10096
94163	6294	29781
94164	2474	16190
94165	6296	25029
94166	6296	18276
94167	2474	5669
94168	149	2938
94169	2470	5030
94170	149	9739
94171	6301	7469
94172	6301	9948
94173	1001	5042
94174	2474	10311
94175	394	10158
94176	2475	4747
94177	1001	13584
94178	6316	10093
94179	6316	14048
94180	6316	9460
94181	1001	1456
94182	1001	7034
94183	6327	16396
94184	2475	16302
94185	6327	18432
94186	6328	10640
94187	6329	20853
94188	6329	26292
94189	1001	3022
94190	1001	22131
94191	6337	6372
94192	6337	6733
94193	6337	8314
94194	2476	31227
94195	2478	2495
94196	2478	2511
94197	6339	6513
94198	6339	13584
94199	6339	13751
94200	6339	22544
94201	149	30044
94202	2478	29461
94203	2481	4904
94204	2481	6117
94205	6352	7673
94206	6352	15314
94207	2481	5048
94208	1012	5163
94209	2481	6811
94210	6352	7710
94211	2481	11130
94212	6352	20394
94213	2481	5041
94214	2481	12878
94215	2481	8398
94216	6354	7441
94217	2481	8692
94218	2481	4708
94219	6354	8657
94220	6354	12671
94221	6354	16779
94222	2481	8861
94223	2481	2941
94224	2481	4850
94225	2481	11917
94226	1012	1481
94227	6357	8097
94228	2481	18340
94229	1012	8352
94230	2481	15642
94231	2481	24951
94232	6379	7809
94233	6379	10337
94234	6379	8434
94235	6384	10704
94236	6391	19049
94237	2482	5057
94238	2482	5143
94239	6395	7706
94240	2482	16273
94241	2482	6089
94242	1016	1612
94243	6395	12432
94244	2482	32459
94245	2485	16731
94246	6399	23354
94247	1016	8035
94248	2482	3386
94249	2485	8579
94250	2485	9068
94251	2485	7712
94252	2485	7811
94253	151	510
94254	6421	43600
94255	151	1825
94256	6427	14265
94257	6442	11668
94258	2539	40116
94259	2486	2519
94260	2486	20681
94261	6489	10412
94262	2487	5103
94263	6489	18460
94264	6489	9207
94265	2488	7455
94266	1020	8341
94267	2488	15529
94268	6489	9015
94269	397	5986
94270	2489	4887
94271	2489	5835
94272	6500	21680
94273	6500	9195
94274	6500	8808
94275	2489	8968
94276	6513	10373
94277	6513	10470
94278	6513	8288
94279	6519	11340
94280	2489	11165
94281	40	1553
94282	6532	17367
94283	1022	15519
94284	2489	10982
94285	2490	21423
94286	6590	21470
94287	6589	33201
94288	6596	7617
94289	151	7812
94290	6602	8673
94291	6602	8579
94292	1023	10573
94293	2492	10200
94294	2492	7712
94295	1026	3090
94296	2492	4779
94297	1026	34468
94298	6613	9732
94299	1026	4802
94300	2492	13095
94301	1026	10622
94302	6631	28499
94303	151	10065
94304	6636	20029
94305	2493	2792
94306	6637	9184
94307	2492	10323
94308	398	7909
94309	6656	8968
94310	398	5199
94311	74	4675
94312	6676	22378
94313	6676	7936
94314	1032	1280
94315	6676	19164
94316	6700	11345
94317	2497	5107
94318	2496	3009
94319	1034	2346
94320	6706	21451
94321	398	3093
94322	2497	11000
94323	6726	7803
94324	2498	6178
94325	1034	17674
94326	2498	15544
94327	2498	2961
94328	2497	12118
94329	2499	6105
94330	74	3675
94331	74	4240
94332	6791	8851
94333	40	3130
94334	6796	9108
94335	2499	33291
94336	6839	10803
94337	6839	14981
94338	6839	19926
94339	2501	4808
94340	2501	13095
94341	1039	46901
94342	151	8544
94343	2501	10200
94344	2501	8708
94345	40	11706
94346	2503	5049
94347	6873	16071
94348	6878	10640
94349	6878	10596
94350	6878	20507
94351	6887	7649
94352	6887	10772
94353	1042	6316
94354	6914	26586
94355	6937	7687
94356	6948	8246
94357	2505	6244
94358	2505	12221
94359	6961	7959
94360	2505	19288
94361	6960	10449
94362	6961	10458
94363	1044	2398
94364	6974	9952
94365	74	12272
94366	2507	9567
94367	1044	22449
94368	7008	12326
94369	7008	8228
94370	7008	8286
94371	2508	2942
94372	7015	16548
94373	7015	8235
94374	2508	11268
94375	2508	10700
94376	2510	8253
94377	2510	11599
94378	7096	17494
94379	7058	16028
94380	7061	13938
94381	2511	9988
94382	7068	19164
94383	2511	13539
94384	7106	10900
94385	7106	7894
94386	7106	14596
94387	2515	6244
94388	7122	15579
94389	2515	10269
94390	2515	14191
94391	7125	10396
94392	1056	10150
94393	7127	8253
94394	6951	18768
94395	400	13939
94396	2517	7109
94397	153	12956
94398	7158	15799
94399	7216	9955
94400	2517	11258
94401	7173	7517
94402	2519	6656
94403	2519	7909
94404	7188	9694
94405	7203	9016
94406	7015	25130
94407	2519	10506
94408	7216	8799
94409	7231	17656
94410	7231	12592
94411	2520	15582
94412	2520	21034
94413	153	5906
94414	7245	21796
94415	401	11518
94416	2524	2611
94417	1059	2838
94418	7282	10881
94419	1059	4813
94420	40	1624
94421	7307	11803
94422	2524	10842
94423	7323	8101
94424	403	4868
94425	7338	7428
94426	7338	10200
94427	153	6124
94428	7340	23263
94429	7340	21445
94430	1059	11109
94431	1059	3883
94432	7346	9672
94433	403	4854
94434	7348	13735
94435	2526	5844
94436	7349	9798
94437	1059	3805
94438	2526	7670
94439	75	1508
94440	7385	9689
94441	7430	10527
94442	40	9628
94443	7420	10866
94444	7428	11007
94445	19	2721
94446	7431	11177
94447	2505	10515
94448	155	1704
94449	7430	8629
94450	403	8824
94451	7448	17297
94452	2529	17694
94453	2529	6951
94454	2529	16568
94455	2531	12304
94456	7455	11269
94457	155	2476
94458	7459	7617
94459	7457	27243
94460	40	11760
94461	7461	8445
94462	7461	12334
94463	7462	12260
94464	7466	9277
94465	7468	8233
94466	7468	25573
94467	7469	11439
94468	7469	12978
94469	2535	4854
94470	7469	18668
94471	2535	10614
94472	2535	17603
94473	155	3439
94474	2535	15707
94475	7473	8662
94476	2538	4887
94477	2535	10548
94478	2536	10573
94479	7474	7653
94480	7474	36869
94481	7478	10908
94482	2536	6168
94483	2536	13964
94484	2538	4875
94485	7482	13116
94486	7488	8824
94487	7488	17954
94488	2538	17979
94489	2539	8673
94490	2539	10050
94491	7494	11484
94492	7494	50097
94493	7499	10568
94494	2539	6261
94495	2539	14500
94496	7517	10845
94497	8	16986
94498	7521	40635
94499	7523	20684
94500	7525	11904
94501	7531	9735
94502	7534	21393
94503	7534	21461
94504	7567	15482
94505	7567	38444
94506	7567	7892
94507	2540	8133
94508	2540	12838
94509	1074	8104
94510	7555	10365
94511	2544	6047
94512	7594	9012
94513	7595	8457
94514	1074	5656
94515	2550	2558
94516	7604	9114
94517	2550	11203
94518	7604	9220
94519	7604	13193
94520	7609	8352
94521	7609	8467
94522	7609	10656
94523	157	7847
94524	7612	11614
94525	2555	8200
94526	7617	10765
94527	7620	19395
94528	406	4486
94529	2557	9713
94530	7620	8763
94531	2557	5819
94532	7625	10177
94533	7625	12637
94534	157	22507
94535	2559	7453
94536	7632	10485
94537	7632	10589
94538	79	5299
94539	2559	8928
94540	2561	12016
94541	7638	12291
94542	2561	17427
94543	7639	8104
94544	7643	22349
94545	7649	8392
94546	157	14615
94547	7649	16273
94548	2562	20214
94549	406	5690
94550	2562	12694
94551	406	3067
94552	7651	10185
94553	2562	16432
94554	2563	10159
94555	7651	8752
94556	2559	4793
94557	2563	7968
94558	1086	7847
94559	7665	33053
94560	7665	12384
94561	2563	3124
94562	1086	44421
94563	7669	12858
94564	7669	18996
94565	40	24936
94566	7673	25832
94567	7673	9311
94568	1088	36850
94569	2567	20506
94570	7680	15924
94571	1089	1386
94572	79	2290
94573	2571	2611
94574	7681	11326
94575	2571	5564
94576	2571	3155
94577	2571	10114
94578	7684	24908
94579	7684	26284
94580	7687	18511
94581	157	5829
94582	1090	1363
94583	2571	7027
94584	2572	6261
94585	2572	10567
94586	2572	5546
94587	2572	10243
94588	408	5202
94589	79	2552
94590	2611	5172
94591	7700	10044
94592	2574	27000
94593	7701	11075
94594	408	5479
94595	7705	17323
94596	7705	10400
94597	7706	27318
94598	7706	17000
94599	7706	17669
94600	7711	10389
94601	1091	2249
94602	2585	4805
94603	408	7617
94604	2585	10735
94605	7720	9412
94606	408	8102
94607	7714	7851
94608	7714	12912
94609	7714	19043
94610	7717	12345
94611	7717	10323
94612	1091	6009
94613	7720	13187
94614	1091	31857
94615	408	1329
94616	408	9115
94617	7722	9614
94618	2593	5088
94619	2593	10513
94620	408	12886
94621	408	12939
94622	7733	7753
94623	1093	1779
94624	7734	10431
94625	1093	3002
94626	7738	9698
94627	2602	6489
94628	7740	24415
94629	7741	11165
94630	41	8574
94631	2605	4116
94632	7744	10153
94633	7744	11681
94634	7744	15507
94635	408	17309
94636	2610	5635
94637	1098	2810
94638	2610	3583
94639	1098	4943
94640	7765	11086
94641	7767	9645
94642	2610	4807
94643	2611	4673
94644	7770	11813
94645	408	17029
94646	1098	4804
94647	2611	4772
94648	7789	18804
94649	2611	9303
94650	7789	18996
94651	7791	7849
94652	7791	13658
94653	7803	32018
94654	2629	3131
94655	2629	19024
94656	2629	3076
94657	7809	10184
94658	2643	3984
94659	2646	3490
94660	7812	17674
94661	413	5309
94662	2662	5619
94663	2662	5867
94664	413	5297
94665	2662	9798
94666	1104	6009
94667	2662	9000
94668	8	17662
94669	2662	35241
94670	7828	17503
94671	7832	29454
94672	7836	41071
94673	2669	5245
94674	2669	10289
94675	2669	2933
94676	2669	5839
94677	2669	3474
94678	2669	16189
94679	2669	20243
94680	7828	11845
94681	7839	11166
94682	1108	4990
94683	1108	5798
94684	7841	9625
94685	41	9320
94686	2674	19397
94687	7841	22584
94688	7844	14069
94689	2682	7704
94690	7847	19164
94691	7847	13230
94692	2682	13400
94693	7847	9465
94694	413	17399
94695	1108	13404
94696	413	18346
94697	7851	12765
94698	7851	15057
94699	7853	10139
94700	7852	63881
94701	8	4688
94702	7856	16707
94703	2692	5635
94704	2692	2731
94705	42	1566
94706	7860	15024
94707	7860	30957
94708	7860	17532
94709	1108	8318
94710	7862	8468
94711	7863	7868
94712	7864	7935
94713	7859	17288
94714	416	5172
94715	7864	8735
94716	7868	11131
94717	1112	16541
94718	2695	17316
94719	7872	15710
94720	7877	14774
94721	1112	13941
94722	7883	27451
94723	2698	10331
94724	7883	10454
94725	7883	8319
94726	7884	17281
94727	7884	20749
94728	7892	19406
94729	7892	8768
94730	7892	10065
94731	7892	9155
94732	81	8048
94733	7894	15603
94734	7894	22585
94735	416	19943
94736	416	2366
94737	416	8702
94738	7908	14587
94739	2727	9747
94740	7909	12735
94741	2730	7740
94742	7915	14843
94743	2730	11106
94744	2730	7664
94745	7936	15239
94746	416	5325
94747	7936	15340
94748	42	503
94749	7955	8384
94750	1118	4064
94751	2736	2947
94752	7960	19210
94753	7961	58488
94754	2739	9229
94755	81	1771
94756	7964	12242
94757	7965	52448
94758	7965	10584
94759	1120	7751
94760	1115	2127
94761	7969	16731
94762	7968	10475
94763	2747	8491
94764	7971	10527
94765	1120	5527
94766	1120	14821
94767	7994	15014
94768	7994	9123
94769	416	8364
94770	7994	10177
94771	2755	18996
94772	416	20669
94773	1120	4540
94774	2755	10337
94775	8001	18744
94776	8003	8517
94777	8015	8657
94778	8015	13926
94779	1120	12849
94780	1120	12535
94781	8015	8476
94782	2762	10269
94783	2762	5095
94784	2766	5245
94785	1120	3180
94786	2766	5284
94787	8026	11353
94788	8026	21971
94789	8026	11268
94790	2766	13611
94791	2766	2946
94792	8029	18099
94793	8029	10584
94794	2766	5739
94795	2769	3025
94796	8035	22381
94797	8039	13942
94798	8047	9677
94799	8048	10065
94800	1122	2299
94801	2770	6254
94802	1122	2576
94803	1122	1508
94804	2771	8489
94805	8058	15310
94806	8058	12895
94807	2771	7935
94808	8062	23031
94809	8074	9971
94810	1122	11614
94811	2771	5375
94812	8078	8086
94813	8079	33918
94814	8079	17110
94815	8080	11896
94816	2771	11203
94817	8083	27089
94818	8086	29631
94819	2771	3515
94820	8097	18402
94821	2774	24832
94822	81	5398
94823	8104	9668
94824	8104	16709
94825	2775	4920
94826	8128	12054
94827	2775	44421
94828	2775	13882
94829	2775	8457
94830	8141	20718
94831	2778	6602
94832	2778	5375
94833	2778	5740
94834	2778	11333
94835	8182	8468
94836	2778	5559
94837	2778	13964
94838	8182	9279
94839	2778	10943
94840	8182	11929
94841	2778	8608
94842	2778	6139
94843	2778	16546
94844	8198	16159
94845	2780	7761
94846	8202	13830
94847	8202	9623
94848	2784	4951
94849	20	4695
94850	8211	8322
94851	8217	8313
94852	8217	10303
94853	2780	12866
94854	2780	7517
94855	8220	16770
94856	427	8808
94857	8225	9990
94858	8225	8628
94859	8225	16464
94860	2781	11319
94861	2781	30044
94862	8225	58029
94863	1134	5195
94864	2781	4732
94865	2781	11796
94866	8233	10750
94867	8233	10527
94868	8235	14891
94869	8235	14593
94870	8235	12828
94871	8235	11351
94872	1138	23061
94873	8235	13756
94874	8235	15601
94875	8235	33659
94876	8240	11061
94877	2784	2882
94878	428	2266
94879	1140	4872
94880	1141	4895
94881	8242	10185
94882	2784	10200
94883	1142	30019
94884	1142	2784
94885	1142	6168
94886	1142	3450
94887	1142	3086
94888	8247	13463
94889	8248	8861
94890	8248	9813
94891	2788	5813
94892	2788	19329
94893	2788	5588
94894	1142	11301
94895	8252	9326
94896	8252	10166
94897	20	4697
94898	8253	11353
94899	2789	9075
94900	1142	10737
94901	8255	15867
94902	2789	7844
94903	430	2062
94904	2789	8228
94905	8258	15512
94906	2789	18727
94907	8258	19464
94908	2789	9294
94909	83	5065
94910	1142	14981
94911	8267	13538
94912	2794	7832
94913	83	5157
94914	83	2730
94915	2794	6096
94916	8281	14046
94917	2794	5485
94918	2794	27803
94919	8288	11420
94920	2794	13749
94921	8288	21429
94922	8288	16071
94923	434	7496
94924	434	1200
94925	8297	13610
94926	2794	9832
94927	2796	8301
94928	8288	16805
94929	8299	11354
94930	8299	16248
94931	2803	9234
94932	2803	11223
94933	2803	11262
94934	8301	9713
94935	8306	10914
94936	8306	13538
94937	168	1576
94938	8310	8404
94939	8310	26651
94940	8311	9697
94941	8313	10302
94942	8313	24012
94943	2803	11850
94944	8315	8371
94945	2803	10132
94946	8316	11991
94947	8318	15611
94948	2809	2811
94949	2808	21393
94950	2809	10857
94951	2811	14987
94952	20	9525
94953	8322	9114
94954	20	9082
94955	8322	10596
94956	434	3048
94957	2810	2825
94958	2810	9837
94959	2810	20507
94960	8332	12327
94961	8334	12086
94962	8338	10728
94963	2811	2863
94964	2811	4903
94965	8339	10737
94966	2811	26166
94967	2811	2813
94968	2811	7430
94969	2810	12729
94970	8341	11422
94971	2811	9751
94972	1155	24040
94973	8348	10131
94974	171	2792
94975	8349	8420
94976	8352	10622
94977	8352	8750
94978	2811	9145
94979	8352	14021
94980	1157	11066
94981	1157	23189
94982	2813	7580
94983	2813	5050
94984	8359	16072
94985	2813	4697
94986	2811	4675
94987	8363	19292
94988	8367	11224
94989	8377	9155
94990	8381	14751
94991	20	1464
94992	8384	8928
94993	8384	13318
94994	8384	9697
94995	8384	34964
94996	8384	11935
94997	2816	8464
94998	8388	11614
94999	2816	10000
95000	8390	11824
95001	8391	8973
95002	8392	18475
95003	8392	24117
95004	8393	11960
95005	2818	11083
95006	8404	26498
95007	8404	19773
95008	8407	17151
95009	8412	9610
95010	8415	8416
95011	2831	10596
95012	2846	11689
95013	8434	15226
95014	2831	10582
95015	2831	34498
95016	2831	7681
95017	8441	10057
95018	2833	4690
95019	8457	8930
95020	8434	9837
95021	8457	8683
95022	8457	9813
95023	8457	9998
95024	2833	5384
95025	8457	11089
95026	8458	8495
95027	2833	3686
95028	2836	5011
95029	2836	10747
95030	8472	9360
95031	2836	10568
95032	8476	28509
95033	8476	11862
95034	441	3073
95035	8483	10348
95036	8489	16239
95037	8489	9114
95038	2836	5001
95039	8492	30964
95040	441	33026
95041	8508	10337
95042	8504	10309
95043	8508	14972
95044	8508	12162
95045	8508	13326
95046	8508	12175
95047	8510	27952
95048	1181	13916
95049	8517	9522
95050	8518	8579
95051	8518	10372
95052	8525	8565
95053	8527	14810
95054	8529	15642
95055	8529	10976
95056	8558	11202
95057	2844	5952
95058	2844	10253
95059	442	5190
95060	2844	25444
95061	8567	8586
95062	2844	8529
95063	172	1751
95064	8574	12559
95065	8579	9555
95066	2846	39886
95067	8579	8868
95068	2846	16114
95069	2849	2961
95070	8595	12152
95071	1186	4816
95072	2849	32470
95073	8603	15388
95074	8604	8629
95075	8607	20720
95076	8614	10559
95077	8615	10339
95078	2852	7053
95079	2852	14980
95080	8628	13189
95081	2858	4878
95082	2858	10309
95083	2859	6092
95084	172	5819
95085	2859	3108
95086	8629	25736
95087	8634	8930
95088	8632	13594
95089	2860	3083
95090	8632	17281
95091	8632	32734
95092	447	2139
95093	8639	9086
95094	8643	8644
95095	172	7582
95096	2860	7319
95097	2862	6057
95098	2862	15349
95099	8660	11023
95100	1198	2602
95101	2863	6300
95102	8662	13465
95103	8662	11163
95104	8665	10628
95105	2859	3910
95106	2863	4672
95107	2863	4799
95108	8678	11165
95109	447	9115
95110	8683	13230
95111	2863	28685
95112	1200	5064
95113	1200	7726
95114	8695	8857
95115	2864	3037
95116	8702	15622
95117	8702	11164
95118	8702	13126
95119	2864	18437
95120	8702	44421
95121	2864	13030
95122	8703	11732
95123	8704	8824
95124	8731	12464
95125	8704	10734
95126	8708	15544
95127	8713	10765
95128	2865	5627
95129	2865	37332
95130	8717	11801
95131	8723	11238
95132	2867	32510
95133	8729	8988
95134	1200	4793
95135	8730	18668
95136	8730	9348
95137	8733	33147
95138	8735	24820
95139	2871	17663
95140	8735	16186
95141	2872	22385
95142	8741	20915
95143	8750	21212
95144	8753	10651
95145	2878	21847
95146	8755	17538
95147	2863	9998
95148	8758	19363
95149	8763	28611
95150	8763	25264
95151	2881	34976
95152	8766	9787
95153	8768	13953
95154	8768	26901
95155	2882	7109
95156	8786	13011
95157	8786	32311
95158	175	1826
95159	46	119
95160	8794	16271
95161	8799	12187
95162	8808	31858
95163	175	13647
95164	46	186
95165	8808	19102
95166	8808	10801
95167	8808	15543
95168	8815	11447
95169	1211	5409
95170	1211	4557
95171	8820	10728
95172	46	1801
95173	8824	13624
95174	46	1062
95175	8824	26466
95176	2891	3108
95177	2891	38414
95178	8833	10117
95179	1211	15575
95180	2891	17800
95181	2891	32040
95182	2891	4830
95183	8841	48862
95184	2892	11824
95185	8847	12180
95186	8848	10000
95187	46	5102
95188	175	5850
95189	2891	14779
95190	2892	11632
95191	8856	10530
95192	2892	18287
95193	8857	10627
95194	2892	15870
95195	175	12890
95196	175	10146
95197	2892	29166
95198	8860	24517
95199	1211	11624
95200	8861	10544
95201	85	340
95202	8861	27445
95203	8861	10114
95204	2892	10628
95205	2895	10582
95206	85	1302
95207	8857	13475
95208	2895	14966
95209	175	7307
95210	8874	10935
95211	8876	10065
95212	8877	17971
95213	8880	9228
95214	8880	10126
95215	8880	23205
95216	175	2501
95217	8886	17259
95218	46	1970
95219	8888	38771
95220	8893	8923
95221	2905	4375
95222	8911	33867
95223	2905	4780
95224	8912	11702
95225	8912	31065
95226	175	11786
95227	2912	28685
95228	8915	14307
95229	2911	8276
95230	8923	37128
95231	46	6306
95232	8926	13968
95233	2911	21603
95234	85	13735
95235	1217	1809
95236	2912	21034
95237	8928	32313
95238	8930	21722
95239	8936	19164
95240	8936	11083
95241	8936	16836
95242	2919	15314
95243	8953	9787
95244	8	2993
95245	8956	18380
95246	8936	11262
95247	9274	13468
95248	8963	34468
95249	46	6947
95250	8968	9172
95251	2920	25451
95252	8969	30594
95253	2921	8808
95254	8973	27089
95255	176	11324
95256	8973	16824
95257	8983	16376
95258	8988	10033
95259	2926	8039
95260	2926	3076
95261	2926	14764
95262	2926	26487
95263	8994	17694
95264	8994	13280
95265	46	368
95266	9000	9047
95267	9000	9310
95268	85	6602
95269	1220	5594
95270	9011	15664
95271	9012	14988
95272	9013	14764
95273	9013	15415
95274	2932	5753
95275	1220	4909
95276	2932	12381
95277	2932	3225
95278	9032	9394
95279	9039	13933
95280	462	2739
95281	177	376
95282	2932	17395
95283	9045	55388
95284	2932	9526
95285	9070	18351
95286	9072	9302
95287	9074	9079
95288	9077	23268
95289	2933	4372
95290	9079	11938
95291	2933	13466
95292	9082	25832
95293	85	1949
95294	9099	9747
95295	2937	8362
95296	9102	26155
95297	9102	32849
95298	9103	19000
95299	1238	11768
95300	9112	9446
95301	2938	14972
95302	2938	5212
95303	85	3984
95304	9141	10548
95305	2938	15526
95306	85	4713
95307	2941	5355
95308	9152	24773
95309	85	5574
95310	9158	10450
95311	2941	20186
95312	2941	5973
95313	9160	17289
95314	9171	14966
95315	9172	10515
95316	46	5219
95317	9179	10309
95318	9179	10845
95319	1238	14286
95320	9182	10589
95321	85	5398
95322	85	4217
95323	2942	14987
95324	9207	21749
95325	2942	11786
95326	9210	24194
95327	9229	10614
95328	9229	11286
95329	9225	22379
95330	9245	16313
95331	468	13749
95332	9247	10472
95333	21	8485
95334	9258	17462
95335	1245	2271
95336	9265	13953
95337	9270	17655
95338	9271	10077
95339	85	8529
95340	2946	10803
95341	46	10914
95342	177	9439
95343	9293	18467
95344	9286	32582
95345	2947	4958
95346	9287	10365
95347	1245	23243
95348	1245	18812
95349	9293	10357
95350	9303	37649
95351	9311	11587
95352	46	1442
95353	9315	10282
95354	9316	20785
95355	9312	34281
95356	9320	10890
95357	9320	11163
95358	9320	22689
95359	9316	10436
95360	9326	9381
95361	2961	7649
95362	9326	10775
95363	9338	16491
95364	9352	11484
95365	2961	14027
95366	9376	26490
95367	2964	10724
95368	9360	21421
95369	9385	10881
95370	9386	11028
95371	2964	10409
95372	2965	8673
95373	1254	17029
95374	2965	6023
95375	9412	16395
95376	2966	14910
95377	9422	20684
95378	9422	24092
95379	9429	14911
95380	9422	26688
95381	9352	20191
95382	9429	10349
95383	9429	15413
95384	9441	35378
95385	9443	11305
95386	9448	13624
95387	9460	10965
95388	9465	18768
95389	9465	10200
95390	2967	5902
95391	9465	23735
95392	9465	19288
95393	9482	9786
95394	1256	1594
95395	9503	26347
95396	2968	23936
95397	9521	32018
95398	9522	24435
95399	9522	38414
95400	9525	13285
95401	2970	5370
95402	9531	21280
95403	2971	20859
95404	9541	13596
95405	1256	4710
95406	9541	16545
95407	9543	9735
95408	1256	10982
95409	9544	29001
95410	1256	15163
95411	1256	35417
95412	9567	11614
95413	9567	34950
95414	9574	9637
95415	9614	11262
95416	9615	17611
95417	2977	32382
95418	477	631
95419	2979	13289
95420	1257	12878
95421	9626	10941
95422	9626	18430
95423	9627	12831
95424	9627	22133
95425	9629	18555
95426	2983	4726
95427	9645	20660
95428	9658	9904
95429	477	4678
95430	9668	10450
95431	2990	5102
95432	9668	14789
95433	477	16186
95434	9672	11268
95435	9677	21847
95436	2995	19481
95437	9680	20520
95438	9682	20570
95439	9682	9697
95440	9682	11967
95441	9686	12065
95442	9697	14966
95443	9697	11751
95444	2999	17194
95445	9705	31217
95446	3000	9099
95447	9705	23413
95448	9705	13954
95449	9705	11998
95450	9717	13267
95451	3000	4787
95452	3000	4909
95453	9731	18835
95454	9735	21363
95455	9697	14962
95456	9747	27885
95457	9739	31021
95458	9757	16359
95459	3003	3022
95460	3003	11268
95461	9773	11982
95462	9783	19800
95463	1273	8861
95464	1273	6057
95465	9798	20448
95466	1273	4930
95467	9798	9982
95468	9798	26774
95469	3009	30642
95470	1273	6209
95471	1273	3747
95472	9806	13189
95473	9806	61728
95474	9808	20935
95475	9813	15803
95476	1273	5065
95477	1273	9813
95478	9813	11782
95479	3009	13937
95480	3009	3493
95481	3009	15239
95482	3009	32508
95483	9830	9886
95484	1273	6093
95485	9831	10604
95486	9837	12828
95487	9837	19688
95488	3011	16442
95489	9864	15853
95490	9858	11130
95491	9875	17579
95492	9886	11333
95493	9885	14147
95494	9889	11124
95495	3014	5431
95496	9886	17577
95497	486	61728
95498	1275	2780
95499	487	14046
95500	9909	11913
95501	3021	4100
95502	9948	23291
95503	9949	18609
95504	3022	13647
95505	9971	28121
95506	9971	12700
95507	9977	10793
95508	9979	10044
95509	9977	21063
95510	3025	10158
95511	9998	12828
95512	1277	10596
95513	1277	18491
95514	10000	16406
95515	10027	10523
95516	1280	12065
95517	3031	7669
95518	185	5799
95519	10044	11591
95520	10046	11010
95521	10034	23364
95522	10054	23894
95523	10063	10448
95524	185	1486
95525	10077	12327
95526	10082	27110
95527	3032	36961
95528	10082	10085
95529	10078	19031
95530	10082	13911
95531	10083	12846
95532	10084	16620
95533	10088	20217
95534	10088	30642
95535	10092	10581
95536	3037	8510
95537	3037	13754
95538	3038	21496
95539	10111	11835
95540	10126	13334
95541	1284	7932
95542	10130	12166
95543	10128	17506
95544	10131	28351
95545	10126	11716
95546	3042	15002
95547	3042	8679
95548	1284	7684
95549	10146	17938
95550	3043	6395
95551	3043	5219
95552	3043	17029
95553	3043	7844
95554	10152	12890
95555	10153	10849
95556	10159	12765
95557	10158	13280
95558	498	5729
95559	498	5743
95560	498	5841
95561	10159	16555
95562	10167	11058
95563	10170	11338
95564	3043	11439
95565	498	11203
95566	10170	12152
95567	10170	17994
95568	10177	11669
95569	10177	13181
95570	10177	12347
95571	10177	12852
95572	3048	10446
95573	3050	30795
95574	10187	19197
95575	10200	13600
95576	3050	8286
95577	498	2485
95578	498	10158
95579	10200	11446
95580	10204	11258
95581	10214	17614
95582	10214	10655
95583	10221	10765
95584	10221	45759
95585	3051	5579
95586	10221	19475
95587	3051	5187
95588	498	3263
95589	10231	11258
95590	498	10093
95591	10250	13678
95592	10269	10836
95593	10275	10287
95594	10275	16826
95595	3057	3344
95596	10283	16890
95597	10289	11036
95598	10296	28656
95599	10296	26774
95600	3057	5853
95601	10302	12018
95602	3058	4040
95603	90	94
95604	10306	19922
95605	10306	13336
95606	10309	11796
95607	3064	11268
95608	10323	12728
95609	1298	2788
95610	186	2490
95611	1298	1428
95612	498	5952
95613	1298	2148
95614	3068	7547
95615	10340	27282
95616	10345	10361
95617	10352	19464
95618	10328	15762
95619	1298	10994
95620	10358	15012
95621	10357	16714
95622	3076	8209
95623	3057	3194
95624	10374	13182
95625	10373	22133
95626	1298	5269
95627	10400	31021
95628	10403	11733
95629	1298	12091
95630	10408	44085
95631	10409	10491
95632	10409	17930
95633	3081	9229
95634	3081	8381
95635	1298	12326
95636	3081	5057
95637	1298	2519
95638	10427	11001
95639	3081	6316
95640	3081	37513
95641	3081	9349
95642	3083	3255
95643	10440	19134
95644	91	6261
95645	10441	15939
95646	10446	13193
95647	3086	6029
95648	3086	23397
95649	1302	8254
95650	10470	10700
95651	3086	17848
95652	3086	13207
95653	3087	7965
95654	10491	11233
95655	3089	13933
95656	10494	17423
95657	3089	8679
95658	91	5008
95659	10506	13731
95660	10506	15902
95661	3091	10326
95662	3091	3660
95663	1304	14978
95664	3093	15817
95665	10506	28535
95666	3093	3130
95667	3093	11402
95668	10502	25169
95669	3093	8247
95670	10548	10604
95671	10548	20507
95672	10558	16277
95673	10568	13012
95674	91	16832
95675	91	18395
95676	3095	3132
95677	10584	11269
95678	10589	15415
95679	10594	19045
95680	10548	22665
95681	10622	11083
95682	10622	19646
95683	3100	5678
95684	10640	17503
95685	10640	38788
95686	3103	3549
95687	91	4938
95688	10656	11546
95689	10656	13300
95690	10656	14787
95691	10656	22563
95692	3104	10070
95693	1315	17029
95694	10668	19043
95695	10676	18662
95696	10696	10934
95697	3104	21680
95698	10682	12669
95699	3104	3523
95700	3104	4448
95701	10695	17577
95702	22	5564
95703	3105	12018
95704	10703	11611
95705	10698	11319
95706	3107	5641
95707	10724	11262
95708	3108	4230
95709	10733	41562
95710	10735	13784
95711	91	11845
95712	3110	5224
95713	3115	13472
95714	91	35131
95715	3122	5532
95716	3122	41562
95717	10790	12109
95718	91	11308
95719	10793	17606
95720	1319	17881
95721	3124	4144
95722	10803	17497
95723	10803	22965
95724	3124	6329
95725	189	1567
95726	3124	17168
95727	10809	11623
95728	1320	10733
95729	10851	32897
95730	10857	13684
95731	3125	19775
95732	10886	11304
95733	3127	4787
95734	1324	3940
95735	91	23550
95736	10890	31751
95737	10890	11125
95738	10900	35131
95739	3127	37588
95740	10913	15543
95741	510	1933
95742	190	10758
95743	10941	16805
95744	510	12671
95745	3129	12868
95746	3130	7651
95747	10976	16829
95748	510	7907
95749	10982	13466
95750	190	8856
95751	11015	15586
95752	11018	16801
95753	11027	13810
95754	11029	17800
95755	11030	13182
95756	190	5220
95757	3131	9625
95758	190	2451
95759	3131	14693
95760	11040	55932
95761	11042	28348
95762	3138	10803
95763	92	7680
95764	11071	23351
95765	1329	5280
95766	11095	16040
95767	1329	11782
95768	11110	15298
95769	3149	10170
95770	3146	8331
95771	11123	41511
95772	11123	19080
95773	3152	7718
95774	3152	5443
95775	3152	6997
95776	3152	5224
95777	3152	9612
95778	3155	16975
95779	11149	18676
95780	3155	4220
95781	11165	16546
95782	11175	16266
95783	3157	6615
95784	1331	7684
95785	11193	18052
95786	190	5284
95787	513	5910
95788	11232	17359
95789	1331	7620
95790	11242	15707
95791	11262	15002
95792	513	27447
95793	3172	7340
95794	3172	6086
95795	11263	20303
95796	11263	22350
95797	11268	24880
95798	93	1521
95799	3183	4938
95800	11286	12912
95801	3183	6249
95802	11302	17347
95803	11305	15504
95804	1334	6379
95805	11322	17663
95806	1334	7604
95807	11326	16144
95808	11333	28898
95809	11350	14593
95810	1335	7971
95811	3198	9885
95812	3205	4461
95813	11420	64109
95814	11450	63037
95815	11484	69644
95816	11495	53080
95817	3212	29220
95818	11537	39267
95819	11550	61321
95820	11567	11607
95821	11584	53565
95822	11610	30769
95823	11667	26330
95824	3237	3777
95825	11692	31314
95826	11706	32120
95827	11708	11790
95828	3242	57821
95829	3243	3911
95830	3248	4632
95831	11760	52921
95832	11792	42986
95833	11794	32667
95834	11812	11827
95835	11817	37951
95836	11835	56496
95837	11875	42018
95838	11901	43919
95839	11902	22429
95840	11983	37799
95841	12097	20912
95842	12171	52615
95843	3305	3349
95844	12174	35597
95845	12177	33965
95846	12234	47625
95847	12235	17019
95848	12235	23606
95849	12290	43161
95850	12330	47189
95851	12334	20561
95852	12383	47611
95853	12413	50853
95854	12452	52459
95855	12465	42179
95856	12473	55283
95857	12539	55387
95858	12541	18591
95859	3338	60079
95860	3339	3571
95861	3341	9187
95862	12654	52186
95863	12669	40395
95864	12689	46113
95865	533	1289
95866	12721	53533
95867	12727	12764
95868	534	19495
95869	12836	14488
95870	12861	37965
95871	12898	73072
95872	12993	20975
95873	1374	2206
95874	13053	36095
95875	13062	60126
95876	13183	60327
95877	13339	61334
95878	13401	71232
95879	13423	13450
95880	3408	37953
95881	13544	20826
95882	13590	13755
95883	13612	22918
95884	13673	22594
95885	13697	53075
95886	13716	24467
95887	13757	39401
95888	3450	3631
95889	13791	73566
95890	13956	31149
95891	13962	14928
95892	3452	3817
95893	13975	28358
95894	14052	14460
95895	14091	51846
95896	14135	14471
95897	14157	17953
95898	14168	45746
95899	14230	14678
95900	14266	14688
95901	3470	66886
95902	3476	52542
95903	14353	56382
95904	14419	35368
95905	14433	14723
95906	14443	14707
95907	14493	26083
95908	14531	14543
95909	14548	64124
95910	14588	68811
95911	14593	61496
95912	1432	34499
95913	1432	50263
95914	14747	42323
95915	14758	31565
95916	14791	54895
95917	14810	51815
95918	3510	3966
95919	14827	30085
95920	3513	46686
95921	14870	60837
95922	14909	54366
95923	14920	32680
95924	14966	51700
95925	1442	67288
95926	15068	22912
95927	15068	55826
95928	15081	48794
95929	15191	31066
95930	15223	52682
95931	15252	15267
95932	15256	59549
95933	3553	64300
95934	15402	39128
95935	15495	42748
95936	15504	29759
95937	563	18183
95938	15704	45573
95939	15709	19026
95940	15721	40374
95941	15721	64530
95942	15732	35268
95943	15736	45203
95944	15749	15750
95945	15829	15831
95946	15859	76161
95947	15879	16727
95948	15887	15900
95949	15905	53793
95950	15923	19753
95951	15956	15976
95952	16036	52793
95953	16170	69318
95954	16202	16217
95955	16254	51698
95956	16353	16384
95957	16431	16433
95958	16448	25108
95959	16464	55976
95960	16524	42345
95961	16562	64244
95962	16571	38580
95963	3654	4126
95964	16600	60683
95965	16673	52957
95966	16725	27503
95967	15597	29956
95968	17216	17225
95969	16848	33478
95970	16849	43724
95971	16865	30275
95972	3667	72654
95973	16889	52965
95974	16892	34659
95975	16906	16912
95976	16921	29309
95977	16948	59438
95978	16965	17007
95979	16973	52890
95980	3687	4435
95981	17160	49731
95982	17262	45121
95983	17302	17372
95984	17308	17312
95985	17331	31896
95986	17334	46864
95987	17379	64048
95988	17382	55565
95989	17433	17509
95990	17439	44438
95991	17462	33121
95992	3720	43285
95993	17662	33785
95994	17696	58095
95995	17701	47685
95996	17773	57680
95997	17781	17783
95998	17808	35488
95999	3726	72325
96000	17942	48100
96001	17971	60881
96002	17979	37663
96003	17982	46225
96004	18117	49676
96005	18157	30902
96006	18269	20178
96007	18281	29002
96008	18324	26851
96009	18371	28575
96010	18410	40299
96011	18445	18464
96012	18460	52017
96013	18461	43862
96014	3738	42649
96015	18492	43562
96016	18516	28732
96017	18540	18562
96018	18668	43894
96019	18715	74839
96020	18750	18758
96021	18775	53841
96022	18814	56227
96023	18821	36558
96024	18830	50541
96025	18838	56329
96026	18920	42729
96027	18936	39006
96028	18944	60817
96029	19011	53508
96030	19027	47112
96031	19120	35650
96032	19196	24089
96033	19197	29271
96034	19197	33361
96035	19216	56762
96036	19231	51068
96037	19278	55782
96038	19385	40261
96039	19489	30154
96040	19503	34103
96041	19505	24348
96042	19546	45937
96043	19734	33127
96044	19764	49144
96045	19844	46853
96046	19860	55725
96047	19865	63796
96048	19893	19936
96049	20043	60242
96050	20235	23129
96051	20237	26090
96052	20247	20275
96053	20340	47961
96054	20344	20348
96055	20384	63731
96056	20381	65965
96057	20407	41768
96058	20531	23544
96059	583	859
96060	20681	45361
96061	20700	50659
96062	20714	38460
96063	20866	36969
96064	3814	4042
96065	20948	45454
96066	21015	23838
96067	21048	54243
96068	21254	21278
96069	21304	44852
96070	21309	27141
96071	21400	21404
96072	21448	39959
96073	21451	38640
96074	21530	42482
96075	21656	21657
96076	21676	21677
96077	21795	21799
96078	585	40803
96079	22156	57306
96080	22168	25282
96081	22197	74802
96082	22222	22223
96083	22241	47038
96084	22375	68292
96085	22581	41146
96086	22593	48373
96087	22596	56871
96088	22659	47145
96089	22671	74649
96090	22760	63437
96091	22798	48567
96092	22803	40206
96093	3858	4496
96094	22965	45421
96095	23058	47590
96096	23181	23182
96097	23194	37540
96098	23255	35637
96099	23402	62440
96100	23424	63398
96101	23496	33211
96102	23523	23525
96103	23540	51108
96104	23586	44432
96105	23690	29931
96106	23754	33106
96107	23768	57731
96108	23924	28746
96109	23940	70953
96110	23970	26224
96111	24085	47210
96112	24103	53274
96113	24112	24115
96114	24123	38848
96115	24325	24333
96116	24496	38084
96117	24529	60564
96118	24594	24615
96119	24677	76278
96120	24704	43612
96121	24826	60631
96122	24863	74023
96123	24871	24873
96124	24908	42100
96125	25068	47370
96126	25119	25146
96127	25223	37658
96128	25336	44701
96129	25451	53950
96130	25456	41907
96131	25666	25669
96132	25716	31384
96133	25871	31030
96134	25976	51082
96135	26041	26043
96136	26064	35987
96137	26097	47688
96138	26176	41138
96139	26299	34949
96140	26356	30466
96141	26486	52999
96142	26895	44017
96143	26931	43656
96144	27115	67594
96145	27178	56788
96146	27268	58785
96147	27300	32192
96148	27357	28941
96149	27376	27385
96150	27472	33813
96151	27465	55927
96152	27504	57027
96153	27626	43149
96154	27693	60438
96155	27724	31983
96156	27747	28925
96157	27771	46758
96158	27772	36434
96159	27845	58323
96160	27943	33060
96161	27968	27975
96162	28026	28055
96163	28116	28265
96164	28148	46376
96165	28166	33753
96166	28244	30360
96167	28308	28330
96168	28347	28349
96169	28546	60707
96170	28703	46297
96171	28895	46827
96172	29327	29328
96173	29446	50981
96174	29623	63721
96175	29731	32029
96176	29744	29766
96177	29949	42584
96178	30616	62912
96179	30119	56327
96180	30570	30593
96181	30646	30680
96182	31418	31701
96183	31474	31656
96184	31483	31685
96185	31513	31735
96186	31651	31711
96187	31986	60539
96188	32150	32154
96189	32159	73700
96190	32167	32212
96191	32640	61352
96192	32809	59443
96193	32863	38404
96194	32875	51368
96195	33194	64105
96196	33577	33580
96197	33620	61308
96198	33736	58154
96199	33739	33742
96200	33762	68343
96201	33795	55416
96202	33850	33881
96203	33978	34101
96204	34053	76911
96205	34224	43302
96206	34259	51469
96207	34281	35635
96208	34298	37299
96209	34331	64173
96210	34365	59985
96211	34785	58745
96212	34833	60743
96213	34916	53940
96214	35337	58853
96215	35371	35568
96216	35509	54208
96217	35678	54914
96218	35719	35723
96219	35812	40774
96220	35915	61890
96221	35834	35839
96222	35834	59064
96223	35891	54929
96224	35904	39477
96225	35917	54986
96226	35969	35976
96227	36086	55613
96228	36357	36371
96229	36585	51524
96230	36777	65752
96231	36829	42354
96232	36919	62487
96233	37112	54683
96234	37532	50196
96235	37941	37942
96236	38004	38010
96237	38373	38374
96238	38495	54408
96239	38562	39280
96240	38697	56469
96241	38939	58038
96242	39040	39043
96243	40177	52410
96244	40357	42976
96245	40389	60555
96246	40429	64465
96247	40455	40457
96248	40542	54349
96249	40611	40613
96250	40692	54064
96251	40753	72611
96252	35192	76930
96253	40979	46575
96254	41071	50767
96255	41114	41196
96256	41212	41224
96257	41415	41419
96258	41516	41518
96259	41540	41542
96260	41661	41663
96261	41904	41906
96262	41905	41911
96263	42102	43706
96264	42473	42746
96265	42716	56606
96266	43790	43795
96267	44135	49229
96268	44158	66860
96269	45033	48132
96270	46098	61368
96271	45334	49974
96272	45849	47690
96273	45891	72550
96274	46000	46004
96275	46346	73595
96276	46771	46772
96277	46985	50633
96278	47069	52314
96279	47863	61300
96280	48349	63719
96281	48446	57053
96282	54767	54769
96283	48679	66367
96284	57197	57200
96285	49409	49411
96286	50651	50656
96287	50824	74890
96288	51408	58828
96289	51769	51772
96290	53588	65226
96291	54069	54071
96292	54387	54390
96293	55701	55702
96294	57077	64971
96295	58024	58039
96296	58946	77238
96297	60461	60463
96298	1532	12957
96299	3998	72817
96300	59560	71456
96301	60640	77257
96302	60990	60993
96303	61243	71428
96304	62191	62192
96305	62443	62445
96306	63043	67220
96307	64029	64030
96308	65660	77297
96309	66523	66527
96310	66897	66898
96311	67151	68738
96312	67843	71023
96313	68728	68729
96314	70799	76831
96315	72457	72460
96316	72695	72696
96317	74659	74661
96318	1538	10106
96319	77361	28872
96320	4051	48337
96321	1549	55910
96322	1555	16946
96323	4153	5470
96324	1556	1978
96325	4183	6929
96326	77408	37805
96327	4209	34058
96328	77443	46951
96329	77467	42015
96330	77471	57512
96331	627	50140
96332	1586	2247
96333	77534	38573
96334	77542	42097
96335	1590	43682
96336	77571	54002
96337	77573	40632
96338	4351	45158
96339	77605	17940
96340	4353	55686
96341	4366	28653
96342	77637	26207
96343	77647	45586
96344	4375	52535
96345	77700	30551
96346	77708	47178
96347	77763	19977
96348	4417	4466
96349	77796	54443
96350	77851	12417
96351	77860	45771
96352	77923	29314
96353	77934	51442
96354	78054	45696
96355	4510	29862
96356	78095	45135
96357	4516	71902
96358	78283	55148
96359	78326	46458
96360	78411	5519
96361	1627	35692
96362	78644	57779
96363	78705	38569
96364	4597	45313
96365	79453	7023
96366	79705	64274
96367	79725	64383
96368	79727	28688
96369	80032	26211
96370	80169	24315
96371	80223	67579
96372	80455	40623
96373	80673	47925
96374	81561	45312
96375	81852	50640
96376	4650	16388
96377	81910	45433
96378	82382	18519
96379	82393	20870
96380	91653	12213
96381	90247	34248
96382	89792	46704
96383	88675	43184
96384	87981	44110
96385	88000	24302
96386	87862	32838
96387	87306	60421
96388	84768	45111
96389	84877	65395
96390	87180	68669
96391	85382	37712
96392	86308	49704
96393	85864	26157
96394	4662	49405
96395	4663	24659
96396	661	16241
96397	4675	67889
96398	27	26523
96399	672	3187
96400	4708	28986
96401	4729	24741
96402	687	815
96403	692	1879
96404	699	36647
96405	4756	60960
96406	701	8335
96407	4772	56085
96408	1758	59543
96409	1765	31219
96410	4850	57435
96411	4882	63409
96412	4886	17787
96413	4894	57614
96414	4895	32336
96415	4914	47845
96416	1818	2101
96417	4930	52211
96418	4963	18876
96419	4976	4979
96420	5000	16688
96421	1850	59948
96422	774	24359
96423	5016	29605
96424	5018	51144
96425	790	40705
96426	1900	2171
96427	284	62491
96428	5065	40257
96429	794	40589
96430	5115	24736
96431	5122	37828
96432	5122	41575
96433	5143	41345
96434	813	1267
96435	5195	10646
96436	5201	33440
96437	5208	62550
96438	5210	24381
96439	2035	40443
96440	5281	26433
96441	5304	16348
96442	5314	60650
96443	2076	54454
96444	5356	42495
96445	5357	51493
96446	5397	45958
96447	5403	44558
96448	857	2264
96449	5431	22463
96450	5443	57395
96451	5466	5468
96452	5469	45560
96453	5490	30281
96454	2155	42517
96455	5505	47946
96456	5518	5525
96457	5538	47854
96458	871	49125
96459	2191	10288
96460	5580	57346
96461	5604	30425
96462	903	41135
96463	5706	34724
96464	5718	39051
96465	5728	23173
96466	913	54009
96467	2292	43735
96468	5754	62034
96469	5795	42275
96470	5827	44451
96471	66	20752
96472	66	27264
96473	5935	48642
96474	5946	33145
96475	2367	9257
96476	5959	48022
96477	5973	15466
96478	5973	35518
96479	5979	74414
96480	6040	65174
96481	6054	23157
96482	6054	65870
96483	6057	65645
96484	6070	58740
96485	6103	54560
96486	6105	8226
96487	6111	29287
96488	972	24365
96489	2427	65886
96490	6127	21730
96491	6139	62555
96492	6151	55125
96493	2438	70346
96494	384	41229
96495	6188	56548
96496	6195	54924
96497	6209	49378
96498	6217	34067
96499	6219	31160
96500	2460	43899
96501	6235	6240
96502	6237	63469
96503	6262	50910
96504	6286	38906
96505	2472	53494
96506	6341	51708
96507	1010	1610
96508	2481	18266
96509	6410	6799
96510	6411	47651
96511	6439	7383
96512	6442	61241
96513	6447	6488
96514	6489	21685
96515	6489	49722
96516	6529	25775
96517	6531	62518
96518	6575	24850
96519	397	22747
96520	6601	7343
96521	6610	47767
96522	6655	6787
96523	6656	48783
96524	6704	7261
96525	6750	6790
96526	6776	7129
96527	6784	7352
96528	6935	7116
96529	6964	49279
96530	6971	58217
96531	1044	42617
96532	7008	52718
96533	2511	36536
96534	7097	8690
96535	1056	39310
96536	7189	62452
96537	7302	18627
96538	1061	14712
96539	7441	53658
96540	1071	5228
96541	7528	46429
96542	7535	74740
96543	7569	46777
96544	2543	2545
96545	2542	2574
96546	7595	26542
96547	7610	56849
96548	7614	33899
96549	406	8007
96550	7643	58642
96551	7686	19004
96552	7747	41925
96553	7763	57989
96554	7768	8053
96555	7779	50860
96556	2682	44871
96557	2685	40866
96558	7877	52568
96559	7908	64102
96560	7936	74851
96561	7957	8010
96562	1119	53614
96563	2747	49270
96564	7994	55192
96565	7996	59593
96566	7999	32348
96567	2762	13015
96568	8062	8145
96569	8078	33265
96570	8089	47945
96571	8094	8122
96572	8095	8106
96573	8120	8148
96574	1127	6042
96575	8180	8278
96576	8182	35932
96577	8206	44893
96578	8209	42190
96579	1141	62198
96580	8251	17451
96581	8288	64763
96582	8306	41227
96583	2804	4659
96584	8325	61828
96585	2810	54922
96586	8339	58183
96587	8399	47620
96588	8435	8441
96589	1169	47368
96590	8500	40796
96591	2838	52950
96592	8544	54793
96593	8565	50288
96594	8578	27565
96595	2850	37737
96596	8621	40530
96597	8656	16380
96598	8668	27826
96599	8673	64408
96600	8677	8823
96601	8708	25218
96602	8720	61631
96603	8722	20751
96604	2867	39575
96605	8729	63988
96606	8730	12420
96607	8749	15341
96608	448	49543
96609	2879	40351
96610	2881	66069
96611	8817	52115
96612	8819	53489
96613	8855	74236
96614	8856	46268
96615	8861	75230
96616	8924	42642
96617	8926	46171
96618	8928	54284
96619	8940	47365
96620	2920	48414
96621	8976	56705
96622	9079	21102
96623	9093	9094
96624	9152	46021
96625	9246	24794
96626	9274	20862
96627	469	1693
96628	2958	30083
96629	178	24803
96630	9351	9375
96631	9351	29831
96632	9377	36035
96633	9391	57876
96634	9448	51337
96635	9449	52972
96636	9465	57070
96637	9490	9516
96638	9544	70075
96639	9549	21922
96640	9555	60531
96641	9582	29358
96642	9584	9588
96643	9664	43229
96644	2995	52969
96645	9686	24228
96646	9717	34416
96647	9735	40030
96648	184	1189
96649	9775	45922
96650	9780	9898
96651	9795	9821
96652	88	1130
96653	9873	26345
96654	3014	45225
96655	487	634
96656	9918	9923
96657	9930	29038
96658	9933	13886
96659	9948	20396
96660	9968	10007
96661	3024	4658
96662	9997	11742
96663	10013	35384
96664	10044	67680
96665	10065	54826
96666	1282	46333
96667	10078	28968
96668	10078	70010
96669	492	51730
96670	10108	67447
96671	10114	38895
96672	10114	43150
96673	10158	70376
96674	10177	28655
96675	10198	75255
96676	10236	10285
96677	10344	33011
96678	10376	10377
96679	10412	25011
96680	10472	34679
96681	10530	49164
96682	10581	43988
96683	10615	50717
96684	10627	13067
96685	10730	28019
96686	3109	3718
96687	10736	47887
96688	3112	57137
96689	10763	14003
96690	10771	41702
96691	10896	71250
96692	10923	18009
96693	11002	46185
96694	11051	11056
96695	3138	25492
96696	11079	11086
96697	11087	29598
96698	11089	35912
96699	3146	10917
96700	11109	32466
96701	11131	57701
96702	11133	58783
96703	11139	23375
96704	11143	50351
96705	11178	54266
96706	11179	44783
96707	11182	17222
96708	11201	32077
96709	11250	11566
96710	11258	25005
96711	11290	14724
96712	11346	24073
96713	3201	8393
96714	88004	865
96715	86757	20182
96716	3199	9316
96717	517	2849
96718	3199	35961
96719	11354	11770
96720	3199	21651
96721	3199	12644
96722	3199	20220
96723	84321	40134
96724	11354	14871
96725	11354	22134
96726	11354	13836
96727	3199	36237
96728	559	1256
96729	3199	29811
96730	11354	18467
96731	517	2938
96732	11354	13568
96733	517	1627
96734	3200	3975
96735	87993	64563
96736	11354	15544
96737	3200	5532
96738	3200	8318
96739	3200	5281
96740	11356	12928
96741	87994	72403
96742	11357	32353
96743	3200	9158
96744	11359	15342
96745	11359	22064
96746	11359	16265
96747	11359	17606
96748	11359	46074
96749	87990	6265
96750	11359	32521
96751	11361	11491
96752	11361	16620
96753	11361	31547
96754	11361	29317
96755	191	18987
96756	11362	13371
96757	11362	18473
96758	11362	13804
96759	11362	23187
96760	11364	11365
96761	11366	14667
96762	11368	11372
96763	11368	13611
96764	11369	18114
96765	11371	14889
96766	1335	3766
96767	3201	5050
96768	11371	11546
96769	1335	18994
96770	11371	17244
96771	11371	14732
96772	11371	18316
96773	517	1080
96774	11371	19539
96775	11371	26513
96776	3201	4986
96777	11371	13280
96778	11371	16572
96779	191	12223
96780	88008	29263
96781	11371	12416
96782	3201	3493
96783	11371	12260
96784	11371	21018
96785	1335	16845
96786	11371	32075
96787	3201	4453
96788	87979	42994
96789	87987	58537
96790	87989	58296
96791	11372	16164
96792	11372	11815
96793	79445	1925
96794	11372	12030
96795	11372	24092
96796	11372	24820
96797	3201	13043
96798	517	3910
96799	1335	17539
96800	3201	4795
96801	88012	77515
96802	11372	33539
96803	11374	20302
96804	11374	12680
96805	11374	34870
96806	11378	13949
96807	11378	19231
96808	1335	22581
96809	88010	6792
96810	11379	19955
96811	3201	9503
96812	84282	73866
96813	11379	33358
96814	11379	21853
96815	517	4133
96816	191	2829
96817	11382	17273
96818	11383	13658
96819	11383	19088
96820	3201	21711
96821	11383	21824
96822	3201	10259
96823	11383	27919
96824	22	3462
96825	11383	18052
96826	1335	9460
96827	1335	5654
96828	1335	18768
96829	11383	40116
96830	11383	25450
96831	3201	22256
96832	11383	16708
96833	11384	17647
96834	11384	23094
96835	11384	12828
96836	11384	12118
96837	87980	7912
96838	11384	16722
96839	11384	27272
96840	11384	41176
96841	11384	16359
96842	11384	43023
96843	11384	21012
96844	11387	12092
96845	3201	6954
96846	11388	21122
96847	11388	20659
96848	11396	19201
96849	11390	17254
96850	11390	13373
96851	11390	18438
96852	11390	18446
96853	11391	17469
96854	11392	11399
96855	11397	16395
96856	11397	18363
96857	3201	9012
96858	11397	13012
96859	88025	78620
96860	87978	81347
96861	11401	16444
96862	11401	17815
96863	11401	21235
96864	11401	21492
96865	11401	24339
96866	1336	11721
96867	11401	15003
96868	3201	26902
96869	11401	25278
96870	11401	13372
96871	11401	21005
96872	517	11010
96873	3201	11308
96874	11401	17332
96875	3201	14770
96876	11401	16941
96877	11401	20566
96878	84292	8489
96879	11402	14566
96880	11402	14424
96881	3203	3207
96882	11402	25335
96883	11402	16889
96884	192	4675
96885	11402	19210
96886	1336	10221
96887	11402	21478
96888	11402	12464
96889	1336	7620
96890	88030	2092
96891	3204	13193
96892	1336	27969
96893	84289	10934
96894	11402	29478
96895	11403	11449
96896	11403	26279
96897	11403	36931
96898	11409	16457
96899	11406	11427
96900	11408	11435
96901	11409	15611
96902	11409	24094
96903	11411	11415
96904	11411	15595
96905	11411	11792
96906	3204	15084
96907	3204	11262
96908	3204	20681
96909	11413	14408
96910	192	2611
96911	3204	5893
96912	11413	15388
96913	11413	17835
96914	11413	15239
96915	3205	5652
96916	11413	13734
96917	11413	12730
96918	3205	10534
96919	11413	15611
96920	11413	12038
96921	3206	4486
96922	11417	15847
96923	3206	5836
96924	11413	37525
96925	11414	18743
96926	11416	11447
96927	11417	12212
96928	11417	30120
96929	517	17748
96930	11418	11430
96931	11418	12220
96932	11418	15689
96933	11418	23206
96934	11418	11876
96935	1336	17945
96936	3208	7654
96937	84294	34318
96938	3208	6089
96939	11420	14946
96940	1337	1477
96941	3208	3264
96942	3454	15875
96943	78699	10501
96944	11420	19570
96945	84304	7964
96946	4	7482
96947	46	23279
96948	1337	7673
96949	84297	77911
96950	3208	5925
96951	11420	15772
96952	11420	22385
96953	11402	14285
96954	517	15844
96955	11420	14029
96956	88040	6184
96957	11420	19003
96958	11420	19024
96959	3208	5490
96960	3208	7581
96961	11420	16063
96962	3208	8337
96963	3208	13240
96964	11420	30642
96965	84301	16559
96966	1337	10137
96967	1337	3356
96968	3208	19641
96969	1337	12134
96970	82304	10475
96971	84313	21432
96972	11420	16820
96973	1337	4853
96974	11421	11434
96975	11422	19187
96976	11422	15968
96977	11425	19790
96978	11425	22659
96979	11425	16410
96980	11425	14090
96981	11425	14055
96982	11425	17918
96983	11426	21548
96984	11426	15061
96985	11427	16773
96986	11427	16050
96987	11428	18350
96988	11428	20695
96989	11443	18965
96990	11428	42414
96991	11430	16190
96992	11430	34965
96993	3208	7474
96994	11430	13933
96995	11430	23587
96996	11430	31461
96997	11431	19397
96998	11432	15951
96999	11433	11453
97000	11435	21493
97001	1337	2241
97002	13095	13544
97003	11436	19159
97004	11437	11445
97005	11438	18128
97006	11438	19232
97007	11438	15888
97008	11438	28207
97009	11438	44268
97010	11438	32433
97011	3209	3843
97012	192	2154
97013	3210	3264
97014	11438	15085
97015	517	18827
97016	11439	27845
97017	11439	23598
97018	3210	19827
97019	11439	33147
97020	11439	15486
97021	11439	49750
97022	11439	22142
97023	11439	50155
97024	11441	16084
97025	3210	4852
97026	11441	35491
97027	11442	31820
97028	3211	5179
97029	11443	12145
97030	3210	4672
97031	11443	21723
97032	11443	13627
97033	11443	20211
97034	11443	17894
97035	11443	19414
97036	1337	6513
97037	82321	12253
97038	11446	17503
97039	3210	18118
97040	1337	4707
97041	11446	13972
97042	11446	11803
97043	88055	20539
97044	11448	14800
97045	3211	9196
97046	11448	35253
97047	11448	30591
97048	11449	11577
97049	11450	12034
97050	11450	16975
97051	11450	27923
97052	11450	15054
97053	11450	15403
97054	3211	9998
97055	11450	50948
97056	3211	6144
97057	11451	11454
97058	1337	5027
97059	11452	35604
97060	11452	20706
97061	11452	13335
97062	11452	19354
97063	11452	23894
97064	11452	15906
97065	22	8600
97066	11452	11472
97067	11452	17491
97068	11453	11668
97069	11453	15945
97070	11453	17273
97071	11453	12833
97072	11453	32985
97073	3211	35234
97074	3211	17643
97075	11458	11626
97076	11458	15905
97077	12	719
97078	11460	20532
97079	11460	14884
97080	11460	41030
97081	11460	15988
97082	3211	18662
97083	11461	15539
97084	11462	14800
97085	11463	17653
97086	3211	5567
97087	11467	16608
97088	11467	15990
97089	11467	21145
97090	11472	13791
97091	11469	21371
97092	11467	15762
97093	3211	12749
97094	11469	13330
97095	11470	11505
97096	3211	13673
97097	84306	27684
97098	3212	5864
97099	11472	19615
97100	1337	8225
97101	11472	22714
97102	11472	42635
97103	11472	32769
97104	11475	18811
97105	11476	11521
97106	11476	18932
97107	3212	10044
97108	518	11308
97109	11479	11506
97110	11480	11494
97111	11480	21607
97112	11480	18460
97113	11480	24979
97114	11482	13058
97115	11484	16687
97116	3212	6047
97117	11484	13230
97118	11484	16772
97119	3212	10074
97120	3212	7649
97121	11484	25560
97122	3212	4773
97123	11484	13793
97124	3212	5186
97125	88059	9893
97126	11484	20704
97127	11485	27401
97128	11487	11503
97129	11489	29176
97130	11491	41897
97131	3212	8660
97132	11495	20757
97133	11495	22507
97134	11496	13800
97135	11496	13181
97136	3212	3348
97137	84309	2140
97138	88062	40177
97139	3212	3462
97140	11496	22054
97141	11496	20791
97142	11498	11513
97143	11499	11527
97144	11498	19529
97145	11498	16770
97146	11499	11539
97147	11500	39229
97148	11503	15174
97149	11503	27428
97150	11503	23204
97151	11506	26442
97152	11506	13962
97153	11506	21994
97154	11506	12907
97155	11506	27593
97156	1337	10568
97157	11510	12371
97158	11510	31393
97159	11510	12218
97160	11506	11900
97161	11516	35131
97162	11518	41000
97163	11520	13379
97164	11520	12628
97165	11521	17577
97166	11521	15409
97167	11522	11524
97168	3212	11841
97169	11523	14764
97170	11525	22045
97171	11525	17277
97172	11525	12730
97173	11526	11551
97174	84156	11322
97175	11527	19000
97176	11527	23977
97177	11527	11730
97178	3212	8384
97179	11527	14053
97180	93	9696
97181	11527	28804
97182	11527	11934
97183	11527	38399
97184	11527	26417
97185	1338	15513
97186	1339	1349
97187	11527	11729
97188	11527	18827
97189	192	6316
97190	11527	39368
97191	11528	18916
97192	519	16405
97193	11528	11635
97194	3212	9227
97195	84154	4926
97196	11528	17815
97197	3212	15815
97198	11528	19659
97199	521	1378
97200	1340	4438
97201	11528	13827
97202	11528	19775
97203	3212	8354
97204	11532	34126
97205	11531	12005
97206	11531	12604
97207	11536	18448
97208	46	27300
97209	11536	11968
97210	11536	22835
97211	11536	12212
97212	11537	14870
97213	11537	33123
97214	11538	15540
97215	11538	20541
97216	11539	13109
97217	11539	36985
97218	11541	12376
97219	11541	11689
97220	11541	23550
97221	11541	12618
97222	22	28509
97223	1340	10622
97224	11545	19216
97225	11542	16107
97226	11542	15383
97227	11542	11938
97228	88075	11129
97229	11542	16833
97230	11544	24882
97231	11545	18475
97232	88086	2577
97233	88080	6298
97234	3212	9222
97235	11545	25369
97236	11546	15543
97237	11546	19275
97238	11546	16799
97239	1341	4958
97240	11546	13942
97241	11546	29566
97242	1341	2450
97243	11546	20507
97244	11546	17918
97245	11546	48537
97246	11547	13467
97247	11546	19150
97248	11547	21421
97249	88084	5952
97250	88079	5160
97251	11547	24182
97252	11548	12745
97253	11550	17659
97254	11550	29255
97255	11550	24781
97256	11550	19269
97257	11550	34893
97258	11550	28905
97259	11550	19264
97260	11550	47009
97261	11550	28751
97262	88082	15690
97263	3212	31292
97264	11554	14923
97265	11554	37748
97266	88090	11961
97267	11575	27617
97268	11559	11562
97269	11560	13371
97270	11560	21506
97271	3213	3216
97272	11564	11570
97273	11565	22933
97274	11568	15223
97275	11569	34974
97276	11572	11591
97277	11572	13298
97278	11573	11581
97279	11573	17750
97280	11575	18176
97281	84356	33087
97282	11575	14800
97283	3214	3441
97284	11577	19641
97285	11578	11611
97286	11578	34409
97287	11579	11617
97288	11577	14842
97289	11584	15618
97290	11584	16521
97291	11584	14669
97292	11587	15885
97293	11585	29300
97294	11586	24475
97295	11586	14790
97296	11587	20151
97297	11587	18437
97298	11587	12034
97299	11587	18911
97300	3217	17819
97301	3218	3228
97302	11587	14904
97303	11588	16455
97304	11591	17778
97305	11591	22563
97306	11635	20206
97307	1341	3834
97308	88091	29633
97309	11591	36775
97310	11591	22742
97311	11591	46005
97312	3219	36774
97313	11595	15057
97314	3219	7609
97315	11593	22974
97316	11595	34467
97317	11595	33576
97318	11595	16287
97319	3221	3985
97320	11596	13373
97321	3221	12258
97322	3221	5008
97323	11596	22012
97324	11599	22854
97325	11599	22563
97326	11599	17387
97327	84318	1632
97328	3221	23666
97329	11599	36674
97330	11599	27729
97331	11575	17662
97332	11600	11635
97333	3222	15046
97334	3223	6316
97335	192	8683
97336	11600	33175
97337	11600	25715
97338	11600	13365
97339	11600	19111
97340	11600	11879
97341	11600	46847
97342	11601	11636
97343	11602	13496
97344	11609	21711
97345	11610	17932
97346	11610	44910
97347	11611	11788
97348	11611	22752
97349	11611	33616
97350	11613	15183
97351	192	9448
97352	11614	12956
97353	1341	3608
97354	11614	35131
97355	11614	15260
97356	11614	19046
97357	11614	27093
97358	80304	6489
97359	88095	12108
97360	11614	15095
97361	11614	16545
97362	11614	26296
97363	11614	35241
97364	11614	13907
97365	3225	16285
97366	88097	18195
97367	88108	11109
97368	11614	38677
97369	11614	16941
97370	11614	22766
97371	11614	16495
97372	11614	22447
97373	11614	12785
97374	11615	16494
97375	11616	59156
97376	79748	25664
97377	11619	20694
97378	11621	16486
97379	3225	5037
97380	11621	11791
97381	11621	12118
97382	11621	15540
97383	3225	5753
97384	11624	19453
97385	11624	21856
97386	3225	9104
97387	11625	17136
97388	11625	33348
97389	11626	11856
97390	11626	15210
97391	11627	11629
97392	11628	13225
97393	11628	12466
97394	11628	12878
97395	11628	23837
97396	3225	11632
97397	11628	14218
97398	11628	15403
97399	11632	14901
97400	11628	14937
97401	3225	4692
97402	11632	14956
97403	11632	13260
97404	1342	1836
97405	192	3450
97406	3225	35605
97407	1342	2034
97408	88107	1609
97409	11632	15515
97410	11632	29011
97411	11632	25090
97412	11632	21695
97413	11632	25127
97414	88106	16882
97415	11633	15402
97416	3225	32424
97417	11633	15413
97418	11633	13647
97419	11633	32159
97420	11634	32943
97421	11635	19810
97422	11614	18052
97423	11635	32886
97424	11635	37853
97425	11638	12468
97426	11638	31324
97427	11639	30024
97428	11640	11648
97429	11643	21711
97430	11641	11672
97431	11641	20317
97432	11642	25359
97433	84134	53798
97434	11643	19998
97435	1342	4747
97436	11643	12630
97437	11644	11662
97438	11645	20449
97439	11648	18703
97440	11648	17516
97441	11648	12635
97442	11648	20937
97443	11648	15813
97444	11648	13048
97445	11648	16755
97446	11651	11655
97447	11651	42917
97448	3229	3238
97449	11652	13053
97450	11652	17215
97451	11652	21456
97452	11652	18944
97453	11652	15515
97454	11652	15746
97455	11653	11786
97456	3231	3519
97457	84324	10900
97458	11653	25716
97459	11653	14827
97460	11653	21436
97461	3231	11960
97462	4	9186
97463	11653	33356
97464	3232	4528
97465	88123	23663
97466	11643	24832
97467	11655	19696
97468	11655	13714
97469	11656	19197
97470	3233	3379
97471	11656	16602
97472	11656	15963
97473	1343	1736
97474	11658	11668
97475	11657	21455
97476	11657	13177
97477	11658	11803
97478	11658	20330
97479	11658	24813
97480	3233	12658
97481	11658	28471
97482	3233	17440
97483	11658	27775
97484	11658	29668
97485	11659	13031
97486	11660	26649
97487	522	1989
97488	11661	22378
97489	11661	19912
97490	11661	18145
97491	11663	16783
97492	11663	18147
97493	11664	20793
97494	11664	15060
97495	11664	21749
97496	11664	18863
97497	11665	23548
97498	11665	13557
97499	11666	11913
97500	3235	5105
97501	3235	16848
97502	11668	22963
97503	11668	18048
97504	3235	4716
97505	1344	4118
97506	11669	15216
97507	11669	25379
97508	3240	15722
97509	1344	7159
97510	11669	16302
97511	11669	24444
97512	11669	21457
97513	11669	16969
97514	11669	22579
97515	11669	29976
97516	11672	12255
97517	11672	42189
97518	11672	15515
97519	11669	15037
97520	3240	11029
97521	3240	6139
97522	3241	3259
97523	11673	46609
97524	11674	11675
97525	11676	11678
97526	11679	11682
97527	11681	17334
97528	11681	11787
97529	11681	15054
97530	522	1900
97531	88126	3
97532	11681	18904
97533	11681	20502
97534	11681	12291
97535	3242	9391
97536	11681	50099
97537	11684	15390
97538	11685	11691
97539	3242	4789
97540	11689	15383
97541	11689	30433
97542	11689	26587
97543	11689	16144
97544	11689	27165
97545	11689	14652
97546	88141	11272
97547	22	2184
97548	84329	2931
97549	3242	15348
97550	192	5755
97551	11692	26651
97552	11699	11702
97553	11695	11700
97554	3242	5257
97555	11699	15105
97556	11699	17827
97557	11699	17815
97558	11699	13953
97559	3242	19084
97560	11699	37513
97561	11699	27352
97562	11699	16592
97563	11699	29670
97564	1344	2216
97565	11701	16444
97566	11701	12989
97567	84341	8492
97568	11702	12304
97569	11702	12485
97570	11702	15950
97571	3242	10082
97572	3242	13137
97573	3242	4708
97574	11702	12383
97575	11702	13025
97576	11702	13133
97577	3242	20511
97578	11702	20214
97579	11702	20598
97580	11702	26745
97581	88149	11252
97582	11702	19820
97583	3242	15153
97584	11703	11711
97585	11705	29876
97586	11707	12686
97587	11710	15104
97588	11710	11811
97589	11710	15707
97590	3242	23973
97591	1344	5216
97592	11710	16783
97593	522	24148
97594	522	24040
97595	11710	14229
97596	3242	29888
97597	11713	13069
97598	11714	11715
97599	11716	17971
97600	11716	19024
97601	523	7519
97602	3242	21861
97603	11716	26466
97604	11718	26281
97605	3242	13501
97606	11718	43522
97607	11718	27665
97608	11721	12820
97609	11722	16266
97610	192	7450
97611	11723	12130
97612	11723	17578
97613	3243	5066
97614	46	37205
97615	523	3378
97616	523	2863
97617	11723	16921
97618	523	3255
97619	3244	5205
97620	11723	35371
97621	11723	33363
97622	11723	31831
97623	11725	26296
97624	11725	36961
97625	11725	15618
97626	11725	43075
97627	11725	19017
97628	11725	26796
97629	3244	36892
97630	84098	2398
97631	11726	12881
97632	84097	5137
97633	11728	12502
97634	1346	5900
97635	11728	21038
97636	11728	14487
97637	11729	15163
97638	11729	21012
97639	11729	16836
97640	46	46377
97641	11729	13822
97642	3244	24103
97643	1346	1790
97644	3245	7678
97645	3245	3257
97646	1346	2066
97647	3245	4058
97648	11730	11821
97649	11730	15239
97650	3245	5120
97651	11730	13280
97652	3245	20704
97653	1346	5325
97654	11730	21012
97655	3245	16037
97656	11730	14020
97657	11730	26745
97658	11730	18768
97659	1346	2562
97660	22	5955
97661	11730	15002
97662	11730	21538
97663	11730	19648
97664	11730	21824
97665	3245	5349
97666	3245	17806
97667	11730	12580
97668	11730	14891
97669	1346	4674
97670	3245	8399
97671	523	1620
97672	3245	5867
97673	11731	11771
97674	11731	16444
97675	11731	16092
97676	11731	21749
97677	11731	20381
97678	11732	12166
97679	3247	6354
97680	11732	20865
97681	192	10644
97682	11732	20576
97683	0	7595
97684	3247	8261
97685	11733	15534
97686	11733	21928
97687	11733	21432
97688	11733	12004
97689	1346	13488
97690	88174	25307
97691	11736	38880
97692	11736	17205
97693	11736	54161
97694	11740	24634
97695	1346	9439
97696	3247	8314
97697	11741	11763
97698	11743	13956
97699	11743	12871
97700	11743	13362
97701	523	8926
97702	1348	1768
97703	88182	8184
97704	3247	10836
97705	11743	22144
97706	11743	13026
97707	46	26479
97708	1347	6500
97709	1347	2554
97710	11743	12218
97711	11745	12794
97712	3247	14511
97713	3247	3474
97714	11745	16832
97715	11747	19406
97716	11747	13393
97717	11747	31947
97718	1	10223
97719	11747	18984
97720	11747	19043
97721	11747	13964
97722	3247	4531
97723	3247	5431
97724	11747	16791
97725	11747	22134
97726	1348	2297
97727	11751	11996
97728	1348	9629
97729	523	21401
97730	88186	28970
97731	11751	23135
97732	11751	19481
97733	3247	27433
97734	11751	34515
97735	88189	3062
97736	11751	17401
97737	84352	9013
97738	3247	5627
97739	11751	14978
97740	1348	1708
97741	11752	16959
97742	1348	8181
97743	11752	17040
97744	11751	13925
97745	11752	16657
97746	84377	7322
97747	11752	28681
97748	11752	26109
97749	523	12556
97750	84370	1590
97751	84360	32020
97752	523	19216
97753	3247	18945
97754	11752	42054
97755	3247	6329
97756	1348	10734
97757	1348	7604
97758	11752	32792
97759	11753	40869
97760	3247	11248
97761	1348	8468
97762	3247	7684
97763	523	4732
97764	3247	19734
97765	11753	25649
97766	11753	16197
97767	93	498
97768	11754	12729
97769	11754	16254
97770	11754	19084
97771	11755	33554
97772	11755	13176
97773	11755	34822
97774	11756	11778
97775	11757	11776
97776	11757	15556
97777	11757	13739
97778	3247	8563
97779	11757	40600
97780	11751	17905
97781	11759	26650
97782	3248	10056
97783	11759	15557
97784	11759	11940
97785	11760	15003
97786	3249	5057
97787	3249	5961
97788	11760	14697
97789	11761	13912
97790	84084	12865
97791	11765	11842
97792	11762	30785
97793	11762	12850
97794	88205	5917
97795	1348	13318
97796	11766	11780
97797	11767	17862
97798	11767	12416
97799	11768	28467
97800	3249	3350
97801	11768	25913
97802	11768	20627
97803	11768	20763
97804	3249	10438
97805	1348	26231
97806	3249	7517
97807	11769	14375
97808	3249	11201
97809	11769	17533
97810	1348	7726
97811	3249	18940
97812	11770	20442
97813	11770	24495
97814	84361	4689
97815	3249	21168
97816	3250	3296
97817	11770	16814
97818	11770	19043
97819	11770	36746
97820	11770	17578
97821	11770	21445
97822	3250	16779
97823	11770	23803
97824	11771	43077
97825	11772	28286
97826	4	475
97827	11775	12855
97828	1348	14998
97829	3254	4209
97830	11778	15003
97831	84080	3666
97832	11779	29938
97833	11781	20521
97834	11781	13685
97835	11781	12284
97836	3254	13711
97837	11781	19824
97838	11781	16791
97839	1348	3198
97840	11782	16432
97841	84350	16882
97842	11782	17465
97843	11782	23023
97844	84366	17178
97845	88236	85690
97846	84371	18642
97847	11782	32768
97848	11782	14327
97849	11782	14021
97850	523	5760
97851	523	5009
97852	11782	22385
97853	11782	28843
97854	11782	43892
97855	11782	12831
97856	11782	45484
97857	1348	12891
97858	11782	26064
97859	1348	12291
97860	1348	8755
97861	3254	9000
97862	11783	11810
97863	11784	23515
97864	523	18422
97865	523	10739
97866	81165	16725
97867	11786	13645
97868	3254	33659
97869	47	59
97870	11788	36465
97871	11786	47735
97872	3254	9285
97873	11787	22104
97874	11788	27404
97875	11788	24838
97876	11789	62638
97877	11790	12592
97878	11789	13821
97879	11791	14466
97880	11791	30673
97881	11792	13647
97882	3254	9412
97883	11792	12028
97884	3254	11288
97885	523	22461
97886	11792	28150
97887	11792	29728
97888	11792	15140
97889	11793	14817
97890	11793	15513
97891	11793	18744
97892	11794	19395
97893	11794	17795
97894	3255	5002
97895	3255	5195
97896	11794	32134
97897	11795	16653
97898	3255	6089
97899	3255	5900
97900	3255	5205
97901	11796	14486
97902	11796	16200
97903	1350	16590
97904	11796	15486
97905	1351	1365
97906	11796	15090
97907	11796	26790
97908	11796	16589
97909	3255	8890
97910	524	3721
97911	11796	15867
97912	11797	11815
97913	11797	13761
97914	3255	7854
97915	11800	35627
97916	11800	35128
97917	11801	13893
97918	11801	16302
97919	3255	9555
97920	11801	27005
97921	11801	19120
97922	3255	12485
97923	11801	12004
97924	93	4689
97925	11802	19888
97926	11802	14196
97927	11802	25545
97928	11802	41562
97929	11802	36008
97930	22	8240
97931	3255	5371
97932	11803	18890
97933	11803	13820
97934	11803	13937
97935	3255	21912
97936	11803	28148
97937	11804	16404
97938	11804	29730
97939	1352	18993
97940	11804	12004
97941	3255	46979
97942	3255	19626
97943	11805	12093
97944	11805	21531
97945	11805	13081
97946	11807	12560
97947	3255	14024
97948	11807	37590
97949	11807	44628
97950	11807	22087
97951	11807	12644
97952	3255	6021
97953	11809	15579
97954	11808	11911
97955	1353	20217
97956	11809	21868
97957	11809	15858
97958	11809	43032
97959	11809	13489
97960	88242	14069
97961	84379	40
97962	11811	15544
97963	3256	30597
97964	3256	15551
97965	11811	12272
97966	84069	5137
97967	11811	15532
97968	3257	4066
97969	11811	29198
97970	3257	6234
97971	3257	5835
97972	3257	15375
97973	11811	12289
97974	3257	17674
97975	192	8370
97976	3257	28572
97977	11811	21890
97978	84392	19000
97979	3258	16653
97980	11811	18380
97981	11811	11887
97982	3258	8352
97983	526	1825
97984	3258	34993
97985	11813	30795
97986	3258	4936
97987	1355	8602
97988	11815	17340
97989	11815	15519
97990	526	13635
97991	11816	15042
97992	11816	18959
97993	1355	3107
97994	11816	19687
97995	82349	10804
97996	11817	43865
97997	11817	20303
97998	11818	19498
97999	3258	16545
98000	84056	5737
98001	192	13009
98002	3258	28886
98003	11820	29655
98004	11820	30532
98005	11820	27248
98006	1355	32469
98007	11821	47547
98008	11823	18307
98009	11823	18032
98010	3258	13318
98011	11824	37525
98012	11824	21661
98013	11824	17578
98014	11816	19807
98015	3260	7669
98016	3260	3544
98017	11824	29876
98018	11782	11811
98019	3260	4201
98020	11824	14429
98021	3260	10205
98022	82353	6254
98023	3260	5370
98024	526	1284
98025	11824	19926
98026	11824	16511
98027	11825	11831
98028	11829	35771
98029	11832	11834
98030	1355	2961
98031	82352	2598
98032	3260	5371
98033	3260	5899
98034	3260	6195
98035	3260	12923
98036	3260	9503
98037	11835	22818
98038	1355	3125
98039	3260	21538
98040	3260	23990
98041	11835	15564
98042	11835	32640
98043	11835	13308
98044	1	7974
98045	11835	25369
98046	3260	10323
98047	11811	15917
98048	11835	24882
98049	3260	36961
98050	11835	11985
98051	3261	3265
98052	11835	20555
98053	11835	20437
98054	11838	26008
98055	11838	38531
98056	11839	14884
98057	11839	22228
98058	3262	9391
98059	3262	6018
98060	11841	20803
98061	11841	13133
98062	11841	16452
98063	11841	15968
98064	11841	18660
98065	3262	3705
98066	11841	15902
98067	88273	5906
98068	11845	14615
98069	1355	31078
98070	11841	14786
98071	11841	16404
98072	3262	19817
98073	11843	29565
98074	11842	13925
98075	11845	11912
98076	3262	8628
98077	88269	78445
98078	3262	21749
98079	11845	26799
98080	11845	13937
98081	11845	26505
98082	3262	10105
98083	11845	36763
98084	1355	3084
98085	88274	81929
98086	11841	23135
98087	1356	15896
98088	11845	20478
98089	11841	18717
98090	3262	16872
98091	11847	11858
98092	11847	17244
98093	3262	12160
98094	11847	35955
98095	11847	13355
98096	11848	11859
98097	11848	13475
98098	11848	12850
98099	11850	16117
98100	11850	42841
98101	11850	21766
98102	11850	18122
98103	11851	16709
98104	11852	12828
98105	11852	19631
98106	1356	6102
98107	11854	55543
98108	11856	30395
98109	11856	21598
98110	11858	14834
98111	11862	16294
98112	11858	15078
98113	11862	14868
98114	11862	12314
98115	11862	11960
98116	11862	22943
98117	3263	3372
98118	11862	14736
98119	3263	3448
98120	11862	19827
98121	11863	24253
98122	3263	4083
98123	11864	14503
98124	11865	11877
98125	11865	13043
98126	3263	4690
98127	11870	14326
98128	11870	16789
98129	11870	27803
98130	11870	15403
98131	11870	17827
98132	11870	52104
98133	11872	34498
98134	11873	37183
98135	3263	10724
98136	3263	17150
98137	3263	6354
98138	3263	11262
98139	11874	18430
98140	526	18570
98141	88297	8267
98142	84443	13972
98143	11875	27384
98144	1356	13762
98145	11875	12671
98146	11876	26697
98147	3263	9000
98148	3263	33880
98149	526	8833
98150	1356	6341
98151	3263	5336
98152	11876	39886
98153	11877	13440
98154	47	1754
98155	11877	27177
98156	47	2593
98157	11877	26262
98158	11877	13059
98159	11877	13096
98160	11877	19000
98161	11878	20948
98162	11877	15090
98163	11878	40498
98164	11878	18365
98165	526	8585
98166	11879	24731
98167	11879	13254
98168	3263	12671
98169	526	6046
98170	11879	21268
98171	84007	9049
98172	1356	1454
98173	11881	35519
98174	11883	11893
98175	11885	19322
98176	11886	32792
98177	11887	17501
98178	11889	23259
98179	11889	21021
98180	1356	1402
98181	11889	13526
98182	11891	54271
98183	11895	25812
98184	526	24389
98185	1356	1838
98186	1356	2133
98187	11896	19209
98188	11896	16761
98189	192	8337
98190	88310	7713
98191	11896	11897
98192	11896	12413
98193	11896	13475
98194	527	4991
98195	84400	732
98196	11897	14844
98197	11897	12543
98198	11899	11907
98199	3264	10159
98200	11900	17395
98201	84031	3095
98202	527	5080
98203	11901	33147
98204	11901	16696
98205	3264	4734
98206	88294	7796
98207	1356	17261
98208	192	2119
98209	11901	25200
98210	11901	24897
98211	11902	11974
98212	11902	32440
98213	93	6188
98214	11902	19013
98215	11903	20589
98216	11903	21012
98217	11904	14997
98218	88302	1238
98219	527	5199
98220	84414	9016
98221	11904	15508
98222	11906	14549
98223	11906	19266
98224	11906	32359
98225	11913	11935
98226	11909	16037
98227	11909	25407
98228	11909	17911
98229	11909	15239
98230	3264	11066
98231	11912	14751
98232	11913	18388
98233	11913	27093
98234	11913	15594
98235	11913	17795
98236	88300	77779
98237	3264	11175
98238	11913	12983
98239	11913	16071
98240	11915	11920
98241	11916	20440
98242	11916	20034
98243	11916	29354
98244	11917	11952
98245	11917	12294
98246	3264	8861
98247	11917	18890
98248	11917	16722
98249	11918	12710
98250	11918	25145
98251	3264	10609
98252	11921	12291
98253	11922	11937
98254	11922	16023
98255	11925	16135
98256	192	5243
98257	11927	15306
98258	11928	18179
98259	11929	18145
98260	84418	267
98261	84416	25386
98262	11930	23341
98263	11930	35239
98264	11931	44232
98265	11931	41206
98266	11931	17808
98267	11932	11973
98268	11932	33597
98269	527	7669
98270	11932	29811
98271	1356	2780
98272	11933	21826
98273	11933	20660
98274	11933	23730
98275	3264	5736
98276	11934	13365
98277	11934	16602
98278	84018	9623
98279	11934	16865
98280	1	17000
98281	11934	23021
98282	11934	17578
98283	11934	19343
98284	22	9021
98285	11934	21327
98286	1356	4657
98287	11935	12260
98288	527	7971
98289	11934	15530
98290	84026	77555
98291	527	2307
98292	11934	33670
98293	11934	18237
98294	88307	26324
98295	80314	78891
98296	11935	19395
98297	1356	8315
98298	11935	19069
98299	11938	16921
98300	11936	23394
98301	11937	22574
98302	11938	13868
98303	11938	11974
98304	11938	13137
98305	47	2747
98306	3264	19648
98307	11938	26200
98308	11938	24824
98309	11938	13501
98310	11938	19855
98311	11939	12828
98312	11939	18558
98313	192	15949
98314	11940	29255
98315	11940	18768
98316	527	9592
98317	11940	43669
98318	11940	26651
98319	527	10732
98320	11940	15753
98321	11942	11954
98322	11943	18503
98323	11943	23310
98324	1356	10940
98325	11947	31100
98326	11948	33475
98327	11948	13126
98328	84012	19833
98329	11948	60254
98330	11949	18778
98331	11949	24837
98332	11950	34611
98333	11950	15306
98334	11951	25588
98335	11953	15189
98336	11952	36056
98337	11953	11956
98338	11953	16713
98339	11955	15356
98340	11956	19734
98341	11960	34948
98342	3264	17616
98343	1357	1403
98344	11960	15059
98345	11961	34468
98346	1357	1706
98347	11962	18945
98348	11963	11971
98349	11966	16180
98350	11966	25751
98351	11966	14033
98352	11967	22486
98353	11967	24514
98354	11968	12449
98355	11968	22014
98356	11968	34633
98357	11969	20626
98358	527	10696
98359	11972	16545
98360	1357	6244
98361	11974	17499
98362	11974	21611
98363	88334	16470
98364	1357	7892
98365	11974	13555
98366	1357	7956
98367	3266	3990
98368	11974	21323
98369	11974	17878
98370	3269	15454
98371	84425	8228
98372	3269	9842
98373	3269	16649
98374	3269	12676
98375	3269	35334
98376	88332	9107
98377	11975	25765
98378	3269	18940
98379	1357	4050
98380	3269	12465
98381	11975	24951
98382	11975	15738
98383	11975	22587
98384	84013	21017
98385	11977	29101
98386	11977	41690
98387	3269	20206
98388	527	1239
98389	11980	31065
98390	11981	36763
98391	1357	10181
98392	11982	12014
98393	88346	23674
98394	84435	18466
98395	11983	15916
98396	11983	12027
98397	11983	26933
98398	11983	16836
98399	11983	24356
98400	3269	5457
98401	11983	13912
98402	11983	27591
98403	3270	4533
98404	11985	21455
98405	11985	12890
98406	3271	3274
98407	11985	17000
98408	1357	11298
98409	11985	41179
98410	11985	26801
98411	11985	26586
98412	11985	23350
98413	3272	3448
98414	11986	29202
98415	1357	1649
98416	11990	11994
98417	11991	29950
98418	11991	13675
98419	11992	29949
98420	11992	14565
98421	11992	12906
98422	11992	13814
98423	11992	64710
98424	3273	7604
98425	11995	15524
98426	11995	36657
98427	11996	17795
98428	11996	15042
98429	1357	6767
98430	88341	2531
98431	11996	19478
98432	3275	4406
98433	11997	13488
98434	11997	12021
98435	84002	14046
98436	11998	12004
98437	11998	13240
98438	3275	24845
98439	11998	27326
98440	11998	18890
98441	11998	25090
98442	3275	25073
98443	11998	16731
98444	11998	22065
98445	12000	14191
98446	12000	14946
98447	12001	12025
98448	3275	7768
98449	12004	15641
98450	12003	13135
98451	12004	16788
98452	12004	41024
98453	12004	55960
98454	12004	13954
98455	12004	31924
98456	1357	26901
98457	3275	22544
98458	1357	26166
98459	12004	41262
98460	12004	22760
98461	12008	18782
98462	84435	5402
98463	12004	21322
98464	12005	29153
98465	12006	12016
98466	12006	26074
98467	12006	34858
98468	12006	16580
98469	3275	26416
98470	1357	11648
98471	12006	19278
98472	12008	12015
98473	12008	17730
98474	12008	14988
98475	12008	30827
98476	3275	12802
98477	3276	3289
98478	12006	72639
98479	12009	29814
98480	12010	14714
98481	12010	14735
98482	12011	12019
98483	3277	3493
98484	12011	41584
98485	1357	6636
98486	527	3996
98487	12011	41152
98488	12012	12030
98489	3277	4144
98490	3277	4209
98491	12012	12683
98492	3277	4407
98493	12012	17539
98494	88360	1319
98495	12012	19550
98496	83992	21886
98497	12012	23413
98498	3277	5490
98499	3277	8390
98500	1357	19541
98501	12012	30049
98502	1357	5136
98503	12013	18437
98504	3277	34478
98505	3277	18847
98506	12014	15331
98507	3277	36048
98508	12014	51657
98509	12014	14998
98510	3277	5284
98511	12015	13431
98512	12016	12221
98513	12016	12637
98514	84438	18118
98515	12016	23094
98516	12016	43435
98517	82369	77880
98518	1359	2344
98519	12016	13143
98520	12016	35130
98521	3277	14668
98522	12016	13897
98523	12018	20187
98524	12018	22544
98525	12012	13634
98526	12018	16040
98527	12018	15817
98528	3278	10675
98529	12018	13754
98530	3278	5540
98531	12018	38736
98532	12018	24367
98533	3278	3482
98534	3278	8094
98535	3278	9440
98536	12019	15704
98537	3278	9457
98538	12019	20698
98539	12020	20838
98540	12020	31307
98541	3278	5692
98542	12024	12029
98543	12025	14815
98544	3278	10548
98545	1359	5280
98546	3279	18091
98547	3279	28035
98548	3280	10982
98549	12028	17206
98550	3280	3359
98551	12030	23216
98552	12030	17237
98553	3280	4742
98554	3280	10556
98555	1359	4009
98556	12034	23598
98557	12034	36679
98558	12034	16948
98559	12034	44682
98560	12035	21018
98561	12035	13916
98562	12035	22933
98563	12035	15014
98564	12035	29470
98565	3281	5334
98566	12035	21658
98567	12035	21522
98568	12036	12041
98569	12038	28082
98570	12039	13891
98571	12039	32155
98572	12039	16581
98573	12041	19914
98574	12043	33344
98575	12044	21136
98576	12044	13186
98577	93	9747
98578	84475	3004
98579	3281	30939
98580	3281	21420
98581	12046	12191
98582	12047	58488
98583	3282	8416
98584	1359	8704
98585	12049	24342
98586	12049	16810
98587	3282	3376
98588	3282	4303
98589	12050	16190
98590	1360	5511
98591	3282	8702
98592	1360	6676
98593	3282	9376
98594	12053	27137
98595	12054	12067
98596	3282	5677
98597	1360	7919
98598	12054	23249
98599	12054	20259
98600	12054	29277
98601	88383	6023
98602	12056	12066
98603	12056	20352
98604	3282	9372
98605	3282	9625
98606	3282	9218
98607	12057	12064
98608	3282	6097
98609	12059	12783
98610	22	33594
98611	12057	12070
98612	12061	12080
98613	12050	13157
98614	12062	12330
98615	12062	12074
98616	527	20507
98617	3283	34898
98618	12060	12063
98619	88399	13318
98620	3284	7649
98621	1360	22838
98622	1360	2684
98623	3284	3557
98624	12064	22778
98625	12073	12909
98626	3284	6372
98627	12065	22204
98628	12065	27969
98629	3284	8318
98630	80333	16856
98631	3284	24025
98632	3284	13116
98633	3284	10126
98634	12067	31958
98635	12062	12231
98636	12068	20348
98637	3284	28804
98638	12069	32668
98639	3284	5839
98640	3284	36251
98641	12070	70351
98642	12071	28971
98643	1360	6060
98644	1360	8434
98645	3284	8015
98646	12072	20349
98647	1361	4730
98648	3284	7237
98649	1361	5840
98650	539	6116
98651	3286	3413
98652	3286	5102
98653	12075	18310
98654	3286	5901
98655	1361	8374
98656	527	8450
98657	12076	18522
98658	12077	13281
98659	12077	30019
98660	12079	13735
98661	3286	9735
98662	3286	5083
98663	12079	30034
98664	3286	5088
98665	1361	3883
98666	3288	21421
98667	12081	44507
98668	83970	28208
98669	1361	5810
98670	3288	13941
98671	12086	13805
98672	3282	5421
98673	3288	13696
98674	88406	17012
98675	3291	5050
98676	84447	4212
98677	527	4841
98678	1361	15163
98679	3291	21478
98680	1361	4895
98681	12088	34468
98682	12088	15163
98683	12088	34973
98684	12089	16883
98685	12089	23359
98686	3292	6269
98687	12090	20957
98688	12091	12118
98689	1361	1553
98690	12091	26994
98691	88403	13412
98692	1361	1819
98693	3292	3930
98694	12092	16754
98695	12093	18745
98696	12091	15531
98697	12093	16541
98698	3292	4588
98699	88419	77528
98700	88410	9876
98701	84453	30034
98702	12093	32510
98703	12093	35131
98704	12093	24160
98705	12093	13952
98706	12093	13060
98707	12093	14191
98708	88412	37724
98709	12094	19291
98710	12095	30751
98711	12095	25956
98712	12099	15554
98713	12099	13488
98714	12100	22839
98715	3292	10214
98716	12103	12259
98717	12103	14965
98718	1361	10704
98719	12103	19398
98720	12103	20182
98721	12103	36140
98722	12103	16107
98723	12104	21361
98724	84452	8509
98725	12106	12878
98726	12106	12429
98727	12107	12117
98728	12109	12113
98729	1361	6989
98730	12108	17384
98731	3292	29781
98732	47	10724
98733	3292	11196
98734	12110	23460
98735	12110	14055
98736	12110	22907
98737	12110	17727
98738	12110	28645
98739	12111	41976
98740	12113	21385
98741	12113	36309
98742	12113	13280
98743	12116	16581
98744	12116	35252
98745	1361	23393
98746	12118	12956
98747	3292	15844
98748	12118	15622
98749	12118	13137
98750	12118	18316
98751	12118	29740
98752	3292	34309
98753	1361	2769
98754	12118	32240
98755	3292	18281
98756	12118	40486
98757	12119	12125
98758	12120	15375
98759	12120	32903
98760	12120	13254
98761	12120	15483
98762	12121	22450
98763	4	3873
98764	1361	27667
98765	3292	42724
98766	12121	24015
98767	12121	29668
98768	12121	23415
98769	3292	38414
98770	12121	13843
98771	3292	18947
98772	12121	22657
98773	3292	11134
98774	3292	40702
98775	3293	3301
98776	12124	14648
98777	12124	17641
98778	12128	22699
98779	12129	12141
98780	12130	12174
98781	12130	15844
98782	12130	19119
98783	12131	15954
98784	12131	13335
98785	12131	23755
98786	3295	4397
98787	12131	15247
98788	12131	17685
98789	3296	5410
98790	3296	5928
98791	3296	8628
98792	12131	12979
98793	3296	8785
98794	12131	29210
98795	12131	21835
98796	12131	15718
98797	12131	28402
98798	3296	3350
98799	12133	12181
98800	12134	20243
98801	12134	15551
98802	12134	29193
98803	12134	15073
98804	12134	13404
98805	12134	19993
98806	3296	4182
98807	12134	15015
98808	12134	19259
98809	12134	19288
98810	12134	26688
98811	3296	5471
98812	12134	29140
98813	12135	19254
98814	12135	23389
98815	12135	15403
98816	12135	21475
98817	12135	18984
98818	12135	37530
98819	12136	12504
98820	3296	9312
98821	12136	14693
98822	12136	37783
98823	12136	16725
98824	12137	16959
98825	12137	17464
98826	12137	14307
98827	12137	39035
98828	12137	19578
98829	12137	33222
98830	12142	12195
98831	12143	12151
98832	12144	17503
98833	12144	12187
98834	12144	14978
98835	12144	29186
98836	12144	21002
98837	12145	15746
98838	3296	16091
98839	12145	15095
98840	12145	16180
98841	12148	25643
98842	12148	16130
98843	12148	17952
98844	12149	12189
98845	12149	17900
98846	3297	18770
98847	12152	19708
98848	12152	25426
98849	12152	13116
98850	12152	28471
98851	3297	15242
98852	12152	12879
98853	12152	12838
98854	3299	10149
98855	3299	3332
98856	12160	15284
98857	12	3152
98858	12156	12186
98859	12158	35202
98860	12160	14285
98861	12154	24520
98862	12160	29240
98863	12160	29591
98864	3299	4107
98865	3299	3992
98866	12162	13404
98867	12162	23430
98868	12162	36240
98869	12162	16834
98870	12162	17815
98871	84461	10744
98872	12164	19466
98873	47	2096
98874	12165	42272
98875	12165	15569
98876	12166	12191
98877	1361	4447
98878	12166	17795
98879	12166	21441
98880	12166	21456
98881	12166	19080
98882	12166	26870
98883	12166	17979
98884	88444	13280
98885	3299	26586
98886	88442	14045
98887	12167	16071
98888	12172	15402
98889	12167	13574
98890	12167	16473
98891	12167	44173
98892	12167	31937
98893	12167	40733
98894	12170	28843
98895	3299	16612
98896	12170	12175
98897	12170	18994
98898	12170	18048
98899	3300	25882
98900	12172	13607
98901	88452	5813
98902	12172	21482
98903	3300	40891
98904	12172	22651
98905	12172	15002
98906	12172	16094
98907	3302	3754
98908	88449	9340
98909	12172	12253
98910	3302	14785
98911	12172	29876
98912	3302	10006
98913	12172	14843
98914	1363	2128
98915	12172	58190
98916	3303	26445
98917	12174	15428
98918	12173	24346
98919	12174	15565
98920	12174	15402
98921	88451	15618
98922	12174	13953
98923	3305	20523
98924	3306	3757
98925	3308	5048
98926	12174	16189
98927	12174	30065
98928	12174	13822
98929	3308	6827
98930	47	397
98931	3308	7027
98932	1363	3450
98933	3308	8527
98934	3308	9643
98935	3308	5034
98936	1363	5390
98937	12174	14761
98938	12174	18830
98939	12174	22559
98940	12175	15695
98941	527	12715
98942	12176	16405
98943	12177	34950
98944	84471	17491
98945	12177	21476
98946	3308	8348
98947	12177	15248
98948	3308	4699
98949	3308	31808
98950	12177	32823
98951	12179	15896
98952	3308	18693
98953	3308	37377
98954	3309	4675
98955	12179	28937
98956	3309	15439
98957	12180	25998
98958	12181	21625
98959	12181	19678
98960	12182	12785
98961	12182	16456
98962	3312	3326
98963	1363	11544
98964	12182	24314
98965	12182	20398
98966	12182	49635
98967	12182	20730
98968	12184	47948
98969	83950	498
98970	12187	14693
98971	12187	15702
98972	12187	16746
98973	12187	16385
98974	12187	21612
98975	12187	29166
98976	12188	12196
98977	1363	6096
98978	3314	15558
98979	12189	16261
98980	12189	15399
98981	12189	19406
98982	12189	19003
98983	12189	34207
98984	12189	26281
98985	1363	4720
98986	12191	16377
98987	12191	25822
98988	12193	18508
98989	528	2071
98990	1363	20352
98991	3314	32313
98992	1363	7934
98993	12195	18150
98994	3314	16936
98995	3314	9274
98996	12197	13953
98997	12198	17648
98998	12199	22888
98999	12199	12549
99000	12199	23030
99001	3316	4023
99002	12200	12202
99003	12200	15532
99004	12200	30066
99005	12201	12206
99006	12214	19173
99007	3317	6476
99008	12214	21576
99009	12214	24477
99010	3317	5064
99011	12214	24908
99012	12214	16740
99013	12214	27541
99014	88466	11103
99015	529	804
99016	12218	22813
99017	12218	16576
99018	12218	32885
99019	12220	20715
99020	12220	15631
99021	3317	9465
99022	12221	17147
99023	12224	12594
99024	12221	19057
99025	12221	25348
99026	1363	28875
99027	12225	12230
99028	12226	12228
99029	12226	23550
99030	12226	18656
99031	3317	3921
99032	12231	12239
99033	3317	8529
99034	3317	13677
99035	12232	32737
99036	12232	17706
99037	12232	29014
99038	12233	22526
99039	12233	37169
99040	12233	39767
99041	83945	2854
99042	12233	14593
99043	12234	20254
99044	12234	12671
99045	83914	10716
99046	3317	12592
99047	84484	9826
99048	1363	24569
99049	12236	15513
99050	12236	27238
99051	12236	37488
99052	12236	27110
99053	3317	5360
99054	84476	1824
99055	12240	17530
99056	1364	1661
99057	3317	41837
99058	12242	29972
99059	3317	18773
99060	12244	12248
99061	12249	12250
99062	12252	28855
99063	88484	6371
99064	12253	22198
99065	12260	35241
99066	84480	17663
99067	12253	13942
99068	12253	43640
99069	12254	30016
99070	88477	4951
99071	12255	13902
99072	12255	12831
99073	12255	44421
99074	12255	14961
99075	12255	15625
99076	3318	3352
99077	12255	15543
99078	12256	12257
99079	12258	30174
99080	84479	1734
99081	12260	14046
99082	12260	17815
99083	12	6317
99084	1364	1901
99085	12260	13130
99086	1364	2194
99087	12260	21362
99088	84482	9807
99089	12260	28438
99090	12260	32510
99091	3318	18992
99092	12260	16448
99093	12260	20066
99094	1364	5367
99095	12260	15738
99096	3318	7609
99097	1364	6306
99098	12260	17288
99099	12260	19444
99100	3318	5342
99101	3319	5102
99102	3320	5036
99103	3320	8991
99104	88505	1475
99105	88490	28023
99106	12261	15579
99107	3320	6339
99108	84487	36218
99109	84490	18838
99110	12260	17579
99111	12260	67654
99112	12260	68560
99113	193	747
99114	3320	10906
99115	3320	8244
99116	192	3800
99117	12265	17536
99118	12268	13379
99119	12268	16265
99120	12269	25170
99121	12269	26248
99122	12269	30715
99123	3320	11745
99124	12269	32460
99125	12272	14615
99126	3320	9082
99127	12272	16438
99128	3320	15570
99129	12272	23638
99130	12272	28286
99131	12272	14112
99132	88492	29255
99133	83938	2148
99134	12272	13466
99135	12272	29953
99136	1364	4731
99137	1364	5062
99138	3320	43248
99139	12272	15928
99140	12273	12276
99141	12272	19340
99142	3321	3361
99143	12274	17653
99144	12274	22900
99145	12277	12280
99146	3322	25867
99147	3322	8907
99148	3322	21482
99149	3318	10057
99150	12286	13141
99151	12286	18329
99152	12286	20570
99153	12286	17502
99154	12287	18752
99155	12289	13636
99156	3323	4019
99157	12289	19696
99158	12289	18985
99159	1364	1799
99160	3323	5930
99161	12304	13547
99162	12290	32465
99163	12290	13241
99164	12290	24103
99165	12291	12384
99166	12291	20227
99167	12291	23700
99168	12293	19551
99169	12293	17898
99170	12294	19717
99171	12294	21807
99172	12294	34541
99173	12294	27069
99174	12294	48636
99175	12300	17855
99176	12303	14959
99177	3323	4744
99178	80984	9680
99179	3323	13096
99180	3323	34547
99181	12304	12413
99182	22	25068
99183	12304	31217
99184	3324	6244
99185	12304	12983
99186	12304	18793
99187	12304	39402
99188	12304	52457
99189	12305	12764
99190	12305	18793
99191	12305	13404
99192	12305	18130
99193	12305	31433
99194	12305	40096
99195	12309	12948
99196	12309	46292
99197	12310	23049
99198	12310	16005
99199	12310	23217
99200	12310	16313
99201	12311	19827
99202	12311	21632
99203	12311	14775
99204	12312	12313
99205	12314	20107
99206	12314	44809
99207	12316	19085
99208	12305	17075
99209	12322	14043
99210	12322	29176
99211	12323	17201
99212	12327	12953
99213	12327	12949
99214	47	2116
99215	12327	19536
99216	12327	22058
99217	12327	12838
99218	12327	13307
99219	12327	26955
99220	3325	3501
99221	12330	16969
99222	12330	17292
99223	532	1874
99224	3325	5692
99225	3325	4931
99226	12334	38250
99227	12334	13660
99228	12	6411
99229	12337	14159
99230	12337	13537
99231	79758	24923
99232	532	5101
99233	3328	3361
99234	12339	25897
99235	12340	12353
99236	12342	15611
99237	12341	25625
99238	12342	12386
99239	12342	17598
99240	12342	14826
99241	12342	14723
99242	12345	23018
99243	3328	4160
99244	3328	4182
99245	12345	25956
99246	3328	21132
99247	12345	53568
99248	12345	32420
99249	12345	24827
99250	12346	12398
99251	12347	21624
99252	12347	21563
99253	12347	25008
99254	12347	16285
99255	12348	12412
99256	12349	23554
99257	3328	10920
99258	3328	14981
99259	12355	21054
99260	12356	12361
99261	12358	13733
99262	12358	20428
99263	12358	22943
99264	12358	29557
99265	12358	20554
99266	12358	29466
99267	12359	12380
99268	3329	3336
99269	12359	14288
99270	12359	13468
99271	12364	18743
99272	12364	15685
99273	12365	12366
99274	12367	16637
99275	12367	19923
99276	88519	11952
99277	12368	12370
99278	3330	32510
99279	12369	18996
99280	84492	981
99281	532	7857
99282	12374	42089
99283	12376	15314
99284	12376	21194
99285	12376	41634
99286	12376	19550
99287	12376	51022
99288	12378	17176
99289	12379	19855
99290	12381	22995
99291	3330	7480
99292	12381	39030
99293	12383	27882
99294	12383	33759
99295	3330	3882
99296	12383	24092
99297	12383	17815
99298	22	5136
99299	193	7109
99300	3330	12018
99301	12383	21147
99302	12383	18825
99303	88518	24164
99304	193	7246
99305	12383	39011
99306	12383	15398
99307	3330	35241
99308	12384	13040
99309	12384	23391
99310	12384	13115
99311	12384	26593
99312	12386	14779
99313	12389	18145
99314	12391	22617
99315	3330	5384
99316	12392	12400
99317	12392	19827
99318	3330	12886
99319	12392	17206
99320	3330	11786
99321	532	8026
99322	12392	12846
99323	12392	23356
99324	12392	57745
99325	12393	12396
99326	12399	16827
99327	12400	22563
99328	12399	29356
99329	12403	15302
99330	12403	19173
99331	12403	22142
99332	12403	14260
99333	12412	20645
99334	12412	13804
99335	12412	17325
99336	1364	32047
99337	12413	32993
99338	12413	18411
99339	12413	25628
99340	12414	12418
99341	12416	12444
99342	12416	25832
99343	12416	30522
99344	12416	17494
99345	12416	22618
99346	12421	12437
99347	12424	22368
99348	12424	18401
99349	84495	1832
99350	12424	16827
99351	12424	13997
99352	12426	13892
99353	12427	12445
99354	12428	20215
99355	12429	12466
99356	12430	35243
99357	12432	14957
99358	12432	26774
99359	12433	12474
99360	12434	38128
99361	12437	15769
99362	12437	19683
99363	12437	20999
99364	12439	22792
99365	12440	12442
99366	12440	15467
99367	12442	16865
99368	3330	6397
99369	47	16081
99370	12448	28100
99371	12443	33913
99372	12444	17403
99373	12447	20290
99374	12447	12996
99375	12449	28171
99376	12451	18842
99377	3330	26487
99378	12451	41733
99379	3331	9409
99380	12452	21928
99381	12452	28509
99382	12453	19043
99383	193	1768
99384	12455	12462
99385	12456	41303
99386	12458	26729
99387	12458	27229
99388	12460	45386
99389	12461	16464
99390	12462	15533
99391	12462	13942
99392	1366	1426
99393	12464	16921
99394	12464	33420
99395	12464	16835
99396	12464	24354
99397	12465	13426
99398	1366	1693
99399	1366	1712
99400	94	12047
99401	3331	4789
99402	3331	10170
99403	3331	4802
99404	12466	16287
99405	12466	28508
99406	3331	10088
99407	12466	16595
99408	12467	41517
99409	3331	5047
99410	12468	14586
99411	47	662
99412	12468	22240
99413	12468	41550
99414	12470	32670
99415	12470	21944
99416	12470	33916
99417	12472	12924
99418	12472	17524
99419	3332	5365
99420	12474	12850
99421	12474	16070
99422	12474	15512
99423	12474	37492
99424	12474	16553
99425	84499	7903
99426	3332	3666
99427	12474	14255
99428	12475	15036
99429	1366	2623
99430	12475	15539
99431	12476	15002
99432	12478	12487
99433	12485	14140
99434	12485	16549
99435	12485	16581
99436	12485	13954
99437	12485	17813
99438	1366	5753
99439	3332	4616
99440	3332	9311
99441	3332	9016
99442	1366	11435
99443	12485	23587
99444	12485	23735
99445	12485	28802
99446	12488	33947
99447	12493	16758
99448	12492	14827
99449	12494	12495
99450	12502	12521
99451	12504	12679
99452	12508	12539
99453	12509	12511
99454	12512	12513
99455	1366	5187
99456	12515	12516
99457	12524	27985
99458	12525	12529
99459	12526	30462
99460	84501	7428
99461	12530	17289
99462	12530	13244
99463	12535	15507
99464	12530	23010
99465	12531	12536
99466	12533	22367
99467	12535	15163
99468	84504	2849
99469	12535	18855
99470	3332	5654
99471	3332	5119
99472	12535	34656
99473	12535	13188
99474	88542	58905
99475	12535	35238
99476	3332	28885
99477	3332	6201
99478	12535	22629
99479	12538	12547
99480	12539	17941
99481	1366	4715
99482	12543	24929
99483	12539	36046
99484	12539	13453
99485	12541	13115
99486	12543	12590
99487	47	1032
99488	12545	14857
99489	12546	12607
99490	12546	16184
99491	12546	19671
99492	12546	30556
99493	12549	12580
99494	12549	25037
99495	12549	44551
99496	12550	12634
99497	12553	12611
99498	12554	12561
99499	12556	13017
99500	12556	15415
99501	3333	3361
99502	12556	14500
99503	12559	19642
99504	12560	51757
99505	12560	24209
99506	84520	79981
99507	12564	20531
99508	12564	31973
99509	12565	16821
99510	12565	12895
99511	12565	17795
99512	12566	20440
99513	12568	16812
99514	12569	12571
99515	12574	13952
99516	12575	18555
99517	12576	37055
99518	12577	12585
99519	12578	14579
99520	12578	19479
99521	12580	16876
99522	12581	53629
99523	12582	18084
99524	12589	12602
99525	12591	13647
99526	3333	3977
99527	12591	50312
99528	82412	74
99529	532	21451
99530	12592	21722
99531	12592	23446
99532	3333	47795
99533	3334	4086
99534	12592	35360
99535	12592	22880
99536	12592	35634
99537	3337	3351
99538	12592	18363
99539	3338	9806
99540	3338	4699
99541	12594	13196
99542	12596	18824
99543	1367	4432
99544	12596	28923
99545	12597	24296
99546	12597	16318
99547	12604	14447
99548	88548	17129
99549	12604	15964
99550	12604	18834
99551	12606	13753
99552	12606	33556
99553	12606	19535
99554	12606	12824
99555	12607	13137
99556	12607	25553
99557	12607	40604
99558	12608	22378
99559	12609	15625
99560	12611	12886
99561	12611	35248
99562	12581	17516
99563	12611	18311
99564	12611	14971
99565	88553	77560
99566	12611	40087
99567	12612	14338
99568	3338	22134
99569	3338	7706
99570	12614	37230
99571	12615	12617
99572	12614	16836
99573	3338	15452
99574	12618	31513
99575	3339	11086
99576	12618	19288
99577	12618	32855
99578	12618	43399
99579	12620	12621
99580	12623	12626
99581	12625	18145
99582	3341	9115
99583	12628	14959
99584	12628	21554
99585	12632	27697
99586	3341	8786
99587	3341	6372
99588	3341	6194
99589	12635	25206
99590	12635	19574
99591	12637	16189
99592	12637	13246
99593	12637	26640
99594	22	7803
99595	12637	17456
99596	12637	17261
99597	12637	26577
99598	12640	20798
99599	12641	18555
99600	12641	16084
99601	12641	14871
99602	12643	12649
99603	12644	15182
99604	12644	13673
99605	3341	6238
99606	3341	21658
99607	3341	10695
99608	12644	15756
99609	3341	7609
99610	12644	19260
99611	12644	56353
99612	12648	41128
99613	12651	21371
99614	12652	14793
99615	12653	12655
99616	12654	16452
99617	12654	31606
99618	12659	12663
99619	12662	24897
99620	3341	9429
99621	12662	26916
99622	12662	13276
99623	3341	9749
99624	12662	32047
99625	12666	27472
99626	12667	29612
99627	12669	19433
99628	12669	19603
99629	12671	17115
99630	12671	12749
99631	12671	13240
99632	3341	19132
99633	3341	11019
99634	1369	1670
99635	3342	4001
99636	12671	38038
99637	3342	28711
99638	3343	9572
99639	12671	18744
99640	3343	10426
99641	12671	21548
99642	3343	5901
99643	83885	184
99644	3344	3660
99645	3344	7860
99646	3344	3422
99647	12671	27051
99648	12672	13667
99649	12672	13634
99650	12672	24773
99651	12674	12685
99652	12671	14774
99653	1369	3131
99654	12676	14749
99655	12677	17614
99656	12677	17277
99657	12677	14351
99658	12679	26191
99659	12679	37306
99660	3344	7468
99661	12679	33888
99662	12682	19534
99663	12683	13463
99664	12683	19913
99665	3344	43389
99666	12686	22350
99667	88565	198
99668	3344	10268
99669	12689	12739
99670	12689	33937
99671	12689	39052
99672	12690	23052
99673	12690	19209
99674	12690	21825
99675	12694	26347
99676	1369	14307
99677	12694	26768
99678	12695	12702
99679	12699	38088
99680	3344	10176
99681	12700	17622
99682	12700	35538
99683	12700	23357
99684	12701	16457
99685	12701	21422
99686	12701	21114
99687	12703	12761
99688	12704	12767
99689	12704	26300
99690	12706	12716
99691	12706	20191
99692	88569	84512
99693	12706	15732
99694	12706	26029
99695	95	131
99696	12707	32823
99697	12707	43915
99698	12707	33026
99699	12707	20669
99700	12707	29221
99701	12708	12709
99702	12709	15825
99703	12709	14253
99704	12710	12758
99705	12711	35956
99706	12712	12737
99707	3346	9439
99708	12717	12722
99709	12719	15595
99710	12723	12745
99711	12724	26155
99712	12728	16511
99713	12728	24533
99714	12728	20190
99715	12728	21363
99716	12728	29845
99717	12729	15452
99718	88577	18784
99719	12729	31466
99720	88580	6021
99721	12729	22544
99722	3347	23945
99723	84518	24686
99724	12729	18835
99725	88584	4058
99726	3348	15779
99727	12729	22024
99728	3348	3582
99729	3348	3723
99730	12730	18923
99731	12730	16018
99732	3348	5753
99733	12731	13887
99734	88589	5121
99735	3348	8662
99736	12732	26155
99737	12732	13329
99738	12733	15504
99739	193	11900
99740	12736	13947
99741	12736	12823
99742	12736	25008
99743	193	8058
99744	12736	23364
99745	1370	2455
99746	12742	12855
99747	12742	19060
99748	3348	26394
99749	1370	5601
99750	12743	25178
99751	12745	16846
99752	12745	25751
99753	12745	23940
99754	12746	13023
99755	12750	12763
99756	12752	12760
99757	1370	10365
99758	12753	13488
99759	12753	21461
99760	3350	3466
99761	88597	9246
99762	12753	37990
99763	12753	16478
99764	12756	13316
99765	12757	37188
99766	3350	4097
99767	12759	13012
99768	12759	31704
99769	12760	20478
99770	12760	13582
99771	88592	2524
99772	3350	9229
99773	79762	31110
99774	12761	21448
99775	12762	31207
99776	12764	17279
99777	12764	42020
99778	12764	19288
99779	12764	18130
99780	95	4809
99781	1370	19405
99782	12765	25413
99783	193	9625
99784	1370	3194
99785	12765	16191
99786	12765	19909
99787	3350	8417
99788	3350	15239
99789	3350	7609
99790	12765	19811
99791	12766	15134
99792	12766	21318
99793	12766	23402
99794	12767	14431
99795	12774	16581
99796	95	4840
99797	12774	20763
99798	12774	20236
99799	1370	4729
99800	12775	14764
99801	1370	4723
99802	12775	22559
99803	1370	17539
99804	12775	13235
99805	1370	17675
99806	88598	10695
99807	95	4730
99808	12775	16277
99809	80334	43158
99810	12775	30677
99811	12775	16460
99812	12776	21123
99813	12779	15490
99814	3350	11305
99815	12779	19539
99816	12780	12784
99817	12785	14437
99818	3350	8499
99819	12785	13975
99820	3350	20816
99821	12785	20832
99822	12788	19449
99823	12794	14715
99824	12794	15312
99825	12794	23102
99826	12794	26556
99827	12794	12840
99828	3350	39195
99829	12795	12797
99830	1370	9710
99831	12800	12801
99832	12805	12806
99833	88599	11335
99834	12813	16107
99835	12813	18775
99836	12813	20448
99837	3350	18993
99838	12823	13201
99839	3350	9370
99840	12823	14982
99841	1371	1549
99842	12823	21457
99843	12823	17009
99844	12824	21705
99845	12824	15746
99846	12825	16591
99847	12825	22878
99848	1371	1772
99849	12826	15060
99850	12826	14917
99851	12826	32201
99852	3352	4695
99853	12826	16778
99854	3352	4939
99855	12826	15957
99856	3352	14939
99857	1371	2527
99858	12826	28535
99859	12826	30242
99860	12826	34112
99861	12827	17791
99862	12826	13960
99863	12827	16835
99864	12828	21493
99865	12828	13826
99866	3352	8332
99867	534	7606
99868	3352	9391
99869	12828	15349
99870	12828	17900
99871	534	50894
99872	12829	15632
99873	3352	8603
99874	12829	20715
99875	3352	20803
99876	12829	28597
99877	12831	12839
99878	12831	15110
99879	12831	15794
99880	12831	12889
99881	12831	23398
99882	12831	17367
99883	12831	27089
99884	12831	48312
99885	12831	26190
99886	12831	26999
99887	12831	33620
99888	12833	28597
99889	12833	25068
99890	12833	27106
99891	1371	5202
99892	12833	21547
99893	12835	14012
99894	12835	24100
99895	12836	19156
99896	12836	14910
99897	12836	20681
99898	12836	25736
99899	3352	19094
99900	3353	3365
99901	12836	12983
99902	12836	43722
99903	12836	40166
99904	12837	12838
99905	3354	8577
99906	84531	10143
99907	82411	7787
99908	12838	17639
99909	1371	7971
99910	3354	6280
99911	12838	17482
99912	88621	6716
99913	12838	14986
99914	3354	6150
99915	12838	13538
99916	12839	21478
99917	88620	794
99918	88618	31004
99919	12839	23725
99920	3354	21395
99921	12841	16190
99922	12842	12854
99923	3354	23425
99924	12844	29334
99925	12844	13913
99926	84533	24209
99927	12845	12897
99928	3354	18340
99929	3354	7583
99930	3354	4840
99931	12846	13731
99932	3354	16261
99933	12846	15632
99934	12848	23948
99935	12848	16856
99936	3354	13137
99937	1371	19481
99938	12849	34151
99939	12849	17497
99940	12849	19987
99941	12849	19614
99942	3354	9527
99943	47	22083
99944	12850	13308
99945	12850	28531
99946	12851	20853
99947	12851	22450
99948	12851	35238
99949	12852	15060
99950	12852	31033
99951	3356	4448
99952	3355	6898
99953	1371	32424
99954	12852	15847
99955	12852	15522
99956	12852	13537
99957	12852	54959
99958	3356	3454
99959	12853	12858
99960	12853	26917
99961	12855	32656
99962	12855	13305
99963	3356	4208
99964	12855	18555
99965	12857	12867
99966	88677	2919
99967	88652	14956
99968	3356	9196
99969	84562	5504
99970	84541	2555
99971	3356	23725
99972	12858	23698
99973	12858	18906
99974	84575	32480
99975	12858	16555
99976	22	3838
99977	47	23359
99978	3356	6021
99979	3356	17811
99980	12858	18350
99981	12858	47450
99982	12858	23557
99983	1371	13404
99984	539	1061
99985	84540	2497
99986	12861	20729
99987	3356	10282
99988	12861	14510
99989	12862	19021
99990	12862	41434
99991	12862	28541
99992	3357	10584
99993	12862	13241
99994	3357	10491
99995	12864	20640
99996	12865	13882
99997	12865	28073
99998	12865	19209
99999	12865	14205
100000	12865	15524
100001	12865	43999
100002	3359	4144
100003	3359	5690
100004	3359	4652
100005	12866	14891
100006	12866	17760
100007	3359	28022
100008	12868	13918
100009	12868	13612
100010	12868	17206
100011	539	1091
100012	12869	39011
100013	12870	42981
100014	3361	7455
100015	12871	29726
100016	3361	8673
100017	12871	30623
100018	12871	14055
100019	12871	46074
100020	12871	13388
100021	3361	11816
100022	88635	4523
100023	12872	42638
100024	12872	20662
100025	12872	17881
100026	12872	52530
100027	12875	27538
100028	12878	17367
100029	22	9137
100030	539	5549
100031	88640	17911
100032	1371	5110
100033	12881	20948
100034	12881	15038
100035	12883	24929
100036	12883	20352
100037	3361	9785
100038	12883	17680
100039	3361	18457
100040	12883	25278
100041	3361	20763
100042	12885	44319
100043	12885	42310
100044	83850	35444
100045	12890	17539
100046	539	4694
100047	12886	15519
100048	3361	46213
100049	12886	17653
100050	12889	17342
100051	12890	13268
100052	3361	47033
100053	3361	4730
100054	12890	30751
100055	1371	11302
100056	3361	15505
100057	88648	11038
100058	3362	6009
100059	84530	10882
100060	12890	14577
100061	12890	20064
100062	3362	5150
100063	12890	17292
100064	12890	15625
100065	12891	13132
100066	12890	37547
100067	12890	26166
100068	12890	13696
100069	12878	25441
100070	12891	36961
100071	12891	14752
100072	3362	12144
100073	3362	3366
100074	193	7767
100075	3362	11811
100076	12891	13912
100077	12891	45218
100078	12892	19003
100079	12892	23432
100080	12892	40528
100081	12895	13388
100082	12892	17801
100083	12895	15534
100084	12895	51757
100085	84551	13784
100086	3362	3766
100087	12895	15214
100088	12895	37220
100089	12895	33271
100090	12895	44261
100091	12895	36246
100092	12895	37230
100093	88654	7231
100094	12895	14846
100095	95	8100
100096	12895	17674
100097	1372	1791
100098	12895	13594
100099	12895	20568
100100	1372	13246
100101	539	799
100102	12898	20506
100103	12898	15950
100104	12898	13137
100105	12898	25841
100106	12899	17101
100107	1373	4662
100108	12906	18281
100109	3362	6096
100110	12907	13576
100111	12906	16090
100112	12906	32600
100113	12907	13484
100114	12907	17025
100115	1373	1528
100116	12907	20507
100117	3362	11782
100118	12907	31866
100119	12909	13235
100120	12910	12952
100121	12911	12919
100122	12912	33417
100123	12912	14174
100124	12915	12939
100125	12915	31155
100126	193	4908
100127	12920	12925
100128	12923	14747
100129	12923	14106
100130	1373	2090
100131	4	7620
100132	12924	14024
100133	12924	17206
100134	12924	21269
100135	12924	17967
100136	12924	32668
100137	12931	12956
100138	12926	17044
100139	12926	23339
100140	88666	676
100141	12926	13716
100142	12929	14875
100143	12929	21413
100144	12929	28034
100145	12929	21522
100146	12929	16572
100147	12929	15511
100148	12929	18522
100149	3362	37675
100150	3362	5431
100151	12936	28928
100152	1373	10083
100153	12939	13647
100154	12939	19938
100155	12939	29725
100156	12953	14844
100157	12939	19550
100158	12939	16266
100159	12941	15631
100160	12944	21055
100161	12950	12951
100162	12953	23325
100163	539	12047
100164	3362	9826
100165	3362	4742
100166	194	200
100167	539	15579
100168	539	572
100169	1373	10826
100170	194	1265
100171	194	2421
100172	12960	32856
100173	12960	16900
100174	539	2224
100175	12962	50779
100176	1373	8434
100177	84574	37930
100178	12963	22128
100179	3363	35891
100180	12963	33937
100181	12964	12969
100182	12965	21280
100183	12966	28971
100184	12968	15012
100185	12970	31576
100186	12971	13396
100187	12973	12981
100188	3364	15331
100189	12966	20285
100190	3364	17446
100191	12977	13027
100192	12977	19900
100193	12977	14761
100194	84565	3628
100195	12978	13032
100196	12978	19871
100197	12978	19356
100198	95	5245
100199	12978	16303
100200	12978	13544
100201	3366	9357
100202	12978	15532
100203	12978	29253
100204	12978	23413
100205	12979	13280
100206	3366	4357
100207	12979	23194
100208	12979	38259
100209	3366	3447
100210	12979	36990
100211	12979	19534
100212	12980	12996
100213	12983	13968
100214	12983	16740
100215	1373	5375
100216	3366	17585
100217	12983	18475
100218	1373	10949
100219	3366	4695
100220	1373	9705
100221	3366	9899
100222	12956	14844
100223	12983	55388
100224	12989	13132
100225	12984	12985
100226	12987	12990
100227	3366	20437
100228	12987	28617
100229	3366	40116
100230	12989	37785
100231	12989	26969
100232	3366	34671
100233	12992	17929
100234	12992	33621
100235	83829	3204
100236	12993	28911
100237	12995	16452
100238	12996	26324
100239	12996	31011
100240	12996	16445
100241	1373	2774
100242	12996	35014
100243	12997	12998
100244	12999	15512
100245	12999	19330
100246	12999	16561
100247	12999	16594
100248	13001	13622
100249	1373	8988
100250	13002	47615
100251	3367	6065
100252	3367	5573
100253	13003	21500
100254	3367	8397
100255	13003	15081
100256	13006	13043
100257	13008	26766
100258	13009	18994
100259	3367	13368
100260	13010	13036
100261	13011	18273
100262	3368	4690
100263	13012	15018
100264	3369	3375
100265	13022	15543
100266	95	3050
100267	13012	23432
100268	13012	21018
100269	13012	37230
100270	13012	21631
100271	13013	17279
100272	13013	25830
100273	13017	16230
100274	13017	15631
100275	3370	3780
100276	13018	13041
100277	1377	1424
100278	1377	1493
100279	13020	15840
100280	13020	33880
100281	3371	29770
100282	3372	5312
100283	13022	17954
100284	13023	19948
100285	13024	30564
100286	13025	20381
100287	83827	8808
100288	88693	434
100289	13022	23397
100290	13025	14846
100291	13025	21474
100292	13025	15772
100293	13026	21641
100294	13026	16845
100295	3372	3662
100296	47	9791
100297	3372	4175
100298	13026	36413
100299	13026	20657
100300	13026	23413
100301	13026	31607
100302	13027	16545
100303	84572	21848
100304	3372	4630
100305	13030	21421
100306	3372	7838
100307	13030	15817
100308	1377	11083
100309	1377	9009
100310	13031	16738
100311	13031	22965
100312	1377	8968
100313	13031	40306
100314	88705	4920
100315	1377	7127
100316	13031	15212
100317	13036	15300
100318	13036	13240
100319	13036	37005
100320	13036	13145
100321	13039	17292
100322	3372	9908
100323	13043	13829
100324	13043	15648
100325	13043	20927
100326	13043	17009
100327	13044	33376
100328	13048	23149
100329	13048	23925
100330	13048	25369
100331	13048	19075
100332	13048	18102
100333	13048	24790
100334	13048	19534
100335	13051	13052
100336	13053	16271
100337	13053	31823
100338	13055	13647
100339	13053	51043
100340	539	12472
100341	13055	16092
100342	13055	14327
100343	13056	13068
100344	13057	18258
100345	1377	6848
100346	3372	26499
100347	13057	58535
100348	13057	13731
100349	13057	31614
100350	88702	6243
100351	1377	4950
100352	13058	46048
100353	1377	22006
100354	13061	15627
100355	3372	17182
100356	13064	13076
100357	13065	25938
100358	13071	16821
100359	13072	17499
100360	13072	22953
100361	13072	47204
100362	13076	26214
100363	13076	34369
100364	88707	27104
100365	13080	13085
100366	3376	5853
100367	13082	62225
100368	78817	20531
100369	3376	5901
100370	3376	8281
100371	13090	25422
100372	194	4906
100373	13090	27996
100374	13091	13112
100375	3376	4895
100376	13092	29565
100377	1379	2489
100378	13094	36239
100379	3376	5033
100380	13095	28323
100381	88712	47545
100382	13095	24174
100383	13095	15063
100384	13095	17918
100385	88711	37996
100386	13095	19024
100387	13096	24630
100388	13095	23550
100389	13095	19127
100390	13096	19490
100391	13095	30282
100392	13095	19925
100393	13096	48424
100394	13096	22817
100395	13096	17954
100396	13103	16608
100397	13104	19038
100398	13105	28208
100399	84570	13849
100400	13107	40566
100401	13109	25832
100402	13109	20132
100403	13109	31041
100404	3376	3583
100405	13109	22999
100406	13109	28360
100407	13109	23944
100408	13109	24291
100409	13109	31147
100410	13114	25736
100411	1379	5601
100412	13116	17826
100413	13116	19994
100414	88739	77393
100415	3376	9783
100416	13116	13611
100417	13116	15512
100418	13116	36652
100419	3376	9813
100420	13117	15968
100421	13119	14579
100422	84821	4382
100423	3376	5052
100424	23	36
100425	3376	9626
100426	13121	13199
100427	13123	23483
100428	13126	15326
100429	13126	29171
100430	3376	5374
100431	13127	25609
100432	13130	13748
100433	1379	1577
100434	3376	23698
100435	3376	9352
100436	13130	14981
100437	13130	24897
100438	13130	20214
100439	1379	16706
100440	13130	18595
100441	1379	5117
100442	13130	37853
100443	13130	43869
100444	3376	15660
100445	95	11420
100446	3376	13189
100447	47	18804
100448	13133	13941
100449	13135	49582
100450	13135	40634
100451	13137	19554
100452	1379	6067
100453	13137	14815
100454	13137	18988
100455	13137	15372
100456	13137	25573
100457	198	408
100458	4	12304
100459	3376	5044
100460	13137	52322
100461	13137	24094
100462	13140	43712
100463	13143	13731
100464	13141	17364
100465	13143	15110
100466	13153	17862
100467	13143	21514
100468	13143	17342
100469	13145	14593
100470	13145	17459
100471	13145	20710
100472	13145	18965
100473	13145	26052
100474	13145	19216
100475	13146	13160
100476	13146	17462
100477	88735	8758
100478	13147	20446
100479	13148	15189
100480	13148	35600
100481	13148	17378
100482	13149	13777
100483	13154	13157
100484	95	21644
100485	13155	27939
100486	13155	53901
100487	13157	13863
100488	13157	28602
100489	13157	15543
100490	13158	14974
100491	13160	18534
100492	13160	30570
100493	1379	27658
100494	13161	15714
100495	13162	18965
100496	13163	36557
100497	13162	22888
100498	13164	14210
100499	13164	17898
100500	13167	31513
100501	3376	16360
100502	13167	25696
100503	13167	31451
100504	13167	35074
100505	13167	15415
100506	13167	17706
100507	3378	10323
100508	13181	35131
100509	95	30751
100510	3378	3472
100511	13167	18676
100512	3378	6241
100513	1379	42956
100514	3378	9326
100515	3378	4448
100516	13167	15099
100517	13167	43719
100518	13170	13203
100519	13173	19964
100520	13175	13197
100521	3378	3462
100522	540	1569
100523	13178	13188
100524	540	1826
100525	13179	14597
100526	3376	7659
100527	13179	19238
100528	13180	35545
100529	13181	16009
100530	3378	20191
100531	13181	23289
100532	13181	13819
100533	84585	2990
100534	13181	37342
100535	13182	15795
100536	13182	16463
100537	3378	8968
100538	13182	20507
100539	13182	17410
100540	13182	20339
100541	13183	40161
100542	13188	26222
100543	3378	5014
100544	13184	14053
100545	13186	31217
100546	13187	15288
100547	13187	13297
100548	80402	26406
100549	13188	17190
100550	3378	9074
100551	13188	18287
100552	13188	15858
100553	1380	10253
100554	13188	22378
100555	13189	16665
100556	13189	36116
100557	13190	17516
100558	13190	20307
100559	13191	17492
100560	13190	23035
100561	13191	21519
100562	13191	23229
100563	83785	2966
100564	1381	8552
100565	84584	10088
100566	13191	19337
100567	13191	17369
100568	13193	13670
100569	13193	13466
100570	13193	18923
100571	1381	14453
100572	13193	13956
100573	13193	30751
100574	13193	30633
100575	13193	22195
100576	3378	21680
100577	3378	27591
100578	88799	16545
100579	1381	7631
100580	1381	4672
100581	1381	17150
100582	13197	14048
100583	3379	10338
100584	3379	3883
100585	3426	5770
100586	13197	32735
100587	82436	3130
100588	13200	18737
100589	13207	36961
100590	3379	25083
100591	3379	16816
100592	540	4153
100593	3379	23938
100594	3379	23824
100595	13215	36655
100596	3381	3442
100597	3381	13278
100598	13215	24459
100599	13215	33500
100600	13215	14662
100601	540	10891
100602	1382	8962
100603	1382	2811
100604	13218	26889
100605	13223	13224
100606	13225	15495
100607	13228	18491
100608	13227	32040
100609	13227	24869
100610	13228	21651
100611	13228	47548
100612	13229	18676
100613	1382	9792
100614	1382	7956
100615	3382	5938
100616	194	33880
100617	3382	5151
100618	3382	5906
100619	13230	18346
100620	1382	2476
100621	3382	11301
100622	13230	18773
100623	88763	994
100624	3382	5779
100625	1382	2190
100626	13230	27601
100627	13230	27534
100628	195	12527
100629	13231	38777
100630	3382	22878
100631	13233	18768
100632	13233	17692
100633	540	838
100634	13233	13567
100635	13233	19590
100636	13235	16845
100637	13235	25916
100638	13235	14989
100639	13237	13318
100640	13237	26999
100641	13237	15539
100642	13239	14762
100643	13240	17938
100644	13240	43136
100645	84591	37940
100646	13240	19406
100647	13240	45617
100648	13241	15667
100649	3382	33439
100650	1382	12977
100651	13241	21413
100652	1382	7546
100653	88767	13689
100654	88766	77659
100655	3384	4551
100656	13241	34615
100657	13243	28523
100658	13244	13331
100659	3384	8104
100660	13244	13956
100661	13246	34468
100662	13244	24459
100663	3384	18118
100664	13244	27417
100665	13244	13480
100666	3384	17539
100667	13244	19032
100668	13244	22045
100669	1384	5257
100670	3384	7385
100671	3384	43998
100672	13247	35117
100673	3386	8434
100674	3386	5703
100675	13248	21040
100676	13248	20681
100677	13248	18886
100678	1384	9234
100679	13249	13624
100680	1386	5095
100681	13249	28802
100682	13249	32040
100683	3386	8845
100684	3386	9960
100685	3386	8784
100686	80800	7809
100687	13249	33880
100688	3386	3469
100689	3386	3462
100690	1386	1825
100691	13252	13338
100692	13256	16595
100693	88777	20442
100694	3386	17694
100695	1386	4702
100696	13258	13320
100697	13258	18280
100698	13258	13798
100699	13260	13297
100700	13261	13723
100701	13261	14980
100702	95	1861
100703	1386	9883
100704	13197	13937
100705	13262	17462
100706	13262	16028
100707	13262	13716
100708	13262	13968
100709	3386	16253
100710	13262	25178
100711	13262	15539
100712	13262	42473
100713	13262	26836
100714	3386	26293
100715	13267	17276
100716	13267	19046
100717	1386	4690
100718	3386	4889
100719	1386	6116
100720	13268	20437
100721	88785	2297
100722	3386	5678
100723	3386	30966
100724	13268	17674
100725	13268	46341
100726	13270	13287
100727	13270	18163
100728	13273	18329
100729	13273	17340
100730	13273	52533
100731	13274	13295
100732	13275	15689
100733	195	5602
100734	1386	1671
100735	540	5511
100736	13276	50366
100737	13277	16549
100738	13277	26296
100739	48	15239
100740	3388	3393
100741	13277	22629
100742	13277	36822
100743	1386	2084
100744	3389	5899
100745	13277	16550
100746	13279	13336
100747	13279	13625
100748	13280	13960
100749	3389	4406
100750	13280	21482
100751	84603	4884
100752	13280	18662
100753	13280	32769
100754	3389	7892
100755	13281	13294
100756	88789	21461
100757	3389	16814
100758	3389	33013
100759	13282	24863
100760	13282	29851
100761	3389	5360
100762	13282	24209
100763	13284	13305
100764	13284	14913
100765	88848	10640
100766	88812	49086
100767	13284	13438
100768	13284	16770
100769	13285	22172
100770	13285	21493
100771	13285	17706
100772	13285	26652
100773	13285	18491
100774	13285	25603
100775	13287	26795
100776	13287	21822
100777	84614	21637
100778	82458	15936
100779	13289	32018
100780	23	769
100781	13289	61349
100782	13289	13579
100783	13289	18129
100784	13292	18186
100785	13292	22241
100786	13292	19147
100787	13293	23002
100788	13293	28611
100789	13293	22887
100790	13293	19069
100791	13292	19128
100792	13294	19111
100793	3390	16119
100794	13297	22938
100795	13297	22883
100796	13298	15331
100797	95	23638
100798	13298	15389
100799	13299	21487
100800	13298	17901
100801	13299	15114
100802	3391	8478
100803	13299	25303
100804	13299	15168
100805	3394	3395
100806	13299	25753
100807	13299	13756
100808	13300	18414
100809	13299	16921
100810	13300	20516
100811	13300	17818
100812	13300	32734
100813	195	18824
100814	195	19291
100815	13303	13313
100816	13304	20215
100817	13304	16725
100818	13304	28235
100819	13304	14800
100820	13304	20664
100821	13304	51147
100822	13304	26416
100823	13305	16423
100824	13305	15751
100825	13306	16814
100826	3397	10302
100827	13306	32899
100828	13307	13325
100829	13307	15382
100830	13308	19031
100831	13308	28731
100832	13308	17241
100833	88825	555
100834	88821	29744
100835	13308	34525
100836	13308	35241
100837	13308	15707
100838	84605	14034
100839	3398	5839
100840	13310	16740
100841	3398	3436
100842	13313	15097
100843	13313	17568
100844	13314	15063
100845	13316	20018
100846	13318	16443
100847	83749	6581
100848	540	11730
100849	13318	21506
100850	195	1704
100851	13319	43029
100852	13319	17815
100853	13319	18555
100854	540	10737
100855	13319	17165
100856	13319	32508
100857	13319	13466
100858	13319	32738
100859	1386	8981
100860	13319	41272
100861	3398	8991
100862	3398	9860
100863	1386	13444
100864	13319	23263
100865	88824	15516
100866	540	13330
100867	3398	9181
100868	195	14834
100869	83747	6184
100870	3398	12592
100871	13324	13349
100872	13325	15060
100873	13325	30724
100874	13326	13417
100875	13327	38451
100876	13327	14911
100877	13328	13332
100878	13329	17238
100879	13329	20190
100880	13330	18768
100881	540	14986
100882	13331	23694
100883	13331	16545
100884	13331	15772
100885	13331	29172
100886	84620	5678
100887	13331	30925
100888	13334	15073
100889	13334	25235
100890	13334	29177
100891	13334	29809
100892	13334	36958
100893	3399	3511
100894	13334	29618
100895	13335	18281
100896	3400	6096
100897	3400	42133
100898	13336	19974
100899	3401	5568
100900	13336	27089
100901	13336	20848
100902	13336	54824
100903	13338	13758
100904	3401	6648
100905	3401	6844
100906	13338	16504
100907	13339	20843
100908	13341	15140
100909	13343	16094
100910	13343	16829
100911	88838	5085
100912	3401	8621
100913	13346	29256
100914	83741	36548
100915	13346	18676
100916	13346	25832
100917	13348	37548
100918	13348	14901
100919	13353	16294
100920	13350	22560
100921	13351	13359
100922	13352	17683
100923	13353	13404
100924	13353	20805
100925	13353	20064
100926	13353	36101
100927	13355	24330
100928	13354	37822
100929	13358	13457
100930	13360	13471
100931	13362	13454
100932	13362	29478
100933	88837	9971
100934	13362	20814
100935	13362	19293
100936	13363	13390
100937	13365	58190
100938	13365	20064
100939	3401	3812
100940	3401	3834
100941	13365	18847
100942	13365	35981
100943	13365	34474
100944	13365	45083
100945	13365	15073
100946	13371	18141
100947	3401	5357
100948	3401	5900
100949	3401	7617
100950	13368	13413
100951	13368	18831
100952	13368	30896
100953	13368	15189
100954	13369	25076
100955	3401	19773
100956	13371	32954
100957	13373	13920
100958	1388	2087
100959	13371	17694
100960	3401	9041
100961	13372	13748
100962	13372	20851
100963	13373	25043
100964	13374	20565
100965	195	48007
100966	13378	13382
100967	3401	4811
100968	13381	35080
100969	13384	14668
100970	13384	14091
100971	13386	14834
100972	13387	25373
100973	13388	17996
100974	13388	21545
100975	13389	13395
100976	3401	10296
100977	13389	23229
100978	13389	15707
100979	13389	33730
100980	13392	13398
100981	13393	25951
100982	3401	28535
100983	13395	25508
100984	88845	1685
100985	3401	10283
100986	13400	13586
100987	1390	1395
100988	13400	22172
100989	196	197
100990	13400	26889
100991	3401	20312
100992	13402	14867
100993	13403	18361
100994	13404	33155
100995	198	394
100996	13404	26801
100997	13404	29203
100998	13404	29872
100999	3401	13325
101000	13404	41088
101001	3401	12079
101002	13404	17765
101003	13405	13840
101004	13406	13411
101005	13407	19632
101006	13407	25997
101007	13408	18890
101008	13408	26652
101009	13408	44731
101010	13408	19261
101011	95	34468
101012	3401	36239
101013	13412	30467
101014	13414	15258
101015	13415	24385
101016	13416	13420
101017	13417	20419
101018	13417	15114
101019	13408	26296
101020	13418	19003
101021	13419	18933
101022	13421	13435
101023	13421	26574
101024	13422	18748
101025	13425	13434
101026	13429	15547
101027	3402	4478
101028	3402	6077
101029	3402	29345
101030	13435	29124
101031	13437	33571
101032	13438	16438
101033	1391	24108
101034	3402	21856
101035	13438	21576
101036	13439	27002
101037	13440	21308
101038	13440	21084
101039	13440	19465
101040	3403	8628
101041	13444	17367
101042	1392	14725
101043	13447	43892
101044	13447	19912
101045	13447	24370
101046	13450	17377
101047	13450	13617
101048	13450	21429
101049	13452	21709
101050	13453	17097
101051	13453	38773
101052	13456	25318
101053	13456	34137
101054	88857	587
101055	13458	15702
101056	3403	4851
101057	13457	18460
101058	13462	32644
101059	13462	16856
101060	3403	12191
101061	13463	16564
101062	13463	16820
101063	198	595
101064	13464	18332
101065	13465	34553
101066	13465	20186
101067	13466	24074
101068	13466	25087
101069	3403	6102
101070	13467	28825
101071	13467	20042
101072	13467	23245
101073	13468	14615
101074	3403	13284
101075	13468	21845
101076	84631	19935
101077	83723	78027
101078	13469	19654
101079	13472	23726
101080	13472	24226
101081	3403	39931
101082	13472	39511
101083	13474	16256
101084	13474	20532
101085	13474	36058
101086	13474	29263
101087	13475	27383
101088	13475	20971
101089	540	5856
101090	3403	6023
101091	13475	21802
101092	13481	20667
101093	13481	16865
101094	13481	34253
101095	13481	35588
101096	13482	16190
101097	13483	20797
101098	13484	15214
101099	13484	21327
101100	13485	30490
101101	198	913
101102	3404	4125
101103	13488	14048
101104	1397	1809
101105	3404	18930
101106	3404	26383
101107	3406	5109
101108	3406	9338
101109	3406	5390
101110	540	15817
101111	3406	5914
101112	3406	10312
101113	3408	8318
101114	540	37340
101115	540	4790
101116	3408	8325
101117	4	1727
101118	23	1913
101119	13489	29345
101120	13491	14281
101121	13491	48497
101122	13494	17244
101123	1397	3916
101124	3408	3672
101125	13495	13498
101126	13497	18932
101127	83716	8436
101128	3408	4260
101129	13500	45750
101130	3408	4510
101131	13501	17536
101132	1397	4310
101133	13501	22484
101134	3408	16808
101135	13501	21478
101136	13501	35298
101137	3408	6834
101138	3408	14555
101139	541	752
101140	84635	19210
101141	13501	18693
101142	13501	18048
101143	13501	23307
101144	13501	20442
101145	3408	5001
101146	13501	15950
101147	13501	35348
101148	13502	13513
101149	13503	27499
101150	13511	31517
101151	13512	32359
101152	88873	10176
101153	13513	18982
101154	3408	9352
101155	13517	35121
101156	3409	3440
101157	13520	14760
101158	13525	72986
101159	3410	14615
101160	13527	44421
101161	13528	13543
101162	3412	10146
101163	13531	20533
101164	13533	22183
101165	13533	22170
101166	13535	37695
101167	13537	14821
101168	13537	18847
101169	13537	18744
101170	13537	17638
101171	13537	26048
101172	13538	16457
101173	88889	9163
101174	13538	26343
101175	13538	22967
101176	13544	18461
101177	13538	21018
101178	3413	11935
101179	1399	1406
101180	84639	15407
101181	3413	16932
101182	3413	11952
101183	13544	22065
101184	3414	23701
101185	3414	7618
101186	13544	22651
101187	13544	24533
101188	48	5479
101189	3415	6348
101190	3415	10502
101191	13547	21380
101192	13547	21359
101193	1400	23874
101194	3415	18668
101195	13549	13881
101196	13550	15347
101197	3415	5271
101198	13551	44421
101199	1401	16820
101200	13551	25484
101201	13551	17421
101202	3418	3419
101203	13551	13838
101204	13551	24877
101205	88886	81291
101206	3408	14774
101207	542	570
101208	13555	13647
101209	1401	6246
101210	13561	13575
101211	13562	13563
101212	13562	15027
101213	3420	7216
101214	13562	18923
101215	13565	18383
101216	13565	13840
101217	13565	21456
101218	13566	13570
101219	3420	4009
101220	13566	17036
101221	88888	5486
101222	13567	23694
101223	13567	23638
101224	3420	17811
101225	3420	19807
101226	13567	21439
101227	13567	41562
101228	544	669
101229	3420	5371
101230	3420	9298
101231	3420	5819
101232	3420	9879
101233	48	1521
101234	3422	8824
101235	13568	17585
101236	13567	27541
101237	3422	3561
101238	3422	7742
101239	13567	14607
101240	13568	15546
101241	13568	41272
101242	3422	3932
101243	88894	32478
101244	13569	15946
101245	13570	32809
101246	13571	13784
101247	1402	17782
101248	544	14547
101249	13571	24435
101250	13574	28595
101251	3422	5004
101252	13574	15280
101253	13574	21467
101254	1402	4854
101255	13574	39936
101256	13576	24240
101257	544	25230
101258	13576	28958
101259	3422	5142
101260	1403	2224
101261	13578	18095
101262	13578	42369
101263	3422	5396
101264	3422	13229
101265	1	725
101266	3422	8510
101267	13579	33901
101268	48	2203
101269	13580	15511
101270	3422	29677
101271	13581	13669
101272	13582	13705
101273	13582	34972
101274	3422	9326
101275	13582	17405
101276	3422	19398
101277	13582	36451
101278	13583	18491
101279	3422	32019
101280	13583	25439
101281	13584	13693
101282	1404	1741
101283	13584	15575
101284	13584	15315
101285	13584	21496
101286	13585	13622
101287	13584	15365
101288	13584	17735
101289	13584	18744
101290	3422	32508
101291	82466	12179
101292	13588	13749
101293	88908	368
101294	13592	21916
101295	13591	46867
101296	3423	4860
101297	13592	13856
101298	3424	10142
101299	3424	24897
101300	13594	15450
101301	3425	4235
101302	13594	15428
101303	198	3954
101304	13594	23815
101305	3426	5755
101306	13594	19164
101307	88907	2314
101308	13594	24435
101309	3426	5740
101310	81200	5200
101311	3426	4619
101312	3426	8604
101313	13594	14827
101314	13595	13680
101315	3426	5901
101316	13596	14999
101317	3426	12424
101318	3426	7664
101319	13599	23105
101320	13600	27100
101321	13600	15428
101322	13600	14757
101323	1405	3046
101324	545	2015
101325	3426	3892
101326	48	11302
101327	13607	36751
101328	13607	24209
101329	13610	13891
101330	13610	20835
101331	3426	10088
101332	1407	3450
101333	13610	23290
101334	13610	18782
101335	13610	22908
101336	13611	14566
101337	3426	6623
101338	3426	13474
101339	3426	8673
101340	3426	8752
101341	3426	21803
101342	84651	9284
101343	13612	18571
101344	13612	14255
101345	13612	27134
101346	13612	18317
101347	13613	13847
101348	13614	31702
101349	13615	17197
101350	13615	16945
101351	13615	15290
101352	13616	17150
101353	3426	7828
101354	13618	23213
101355	13621	13629
101356	13622	34461
101357	13622	19277
101358	13624	17340
101359	13624	22585
101360	13624	16845
101361	13624	43548
101362	13624	26688
101363	1407	10647
101364	3428	19892
101365	13624	20541
101366	13625	13791
101367	3426	35397
101368	13625	13904
101369	84654	1596
101370	13627	44326
101371	13627	41139
101372	13628	13681
101373	13633	13650
101374	1408	13749
101375	13636	19402
101376	13637	13759
101377	13640	13869
101378	13640	23661
101379	546	6133
101380	546	809
101381	1408	24131
101382	1408	14420
101383	13645	18778
101384	3427	3429
101385	13645	36990
101386	546	1970
101387	13645	35600
101388	13645	21456
101389	546	1874
101390	13645	32393
101391	13647	18048
101392	13645	17494
101393	13645	22581
101394	13645	16440
101395	13645	33539
101396	1409	2453
101397	13647	17795
101398	13647	18768
101399	546	2739
101400	3428	13182
101401	3428	5131
101402	3428	42191
101403	546	5513
101404	3428	17271
101405	3428	17955
101406	546	6046
101407	13647	25090
101408	3428	10648
101409	13647	20948
101410	3430	3453
101411	13651	13674
101412	13648	13880
101413	13652	16024
101414	13652	27805
101415	13653	13867
101416	3433	3493
101417	13654	16541
101418	13656	28137
101419	13657	60507
101420	3433	32970
101421	13658	43329
101422	13659	24447
101423	13659	50118
101424	3433	5016
101425	84662	79547
101426	3433	15163
101427	1409	7418
101428	13660	23730
101429	13660	39940
101430	13664	30790
101431	13665	22484
101432	13665	50573
101433	3433	5768
101434	3434	9421
101435	546	9083
101436	13668	27582
101437	546	2809
101438	13667	15002
101439	13671	22726
101440	13671	22938
101441	546	5930
101442	3434	26073
101443	3433	20191
101444	13673	28148
101445	13678	15003
101446	13673	37640
101447	13673	45943
101448	13675	13739
101449	3434	5052
101450	13675	18819
101451	13677	23814
101452	13677	32124
101453	13678	13848
101454	1410	5569
101455	13678	18287
101456	3434	13289
101457	13678	13937
101458	1410	23986
101459	1410	5185
101460	1	3708
101461	13682	13688
101462	3436	6057
101463	13684	18442
101464	13684	18721
101465	13684	20718
101466	13684	27906
101467	13684	52484
101468	13684	40651
101469	3436	8345
101470	3436	28597
101471	3436	8504
101472	3436	19688
101473	13689	21334
101474	13689	17815
101475	13690	13699
101476	546	4480
101477	3437	30030
101478	13693	15138
101479	3438	26492
101480	81186	5541
101481	13693	21602
101482	3439	6144
101483	3439	5997
101484	3439	5795
101485	13695	23777
101486	3439	3717
101487	3439	7441
101488	13696	20714
101489	1411	13788
101490	13696	17499
101491	3439	3747
101492	13701	13810
101493	13702	13790
101494	13702	33855
101495	13703	26619
101496	3439	10040
101497	1411	8464
101498	3439	10093
101499	546	629
101500	13705	22599
101501	13707	13737
101502	3439	9644
101503	13709	40703
101504	13709	24831
101505	13709	17945
101506	13710	19923
101507	13711	15664
101508	13711	35677
101509	13712	17730
101510	13712	13819
101511	13712	17150
101512	13712	16090
101513	13713	14024
101514	3439	15742
101515	88968	3125
101516	13714	18720
101517	1411	17116
101518	13714	22866
101519	13715	28572
101520	3439	8090
101521	13716	21588
101522	13719	13793
101523	13722	13765
101524	13723	15682
101525	13723	18717
101526	13723	36463
101527	13724	13939
101528	13727	16957
101529	13725	23302
101530	13727	37793
101531	13727	25127
101532	13727	19930
101533	13727	17527
101534	13729	13744
101535	13729	14390
101536	1411	29705
101537	84670	25109
101538	13730	14774
101539	3439	4666
101540	13731	22247
101541	13731	33944
101542	1411	26291
101543	13732	21269
101544	13733	23973
101545	13733	29670
101546	13735	19035
101547	13735	20835
101548	13735	23735
101549	13735	37525
101550	13735	43048
101551	13738	13741
101552	13739	18446
101553	1411	9251
101554	13740	22378
101555	546	9688
101556	13742	13772
101557	3439	6500
101558	13746	50106
101559	3441	12996
101560	3441	11934
101561	3440	5904
101562	13748	19043
101563	13748	45125
101564	3441	10046
101565	13748	37428
101566	13748	14392
101567	13748	36463
101568	13748	28286
101569	1412	1420
101570	13749	22800
101571	3441	18486
101572	23	9787
101573	13750	31994
101574	13756	35783
101575	96	7955
101576	13751	18240
101577	1413	33026
101578	3444	29756
101579	13753	13865
101580	13753	29083
101581	3444	6082
101582	13754	34335
101583	3445	3987
101584	3450	5102
101585	13756	23127
101586	13756	17663
101587	3447	4212
101588	3447	4448
101589	3447	5432
101590	13757	37995
101591	13757	28286
101592	3447	25373
101593	83668	4040
101594	13760	20074
101595	3448	4596
101596	13760	31191
101597	3449	4643
101598	84667	25219
101599	3450	4707
101600	13761	41562
101601	1415	2230
101602	3450	4698
101603	13762	14265
101604	13762	15619
101605	3450	5403
101606	3450	5053
101607	13762	18773
101608	13762	34156
101609	1415	1612
101610	3450	4856
101611	3450	6127
101612	3450	6115
101613	13762	15496
101614	13766	20541
101615	13766	37237
101616	82485	24587
101617	13767	17560
101618	13767	20948
101619	3450	7720
101620	3450	8311
101621	1415	10089
101622	3450	8319
101623	97	5102
101624	3450	4985
101625	77709	11341
101626	81195	10884
101627	3450	9229
101628	13772	18503
101629	3450	9184
101630	3450	11017
101631	3450	12131
101632	13777	44232
101633	3450	4990
101634	3450	11048
101635	13778	17522
101636	198	11998
101637	546	5595
101638	13780	13791
101639	97	5088
101640	13780	22535
101641	48	835
101642	13780	17355
101643	13780	16890
101644	13780	18083
101645	13780	29394
101646	13781	17641
101647	13781	23354
101648	13782	13808
101649	13783	38293
101650	13784	22136
101651	13784	13836
101652	13784	25715
101653	13784	16581
101654	1415	8316
101655	89002	11182
101656	1415	5170
101657	3450	11165
101658	3450	19388
101659	13788	25662
101660	3450	6035
101661	13789	17830
101662	89000	20536
101663	13790	32478
101664	13791	24495
101665	84680	22538
101666	13792	13831
101667	1415	5288
101668	13793	21363
101669	13793	28611
101670	3450	13048
101671	3450	10772
101672	13796	15002
101673	97	1826
101674	13798	36451
101675	13799	28757
101676	13799	33428
101677	13799	43037
101678	13800	14048
101679	1415	25369
101680	82492	12662
101681	3450	11324
101682	1415	19054
101683	13804	20381
101684	13804	23507
101685	13804	19080
101686	3450	35238
101687	13804	30105
101688	13805	23415
101689	1416	17663
101690	1417	24926
101691	13813	21550
101692	1417	8544
101693	13813	17150
101694	3450	4788
101695	13813	40625
101696	1417	5884
101697	1418	1483
101698	13814	18743
101699	13814	20554
101700	13791	23632
101701	84685	5060
101702	13817	34192
101703	13819	14494
101704	13821	31764
101705	13821	38562
101706	13822	18923
101707	13822	20645
101708	13822	40695
101709	84680	4144
101710	13823	29716
101711	13823	14517
101712	13824	13828
101713	13826	14847
101714	13826	19055
101715	1419	6125
101716	13826	17434
101717	13826	16071
101718	13826	35417
101719	13826	22878
101720	13827	14615
101721	13827	21971
101722	546	25279
101723	13829	21894
101724	48	18693
101725	13829	15536
101726	89015	2552
101727	13832	16566
101728	13832	41137
101729	13834	25018
101730	3450	10682
101731	13837	31312
101732	13838	36000
101733	84710	2406
101734	13839	31166
101735	13840	14218
101736	3450	4958
101737	547	29511
101738	13840	31096
101739	97	7924
101740	3450	8294
101741	13843	13928
101742	13843	42333
101743	13844	13857
101744	13847	13882
101745	1422	2351
101746	13849	27620
101747	13852	23407
101748	13855	19209
101749	13855	44059
101750	13856	24106
101751	13856	17536
101752	13856	36065
101753	89030	58056
101754	13859	16197
101755	13859	37220
101756	13860	48068
101757	13863	17141
101758	13863	23397
101759	84820	7482
101760	13868	28596
101761	548	644
101762	13870	24951
101763	13873	13885
101764	1422	18397
101765	13874	17151
101766	1422	2458
101767	13874	35559
101768	198	7238
101769	13874	22007
101770	13875	33648
101771	13877	43555
101772	13882	19288
101773	13882	19265
101774	1422	17256
101775	13883	21129
101776	1423	8251
101777	13884	34160
101778	13887	27004
101779	13887	28641
101780	78646	20829
101781	13887	19405
101782	13888	14559
101783	3451	4350
101784	13888	19587
101785	13888	21044
101786	13889	32015
101787	13891	18735
101788	13891	19346
101789	198	19054
101790	3451	10065
101791	3451	8441
101792	3451	8319
101793	13891	17675
101794	3451	10900
101795	13891	46243
101796	13892	33916
101797	3451	5567
101798	13895	22629
101799	1423	5385
101800	13897	23915
101801	13897	15162
101802	13900	29372
101803	13900	15446
101804	13902	17141
101805	13826	18782
101806	13904	14796
101807	13904	21680
101808	82502	79134
101809	84697	1553
101810	13906	51316
101811	13906	13915
101812	13907	13913
101813	1423	6121
101814	3451	4954
101815	13910	13943
101816	13910	26550
101817	13910	23263
101818	13910	15817
101819	13910	15877
101820	13912	13918
101821	23	8240
101822	13912	19448
101823	13913	25278
101824	13913	40116
101825	13914	19896
101826	13915	14549
101827	84696	12835
101828	13916	16836
101829	549	1861
101830	13916	26059
101831	13916	26347
101832	97	12835
101833	1424	2932
101834	13918	13926
101835	3451	8673
101836	13917	25664
101837	3451	5374
101838	1424	6300
101839	13918	23803
101840	13918	19102
101841	89040	4864
101842	13920	38205
101843	13921	33600
101844	13924	24148
101845	13924	26190
101846	13925	16383
101847	13925	27037
101848	13925	15014
101849	13925	20072
101850	13925	21429
101851	13925	30516
101852	13926	13930
101853	13926	14069
101854	3451	16740
101855	13927	14021
101856	13926	15951
101857	13927	14424
101858	13927	21864
101859	1424	7649
101860	13927	34367
101861	3451	17459
101862	13927	35394
101863	13927	24942
101864	13928	27352
101865	13928	17146
101866	13928	21476
101867	13928	17256
101868	1424	1706
101869	83639	5930
101870	13928	32524
101871	84709	732
101872	3451	10126
101873	13929	16941
101874	13930	24148
101875	3451	58190
101876	13931	21436
101877	1424	13164
101878	1424	4963
101879	84702	5662
101880	549	4217
101881	1424	5799
101882	13932	17685
101883	97	17795
101884	3451	7625
101885	13933	34193
101886	13933	18322
101887	13933	29463
101888	1424	8058
101889	549	1603
101890	13933	16094
101891	82499	80460
101892	13937	32392
101893	13937	15140
101894	1424	15428
101895	13937	21063
101896	13937	30044
101897	13938	19354
101898	13938	20681
101899	1424	19395
101900	13938	16406
101901	13941	16741
101902	13941	15512
101903	13941	30626
101904	13941	31567
101905	13942	23694
101906	13942	16712
101907	3451	9672
101908	1424	21707
101909	13942	31905
101910	13942	14972
101911	1424	3172
101912	13942	61728
101913	1424	9696
101914	13948	16545
101915	13943	22671
101916	13943	32887
101917	97	2273
101918	97	10083
101919	3451	22262
101920	1424	18824
101921	13948	42546
101922	13948	35553
101923	13948	25220
101924	13949	39940
101925	13949	53138
101926	13950	58641
101927	13949	16664
101928	13951	14593
101929	13951	14801
101930	13951	23540
101931	13952	25751
101932	13952	15519
101933	13952	28656
101934	13952	18994
101935	13952	16799
101936	1424	8799
101937	97	4713
101938	97	10289
101939	13952	26466
101940	13953	16568
101941	13953	16845
101942	89069	83100
101943	13953	34785
101944	200	1742
101945	13953	23293
101946	13953	23413
101947	3451	7878
101948	549	4787
101949	13953	35349
101950	13954	13960
101951	13954	23252
101952	13954	39759
101953	13954	29705
101954	13954	22564
101955	13954	23956
101956	13955	13959
101957	1425	1768
101958	549	14447
101959	13956	18317
101960	13956	19433
101961	83616	14353
101962	13956	15543
101963	3451	8831
101964	13956	23115
101965	13956	19027
101966	13960	30569
101967	13960	28385
101968	13960	19909
101969	13960	24613
101970	13961	18677
101971	549	14957
101972	13961	15532
101973	13962	17851
101974	13964	27803
101975	13964	15551
101976	13964	17205
101977	1425	9974
101978	13964	15546
101979	13964	36492
101980	13968	13969
101981	550	4992
101982	13968	19388
101983	13968	34309
101984	13968	30736
101985	13968	43029
101986	3454	30813
101987	3454	20469
101988	13968	17192
101989	13968	19982
101990	13969	34877
101991	13969	30111
101992	13969	19395
101993	13970	22191
101994	200	21015
101995	13972	25444
101996	3456	3475
101997	13975	25618
101998	13987	16559
101999	13977	14056
102000	200	34166
102001	550	1250
102002	13984	14683
102003	13985	13990
102004	1425	12012
102005	13988	14424
102006	3458	14802
102007	200	6431
102008	3458	10806
102009	84720	44064
102010	3459	9495
102011	200	2788
102012	13993	14109
102013	13995	13998
102014	1425	2739
102015	13997	27896
102016	13997	16928
102017	13997	40001
102018	84719	8220
102019	1425	18317
102020	13999	14000
102021	14001	14002
102022	14004	14396
102023	14007	14412
102024	14008	23570
102025	14009	14011
102026	89094	6212
102027	84717	33855
102028	14014	21322
102029	3459	10153
102030	14014	31956
102031	83583	1022
102032	3459	21084
102033	14014	36108
102034	201	747
102035	1425	8491
102036	14015	24092
102037	14015	17805
102038	1425	5828
102039	3459	15226
102040	14015	40706
102041	14016	14336
102042	14019	14023
102043	79789	883
102044	14020	14506
102045	1425	29665
102046	14020	16190
102047	1425	6265
102048	14020	22385
102049	3459	21475
102050	14020	48747
102051	14020	19045
102052	550	5492
102053	14021	14482
102054	14021	14648
102055	1425	15818
102056	89105	16230
102057	14021	36611
102058	3459	5422
102059	14021	43942
102060	14021	35086
102061	14021	52521
102062	97	10596
102063	14024	26729
102064	14024	14704
102065	550	5672
102066	1425	3708
102067	1425	4264
102068	14028	14110
102069	14029	14188
102070	97	794
102071	550	13488
102072	3459	14775
102073	1425	13942
102074	3459	9755
102075	14029	15558
102076	14029	19023
102077	3459	16772
102078	14029	17242
102079	14030	14038
102080	14033	27102
102081	14033	15243
102082	14033	25875
102083	3460	26624
102084	14034	14461
102085	3461	15679
102086	3462	8240
102087	3462	8683
102088	3462	9179
102089	3462	9284
102090	3462	4667
102091	14039	34243
102092	14040	33460
102093	14041	14047
102094	14046	26574
102095	14042	31690
102096	1425	36585
102097	14042	15425
102098	3462	19871
102099	14046	32420
102100	14046	24062
102101	550	23959
102102	3462	5370
102103	14046	17492
102104	14046	32464
102105	14046	33088
102106	89109	10583
102107	14046	43049
102108	3462	4796
102109	97	4828
102110	3462	11542
102111	3462	9876
102112	14050	19841
102113	14050	34427
102114	550	15230
102115	3462	16696
102116	3462	8393
102117	3462	15877
102118	14053	46627
102119	14053	16443
102120	14053	23213
102121	1426	4808
102122	14057	14084
102123	3462	9998
102124	3462	18446
102125	14062	14068
102126	14065	14495
102127	1426	2489
102128	552	1319
102129	3462	5629
102130	14069	14736
102131	1426	1968
102132	14069	21777
102133	552	5015
102134	14069	27684
102135	83586	7784
102136	14069	19023
102137	3465	3909
102138	89121	24932
102139	23	8596
102140	1426	2116
102141	14070	14681
102142	1426	1996
102143	3465	10804
102144	97	17503
102145	14070	33147
102146	84731	11030
102147	14070	28839
102148	14071	14590
102149	3465	13327
102150	552	5516
102151	3465	19038
102152	3465	43762
102153	3465	11258
102154	1426	8623
102155	14074	32314
102156	14075	14086
102157	14077	14206
102158	14077	15456
102159	1426	2892
102160	89122	10200
102161	3466	11324
102162	14079	14540
102163	3466	47638
102164	3467	4551
102165	97	9626
102166	14089	14097
102167	14090	24450
102168	14090	29056
102169	14091	25090
102170	14093	14713
102171	3467	10037
102172	14094	20407
102173	14098	14103
102174	14100	14129
102175	97	7428
102176	14105	14270
102177	3468	8930
102178	14106	20063
102179	14107	14563
102180	14107	23557
102181	14112	14205
102182	552	1638
102183	3468	17262
102184	1426	6361
102185	14112	16385
102186	14112	21804
102187	552	2076
102188	14112	31858
102189	14112	26146
102190	14112	15110
102191	14118	34577
102192	14119	14447
102193	14121	14122
102194	14123	14437
102195	3468	25369
102196	14123	18762
102197	14127	14426
102198	14127	50609
102199	3468	17864
102200	14128	15607
102201	14128	23550
102202	14128	25450
102203	14069	34877
102204	14131	14142
102205	552	4880
102206	14137	14251
102207	14140	14596
102208	14140	19738
102209	3469	25090
102210	14143	25695
102211	14145	14513
102212	14144	35783
102213	14147	20452
102214	14147	35281
102215	14147	31212
102216	14149	14150
102217	14152	14155
102218	14154	14455
102219	14156	14158
102220	1427	2165
102221	14157	14591
102222	14157	15818
102223	14161	14166
102224	14162	14168
102225	14163	14388
102226	1428	2780
102227	3470	10733
102228	3470	3482
102229	1428	1695
102230	3470	8581
102231	3470	7514
102232	14167	35376
102233	14167	24386
102234	1428	4679
102235	14168	16826
102236	14168	22450
102237	3470	4675
102238	14168	17663
102239	14175	14233
102240	14175	28127
102241	14176	14177
102242	3470	20893
102243	14178	14184
102244	14186	23261
102245	84745	10906
102246	14186	30862
102247	23	13660
102248	3470	8445
102249	14188	31078
102250	14189	17851
102251	14189	27362
102252	14191	14761
102253	3470	18437
102254	14191	18346
102255	14191	20333
102256	14191	16029
102257	14194	14195
102258	14198	14532
102259	14198	28178
102260	14199	15551
102261	3470	5797
102262	14202	14208
102263	14204	16356
102264	3470	11292
102265	14204	14898
102266	1428	3805
102267	14205	47026
102268	14205	37378
102269	3470	10667
102270	14211	14308
102271	14213	15273
102272	3470	17115
102273	89148	9643
102274	14218	25081
102275	14219	14222
102276	14223	16496
102277	14226	38226
102278	14229	25857
102279	14232	22479
102280	14234	14235
102281	14236	14680
102282	14237	14636
102283	14238	23466
102284	14238	30795
102285	14238	17532
102286	14239	14241
102287	3470	13258
102288	14243	14246
102289	14244	14357
102290	14245	14274
102291	14249	18432
102292	14249	27896
102293	14249	18443
102294	14253	19626
102295	14254	14256
102296	14255	20593
102297	14260	19993
102298	14260	29138
102299	14261	14267
102300	14265	23216
102301	14265	22525
102302	14268	14275
102303	3470	4958
102304	14270	16632
102305	1428	7867
102306	3470	33075
102307	14273	16932
102308	14276	14287
102309	14277	14667
102310	14277	37588
102311	14279	15833
102312	14279	20206
102313	3472	3477
102314	14281	33573
102315	14281	32159
102316	552	8632
102317	14285	28362
102318	3472	11542
102319	14285	19964
102320	14285	17281
102321	14286	14387
102322	14286	19868
102323	14286	21890
102324	14286	16568
102325	14286	39409
102326	3472	13048
102327	3472	9215
102328	14288	26957
102329	14289	14293
102330	3473	21096
102331	3473	11432
102332	14294	14295
102333	14296	26583
102334	14297	14299
102335	14302	14303
102336	1428	11413
102337	14305	27580
102338	14306	14311
102339	1	5195
102340	14307	15738
102341	83561	11093
102342	14307	17808
102343	14307	22143
102344	3474	35090
102345	14307	31104
102346	14307	25998
102347	14307	37332
102348	3474	19003
102349	14314	15776
102350	3474	34514
102351	89167	7883
102352	14320	19863
102353	1428	15514
102354	14320	28887
102355	14322	14323
102356	14324	28939
102357	14324	21084
102358	14325	14333
102359	14326	21619
102360	1428	7031
102361	14328	14673
102362	14330	14406
102363	14334	14337
102364	14338	20794
102365	14349	14431
102366	14351	53529
102367	14352	14363
102368	3477	10309
102369	89171	5797
102370	3477	22803
102371	3477	10941
102372	14370	37365
102373	3477	13302
102374	14372	23364
102375	3477	30530
102376	14373	23709
102377	3479	17816
102378	3479	39991
102379	3479	38470
102380	14373	17452
102381	14373	44421
102382	3480	3833
102383	3481	3812
102384	14375	17524
102385	14378	14382
102386	14377	14577
102387	3481	4540
102388	3481	8994
102389	3481	21661
102390	14386	21012
102391	14386	34304
102392	202	2882
102393	14387	35069
102394	14387	37511
102395	14389	14397
102396	3481	8928
102397	3481	26487
102398	14392	14760
102399	14392	15140
102400	14392	28048
102401	14392	20478
102402	14392	15902
102403	14395	41198
102404	1	16063
102405	14396	22818
102406	14399	14411
102407	14401	14402
102408	3482	6095
102409	14406	23358
102410	14407	14421
102411	3482	5031
102412	14408	25833
102413	202	2188
102414	14409	16959
102415	14409	28369
102416	14409	31994
102417	84760	10296
102418	14420	14515
102419	14420	18804
102420	14420	17285
102421	14422	28460
102422	3482	4571
102423	14424	15536
102424	84765	39372
102425	1429	1616
102426	14426	15725
102427	14426	31962
102428	3482	6003
102429	3482	13043
102430	14429	18103
102431	14430	35677
102432	14430	60652
102433	14431	17818
102434	14434	17466
102435	14435	14444
102436	89179	1238
102437	3482	15785
102438	3482	5136
102439	3482	5575
102440	14445	14463
102441	14447	14466
102442	99	2501
102443	14447	17505
102444	3482	15551
102445	3482	5740
102446	14453	14501
102447	14447	43023
102448	3482	5371
102449	14453	27234
102450	14454	27318
102451	14455	19395
102452	3482	13960
102453	14461	14656
102454	14461	18897
102455	89185	1802
102456	3482	10934
102457	14464	29131
102458	89184	9786
102459	554	2784
102460	3482	17851
102461	14464	21680
102462	554	9631
102463	14466	32004
102464	89217	2079
102465	14438	35004
102466	14466	14972
102467	14466	17987
102468	14469	14472
102469	14474	14476
102470	14478	14481
102471	14480	14709
102472	14486	18153
102473	14494	27239
102474	14486	14998
102475	14486	42407
102476	14489	38169
102477	14491	14497
102478	1430	28121
102479	14494	14539
102480	14498	14499
102481	14500	15948
102482	14500	14768
102483	14500	18667
102484	1431	2170
102485	14500	16063
102486	14501	27135
102487	14501	32313
102488	14503	19406
102489	14504	14508
102490	1431	4990
102491	14510	14652
102492	1431	11083
102493	14514	46749
102494	14517	16444
102495	14517	14764
102496	14517	18743
102497	14520	14523
102498	83554	20265
102499	14521	21161
102500	14524	14525
102501	3482	49236
102502	14526	14538
102503	3483	16620
102504	14544	14567
102505	89198	61315
102506	14547	21038
102507	82526	32792
102508	555	22250
102509	14549	17189
102510	3484	5131
102511	14552	21671
102512	14552	37434
102513	14554	52299
102514	14555	16893
102515	555	4690
102516	3484	10958
102517	14557	25697
102518	3484	13197
102519	14559	19354
102520	3484	6469
102521	14559	26587
102522	14447	31305
102523	14566	15686
102524	14566	29192
102525	14574	39993
102526	3485	4212
102527	14577	15003
102528	14578	14582
102529	14579	17995
102530	14579	27574
102531	14577	35241
102532	84772	5342
102533	14585	15458
102534	14586	27685
102535	3485	22528
102536	3485	5053
102537	14586	17881
102538	3485	7146
102539	14587	24897
102540	14590	20711
102541	3485	35007
102542	14593	18427
102543	89197	7903
102544	14593	15402
102545	89195	23246
102546	14593	22607
102547	14585	16046
102548	14594	14604
102549	14596	20987
102550	202	7767
102551	14596	18398
102552	14596	16229
102553	3486	3502
102554	99	3038
102555	14601	21487
102556	14601	17418
102557	14602	51402
102558	14607	36366
102559	14608	14610
102560	3489	3927
102561	14615	19080
102562	14615	26281
102563	3490	11805
102564	3490	9737
102565	202	15586
102566	3490	4201
102567	14616	14617
102568	14619	14622
102569	14624	18105
102570	3490	8381
102571	556	6979
102572	3490	16546
102573	14626	26374
102574	3490	5906
102575	14628	14632
102576	3490	10836
102577	14629	17680
102578	14631	59588
102579	14633	22757
102580	14634	20851
102581	14634	30774
102582	14634	20437
102583	14634	34468
102584	14641	14645
102585	14646	41172
102586	14648	22344
102587	14648	28832
102588	14648	23709
102589	14649	23878
102590	14649	40690
102591	14649	40540
102592	14651	44653
102593	14652	20214
102594	14654	14657
102595	14655	50008
102596	14656	37363
102597	14660	33576
102598	14660	21680
102599	14661	14666
102600	14652	19043
102601	14662	19215
102602	14668	34560
102603	89208	25318
102604	14668	36692
102605	14668	29193
102606	14670	14694
102607	14671	27808
102608	14675	22195
102609	3492	3760
102610	99	10269
102611	14677	21631
102612	3492	6089
102613	14677	29200
102614	14677	33663
102615	14680	25174
102616	14680	49998
102617	3492	5370
102618	14683	18693
102619	14684	25069
102620	14685	53607
102621	14689	14732
102622	14691	17288
102623	3492	27796
102624	84788	2490
102625	14693	20749
102626	14693	29454
102627	14697	23953
102628	14697	27803
102629	14697	39993
102630	14697	15415
102631	14697	20226
102632	3492	5393
102633	3492	10845
102634	14693	28871
102635	14699	24661
102636	14700	14701
102637	14703	14708
102638	14704	33878
102639	3492	4837
102640	14704	45212
102641	14714	15817
102642	556	5517
102643	14711	20343
102644	14714	24384
102645	14715	21857
102646	3492	4702
102647	3492	12468
102648	14715	22944
102649	14719	14728
102650	14720	14884
102651	14723	23194
102652	14723	16108
102653	14723	38780
102654	14723	15789
102655	14725	40690
102656	1436	1441
102657	14726	21353
102658	89227	8462
102659	14730	14733
102660	84787	22828
102661	14731	16728
102662	12	1997
102663	14736	22048
102664	14736	15617
102665	3493	4789
102666	14745	23542
102667	14747	16291
102668	14747	17999
102669	83535	9541
102670	14747	16595
102671	1437	10674
102672	14747	33857
102673	3493	10092
102674	14747	15797
102675	14747	16491
102676	557	2593
102677	14748	24680
102678	3493	13017
102679	557	2462
102680	3493	8244
102681	14751	15214
102682	3493	37092
102683	14751	29668
102684	1438	5532
102685	14751	26617
102686	3493	9017
102687	14751	54305
102688	14752	15902
102689	3493	10268
102690	14752	19395
102691	14752	22795
102692	14752	26569
102693	14754	15168
102694	14758	14764
102695	14751	34309
102696	14761	36683
102697	14762	20395
102698	3493	30806
102699	1438	2058
102700	3495	3746
102701	14762	47026
102702	14762	15038
102703	3497	4038
102704	1438	5619
102705	14764	17244
102706	84776	2852
102707	3497	35433
102708	3497	5573
102709	14765	16029
102710	14765	16856
102711	14765	33366
102712	14769	15428
102713	14769	14787
102714	14771	19185
102715	14772	14773
102716	14774	20306
102717	14774	15833
102718	1438	6168
102719	14774	16378
102720	14775	18145
102721	14777	16876
102722	14776	35121
102723	14777	30964
102724	14779	19354
102725	14774	16230
102726	14779	14831
102727	14780	16028
102728	14786	17568
102729	14786	17785
102730	3503	3523
102731	14786	15312
102732	14786	17606
102733	14787	17585
102734	14787	53809
102735	14787	26487
102736	14787	32647
102737	14788	26209
102738	14791	15073
102739	14791	15273
102740	14791	15505
102741	14791	40680
102742	14800	14844
102743	3503	6113
102744	14799	14806
102745	557	5142
102746	89241	7179
102747	14800	21675
102748	3504	8315
102749	3504	27831
102750	14800	15513
102751	3506	5090
102752	14800	41664
102753	14800	16908
102754	14800	26907
102755	3506	5867
102756	14800	25830
102757	14801	38492
102758	14802	17901
102759	14803	17797
102760	14804	14823
102761	14806	20120
102762	89240	18917
102763	3506	8621
102764	3506	7671
102765	3506	8398
102766	14807	19376
102767	14810	18243
102768	14810	14954
102769	14814	18460
102770	3506	7031
102771	14815	29589
102772	1439	13593
102773	14817	35482
102774	14817	17674
102775	14817	47026
102776	14818	14846
102777	89238	9846
102778	14821	18141
102779	1439	15603
102780	81229	10469
102781	14821	20381
102782	14821	24164
102783	3509	16594
102784	4	13810
102785	1440	2520
102786	14821	33573
102787	1440	5909
102788	14821	19471
102789	23	7058
102790	14821	43182
102791	3511	16936
102792	1440	3450
102793	14821	56568
102794	14822	17667
102795	14822	25638
102796	14822	19919
102797	3512	4707
102798	14822	18862
102799	14822	19278
102800	14824	14829
102801	14826	22811
102802	14826	31029
102803	14827	14999
102804	14827	31461
102805	14827	24897
102806	3514	4043
102807	14834	30620
102808	14830	17025
102809	14834	15732
102810	14841	18887
102811	3515	3672
102812	14841	22405
102813	14842	29857
102814	14842	29976
102815	1440	2001
102816	3515	4554
102817	14842	26652
102818	1440	1779
102819	3515	4789
102820	79410	26394
102821	1440	5914
102822	3515	8749
102823	14843	17675
102824	3515	5152
102825	14844	27384
102826	3515	11305
102827	3515	14988
102828	14845	21699
102829	14846	16081
102830	14846	19259
102831	14846	31710
102832	89257	25021
102833	557	11371
102834	3515	19563
102835	3515	8327
102836	557	19304
102837	14846	18503
102838	14846	53797
102839	3515	20961
102840	14850	16114
102841	14849	25118
102842	14850	32169
102843	14852	19134
102844	14853	29454
102845	14853	19272
102846	14857	26470
102847	14857	18322
102848	14857	31032
102849	14857	17881
102850	3515	14911
102851	14860	24547
102852	557	4811
102853	14860	22702
102854	14870	15349
102855	14870	19195
102856	14870	28648
102857	14860	16144
102858	14870	16247
102859	3517	3522
102860	14871	18340
102861	14871	17142
102862	14874	17442
102863	1440	16949
102864	14877	43575
102865	14878	27425
102866	14878	34829
102867	14881	16252
102868	3518	8959
102869	14884	24820
102870	89260	18346
102871	3519	5579
102872	14884	18132
102873	14885	40076
102874	3519	13345
102875	14890	16115
102876	14889	37834
102877	14889	23149
102878	14889	19615
102879	14891	17773
102880	14891	23694
102881	14891	16805
102882	14891	17462
102883	14891	16639
102884	14891	15896
102885	14891	18277
102886	14891	30944
102887	14891	61748
102888	14898	19895
102889	14898	39535
102890	14899	14919
102891	14901	16975
102892	14901	18460
102893	3519	4588
102894	14901	40691
102895	14901	27803
102896	14901	32040
102897	14901	28849
102898	14904	14940
102899	14905	16706
102900	14905	31010
102901	89267	20488
102902	14909	20186
102903	14905	25704
102904	14909	37125
102905	1440	5485
102906	14910	23263
102907	557	38163
102908	89264	593
102909	14910	17185
102910	84803	16879
102911	3519	14668
102912	14910	22694
102913	14911	15963
102914	14913	35155
102915	14916	30589
102916	14917	19476
102917	48	12829
102918	14917	39402
102919	14921	14931
102920	89271	61728
102921	3519	13365
102922	14926	44913
102923	14926	18261
102924	14927	17245
102925	557	9608
102926	14927	36222
102927	89266	2796
102928	14934	14954
102929	14934	17929
102930	14934	33570
102931	89269	7680
102932	14939	14957
102933	14939	19185
102934	1440	11203
102935	3519	9385
102936	14946	20398
102937	89276	40450
102938	14947	31059
102939	14950	14955
102940	3519	5491
102941	14956	18723
102942	14957	15570
102943	14957	16836
102944	84811	16969
102945	3519	55008
102946	14958	31419
102947	1440	4406
102948	1440	5008
102949	14960	16551
102950	14959	34335
102951	3520	8417
102952	14960	41634
102953	14961	21607
102954	14961	18555
102955	1440	33408
102956	14966	58190
102957	89282	77518
102958	14966	28843
102959	14966	19340
102960	14968	23440
102961	14968	27835
102962	14970	18303
102963	3523	15553
102964	3523	15413
102965	84809	17096
102966	14972	17340
102967	14972	32464
102968	83510	5615
102969	14972	27543
102970	14972	26350
102971	14972	25830
102972	3524	3526
102973	1440	25118
102974	1440	50721
102975	1440	12461
102976	14976	23413
102977	3525	9696
102978	14976	17995
102979	14978	23950
102980	3527	3541
102981	14978	23936
102982	1442	5657
102983	1442	5155
102984	14980	25049
102985	14981	19356
102986	82540	2481
102987	14981	37350
102988	14981	17942
102989	14986	28802
102990	14981	26292
102991	14981	16568
102992	3529	3741
102993	89294	23816
102994	14981	21375
102995	14985	28887
102996	14985	18402
102997	3529	4829
102998	559	2159
102999	14978	23735
103000	3529	25386
103001	3529	5443
103002	3529	33288
103003	14987	27803
103004	14986	25314
103005	14986	15221
103006	14987	28150
103007	14987	16215
103008	3529	5424
103009	14987	18847
103010	1442	11353
103011	559	2859
103012	3529	10193
103013	559	9135
103014	14987	16810
103015	89329	8457
103016	84840	7684
103017	14987	30684
103018	78650	6364
103019	14988	20507
103020	80441	78619
103021	84863	28114
103022	14988	16555
103023	14988	27403
103024	14994	22038
103025	14994	36627
103026	14994	39351
103027	14995	17851
103028	1442	16546
103029	3529	17795
103030	14997	17147
103031	14997	21722
103032	14998	15746
103033	14998	15558
103034	205	5053
103035	14988	27803
103036	81244	35783
103037	3530	5905
103038	89315	16012
103039	14999	18847
103040	15001	33288
103041	15001	31859
103042	15002	32739
103043	15002	15163
103044	559	1824
103045	3530	16827
103046	3530	5427
103047	15002	18388
103048	15003	15110
103049	15003	20681
103050	89320	6086
103051	15003	35971
103052	15005	23735
103053	15008	24432
103054	15009	16662
103055	15009	44556
103056	15010	15064
103057	1442	13300
103058	15011	32032
103059	15012	15016
103060	15012	17029
103061	3532	22024
103062	15012	30282
103063	15012	19225
103064	3532	11075
103065	15012	35155
103066	15012	55751
103067	3534	14035
103068	15014	16926
103069	3534	4133
103070	15014	43322
103071	15014	19296
103072	15015	20220
103073	15015	17753
103074	3534	12243
103075	15018	16740
103076	15024	25169
103077	15025	15048
103078	15033	39139
103079	15026	33773
103080	15027	15046
103081	15027	17097
103082	15029	17040
103083	15030	15053
103084	15033	17848
103085	3535	13318
103086	15035	15988
103087	3537	3799
103088	15035	17695
103089	3538	6143
103090	15036	15957
103091	15036	18555
103092	15036	15950
103093	3538	5057
103094	15036	36218
103095	15037	51766
103096	15037	15304
103097	15038	23415
103098	3538	5005
103099	15038	26801
103100	1442	23522
103101	15038	26061
103102	15039	23118
103103	15042	21443
103104	15043	21469
103105	15043	43385
103106	15043	20205
103107	15043	31513
103108	15046	25278
103109	15046	25330
103110	15044	18473
103111	15054	15805
103112	15057	26624
103113	15057	29463
103114	15057	28339
103115	15057	30673
103116	1443	23266
103117	3538	15949
103118	1443	11500
103119	3538	22826
103120	15057	25450
103121	15058	37356
103122	15060	29266
103123	15060	19337
103124	3538	8683
103125	15063	25335
103126	15063	22013
103127	15063	31329
103128	15065	15066
103129	15068	17894
103130	15060	24097
103131	15068	15314
103132	15068	20828
103133	83458	14648
103134	559	2197
103135	15068	48253
103136	15069	16037
103137	15069	21474
103138	15069	20706
103139	15069	39070
103140	1443	10906
103141	1443	10736
103142	1443	41198
103143	15073	25756
103144	89340	2550
103145	15073	37220
103146	15073	35555
103147	3538	5379
103148	15078	21680
103149	15079	15080
103150	15081	20293
103151	3538	33182
103152	15082	16005
103153	3539	4482
103154	15082	29073
103155	15084	21988
103156	15084	21119
103157	15084	21511
103158	205	883
103159	15087	29004
103160	3542	9352
103161	15087	15835
103162	1444	6296
103163	3542	9876
103164	1444	8596
103165	15090	27550
103166	15087	49679
103167	15088	15089
103168	15090	15128
103169	559	9884
103170	15090	23602
103171	15090	23430
103172	15090	32637
103173	15091	27109
103174	15091	20815
103175	15091	24820
103176	15092	15111
103177	15068	29381
103178	1444	13645
103179	15095	19540
103180	15095	38155
103181	15095	27049
103182	15095	16063
103183	15097	17556
103184	81238	10700
103185	15099	20851
103186	15099	42709
103187	15099	16617
103188	3542	4787
103189	15100	17248
103190	15100	15879
103191	15100	40954
103192	15102	15139
103193	15105	27352
103194	15110	20851
103195	15104	18329
103196	15104	23201
103197	15104	15958
103198	3542	15202
103199	15105	29134
103200	15105	18984
103201	15105	18653
103202	3542	13277
103203	15110	20243
103204	15105	37364
103205	15105	28675
103206	1444	2153
103207	15110	44365
103208	15110	21680
103209	15112	17462
103210	15114	16239
103211	3542	20889
103212	48	7013
103213	3542	9886
103214	15116	15130
103215	15117	24069
103216	1444	5390
103217	15119	16318
103218	15120	16040
103219	3542	5316
103220	559	4345
103221	15126	19269
103222	3543	13302
103223	3544	4240
103224	1444	20851
103225	15137	37277
103226	12	4432
103227	15140	16480
103228	15140	62075
103229	15144	15146
103230	15147	25085
103231	3544	36574
103232	3544	6069
103233	15148	39993
103234	15149	15169
103235	15151	18291
103236	15153	22087
103237	15153	25810
103238	15153	35376
103239	15153	27444
103240	15154	17996
103241	15161	29746
103242	15162	20295
103243	15154	15762
103244	15162	45021
103245	15162	23427
103246	15163	27110
103247	15163	15454
103248	3545	8382
103249	15163	15957
103250	15163	27036
103251	15163	38414
103252	15163	27136
103253	15163	22256
103254	15163	31096
103255	15163	25058
103256	15163	42934
103257	15168	18801
103258	15168	29185
103259	15168	27618
103260	15168	16834
103261	3546	3548
103262	15168	18281
103263	15168	34468
103264	15168	36961
103265	15168	28878
103266	15168	16444
103267	15174	30795
103268	3547	16990
103269	15178	15383
103270	15179	15193
103271	15179	15356
103272	15180	19465
103273	15180	38659
103274	15189	15210
103275	15182	28958
103276	15182	15888
103277	15182	23815
103278	15189	40116
103279	15189	22826
103280	15189	34675
103281	15191	18656
103282	15192	16092
103283	15194	15206
103284	15202	25996
103285	15205	16231
103286	15205	27270
103287	15206	21446
103288	3549	10891
103289	15206	27792
103290	15206	15865
103291	15206	17254
103292	15210	15842
103293	15210	21781
103294	15210	23682
103295	15213	37526
103296	15214	18676
103297	15216	39345
103298	15216	33242
103299	15217	15219
103300	15220	24203
103301	15220	16092
103302	15221	16976
103303	15221	21180
103304	15221	24237
103305	15221	19329
103306	15222	15231
103307	15222	18243
103308	15224	15225
103309	15228	15261
103310	1445	4884
103311	15232	25068
103312	15234	15263
103313	15238	26492
103314	3549	4360
103315	1445	5072
103316	15239	19388
103317	15239	22450
103318	15239	33879
103319	3549	9013
103320	15239	26617
103321	83465	77779
103322	3549	7844
103323	3549	4963
103324	3549	8912
103325	23	4882
103326	3549	21641
103327	15241	15251
103328	15241	15314
103329	15242	17827
103330	15242	19104
103331	15243	32159
103332	15243	29193
103333	15245	41198
103334	15251	21327
103335	15254	15334
103336	15256	17414
103337	15257	27919
103338	15257	34022
103339	3549	10057
103340	15257	19758
103341	99	2964
103342	15260	25203
103343	15260	33782
103344	15214	25951
103345	15260	17121
103346	15263	27432
103347	15264	23580
103348	15264	25348
103349	15264	35023
103350	15268	29439
103351	15274	15279
103352	15276	17115
103353	15277	23266
103354	15280	15322
103355	15282	18952
103356	15284	20101
103357	15285	15293
103358	1445	2092
103359	15290	16257
103360	15290	22022
103361	15290	26876
103362	15298	17516
103363	15302	15325
103364	15306	18654
103365	15309	15318
103366	15310	20766
103367	15310	20987
103368	1445	4724
103369	15314	20205
103370	15314	26915
103371	15315	32970
103372	15317	21917
103373	15321	33298
103374	15317	31082
103375	3549	4991
103376	15326	28468
103377	15326	32618
103378	15327	27377
103379	15327	26569
103380	15327	21439
103381	15328	41306
103382	15333	17645
103383	15334	20539
103384	15336	22693
103385	15336	19419
103386	15336	20371
103387	15336	28767
103388	15342	27746
103389	15342	20321
103390	15342	15482
103391	15342	19301
103392	15343	15352
103393	15345	36126
103394	15347	15356
103395	15347	19918
103396	15349	16865
103397	15349	15611
103398	15349	24330
103399	15349	21847
103400	15350	17579
103401	15350	44551
103402	15353	17251
103403	15355	22446
103404	15355	21207
103405	84838	20516
103406	15356	26581
103407	15362	18937
103408	15362	40169
103409	15362	35509
103410	15365	15388
103411	15365	38160
103412	82556	11123
103413	15365	35556
103414	3549	4964
103415	15367	15902
103416	15369	15455
103417	15370	15374
103418	3550	4509
103419	3550	5414
103420	3551	3563
103421	15376	16765
103422	15376	16728
103423	89409	4060
103424	3553	5011
103425	3553	38470
103426	3553	32737
103427	560	990
103428	1445	7633
103429	15384	15393
103430	89402	10407
103431	15386	25445
103432	15386	26576
103433	15388	16370
103434	15388	33285
103435	15389	32879
103436	3556	5673
103437	3556	3583
103438	15396	15401
103439	15397	15418
103440	15398	17297
103441	15402	17578
103442	15402	18940
103443	15402	16395
103444	15402	25090
103445	15402	23135
103446	15402	18890
103447	15402	20243
103448	15402	51758
103449	15402	15772
103450	560	2184
103451	15402	23413
103452	15402	25264
103453	15402	20047
103454	1445	10289
103455	15403	25110
103456	15403	25454
103457	15404	30980
103458	15404	38363
103459	15404	36990
103460	15405	15412
103461	15406	27427
103462	15407	15453
103463	15408	15440
103464	15408	29293
103465	15409	19398
103466	15413	19084
103467	15409	35474
103468	15410	16492
103469	15413	16492
103470	15415	18446
103471	15428	19288
103472	3556	21017
103473	15416	28076
103474	15419	15422
103475	15424	35623
103476	15426	15430
103477	15427	15461
103478	3556	23935
103479	99	2859
103480	561	9525
103481	3557	26782
103482	15428	19019
103483	561	1183
103484	3557	32442
103485	3557	6195
103486	3557	24832
103487	15428	27104
103488	3558	4276
103489	3558	4310
103490	15436	43291
103491	15441	18435
103492	3558	52018
103493	15443	15642
103494	15443	33475
103495	15447	32510
103496	15447	23727
103497	561	16759
103498	84842	65
103499	15448	38949
103500	15448	21492
103501	15452	39103
103502	15452	19982
103503	15452	22237
103504	15453	20373
103505	15454	19216
103506	15454	28951
103507	15454	23498
103508	15455	32943
103509	15455	26059
103510	15455	23936
103511	15458	19429
103512	15462	15465
103513	3558	12849
103514	15469	17706
103515	15469	30113
103516	15470	15486
103517	15470	36154
103518	15470	19197
103519	15470	35113
103520	15470	16159
103521	15471	15481
103522	15473	15474
103523	15478	16571
103524	15488	15490
103525	15482	25373
103526	15482	21489
103527	15482	42861
103528	15486	17000
103529	15487	23018
103530	15488	17841
103531	15490	23907
103532	3558	30589
103533	15490	20452
103534	15491	15498
103535	15493	15845
103536	15495	24033
103537	15496	17182
103538	15499	15815
103539	15504	22313
103540	15505	16504
103541	3559	12729
103542	15505	24827
103543	15508	20217
103544	15508	18104
103545	15508	21482
103546	1445	42409
103547	15512	23310
103548	3560	4728
103549	15513	33893
103550	1445	8167
103551	84843	23388
103552	3560	32159
103553	15514	26532
103554	15514	31146
103555	15514	26768
103556	3560	38355
103557	15515	20217
103558	562	27236
103559	15515	32759
103560	15518	15552
103561	15518	28958
103562	1445	15575
103563	15519	15817
103564	15519	28597
103565	15519	17516
103566	3561	5912
103567	15522	35238
103568	15520	32044
103569	1445	19064
103570	1446	1827
103571	3561	39166
103572	1447	1463
103573	15524	25664
103574	15522	50408
103575	15525	27771
103576	3564	8504
103577	3564	7173
103578	1449	3019
103579	15526	22866
103580	15529	18911
103581	15529	18650
103582	1449	1663
103583	15529	25922
103584	15529	31937
103585	15529	35441
103586	15529	39740
103587	15529	18855
103588	15529	21860
103589	15530	18948
103590	15531	17625
103591	15531	23031
103592	15532	27135
103593	15532	16040
103594	15532	18409
103595	15532	17168
103596	3564	9228
103597	3565	4216
103598	15535	27109
103599	15535	19337
103600	15535	26619
103601	48	11702
103602	15536	17694
103603	15537	27165
103604	15537	32470
103605	205	4928
103606	15538	27997
103607	15538	20649
103608	15538	25475
103609	3565	38055
103610	3566	13574
103611	3566	10038
103612	3566	9769
103613	3568	3569
103614	15539	31620
103615	15539	19807
103616	15540	16072
103617	15543	17578
103618	15541	43892
103619	15542	29620
103620	15543	16889
103621	15543	19288
103622	3570	4504
103623	15543	25696
103624	3570	32648
103625	3570	8432
103626	15544	23026
103627	15544	25723
103628	15544	26999
103629	15544	36772
103630	15544	24144
103631	3572	5398
103632	3572	12794
103633	1449	5482
103634	89486	15928
103635	3574	7962
103636	15551	25368
103637	3575	4499
103638	15552	30556
103639	3576	45086
103640	15555	35241
103641	15554	52120
103642	15557	27618
103643	3579	4647
103644	84851	6003
103645	15558	23397
103646	15561	23263
103647	15558	55008
103648	15558	40202
103649	15561	40733
103650	15562	19539
103651	15567	15639
103652	15564	21543
103653	15564	20381
103654	3582	3601
103655	15565	16284
103656	15565	19142
103657	15566	32007
103658	15569	16256
103659	15569	15617
103660	15569	17811
103661	15570	15949
103662	15570	24194
103663	15571	35971
103664	15574	15587
103665	15576	42141
103666	15579	37525
103667	3582	11401
103668	3582	17138
103669	15582	19080
103670	15580	27667
103671	15580	39993
103672	15580	19159
103673	15581	19964
103674	15581	38739
103675	3582	14102
103676	15585	47355
103677	15585	16654
103678	15586	15609
103679	15586	20645
103680	15590	22163
103681	15590	17482
103682	15592	23447
103683	15603	25715
103684	15594	23216
103685	15594	29981
103686	15594	17251
103687	15595	27165
103688	15595	23852
103689	15595	37525
103690	15598	22171
103691	15598	20607
103692	15602	15612
103693	15603	16383
103694	15603	32397
103695	15609	18804
103696	15609	17903
103697	1450	4882
103698	15611	29854
103699	15611	16517
103700	15611	19535
103701	15614	38105
103702	15617	20030
103703	15617	27450
103704	15618	15738
103705	15618	15640
103706	15618	15762
103707	3582	16385
103708	563	12177
103709	3582	19955
103710	15622	18316
103711	15622	28611
103712	15625	36609
103713	3583	5579
103714	15631	28214
103715	15632	41229
103716	15635	17163
103717	15637	15643
103718	563	43023
103719	15641	48312
103720	15641	20557
103721	15641	20507
103722	15641	34390
103723	15641	26470
103724	15641	20718
103725	15641	46249
103726	15641	23928
103727	3583	4699
103728	3583	10836
103729	1452	1725
103730	15649	15658
103731	15651	27444
103732	15653	27885
103733	15655	18565
103734	15656	19721
103735	15659	22926
103736	3583	10440
103737	15660	37277
103738	3583	5600
103739	15660	19119
103740	81255	77999
103741	15664	21816
103742	15664	22579
103743	15665	15674
103744	15667	17557
103745	564	39617
103746	565	4619
103747	15669	22559
103748	15670	16625
103749	15672	15711
103750	15672	36213
103751	15673	31806
103752	15675	15703
103753	15675	18208
103754	15678	15707
103755	89464	11094
103756	3583	10537
103757	15679	64373
103758	15682	27104
103759	15684	24092
103760	15685	40238
103761	15686	32855
103762	3583	13760
103763	15687	18923
103764	15687	19481
103765	15687	35960
103766	15687	19961
103767	15688	21180
103768	15689	29821
103769	3583	23949
103770	15689	23508
103771	15689	27208
103772	15689	40900
103773	15690	25276
103774	15691	23515
103775	15693	15701
103776	15694	15716
103777	15694	19769
103778	15695	33891
103779	15698	18427
103780	15698	19648
103781	15698	15797
103782	15698	16254
103783	15698	21713
103784	84854	53801
103785	15703	18890
103786	15703	16359
103787	15704	20317
103788	15704	18322
103789	15704	15924
103790	15706	15712
103791	84850	565
103792	1454	8640
103793	15707	36349
103794	3583	15950
103795	15709	18825
103796	15710	25796
103797	15710	23403
103798	15717	41562
103799	15711	51088
103800	15717	23545
103801	15718	24477
103802	15718	20828
103803	15720	17555
103804	15720	33075
103805	15720	16581
103806	15720	34575
103807	15721	19187
103808	15721	21366
103809	1454	3651
103810	15722	15726
103811	15722	18887
103812	15725	20186
103813	1454	3816
103814	15732	16228
103815	15732	15888
103816	15733	42121
103817	15736	15806
103818	15737	58059
103819	3583	11417
103820	15739	35203
103821	15741	36589
103822	15742	16218
103823	15745	19471
103824	15746	17288
103825	15752	16200
103826	15752	26527
103827	15753	39877
103828	15753	39936
103829	15753	17395
103830	15754	19401
103831	15756	19034
103832	15762	22607
103833	84933	5651
103834	15762	50190
103835	3584	4360
103836	15766	15778
103837	15766	16486
103838	15771	15773
103839	205	7741
103840	15772	18845
103841	82592	22926
103842	3584	5362
103843	15772	21893
103844	3584	4787
103845	3584	7567
103846	15777	16395
103847	565	1667
103848	15783	55960
103849	15785	41323
103850	3584	13229
103851	3584	4820
103852	3585	3586
103853	15794	22063
103854	15796	15801
103855	15794	20398
103856	15795	30594
103857	15799	15982
103858	15800	22024
103859	15801	20303
103860	15802	27550
103861	15801	20851
103862	15803	15828
103863	15803	23023
103864	15803	23257
103865	15804	15809
103866	15805	28862
103867	84867	11066
103868	15806	24209
103869	15807	15813
103870	15813	16592
103871	15815	22121
103872	15815	28712
103873	15815	37491
103874	3587	4214
103875	15817	22022
103876	84862	7684
103877	3587	22198
103878	15817	45759
103879	1454	5212
103880	15817	48312
103881	3587	5332
103882	89491	11178
103883	15817	35128
103884	15817	26898
103885	15819	43914
103886	15821	15826
103887	15823	22294
103888	15823	37870
103889	15825	36763
103890	15825	23789
103891	15828	21964
103892	15828	27246
103893	15830	15840
103894	15833	15852
103895	15833	17622
103896	3587	5161
103897	15833	33428
103898	15833	26409
103899	15834	15849
103900	3587	8787
103901	15837	16741
103902	15840	20684
103903	15842	26652
103904	15844	22019
103905	3587	8714
103906	15844	30359
103907	89492	3186
103908	565	4522
103909	84870	6021
103910	84869	13358
103911	15858	15868
103912	15852	25865
103913	15853	22732
103914	15853	38499
103915	15853	38672
103916	89495	29615
103917	15861	25106
103918	15862	15881
103919	15865	18660
103920	15865	15905
103921	15865	35859
103922	15866	28500
103923	15866	39769
103924	15867	20757
103925	15868	16595
103926	15868	17898
103927	15875	19187
103928	205	3131
103929	3591	5690
103930	89496	15761
103931	3593	12384
103932	3594	3607
103933	15877	17272
103934	15877	20191
103935	15877	16256
103936	15879	19120
103937	15880	15906
103938	565	1319
103939	83297	10627
103940	15884	15886
103941	3596	5268
103942	15888	22144
103943	15896	19910
103944	3596	4789
103945	15896	65140
103946	15896	30111
103947	3596	5456
103948	15897	35273
103949	3596	19014
103950	89510	25278
103951	3596	32509
103952	15902	27017
103953	3596	10471
103954	15903	23607
103955	15905	35261
103956	15905	48453
103957	15912	38414
103958	15914	33814
103959	15915	17931
103960	3598	4223
103961	3600	4354
103962	3601	7675
103963	15917	19539
103964	15922	16772
103965	15924	32040
103966	15924	32094
103967	15925	18703
103968	3601	7892
103969	3601	8059
103970	15928	15938
103971	15934	17206
103972	3601	3963
103973	15935	27004
103974	15936	20565
103975	15938	29969
103976	15939	30523
103977	1456	5195
103978	15939	16186
103979	3601	8596
103980	15939	18515
103981	15940	40081
103982	15941	30751
103983	15945	15950
103984	15946	30453
103985	15947	23314
103986	15941	21652
103987	15947	25625
103988	89515	13229
103989	15949	34789
103990	15950	18696
103991	15950	32731
103992	3601	18292
103993	84885	8240
103994	3601	11011
103995	15954	27393
103996	15954	53544
103997	15955	27084
103998	15957	21856
103999	1456	18312
104000	15957	47735
104001	15957	16959
104002	15957	18048
104003	15959	49087
104004	15960	15967
104005	15961	26526
104006	15968	17245
104007	15968	22058
104008	15968	28621
104009	15969	24909
104010	15972	15973
104011	15977	15979
104012	15978	22588
104013	3604	7543
104014	15980	15983
104015	15985	15986
104016	15987	15989
104017	3605	11850
104018	15988	24069
104019	1456	5671
104020	15988	20994
104021	15995	16003
104022	16005	45912
104023	16005	19931
104024	16009	40789
104025	16010	23966
104026	16012	16568
104027	16012	20979
104028	16016	18258
104029	16016	17448
104030	1456	8247
104031	16017	21303
104032	16017	20927
104033	16018	26341
104034	3608	35100
104035	16020	21185
104036	16021	18857
104037	16021	45318
104038	565	7497
104039	16026	38990
104040	16028	26297
104041	16028	26688
104042	16029	44194
104043	16029	44261
104044	16029	38298
104045	16029	16588
104046	16032	16036
104047	16035	30433
104048	16036	16759
104049	16037	18118
104050	16038	16045
104051	3608	9037
104052	16040	26777
104053	3609	3612
104054	565	4855
104055	16040	44491
104056	16040	30062
104057	16041	37015
104058	16041	16770
104059	16050	33517
104060	16050	32957
104061	16050	17492
104062	16051	16057
104063	16053	23542
104064	16055	16070
104065	16055	22965
104066	16060	30775
104067	16061	16062
104068	16063	28645
104069	3611	8833
104070	3611	11333
104071	16069	24809
104072	16069	29751
104073	16069	32590
104074	3611	4922
104075	16071	17272
104076	3611	19687
104077	16071	41510
104078	84891	26213
104079	16071	36746
104080	16072	19392
104081	16072	25850
104082	16077	26757
104083	16083	17805
104084	16084	33087
104085	16024	23936
104086	16090	16137
104087	1456	17578
104088	16090	17198
104089	16090	23417
104090	16090	40604
104091	1456	15257
104092	16091	30978
104093	89541	81084
104094	16092	56433
104095	3613	4741
104096	16094	18343
104097	16094	22581
104098	16098	17898
104099	3613	20794
104100	3614	3620
104101	16100	16814
104102	16103	16111
104103	16104	18744
104104	16104	36396
104105	1456	10890
104106	16108	23263
104107	565	8390
104108	16108	52322
104109	83338	16882
104110	3615	18993
104111	3615	19112
104112	16114	16924
104113	3615	32632
104114	16114	44428
104115	3616	4375
104116	84814	2805
104117	16115	24205
104118	3616	20681
104119	3617	3787
104120	16116	18097
104121	16117	19941
104122	16121	16125
104123	16123	22030
104124	16130	26097
104125	16131	16141
104126	3619	9196
104127	16132	16139
104128	16138	22748
104129	16144	27810
104130	16144	30429
104131	16145	21012
104132	16146	16148
104133	3621	3625
104134	84889	4260
104135	16150	27543
104136	16150	27618
104137	23	2286
104138	16150	46865
104139	89547	19292
104140	16159	35269
104141	16160	19043
104142	16166	45846
104143	16169	16175
104144	16170	39440
104145	16177	22124
104146	16172	17916
104147	16175	45729
104148	16179	16181
104149	16186	30246
104150	16186	47498
104151	16187	26064
104152	16189	17774
104153	1457	4143
104154	16189	36070
104155	16189	23754
104156	16189	32143
104157	16189	25073
104158	3622	11699
104159	16190	16205
104160	3622	5835
104161	16190	18849
104162	16190	23263
104163	16192	22159
104164	16196	16204
104165	16197	33366
104166	89554	23356
104167	16205	19405
104168	16205	21932
104169	16205	19561
104170	16205	28751
104171	16208	32078
104172	16209	16212
104173	16210	41979
104174	16215	37785
104175	16216	16291
104176	16218	16252
104177	16219	16220
104178	3627	4290
104179	16222	17197
104180	16222	26729
104181	3628	4137
104182	16222	16432
104183	3629	3639
104184	16223	16225
104185	16226	24827
104186	3630	4808
104187	16230	19492
104188	16233	19046
104189	16233	51793
104190	16234	20697
104191	3630	9028
104192	16234	20671
104193	16235	16236
104194	16238	19862
104195	16239	16801
104196	16239	16706
104197	1457	21542
104198	16239	46882
104199	3630	8311
104200	16240	16243
104201	16240	30505
104202	16242	16250
104203	16244	37414
104204	565	16759
104205	16247	18563
104206	16248	17353
104207	16248	16457
104208	16248	16581
104209	16252	37253
104210	16252	21563
104211	1457	5902
104212	3630	5323
104213	16253	18255
104214	3630	13319
104215	16254	19922
104216	16254	22684
104217	16254	23619
104218	16254	22694
104219	16254	22100
104220	16256	21722
104221	3630	7907
104222	16256	30927
104223	16256	21455
104224	16256	24422
104225	16256	26505
104226	16257	21199
104227	16261	16828
104228	16261	16500
104229	16262	30642
104230	16263	30662
104231	16265	18208
104232	16266	17503
104233	16266	19266
104234	16266	22128
104235	3630	36611
104236	3630	11163
104237	3632	3719
104238	16271	22342
104239	16272	16276
104240	16273	26284
104241	16280	16289
104242	16283	27687
104243	3632	16990
104244	16285	16748
104245	16285	49117
104246	16287	27005
104247	16287	55960
104248	16293	20681
104249	16296	16299
104250	16298	20132
104251	3633	4543
104252	3633	7909
104253	89592	14799
104254	16303	17524
104255	16302	28100
104256	565	7583
104257	16303	28508
104258	16308	16310
104259	16311	16319
104260	16312	16326
104261	16313	22012
104262	84910	32241
104263	3633	14966
104264	16318	21206
104265	16320	16321
104266	16322	16324
104267	16323	19185
104268	16328	22022
104269	16328	35640
104270	16329	21238
104271	16329	17353
104272	16330	63115
104273	16331	27437
104274	16332	16333
104275	16334	16338
104276	16339	19782
104277	16339	22133
104278	16341	16342
104279	16343	16346
104280	83321	2075
104281	16349	16977
104282	3633	35907
104283	16359	32393
104284	1457	21488
104285	16359	48677
104286	1457	9013
104287	16364	30283
104288	16370	16403
104289	16370	21327
104290	3634	18049
104291	16371	19388
104292	16371	38365
104293	3635	4285
104294	16372	46139
104295	16375	16391
104296	16378	17900
104297	16378	23094
104298	16379	25877
104299	16379	25090
104300	16379	16796
104301	16379	20575
104302	16383	19824
104303	16385	29712
104304	3640	5977
104305	16392	16398
104306	16395	29255
104307	3640	29543
104308	16395	20959
104309	16395	52735
104310	3642	3648
104311	16395	26574
104312	16395	30673
104313	16396	23764
104314	16396	20905
104315	16396	18594
104316	16400	16415
104317	83317	9286
104318	16406	41271
104319	16406	18281
104320	16406	44103
104321	16410	32954
104322	16410	19909
104323	16420	39514
104324	16421	30966
104325	16423	27307
104326	16423	30863
104327	16426	16592
104328	16426	20243
104329	16428	18172
104330	16432	25278
104331	16433	19976
104332	16434	26877
104333	16436	19214
104334	16436	17841
104335	16436	32773
104336	16441	16896
104337	16441	22544
104338	16440	20105
104339	16442	20222
104340	16442	23393
104341	16442	36152
104342	3645	11387
104343	1458	18386
104344	16443	21455
104345	84896	12866
104346	566	800
104347	3645	5547
104348	16444	51757
104349	16444	24187
104350	16444	27618
104351	84901	2286
104352	205	7849
104353	16444	42238
104354	16444	33147
104355	16444	28225
104356	16446	16675
104357	16446	41084
104358	16447	32358
104359	16447	20948
104360	16447	18654
104361	16448	33179
104362	16451	25597
104363	16452	27806
104364	3646	15816
104365	16452	54785
104366	84909	27009
104367	16456	24882
104368	16457	18340
104369	16457	24356
104370	16460	30827
104371	16460	18457
104372	16460	33592
104373	16460	17292
104374	16460	23084
104375	16460	16665
104376	16463	43153
104377	16465	16491
104378	16466	16477
104379	16466	25066
104380	16466	38729
104381	16466	37371
104382	16472	31458
104383	16473	16482
104384	16475	22807
104385	16467	16474
104386	16478	17692
104387	16477	54527
104388	16478	28648
104389	16478	17674
104390	16486	19767
104391	16491	36121
104392	16490	16503
104393	16491	23567
104394	99	7384
104395	16491	58190
104396	16494	35225
104397	16494	47797
104398	16494	23638
104399	16496	16501
104400	1460	18727
104401	16501	17870
104402	16502	22227
104403	16504	17700
104404	16504	16580
104405	16504	29905
104406	16504	35605
104407	16505	20646
104408	16506	37710
104409	16509	16515
104410	16510	23793
104411	16512	16942
104412	16512	38330
104413	16513	50426
104414	16516	16518
104415	16525	29851
104416	16528	26059
104417	16528	17825
104418	16536	16552
104419	16540	19277
104420	16541	20720
104421	16542	21020
104422	16543	21451
104423	16545	23832
104424	206	394
104425	16545	17938
104426	16545	25000
104427	16545	36715
104428	1461	23890
104429	16545	37587
104430	16545	37573
104431	1462	2141
104432	16545	44421
104433	3649	19416
104434	16546	29186
104435	3650	4732
104436	1462	1690
104437	16547	23464
104438	16547	18555
104439	3651	8863
104440	16549	21457
104441	16549	23127
104442	16549	39736
104443	16549	31217
104444	16550	19490
104445	16550	36990
104446	16550	37541
104447	3651	9360
104448	16550	19043
104449	16550	24832
104450	1462	4118
104451	16551	50217
104452	16555	25696
104453	16555	36452
104454	16558	22525
104455	3651	5011
104456	16559	30395
104457	16566	18890
104458	3651	43366
104459	16561	17555
104460	16561	23508
104461	16563	24575
104462	16564	33984
104463	16566	25580
104464	3651	13121
104465	3651	32773
104466	16568	23936
104467	16567	17172
104468	16567	28531
104469	1462	2498
104470	16568	26634
104471	3652	4346
104472	16568	21084
104473	16568	32474
104474	16568	43299
104475	16569	25444
104476	16569	18414
104477	16570	18587
104478	3652	5269
104479	1462	12177
104480	16571	16637
104481	16571	24024
104482	16614	16622
104483	16571	23455
104484	16572	20110
104485	16572	37577
104486	16572	17401
104487	16580	16661
104488	16581	27346
104489	16581	20363
104490	3655	4600
104491	16581	43448
104492	16582	20042
104493	16589	16629
104494	16589	33026
104495	3655	16921
104496	16590	35242
104497	16590	21883
104498	16590	40870
104499	16591	30580
104500	206	1663
104501	16592	18668
104502	3655	4961
104503	16596	17989
104504	16599	21514
104505	3655	14189
104506	3656	4954
104507	16599	37286
104508	3656	4307
104509	16602	19551
104510	16609	16618
104511	16612	27822
104512	16612	21861
104513	16614	30291
104514	16615	16624
104515	16616	22884
104516	16619	16622
104517	3656	8973
104518	16620	29317
104519	3656	6631
104520	16627	20442
104521	3658	3719
104522	16637	19005
104523	16638	39805
104524	16646	16717
104525	16647	16650
104526	16649	16693
104527	16651	16714
104528	206	577
104529	16651	40664
104530	16651	29410
104531	16654	19187
104532	16653	28617
104533	16654	17936
104534	16654	23127
104535	1464	1553
104536	16654	39854
104537	16658	16666
104538	16659	26082
104539	16660	29725
104540	16661	35955
104541	16662	16669
104542	16662	26838
104543	16662	50407
104544	16663	26959
104545	16664	19534
104546	16664	19288
104547	16665	18741
104548	16667	16685
104549	16670	32726
104550	16675	18666
104551	16676	16691
104552	16680	24771
104553	16684	20449
104554	16689	16698
104555	16693	17679
104556	16693	37400
104557	16694	20721
104558	16700	18744
104559	16700	18805
104560	16700	37587
104561	3660	4249
104562	16700	17359
104563	89637	10765
104564	16705	16715
104565	1464	6489
104566	84914	9675
104567	16713	25593
104568	16707	21766
104569	16707	17572
104570	99	13582
104571	16707	23204
104572	16709	20682
104573	16709	18195
104574	3660	18835
104575	16714	24013
104576	3660	5585
104577	16714	17801
104578	84922	23602
104579	206	2208
104580	16717	24062
104581	16720	20105
104582	16722	29235
104583	16722	19615
104584	82588	2727
104585	16722	19006
104586	16723	16732
104587	16725	16815
104588	16725	42487
104589	16728	27070
104590	16729	16831
104591	16730	40233
104592	16730	17786
104593	16731	27924
104594	16731	35421
104595	16733	16762
104596	16734	19060
104597	16734	36078
104598	16734	18392
104599	16737	16744
104600	16739	17635
104601	1464	5120
104602	3662	4930
104603	16740	25545
104604	89643	63392
104605	3662	4844
104606	3662	4144
104607	16741	19202
104608	3662	5718
104609	16740	20794
104610	16741	23461
104611	16741	37561
104612	16742	18275
104613	16743	28553
104614	3662	3735
104615	16753	19890
104616	16758	22256
104617	16759	34738
104618	16759	21034
104619	16760	16764
104620	1464	11975
104621	16763	17197
104622	16768	36390
104623	16769	16781
104624	16769	18699
104625	1464	5289
104626	3662	4217
104627	16770	19000
104628	16770	18381
104629	16770	43306
104630	16772	32311
104631	16772	25090
104632	16773	21971
104633	16774	18886
104634	16774	35272
104635	16778	17577
104636	16779	20003
104637	16779	21375
104638	16779	27913
104639	16780	19893
104640	16783	16844
104641	16781	30623
104642	16785	18908
104643	16786	37995
104644	16786	20607
104645	16789	21495
104646	1464	5805
104647	16791	19293
104648	3662	4840
104649	16799	19999
104650	16799	27175
104651	16799	46825
104652	16800	18322
104653	16800	41074
104654	84925	29221
104655	16801	29511
104656	16801	17288
104657	16801	45557
104658	16803	16809
104659	3662	31110
104660	1464	26861
104661	16805	22538
104662	569	1289
104663	3662	18676
104664	3662	4795
104665	1465	30101
104666	3662	16653
104667	16808	25716
104668	16812	23187
104669	16812	23213
104670	16813	16819
104671	16814	30531
104672	16816	16854
104673	16816	16948
104674	16817	36439
104675	16820	28402
104676	16820	19563
104677	206	1329
104678	89679	2462
104679	16821	40688
104680	16821	17493
104681	16823	27169
104682	16827	31951
104683	16828	26801
104684	206	1342
104685	16829	19767
104686	16829	31607
104687	16831	26846
104688	81293	5959
104689	80433	79676
104690	16832	23526
104691	16832	27093
104692	16834	17168
104693	16834	24515
104694	3664	3670
104695	3666	4338
104696	16836	17352
104697	16836	36620
104698	100	23912
104699	1467	13179
104700	1467	8953
104701	16837	19466
104702	16837	34846
104703	16838	31122
104704	16844	32004
104705	16842	27582
104706	16842	31916
104707	16844	36244
104708	16844	24435
104709	16845	23337
104710	3666	14827
104711	1467	15664
104712	16845	34498
104713	1468	16992
104714	16847	17634
104715	16848	19043
104716	3666	8766
104717	16849	24951
104718	16849	27106
104719	16850	16851
104720	16853	16855
104721	16854	40898
104722	16856	27963
104723	3666	5337
104724	3666	15413
104725	16862	35071
104726	16863	16867
104727	16864	17842
104728	16865	39298
104729	16868	18707
104730	16868	34256
104731	16868	30779
104732	89665	16373
104733	3667	40676
104734	16869	18297
104735	100	11100
104736	16869	34710
104737	3666	16239
104738	16871	16878
104739	3666	14128
104740	1469	28972
104741	3672	6017
104742	100	5615
104743	16879	20760
104744	16879	22136
104745	16880	21793
104746	16880	18662
104747	16881	34916
104748	16882	17403
104749	16884	32040
104750	16884	20550
104751	16879	19734
104752	16889	22133
104753	16886	23883
104754	16888	17578
104755	1469	22673
104756	16889	17353
104757	100	4440
104758	571	5894
104759	16889	29624
104760	571	7609
104761	16889	18380
104762	3672	4672
104763	16889	32911
104764	1469	3162
104765	16836	18897
104766	84943	21306
104767	16892	42359
104768	16893	36983
104769	16896	35131
104770	16897	16911
104771	16899	16910
104772	100	20747
104773	16900	25432
104774	16889	22687
104775	3672	15238
104776	16915	19212
104777	16919	16930
104778	16920	60254
104779	3672	5922
104780	3672	8104
104781	16924	28683
104782	3672	8313
104783	16931	19782
104784	3673	3680
104785	16889	17536
104786	16939	25314
104787	1472	2266
104788	206	17347
104789	16944	26999
104790	1472	7620
104791	16944	31740
104792	16945	29892
104793	16945	28048
104794	16945	38567
104795	16948	17616
104796	3675	8225
104797	16951	16960
104798	16952	31425
104799	3675	5398
104800	3675	10988
104801	16957	30800
104802	16957	32321
104803	3675	17827
104804	3676	20843
104805	16959	17641
104806	16959	27326
104807	16962	16968
104808	16965	24160
104809	16965	45938
104810	3676	27590
104811	3677	12189
104812	16970	17014
104813	16974	32564
104814	16975	32018
104815	3679	6139
104816	1477	2492
104817	16990	26829
104818	16975	19406
104819	16975	22133
104820	16975	53077
104821	16976	29474
104822	16977	20835
104823	16980	17016
104824	16982	20619
104825	16983	16994
104826	1475	9228
104827	16987	18052
104828	3682	4326
104829	16990	41199
104830	1476	2134
104831	1477	2811
104832	1477	7811
104833	16996	25960
104834	16997	54712
104835	17000	27282
104836	1477	4700
104837	17001	17009
104838	3684	3692
104839	17004	17015
104840	17006	33862
104841	89689	1663
104842	83280	11489
104843	3685	4280
104844	1477	6354
104845	17017	26505
104846	17017	23036
104847	3686	7107
104848	17017	20502
104849	3686	10134
104850	1477	11239
104851	49	171
104852	17028	17039
104853	1477	2433
104854	1477	4806
104855	17038	36585
104856	17041	17046
104857	1477	7453
104858	17043	17942
104859	3690	35723
104860	17044	20354
104861	17047	17057
104862	17048	19046
104863	17051	17060
104864	17056	45911
104865	17059	17062
104866	17064	17072
104867	3694	6108
104868	17056	20207
104869	3695	3698
104870	17069	34830
104871	3697	4242
104872	17075	18521
104873	17076	17108
104874	3699	25596
104875	17079	17082
104876	17083	17085
104877	17083	18506
104878	17084	17093
104879	17095	50226
104880	89694	47956
104881	17103	42917
104882	17107	22399
104883	3703	3707
104884	17114	23559
104885	17114	19983
104886	17115	26887
104887	3704	4914
104888	17116	29154
104889	17121	18863
104890	49	18475
104891	17126	32828
104892	17128	17131
104893	17129	28388
104894	17132	24616
104895	17133	17139
104896	17134	17165
104897	17135	17185
104898	17136	18647
104899	82600	5383
104900	17144	17180
104901	17147	17151
104902	3705	5779
104903	17147	51463
104904	3705	10706
104905	17148	17183
104906	17149	17156
104907	17150	19017
104908	1477	22136
104909	17150	38873
104910	17150	41642
104911	89698	77961
104912	1477	16491
104913	3701	8384
104914	17151	24148
104915	17152	40779
104916	17159	17188
104917	17159	41009
104918	17162	26741
104919	17165	32227
104920	17168	17200
104921	3708	9500
104922	17168	26293
104923	17174	18095
104924	17169	17198
104925	17171	17179
104926	17172	25091
104927	1477	28114
104928	17175	25573
104929	17176	30774
104930	3708	8857
104931	1477	5179
104932	17178	51757
104933	17181	17187
104934	17182	31305
104935	17182	18555
104936	17182	23225
104937	1477	25723
104938	3708	8498
104939	17190	21886
104940	17190	18562
104941	17190	29762
104942	572	5567
104943	17190	19535
104944	17190	37488
104945	17190	18414
104946	17192	20100
104947	17192	33067
104948	17194	23216
104949	17194	28683
104950	17194	22629
104951	17201	21090
104952	17201	19001
104953	3710	4656
104954	17202	21090
104955	3711	3734
104956	17207	19068
104957	17210	22065
104958	17215	22795
104959	3713	5434
104960	17219	17230
104961	17237	31355
104962	17237	23186
104963	17237	26910
104964	17237	34738
104965	17237	28439
104966	17237	19550
104967	17242	20339
104968	17245	26635
104969	17251	17277
104970	572	19215
104971	17253	17268
104972	17255	32131
104973	17258	20168
104974	84939	10682
104975	3714	5840
104976	17262	20777
104977	17262	36032
104978	17262	21713
104979	17264	34746
104980	17272	30623
104981	17278	24092
104982	17281	20814
104983	3716	4129
104984	3717	4736
104985	17288	17384
104986	17288	32080
104987	3717	6354
104988	102	8511
104989	17290	21152
104990	17292	31646
104991	1477	10312
104992	17294	28073
104993	17295	17305
104994	17297	19373
104995	17299	29374
104996	17306	22539
104997	17307	17310
104998	17314	17315
104999	17321	26371
105000	17322	21926
105001	17324	17364
105002	17326	23875
105003	17327	17328
105004	17330	17345
105005	17331	18460
105006	89715	1302
105007	1477	10628
105008	3717	14821
105009	17340	19134
105010	78365	9696
105011	17340	37008
105012	17341	25693
105013	17341	18779
105014	17346	17351
105015	3717	16921
105016	17347	19388
105017	3717	7932
105018	17353	19793
105019	17353	26429
105020	17355	21612
105021	102	1103
105022	3717	19088
105023	17356	33671
105024	17359	23461
105025	17360	18064
105026	17362	44029
105027	17361	17363
105028	17364	25295
105029	17365	17366
105030	3717	11542
105031	1477	4974
105032	17367	25086
105033	17372	22752
105034	17382	18327
105035	102	1507
105036	17378	19173
105037	17382	21351
105038	17384	17391
105039	17384	25830
105040	17388	17389
105041	17384	49306
105042	17401	29631
105043	17402	43640
105044	17403	54303
105045	17405	22544
105046	17405	19354
105047	17405	28549
105048	17406	17407
105049	17411	17415
105050	1478	4996
105051	17413	22854
105052	17414	35706
105053	17414	30516
105054	17415	31858
105055	17417	19166
105056	17420	20684
105057	17422	17460
105058	17423	17480
105059	17423	37587
105060	17423	18366
105061	17424	17493
105062	17426	17532
105063	17427	24148
105064	17437	25451
105065	17442	17454
105066	17444	17533
105067	17444	18660
105068	17444	28756
105069	17444	19893
105070	17445	17461
105071	17452	39189
105072	17452	21443
105073	102	1835
105074	17455	39588
105075	17456	22091
105076	3717	6120
105077	17462	17734
105078	17463	24354
105079	17463	29977
105080	1478	4690
105081	1478	5614
105082	17465	44775
105083	17465	35258
105084	1478	6033
105085	17468	38771
105086	17472	17490
105087	17476	22792
105088	17478	38401
105089	17480	36444
105090	17481	18337
105091	17481	19506
105092	17481	19288
105093	17481	25660
105094	102	2299
105095	17482	21791
105096	17482	32665
105097	83256	10693
105098	3717	4985
105099	17483	17535
105100	17486	19906
105101	17491	24268
105102	17492	18813
105103	17492	19538
105104	84963	23393
105105	17497	38414
105106	3717	29631
105107	3717	50171
105108	17502	30957
105109	3717	51040
105110	17504	35238
105111	17513	17526
105112	17516	35238
105113	17516	43075
105114	17516	32513
105115	17519	34872
105116	17524	24094
105117	89733	77372
105118	17524	32640
105119	17524	46739
105120	17528	21392
105121	3719	17936
105122	17528	26300
105123	17529	18129
105124	17529	28478
105125	17535	24979
105126	17536	22385
105127	574	7832
105128	17536	56000
105129	17537	32329
105130	3720	10438
105131	17537	41404
105132	17538	22176
105133	3720	8381
105134	17539	30433
105135	17539	23948
105136	3720	14652
105137	3720	4680
105138	17542	17548
105139	17549	20478
105140	17554	17559
105141	17555	25687
105142	17565	17592
105143	17567	17587
105144	17568	22675
105145	17568	22974
105146	17569	17581
105147	17571	18048
105148	17571	36306
105149	17571	31751
105150	3720	17514
105151	17577	20371
105152	17578	33026
105153	83247	4637
105154	1478	4943
105155	3720	16205
105156	17578	22559
105157	17582	36850
105158	17579	21999
105159	17583	17588
105160	17585	23958
105161	3721	5664
105162	17585	26996
105163	206	33026
105164	17588	30684
105165	3723	4012
105166	17595	17599
105167	17598	19285
105168	17603	40441
105169	17603	21575
105170	17606	22800
105171	3723	18048
105172	17606	51969
105173	17608	30697
105174	17608	34730
105175	574	637
105176	17611	21169
105177	3723	5691
105178	17617	17621
105179	17620	17643
105180	17623	17654
105181	17623	19395
105182	3723	4972
105183	3723	5816
105184	17626	22005
105185	3723	10088
105186	17628	17631
105187	3723	4958
105188	17630	27500
105189	17635	17670
105190	17635	27775
105191	17639	25069
105192	17642	20622
105193	17643	21766
105194	17643	19896
105195	17647	32002
105196	17650	17657
105197	17651	26901
105198	17651	43717
105199	3724	4850
105200	3724	15172
105201	17651	18824
105202	17652	21799
105203	17653	18890
105204	3724	8893
105205	17663	23694
105206	17663	26296
105207	17666	29774
105208	17668	25995
105209	17669	21994
105210	3725	6251
105211	17669	43630
105212	1478	8468
105213	3725	13177
105214	3725	26005
105215	3725	26891
105216	3725	10934
105217	3725	7008
105218	17663	25143
105219	17675	22063
105220	3725	21362
105221	17675	19616
105222	17675	18607
105223	3725	30939
105224	17679	21825
105225	17680	17954
105226	17681	33366
105227	3726	7580
105228	17682	27109
105229	82604	24937
105230	17682	45339
105231	17683	17698
105232	3726	9706
105233	17683	20554
105234	3726	4522
105235	3726	4700
105236	17685	21212
105237	17685	43442
105238	17685	23690
105239	17687	25999
105240	17689	17693
105241	17692	19603
105242	17694	33026
105243	3726	11849
105244	89765	7827
105245	17695	22516
105246	17695	29153
105247	17696	23397
105248	17696	53034
105249	17700	34579
105250	3726	4447
105251	574	3067
105252	17701	22833
105253	3726	13956
105254	17701	26587
105255	17701	21680
105256	17701	40604
105257	3726	3741
105258	17701	24844
105259	17704	26774
105260	17705	17707
105261	17715	17717
105262	17716	45328
105263	17716	19032
105264	17721	17725
105265	17723	18696
105266	17727	36387
105267	17734	22889
105268	17739	41869
105269	17743	19134
105270	3726	5546
105271	17753	17755
105272	17754	26904
105273	17754	19136
105274	17753	18395
105275	17754	34976
105276	3726	5025
105277	17765	28410
105278	89768	7691
105279	17765	22621
105280	17768	17770
105281	17774	27356
105282	17782	29921
105283	83239	10515
105284	17786	26092
105285	17789	17792
105286	17793	17796
105287	17795	26688
105288	206	26652
105289	17795	22163
105290	17797	17801
105291	17797	22221
105292	17800	52694
105293	17801	18647
105294	17806	17812
105295	17806	46077
105296	17808	22494
105297	17808	48475
105298	17811	20437
105299	17809	20780
105300	17810	29454
105301	17810	47217
105302	3726	12145
105303	89775	4727
105304	17814	31960
105305	17815	23694
105306	84973	77927
105307	17817	17819
105308	17820	17821
105309	17822	17833
105310	17823	23874
105311	17823	32849
105312	17823	27723
105313	17827	19706
105314	17827	32061
105315	17830	28501
105316	17841	27207
105317	17841	22845
105318	17841	27045
105319	17848	19265
105320	17848	17900
105321	17850	17852
105322	17856	17866
105323	3726	4926
105324	17862	45766
105325	17864	18886
105326	89784	593
105327	89781	77451
105328	17864	20112
105329	17864	40157
105330	17864	42117
105331	17868	17873
105332	17870	42763
105333	17870	37829
105334	17871	21724
105335	17878	26297
105336	17882	37844
105337	17885	19964
105338	17893	17920
105339	17894	23417
105340	17898	17916
105341	17900	19489
105342	17901	17912
105343	17901	29004
105344	17901	35684
105345	17905	29647
105346	17905	21717
105347	17905	37232
105348	17906	17917
105349	17914	36990
105350	17918	29255
105351	17918	18994
105352	17921	19586
105353	3726	30619
105354	102	10018
105355	17929	21237
105356	1478	45064
105357	3727	3747
105358	17930	18890
105359	17930	23103
105360	3727	3978
105361	17930	18692
105362	17932	31927
105363	17935	27346
105364	17938	30055
105365	17942	19257
105366	84967	5471
105367	17948	17951
105368	17954	19793
105369	17955	31057
105370	17958	44496
105371	17967	29717
105372	3727	10092
105373	17968	44899
105374	17971	24155
105375	17971	42647
105376	17973	20923
105377	17973	18541
105378	17973	32804
105379	17978	17983
105380	17979	47072
105381	17981	56936
105382	17987	21468
105383	17988	17992
105384	17996	30132
105385	17996	33993
105386	17997	41274
105387	17998	18000
105388	18001	20543
105389	18006	18007
105390	18010	18012
105391	18013	18015
105392	85002	77495
105393	18017	20340
105394	3728	4891
105395	18019	18026
105396	18023	43945
105397	18027	18028
105398	18030	18033
105399	18035	18037
105400	18036	18410
105401	18038	18081
105402	18041	18043
105403	18044	18047
105404	18048	22684
105405	18050	18051
105406	18052	24015
105407	18054	18235
105408	18055	18057
105409	18060	18062
105410	18061	18076
105411	18063	18072
105412	3729	16862
105413	1481	8468
105414	18064	20052
105415	18065	21682
105416	18066	18070
105417	18069	52977
105418	18073	18077
105419	18078	18087
105420	18082	49805
105421	18090	43767
105422	18092	62225
105423	102	3208
105424	18094	18106
105425	18095	18167
105426	3729	25922
105427	3729	15553
105428	18096	18107
105429	1481	10537
105430	3729	4732
105431	18098	23794
105432	18100	26636
105433	18100	20757
105434	18101	22058
105435	102	5002
105436	18102	18653
105437	18104	38997
105438	18105	44018
105439	1481	17679
105440	3730	4598
105441	49	8204
105442	3730	27808
105443	18110	18112
105444	18111	18113
105445	18118	26651
105446	18121	18152
105447	18124	18125
105448	18130	21084
105449	18132	19105
105450	18134	30775
105451	18134	18189
105452	18135	36378
105453	18137	18138
105454	18136	18149
105455	18136	28969
105456	18141	45861
105457	18141	22622
105458	18142	18162
105459	18146	27706
105460	18146	37698
105461	18155	27276
105462	18149	28597
105463	18147	29099
105464	18156	18188
105465	18158	27417
105466	18159	18161
105467	18167	32511
105468	18168	18171
105469	3731	4055
105470	18169	30129
105471	18171	30438
105472	18172	29645
105473	3731	33594
105474	18173	33655
105475	18178	21743
105476	3731	6108
105477	18180	23917
105478	18180	45379
105479	18187	19696
105480	18189	18309
105481	18191	18197
105482	18200	18201
105483	18202	18226
105484	18216	19124
105485	18219	18223
105486	18220	19000
105487	18224	23666
105488	1485	4963
105489	18239	18240
105490	18243	35418
105491	1485	6017
105492	18249	19931
105493	18259	18261
105494	1485	6339
105495	18268	18272
105496	18276	21710
105497	18277	18762
105498	18277	27845
105499	3733	10580
105500	18277	24897
105501	18278	18282
105502	18280	26420
105503	18281	25530
105504	18281	27136
105505	18281	35241
105506	18281	20948
105507	18284	30945
105508	18286	18290
105509	3733	54378
105510	3733	22766
105511	1485	22202
105512	1485	20232
105513	18287	36314
105514	18288	19087
105515	18292	18296
105516	18293	18300
105517	18294	23497
105518	18297	33349
105519	18297	19585
105520	3735	4789
105521	18302	21578
105522	18303	21406
105523	18307	35589
105524	18308	18310
105525	1485	9858
105526	18309	29541
105527	18313	19550
105528	18316	18554
105529	18317	34320
105530	18317	27403
105531	18317	47324
105532	3735	4222
105533	18322	19855
105534	18323	18326
105535	18327	18329
105536	18328	18330
105537	206	4680
105538	18329	43831
105539	18329	26262
105540	18332	28773
105541	18335	19781
105542	18332	32792
105543	18343	19288
105544	18343	32391
105545	18343	19678
105546	18346	30642
105547	18346	27093
105548	18348	37511
105549	18350	25404
105550	575	16222
105551	18350	24831
105552	18350	42054
105553	575	17353
105554	89813	10466
105555	18353	18359
105556	18356	46876
105557	18362	35910
105558	18363	18988
105559	18364	22110
105560	18364	34828
105561	1485	12345
105562	18374	18379
105563	18377	25545
105564	1485	5547
105565	18380	24986
105566	18380	26793
105567	18380	26688
105568	18386	58190
105569	18383	27355
105570	18386	32508
105571	18386	37333
105572	18390	43775
105573	18386	19189
105574	1485	11010
105575	18390	23694
105576	18390	37371
105577	18390	33274
105578	89816	16584
105579	18391	53041
105580	18392	24771
105581	18395	26627
105582	18394	18415
105583	1485	15122
105584	1485	9773
105585	3735	9311
105586	18395	25450
105587	18397	26732
105588	18400	26632
105589	18402	28611
105590	18395	22024
105591	89827	818
105592	84986	8441
105593	18403	33026
105594	18403	40364
105595	18409	36698
105596	3735	27338
105597	3735	12012
105598	18411	27855
105599	18411	20236
105600	18417	18419
105601	18418	43209
105602	89830	27008
105603	18421	28644
105604	18427	27300
105605	3736	10737
105606	18427	52396
105607	18427	29105
105608	89828	10751
105609	18430	32159
105610	18430	43691
105611	1486	7853
105612	18430	28597
105613	3736	24690
105614	18431	31871
105615	18432	25808
105616	3736	8267
105617	18436	21598
105618	18436	19127
105619	89833	77620
105620	18437	26903
105621	18437	19615
105622	18439	19245
105623	18441	18451
105624	18442	22828
105625	18442	19475
105626	18443	27428
105627	3737	14999
105628	18443	43316
105629	18446	22966
105630	18446	48310
105631	18446	51758
105632	18447	21652
105633	18448	23104
105634	18452	18463
105635	18454	23362
105636	18454	18782
105637	18454	23979
105638	18456	23185
105639	18457	33396
105640	18458	18717
105641	3738	22247
105642	18460	21441
105643	18460	50421
105644	18467	23293
105645	18466	21188
105646	3739	3744
105647	18467	20986
105648	18467	28898
105649	18469	29186
105650	18469	43183
105651	18469	36770
105652	18470	28396
105653	18473	18931
105654	18473	37022
105655	1486	12093
105656	3741	4390
105657	18491	30751
105658	3741	9381
105659	18477	25449
105660	18479	32510
105661	3741	5740
105662	3741	9909
105663	1486	7864
105664	18475	21695
105665	3741	10623
105666	3742	3983
105667	206	24976
105668	18491	22133
105669	18500	28478
105670	18503	21706
105671	18503	21842
105672	18508	20352
105673	3742	24370
105674	577	2511
105675	89839	9171
105676	3743	4072
105677	18523	18525
105678	1486	7609
105679	18524	20259
105680	18526	30389
105681	18530	22024
105682	577	1970
105683	206	16969
105684	18541	24684
105685	18554	18571
105686	18554	24435
105687	3743	8102
105688	3743	6296
105689	1486	3768
105690	18558	22778
105691	18558	18886
105692	18558	34666
105693	18558	30226
105694	18559	50692
105695	18563	19201
105696	18573	21132
105697	18573	20865
105698	18582	18583
105699	18585	24021
105700	18587	19235
105701	18587	24692
105702	18594	19550
105703	18594	40036
105704	18594	18923
105705	3746	4853
105706	18595	39135
105707	18595	19154
105708	18595	28667
105709	18597	18599
105710	18602	18603
105711	3747	4372
105712	18605	18608
105713	3747	18847
105714	1486	16814
105715	18607	20853
105716	577	843
105717	207	381
105718	18610	18612
105719	18613	18615
105720	83207	34775
105721	18616	18620
105722	18617	18621
105723	18622	18623
105724	18624	29420
105725	3747	29849
105726	18625	18629
105727	3747	29593
105728	577	1023
105729	18647	21514
105730	18630	18633
105731	18631	18636
105732	18635	33332
105733	18640	18645
105734	18641	29286
105735	18644	23496
105736	1486	8683
105737	1486	33310
105738	18649	25174
105739	18649	33825
105740	3747	9798
105741	89855	500
105742	3747	19406
105743	18654	22019
105744	18659	27845
105745	18660	35416
105746	18660	20966
105747	18660	30062
105748	3747	41562
105749	3747	13655
105750	18662	30240
105751	18676	41716
105752	18667	26512
105753	18668	20034
105754	3747	17423
105755	1486	45568
105756	18676	22099
105757	18676	31122
105758	577	1549
105759	18679	52827
105760	18680	40335
105761	18683	18687
105762	577	1584
105763	18691	18697
105764	18693	19340
105765	18717	28258
105766	18717	34192
105767	18717	19896
105768	18719	18733
105769	18720	27924
105770	18721	32313
105771	18721	25786
105772	18731	24832
105773	18727	19420
105774	18730	32223
105775	18736	23837
105776	18731	34972
105777	18738	43874
105778	18740	65719
105779	3747	44588
105780	1486	4148
105781	1486	14807
105782	3748	3752
105783	1486	9348
105784	18761	30483
105785	18762	23955
105786	18762	29668
105787	18762	37577
105788	18768	23194
105789	18768	32236
105790	3749	5816
105791	3750	5296
105792	18768	44039
105793	18773	24827
105794	18780	27832
105795	3751	4387
105796	18782	23127
105797	18782	33867
105798	18782	23364
105799	18782	19694
105800	18782	37342
105801	18791	18792
105802	18794	47566
105803	18801	44727
105804	3751	14774
105805	18804	25752
105806	18804	21129
105807	3755	15844
105808	3755	4055
105809	18805	37104
105810	18808	18829
105811	18813	27912
105812	18813	28648
105813	18814	23358
105814	18814	25545
105815	18821	19021
105816	12	3915
105817	1487	9668
105818	3755	55660
105819	18824	47442
105820	18825	21421
105821	3758	3771
105822	18825	23942
105823	207	5526
105824	18830	25203
105825	18830	26780
105826	3759	4563
105827	18830	30683
105828	1488	6961
105829	18831	38065
105830	18834	21040
105831	18834	31820
105832	49	9637
105833	18838	42647
105834	577	4071
105835	83199	17
105836	3760	5754
105837	18846	18853
105838	18847	35234
105839	18847	20112
105840	1488	2470
105841	3760	31623
105842	89872	78032
105843	18859	18996
105844	18863	42484
105845	18863	27835
105846	3760	17706
105847	18870	28150
105848	18870	25294
105849	18871	18875
105850	18874	19859
105851	18874	20018
105852	18874	33485
105853	18879	21684
105854	18883	18884
105855	18885	29726
105856	18890	37503
105857	18890	37573
105858	18892	27744
105859	18897	58190
105860	18900	27134
105861	18904	22067
105862	18904	20295
105863	18908	19209
105864	18908	42332
105865	18913	18915
105866	18917	35458
105867	3763	8359
105868	18923	22870
105869	18923	23028
105870	18927	21722
105871	18928	18934
105872	18932	18933
105873	18932	22528
105874	18933	19468
105875	18936	21322
105876	18940	33640
105877	18941	20576
105878	89884	2250
105879	18944	31561
105880	18944	23735
105881	18948	20042
105882	18948	18955
105883	18948	28796
105884	18948	21807
105885	18950	18956
105886	18952	19466
105887	18954	21487
105888	18968	18974
105889	18970	18972
105890	18977	18990
105891	85012	11282
105892	18984	26617
105893	18984	26248
105894	18965	20794
105895	18984	39184
105896	18986	19102
105897	18987	21538
105898	89883	26841
105899	3766	4804
105900	18993	20135
105901	18994	27295
105902	3766	7859
105903	18996	29383
105904	19000	29714
105905	19001	20557
105906	19003	28365
105907	19003	22955
105908	19005	34252
105909	19005	25867
105910	89885	15189
105911	577	10726
105912	19012	19285
105913	19012	40619
105914	19013	19039
105915	19013	27527
105916	19014	28685
105917	19017	33402
105918	577	7994
105919	19017	30044
105920	19019	19024
105921	19019	21269
105922	19020	44936
105923	19020	27996
105924	19020	26861
105925	19020	29731
105926	19021	34028
105927	19021	24559
105928	19021	34846
105929	19021	37428
105930	19021	31555
105931	1489	6102
105932	19023	26645
105933	207	10582
105934	1490	5172
105935	19023	37500
105936	19024	20112
105937	577	11446
105938	3767	3940
105939	1490	2092
105940	19029	20998
105941	19029	29942
105942	3766	5573
105943	19038	34775
105944	19032	48349
105945	19036	23900
105946	19038	23255
105947	1490	2194
105948	19038	20541
105949	1490	5439
105950	19043	43029
105951	19043	24092
105952	19043	37504
105953	19043	19992
105954	19043	42165
105955	19045	22357
105956	19046	24541
105957	19048	31217
105958	19049	31866
105959	19051	22579
105960	19054	27671
105961	19057	20042
105962	19058	22247
105963	19059	27835
105964	3774	8015
105965	19061	19088
105966	19073	19076
105967	19080	32405
105968	19080	35605
105969	19080	23586
105970	19080	21773
105971	19083	19090
105972	19085	24123
105973	1490	10490
105974	19100	19101
105975	19098	19099
105976	19102	33546
105977	19104	39632
105978	19105	46759
105979	19107	33157
105980	1490	10934
105981	19112	22481
105982	19113	19115
105983	19116	19122
105984	19117	27541
105985	19117	39402
105986	3768	4434
105987	19119	36529
105988	3768	19213
105989	19120	19150
105990	19120	43722
105991	19121	19314
105992	19125	19138
105993	19127	21675
105994	19127	35450
105995	19128	26054
105996	102	10637
105997	577	41707
105998	3768	5615
105999	19134	44268
106000	19134	25560
106001	19139	19140
106002	19142	37079
106003	19145	19189
106004	19145	36880
106005	19149	20780
106006	19150	37370
106007	19151	19157
106008	19154	32617
106009	19185	24923
106010	3769	4087
106011	3769	9806
106012	19164	20042
106013	19164	28611
106014	19165	19167
106015	19169	19178
106016	19171	19175
106017	19173	20948
106018	19177	19180
106019	19181	28242
106020	19187	34743
106021	19187	38760
106022	19195	30978
106023	19195	23793
106024	3773	4278
106025	19209	20409
106026	3774	4608
106027	19215	25451
106028	19216	21847
106029	19215	22100
106030	19216	33467
106031	19216	37665
106032	19219	24677
106033	19222	21412
106034	19228	19229
106035	19233	30542
106036	19235	21868
106037	19238	47847
106038	19248	19249
106039	19254	41775
106040	19257	26296
106041	1490	1853
106042	19259	31217
106043	19259	26619
106044	19259	27304
106045	19261	36684
106046	19262	19267
106047	19264	26513
106048	19265	28714
106049	19272	24696
106050	19279	24731
106051	19285	37205
106052	19287	19288
106053	19288	20706
106054	3774	4828
106055	3774	8321
106056	1490	5268
106057	19288	29198
106058	580	725
106059	19291	32618
106060	19291	19547
106061	19292	23125
106062	19296	19336
106063	19293	22286
106064	19297	19299
106065	19301	21894
106066	19302	19308
106067	19303	19318
106068	19303	24030
106069	19309	19326
106070	19311	29935
106071	19314	31265
106072	19316	42451
106073	19323	41484
106074	19327	19331
106075	207	7742
106076	19329	23041
106077	19334	19338
106078	19336	28752
106079	19337	32169
106080	19339	19352
106081	19340	23263
106082	19341	19348
106083	19346	32274
106084	19352	37370
106085	19354	24092
106086	3782	7216
106087	3782	37829
106088	3782	20018
106089	85020	79138
106090	19354	46412
106091	19360	19371
106092	19374	32088
106093	19381	19382
106094	19384	28213
106095	19387	27657
106096	580	7340
106097	19388	27160
106098	19388	19841
106099	19388	29511
106100	3783	32479
106101	19395	25689
106102	3783	14029
106103	19395	28286
106104	19398	26514
106105	19398	32046
106106	102	33916
106107	3785	4254
106108	3786	6145
106109	19400	26999
106110	19401	46832
106111	19402	21456
106112	3786	13537
106113	3788	4100
106114	19406	45812
106115	19406	33863
106116	19406	23103
106117	19406	51683
106118	19409	19415
106119	19417	34775
106120	19419	20369
106121	19425	37478
106122	19432	19435
106123	85032	24855
106124	19433	35131
106125	19433	58190
106126	19433	26652
106127	19433	21612
106128	19433	21887
106129	19434	33631
106130	19445	32351
106131	19459	30106
106132	19461	19782
106133	19464	50976
106134	3789	8894
106135	19481	23026
106136	19468	40837
106137	19475	24957
106138	19475	45122
106139	19475	31691
106140	19478	27496
106141	580	26059
106142	3789	16504
106143	19479	26887
106144	19482	26884
106145	581	6242
106146	3790	12179
106147	19485	19488
106148	82678	16273
106149	19487	31851
106150	19487	47548
106151	3790	3987
106152	19497	19502
106153	19491	34157
106154	19499	19508
106155	19505	21705
106156	19505	23339
106157	19505	43702
106158	3806	12729
106159	19509	26799
106160	19509	33957
106161	19514	28437
106162	19524	42176
106163	3790	6055
106164	87960	15035
106165	87969	8642
106166	19540	36451
106167	19542	19549
106168	19550	33908
106169	19550	39377
106170	19551	28208
106171	19553	19558
106172	19556	46107
106173	19560	20259
106174	19559	27357
106175	19561	47371
106176	19568	20077
106177	19569	20624
106178	19570	38091
106179	19573	19575
106180	19574	21644
106181	19587	33465
106182	19588	23357
106183	19588	34576
106184	19588	30226
106185	3791	3997
106186	19593	19598
106187	19606	25988
106188	19606	22450
106189	19607	19613
106190	1490	4804
106191	19615	32281
106192	19627	20777
106193	19619	19625
106194	19620	34617
106195	19626	23976
106196	3791	7838
106197	19627	24138
106198	19629	27618
106199	19629	23981
106200	19631	44791
106201	19632	19635
106202	19636	28336
106203	19639	24161
106204	19641	32696
106205	19643	23953
106206	19643	24483
106207	3794	4721
106208	19653	19655
106209	19657	45707
106210	19660	43912
106211	19666	22161
106212	19667	19675
106213	19687	31975
106214	19671	23274
106215	3793	3804
106216	19676	19681
106217	19686	19689
106218	19687	20541
106219	19688	25697
106220	19690	46299
106221	19693	19702
106222	19696	31048
106223	19696	24291
106224	19700	22017
106225	19700	23712
106226	19705	19707
106227	19706	27086
106228	19714	22063
106229	19688	32470
106230	19717	21129
106231	19721	27728
106232	19725	28621
106233	19726	19727
106234	19728	19730
106235	19732	30673
106236	19733	22926
106237	19738	26015
106238	19742	19746
106239	19746	39638
106240	19749	19750
106241	19751	19755
106242	19757	43182
106243	102	20516
106244	19765	19779
106245	19768	19803
106246	19777	19789
106247	19777	20334
106248	19780	45504
106249	19781	27792
106250	19786	19813
106251	19787	19795
106252	19790	26762
106253	19790	21913
106254	19793	20905
106255	19801	19812
106256	19810	19978
106257	19811	19821
106258	19817	26073
106259	19820	30703
106260	19824	26488
106261	19827	36362
106262	3798	6063
106263	19828	19831
106264	19838	24826
106265	3798	5903
106266	19841	32473
106267	19841	21554
106268	19841	26032
106269	19856	31440
106270	3799	5564
106271	19853	26505
106272	19855	21661
106273	19855	28492
106274	19858	24179
106275	1490	10085
106276	19862	19885
106277	19867	19872
106278	19868	23345
106279	19871	21033
106280	19871	23508
106281	19871	26166
106282	19873	19877
106283	3805	4133
106284	3800	5296
106285	19879	19886
106286	19887	56963
106287	23	20243
106288	19893	37239
106289	19896	20704
106290	19901	19920
106291	19902	32241
106292	19904	19915
106293	19909	21884
106294	19909	32835
106295	19911	19923
106296	3805	10909
106297	19918	19919
106298	19920	24819
106299	1490	25348
106300	19924	42202
106301	19930	47063
106302	19932	19941
106303	19937	19942
106304	19938	43254
106305	85059	2189
106306	19943	26116
106307	19944	22370
106308	19944	24700
106309	19944	28898
106310	19946	19949
106311	19948	25646
106312	19952	19957
106313	19955	19962
106314	19958	22378
106315	19960	24415
106316	3805	4962
106317	19961	35436
106318	1491	1525
106319	19970	32735
106320	19968	19969
106321	19982	19984
106322	19982	34164
106323	19983	20381
106324	19983	34606
106325	19986	33298
106326	19987	42483
106327	19988	22596
106328	19992	32406
106329	19992	23875
106330	1492	29729
106331	12	2646
106332	19998	23411
106333	19999	21890
106334	20000	44065
106335	20001	20519
106336	20001	20214
106337	20005	20019
106338	20011	29347
106339	20021	20032
106340	20023	20026
106341	20029	27821
106342	20036	20044
106343	20039	24155
106344	1493	4209
106345	20042	42000
106346	20042	23586
106347	20042	24860
106348	20047	24861
106349	20058	20062
106350	20060	20067
106351	3806	7742
106352	582	2036
106353	1493	10582
106354	3806	5411
106355	20064	24860
106356	103	1012
106357	20064	23894
106358	20064	37139
106359	20067	25582
106360	20071	20076
106361	20072	21327
106362	20074	28666
106363	20074	21054
106364	20074	25288
106365	20080	20089
106366	20091	33938
106367	1493	14008
106368	20094	29187
106369	20100	29100
106370	20101	44069
106371	20106	20536
106372	208	13890
106373	20106	30642
106374	20108	20142
106375	20109	20116
106376	20113	34065
106377	20117	20121
106378	20120	22532
106379	20123	20124
106380	20125	20126
106381	20128	20138
106382	20130	51806
106383	20134	33892
106384	20134	31082
106385	20139	32103
106386	20144	20149
106387	20150	20158
106388	20156	36085
106389	20159	29954
106390	20165	20170
106391	20172	20181
106392	20176	51979
106393	3806	8936
106394	20188	20193
106395	20190	42156
106396	20192	28741
106397	20197	20198
106398	20199	38599
106399	20199	29988
106400	20214	45352
106401	20220	21478
106402	20236	31171
106403	20237	34701
106404	20242	42500
106405	1493	22537
106406	85043	6190
106407	20243	34950
106408	20243	43720
106409	20243	28291
106410	20243	28683
106411	20250	20269
106412	20256	20263
106413	1493	5823
106414	3806	7894
106415	20265	26830
106416	3806	5646
106417	20286	20287
106418	20288	20289
106419	20294	20295
106420	20300	24069
106421	20302	24355
106422	20303	26463
106423	20303	51168
106424	20311	20313
106425	20321	55973
106426	20326	33841
106427	20330	20333
106428	20334	44790
106429	20360	21443
106430	20360	36326
106431	20365	20367
106432	20371	20374
106433	20371	26757
106434	20378	23610
106435	20380	20386
106436	20375	37857
106437	20387	51299
106438	20389	21340
106439	20390	20408
106440	20392	20416
106441	3807	8039
106442	20395	37478
106443	20398	22581
106444	20406	30367
106445	20407	41140
106446	20410	20412
106447	20415	20420
106448	20416	35763
106449	20418	32426
106450	20426	20429
106451	20427	21519
106452	20434	20688
106453	20437	26801
106454	20442	27425
106455	20444	46217
106456	20444	20828
106457	20445	20447
106458	20448	21869
106459	20448	26382
106460	3807	10836
106461	20448	55117
106462	20449	47522
106463	20450	20451
106464	20453	26190
106465	20454	20456
106466	20457	20460
106467	20462	20464
106468	20471	20473
106469	20470	20472
106470	20478	30433
106471	20479	33078
106472	20479	27107
106473	20479	31934
106474	20487	20499
106475	20502	23956
106476	20502	31108
106477	20502	30725
106478	20505	20512
106479	3807	9875
106480	20508	28266
106481	20514	22452
106482	20514	21089
106483	20519	35557
106484	20521	23674
106485	20523	31927
106486	20527	24782
106487	20528	24832
106488	20531	29071
106489	20532	20533
106490	20557	21538
106491	20536	21332
106492	20537	20538
106493	20541	22880
106494	20541	45812
106495	20543	29814
106496	20556	20572
106497	20563	20575
106498	20565	37123
106499	20573	31033
106500	20594	22689
106501	20576	46302
106502	20577	23574
106503	20585	20602
106504	20590	54753
106505	20593	51479
106506	20593	22087
106507	20594	26003
106508	20601	34633
106509	20606	20613
106510	20617	23135
106511	20622	37456
106512	20626	22762
106513	20629	20633
106514	20634	20637
106515	20638	20641
106516	20639	35792
106517	85057	17815
106518	20649	37338
106519	20652	32420
106520	20652	24909
106521	20655	33639
106522	20657	37477
106523	3807	10456
106524	20664	45902
106525	20668	21824
106526	20676	33871
106527	583	1897
106528	3807	4822
106529	103	1553
106530	20667	27033
106531	1498	5004
106532	1498	6706
106533	89975	18754
106534	20681	28356
106535	20682	32494
106536	20682	24088
106537	85051	12535
106538	583	2846
106539	20686	34606
106540	20691	30503
106541	1498	1825
106542	20697	35810
106543	20701	23918
106544	20704	25414
106545	20705	20706
106546	20714	32510
106547	20718	37527
106548	3808	7517
106549	20716	36403
106550	20716	22684
106551	20718	22621
106552	20718	30751
106553	583	32063
106554	3808	11792
106555	20726	29411
106556	20727	20742
106557	89977	6619
106558	20738	45081
106559	20749	20755
106560	20746	24013
106561	20748	20767
106562	3808	26635
106563	20755	24908
106564	20757	21566
106565	20759	40195
106566	20770	20775
106567	20776	20778
106568	20781	20782
106569	3810	3811
106570	20790	20795
106571	20791	21444
106572	20794	24886
106573	20794	38365
106574	20796	20799
106575	20797	21198
106576	20802	20807
106577	20806	44912
106578	20814	21369
106579	20812	45132
106580	20813	35500
106581	20814	20828
106582	20815	47026
106583	20815	23803
106584	20794	21519
106585	20815	33005
106586	1498	8373
106587	20824	21167
106588	20825	32717
106589	3812	9643
106590	20833	20834
106591	89988	488
106592	209	5513
106593	20836	33162
106594	20850	20856
106595	583	2911
106596	20851	36692
106597	20851	51757
106598	3812	11029
106599	20854	20865
106600	20854	21971
106601	20857	20860
106602	20861	20864
106603	20865	56502
106604	1498	5393
106605	20868	20884
106606	20871	20885
106607	20872	20880
106608	20882	26804
106609	3812	33298
106610	20883	20891
106611	20887	20888
106612	20890	35253
106613	20900	20901
106614	20903	25854
106615	3813	3825
106616	20906	20908
106617	20909	20914
106618	20915	28351
106619	20918	20920
106620	20927	21421
106621	20937	28572
106622	20940	20941
106623	20942	20949
106624	20953	20969
106625	20961	23123
106626	20970	20972
106627	20971	23357
106628	20976	20977
106629	20980	20983
106630	20982	20997
106631	20984	22665
106632	20998	21008
106633	20988	20990
106634	20993	20996
106635	20998	41584
106636	583	10131
106637	20999	23398
106638	21000	21003
106639	21000	51757
106640	3816	10824
106641	209	1741
106642	20984	21456
106643	21005	23663
106644	21014	21016
106645	21015	33182
106646	21015	29176
106647	3819	4382
106648	21017	41229
106649	21017	29068
106650	21017	23364
106651	21017	23712
106652	21017	22507
106653	21018	25956
106654	21020	22587
106655	85193	75397
106656	21020	59585
106657	21024	22965
106658	21021	34398
106659	21026	28553
106660	209	2455
106661	21034	27134
106662	1498	6044
106663	21039	35538
106664	21042	21047
106665	21049	21050
106666	21052	21084
106667	21052	25922
106668	21061	21064
106669	3820	15640
106670	21063	27729
106671	103	999
106672	21063	50300
106673	21067	21070
106674	21071	21075
106675	21076	21083
106676	21081	21120
106677	209	4209
106678	21084	26853
106679	21084	35408
106680	21091	21098
106681	21108	26363
106682	21108	28671
106683	3826	3831
106684	21114	23031
106685	21128	21130
106686	3827	4107
106687	21131	21134
106688	21133	22161
106689	21137	21141
106690	21143	33733
106691	21146	22813
106692	21149	21150
106693	21155	21158
106694	21164	23475
106695	21173	21174
106696	21176	21189
106697	21193	21200
106698	3827	14764
106699	585	773
106700	21201	52125
106701	209	11125
106702	21209	32131
106703	21211	21299
106704	21212	23972
106705	21216	21217
106706	21222	39741
106707	21235	22926
106708	21235	37035
106709	90015	37587
106710	21243	21250
106711	21245	21252
106712	21248	21284
106713	21251	21256
106714	89998	30454
106715	21264	21291
106716	21263	21265
106717	21266	21272
106718	21269	42626
106719	21271	21953
106720	21275	21287
106721	21288	21289
106722	21290	21292
106723	21294	21296
106724	21301	21302
106725	21303	28321
106726	21308	30359
106727	21310	21315
106728	21312	22818
106729	3829	14183
106730	21336	21338
106731	21341	21346
106732	21350	21352
106733	21351	21357
106734	21351	56124
106735	21353	21803
106736	21362	36117
106737	21362	36185
106738	21363	22629
106739	21367	25090
106740	21369	33029
106741	21374	22121
106742	21385	27261
106743	21388	21394
106744	21391	30532
106745	21392	22855
106746	21393	37793
106747	21395	21988
106748	21401	29221
106749	21412	21755
106750	21413	33560
106751	21415	21416
106752	21419	32080
106753	21421	72155
106754	21425	21426
106755	21433	21450
106756	21437	31262
106757	21439	30681
106758	21441	35521
106759	21441	22528
106760	21443	23915
106761	21443	26637
106762	21443	23021
106763	21445	35417
106764	90016	4009
106765	90007	84089
106766	21445	32684
106767	3832	37638
106768	21448	30887
106769	21448	37649
106770	21448	30715
106771	3833	9988
106772	3833	37340
106773	585	5678
106774	21453	25219
106775	21454	24756
106776	21455	36812
106777	21455	44421
106778	3833	13656
106779	21459	21490
106780	21460	21473
106781	21470	26381
106782	209	1594
106783	21474	35676
106784	21474	32024
106785	21474	21917
106786	21474	30062
106787	21475	37865
106788	21478	28843
106789	1498	31839
106790	21479	21637
106791	21482	24174
106792	21490	21707
106793	21493	31265
106794	3834	22757
106795	21507	24249
106796	21511	23102
106797	21468	23135
106798	21519	22119
106799	21525	21529
106800	21533	41366
106801	21534	21535
106802	3834	5606
106803	21547	25832
106804	21553	31951
106805	3835	3842
106806	21585	29277
106807	21553	29004
106808	21554	40711
106809	21558	29101
106810	21560	25623
106811	21563	27658
106812	21572	21573
106813	21575	28117
106814	21576	24897
106815	21589	21590
106816	21591	21592
106817	21601	22406
106818	21603	25354
106819	21604	23553
106820	21606	21608
106821	21609	21610
106822	21618	21621
106823	21620	23125
106824	21632	33482
106825	21633	41039
106826	21634	28790
106827	21638	21640
106828	21641	25199
106829	21642	21650
106830	21644	22050
106831	21653	22119
106832	21653	34304
106833	21658	22900
106834	21661	24773
106835	90010	5662
106836	21662	21672
106837	21665	27638
106838	21669	35253
106839	21670	21674
106840	21680	21910
106841	21686	21687
106842	21701	47309
106843	21702	21703
106844	21705	26171
106845	21707	22201
106846	3838	8457
106847	21709	26115
106848	21711	22097
106849	3838	9977
106850	3838	5053
106851	3838	35005
106852	21731	21732
106853	21733	21736
106854	90012	9937
106855	21754	24349
106856	21740	21741
106857	21744	21745
106858	21747	32040
106859	21749	29039
106860	3839	5655
106861	21751	28749
106862	21749	23694
106863	21758	21760
106864	21762	21764
106865	21763	31489
106866	3839	8965
106867	21767	27593
106868	21768	21775
106869	585	14160
106870	21773	34774
106871	21777	22385
106872	21778	21779
106873	21782	21788
106874	21784	22012
106875	21784	22206
106876	21789	21794
106877	21793	26203
106878	21799	27428
106879	21799	46773
106880	21796	28862
106881	21813	23291
106882	21820	21827
106883	90013	29563
106884	21824	37794
106885	21826	23018
106886	21826	52184
106887	21829	22876
106888	21833	36309
106889	21841	40716
106890	21841	36781
106891	21849	21850
106892	21857	21873
106893	21857	28857
106894	21858	21859
106895	21866	26931
106896	21865	29876
106897	3844	19150
106898	21875	46511
106899	21879	21880
106900	21884	26399
106901	21887	34563
106902	21887	31788
106903	3846	14534
106904	21890	23935
106905	21894	25049
106906	21918	21925
106907	21921	36296
106908	21931	32201
106909	21932	34982
106910	21941	22450
106911	21940	21943
106912	21945	39435
106913	21945	29677
106914	21946	21950
106915	21961	38414
106916	21958	21960
106917	21965	25522
106918	21966	48060
106919	21971	21976
106920	21974	21978
106921	21976	36949
106922	21979	21983
106923	21986	23639
106924	21991	21995
106925	90018	25924
106926	21995	28806
106927	22003	22009
106928	22005	23540
106929	22006	22725
106930	22013	34082
106931	1500	2255
106932	22022	23894
106933	22013	23266
106934	3847	5186
106935	22016	22020
106936	22019	33583
106937	22021	22023
106938	22022	27433
106939	3847	7847
106940	22024	36465
106941	22027	31202
106942	22030	29488
106943	22036	22037
106944	22039	22052
106945	3847	26780
106946	22058	32054
106947	22060	22065
106948	22063	24231
106949	22063	27165
106950	22063	44652
106951	22065	43991
106952	22071	22079
106953	22073	22085
106954	22086	22089
106955	22092	28987
106956	22101	22106
106957	22107	26032
106958	22107	24897
106959	22108	42440
106960	22110	34585
106961	22113	22114
106962	22116	28542
106963	90029	21913
106964	3847	6281
106965	22121	31646
106966	22121	34510
106967	22133	35037
106968	22133	37668
106969	22134	28438
106970	22134	28332
106971	22134	28503
106972	22140	22141
106973	22142	29953
106974	22143	27093
106975	22147	23403
106976	22149	22154
106977	22150	34019
106978	22157	33014
106979	22158	40305
106980	90047	36232
106981	22161	36763
106982	3847	20243
106983	22168	59446
106984	90035	13337
106985	22179	23110
106986	22182	22184
106987	22188	22189
106988	103	4894
106989	22195	23031
106990	209	1941
106991	22195	33912
106992	12	9982
106993	3847	22926
106994	22213	22215
106995	22216	29080
106996	22219	23321
106997	22220	34688
106998	22228	22315
106999	22232	40040
107000	22236	22238
107001	22240	22293
107002	22240	29803
107003	22242	22243
107004	103	5902
107005	22246	22296
107006	103	8118
107007	586	1993
107008	22252	22253
107009	22257	22259
107010	22261	22264
107011	22262	36679
107012	22265	22269
107013	22270	22272
107014	22278	24907
107015	3847	12624
107016	22279	22280
107017	22295	22297
107018	22298	22304
107019	22299	23052
107020	22308	22309
107021	22310	22312
107022	22317	25169
107023	22318	24874
107024	22322	22323
107025	22329	24341
107026	22330	25587
107027	22332	37188
107028	3847	19080
107029	587	1521
107030	3847	4747
107031	22350	24190
107032	22353	22359
107033	22361	22366
107034	22368	33418
107035	22371	31005
107036	3850	4338
107037	22373	22428
107038	1502	8200
107039	22380	22382
107040	3850	4355
107041	22385	22965
107042	22386	22413
107043	85125	21466
107044	22398	25303
107045	22411	28553
107046	22411	34320
107047	22411	26293
107048	22425	32462
107049	209	5057
107050	22427	37292
107051	22432	22448
107052	22433	22434
107053	22437	39408
107054	22437	26194
107055	22440	22442
107056	22443	22445
107057	22444	23208
107058	22447	31762
107059	22447	29257
107060	22450	25399
107061	209	8815
107062	22450	29030
107063	22450	34846
107064	209	9544
107065	22458	25044
107066	22460	22464
107067	22461	29147
107068	22469	28596
107069	22486	32605
107070	3850	5332
107071	22487	26729
107072	22487	38939
107073	22488	22492
107074	3850	6513
107075	22494	34950
107076	22497	54293
107077	22499	22500
107078	22503	22505
107079	22507	22880
107080	90051	1042
107081	22507	23552
107082	22514	22520
107083	22527	22545
107084	22528	34865
107085	22528	42389
107086	22530	24533
107087	22536	30113
107088	22537	29394
107089	22544	30105
107090	3850	6500
107091	1502	3012
107092	3850	18885
107093	3850	15746
107094	22584	23698
107095	22560	43070
107096	3850	6878
107097	22563	30066
107098	22564	35417
107099	22567	22568
107100	22578	47655
107101	22578	28137
107102	22578	23312
107103	3851	8991
107104	3851	19717
107105	1502	48312
107106	22584	36991
107107	22585	29407
107108	22588	32510
107109	22596	22608
107110	22606	23259
107111	22597	22600
107112	22606	27381
107113	22609	22611
107114	22612	41325
107115	22613	26490
107116	22614	24420
107117	22614	36874
107118	22618	30538
107119	22618	47347
107120	22621	31276
107121	22621	35304
107122	22621	24187
107123	22629	36529
107124	103	1728
107125	22629	29193
107126	3854	7845
107127	1503	23429
107128	1503	8704
107129	3854	10149
107130	22633	22634
107131	22641	30041
107132	22642	22643
107133	22649	25087
107134	22652	29988
107135	22654	22658
107136	22659	24451
107137	22666	22667
107138	22668	22669
107139	22670	22674
107140	22671	27093
107141	22672	41751
107142	3854	5405
107143	22678	22685
107144	22679	44885
107145	22681	26729
107146	22682	22686
107147	22676	22687
107148	22684	24836
107149	22684	24148
107150	22687	34705
107151	3856	3878
107152	22671	22692
107153	22689	27069
107154	3856	22144
107155	22697	45381
107156	3856	7837
107157	22704	22706
107158	22712	37304
107159	22714	46897
107160	22715	44566
107161	22716	22718
107162	22719	22721
107163	22722	22727
107164	1505	19388
107165	22729	22736
107166	22730	22733
107167	22735	22737
107168	22738	22741
107169	22740	32822
107170	22743	22745
107171	22750	23750
107172	22754	23661
107173	22757	35238
107174	22761	22763
107175	22764	28076
107176	22766	29891
107177	22767	22769
107178	22774	22779
107179	22780	22782
107180	22783	22789
107181	3856	15679
107182	22790	22797
107183	22800	24091
107184	22803	34773
107185	22808	42866
107186	22812	23357
107187	22818	34212
107188	103	9179
107189	22821	22827
107190	22826	35885
107191	22840	22841
107192	22848	22849
107193	22851	22857
107194	22867	37118
107195	22873	22875
107196	22890	22891
107197	3857	8176
107198	22900	38792
107199	90062	32948
107200	22904	22909
107201	22908	23048
107202	22910	31257
107203	22910	28076
107204	22910	32121
107205	22910	37220
107206	22917	22919
107207	22921	27582
107208	22924	22927
107209	90070	1622
107210	1507	4738
107211	22930	22946
107212	22937	30967
107213	22943	23451
107214	22944	27445
107215	22948	22957
107216	22950	40264
107217	22953	33040
107218	22955	22965
107219	22965	23950
107220	22965	23102
107221	22972	22980
107222	22981	22983
107223	22984	22987
107224	22988	22992
107225	22991	26794
107226	22997	22998
107227	1507	7748
107228	22999	28817
107229	23018	32238
107230	12	6095
107231	23026	34972
107232	23026	35273
107233	23030	45928
107234	23031	29730
107235	23032	30881
107236	23032	35131
107237	23035	31859
107238	23041	25303
107239	23041	48288
107240	23043	23204
107241	23048	29392
107242	23048	46837
107243	23052	24343
107244	23058	33499
107245	23059	23060
107246	23064	23066
107247	23076	23079
107248	23077	26583
107249	3882	10695
107250	23084	45736
107251	23086	25703
107252	209	17347
107253	23086	37275
107254	23094	30478
107255	3862	8350
107256	23106	23108
107257	23120	23122
107258	23128	45211
107259	23131	23134
107260	23147	58190
107261	23154	23155
107262	23156	41593
107263	23174	23175
107264	23177	23180
107265	23185	29893
107266	23186	23187
107267	23204	25060
107268	23192	23195
107269	3863	4314
107270	23199	23202
107271	23212	23223
107272	23212	40733
107273	23212	48115
107274	3863	22152
107275	23215	36990
107276	3864	34596
107277	23218	23221
107278	3866	3881
107279	23219	28983
107280	209	7750
107281	23225	42379
107282	23229	43089
107283	23230	27110
107284	23243	34381
107285	23248	33119
107286	23251	33658
107287	23263	24832
107288	13	34
107289	587	5569
107290	3867	30636
107291	23263	27663
107292	23264	32024
107293	23277	23278
107294	23279	29582
107295	22750	27976
107296	23279	54415
107297	23282	28003
107298	23293	23803
107299	23299	27665
107300	23300	23304
107301	23300	31120
107302	23302	26763
107303	23310	35033
107304	23316	27605
107305	23319	23324
107306	23320	23662
107307	23320	27670
107308	23327	23328
107309	23332	23333
107310	23340	23360
107311	23344	23346
107312	588	978
107313	23350	29551
107314	23350	23890
107315	23351	54665
107316	23357	36850
107317	3870	22943
107318	23389	39138
107319	3871	5637
107320	23389	28923
107321	23393	26660
107322	23393	23418
107323	23395	23414
107324	23397	43076
107325	23401	39886
107326	3871	23803
107327	23413	29854
107328	23415	30583
107329	3871	4911
107330	85078	8833
107331	23420	23958
107332	23430	26464
107333	23430	36418
107334	23440	37260
107335	23444	23950
107336	23444	43443
107337	23445	23452
107338	23446	30890
107339	23456	23457
107340	23458	23459
107341	23461	23702
107342	23462	33428
107343	23468	23469
107344	23472	23477
107345	590	790
107346	23480	23491
107347	23480	31590
107348	23481	36105
107349	23482	23487
107350	23485	23915
107351	23490	23493
107352	23506	31574
107353	90093	55923
107354	23515	37743
107355	23522	37742
107356	3847	10941
107357	23528	23532
107358	3873	4600
107359	23533	23536
107360	23538	36880
107361	23524	24035
107362	23542	24790
107363	23550	39210
107364	23555	23556
107365	90084	2431
107366	23557	27805
107367	23570	39212
107368	23572	28535
107369	23573	23592
107370	90082	4194
107371	3873	25721
107372	23598	32945
107373	23600	23601
107374	23607	41270
107375	23608	23609
107376	23610	32476
107377	23611	28144
107378	23619	27119
107379	23625	43989
107380	23633	23641
107381	23638	28685
107382	23638	35686
107383	23640	66294
107384	23643	23645
107385	23646	29563
107386	23646	24615
107387	23649	51757
107388	23657	26897
107389	23661	26899
107390	23660	23668
107391	23671	23675
107392	23673	23677
107393	23685	26565
107394	23687	23699
107395	23694	30105
107396	23694	45980
107397	23694	33571
107398	23698	32366
107399	23698	48017
107400	23706	23707
107401	23710	29379
107402	23716	26600
107403	23716	33935
107404	23717	26653
107405	23725	40782
107406	23735	29221
107407	23766	23770
107408	23738	23739
107409	23743	23745
107410	23756	23757
107411	90094	9432
107412	23774	23776
107413	23779	23782
107414	23784	23787
107415	23790	33364
107416	23790	26258
107417	23794	28049
107418	23799	23802
107419	23801	42546
107420	23803	35241
107421	23803	33095
107422	23803	32459
107423	1508	11402
107424	23807	23809
107425	23813	23821
107426	23814	34254
107427	23815	28924
107428	1508	7468
107429	23824	25720
107430	23827	23835
107431	23832	24187
107432	23853	23854
107433	23855	26530
107434	23856	23858
107435	23863	23865
107436	1508	23217
107437	103	8322
107438	23880	23881
107439	23886	23888
107440	23893	28680
107441	23897	25716
107442	3877	7821
107443	23905	23906
107444	23915	41003
107445	23918	27748
107446	23919	24357
107447	23919	29155
107448	23921	23922
107449	23930	23957
107450	23932	35237
107451	211	18676
107452	211	18735
107453	23942	46403
107454	23945	56726
107455	23947	23952
107456	23948	25077
107457	23948	25812
107458	23949	30795
107459	23950	25090
107460	23694	24092
107461	23957	28681
107462	23958	34820
107463	23959	31119
107464	1508	14392
107465	85101	8217
107466	23980	59599
107467	3879	8968
107468	23981	29172
107469	23984	43140
107470	23990	34973
107471	23999	24002
107472	24009	24032
107473	24012	27390
107474	3879	25649
107475	24013	26899
107476	24019	42300
107477	24021	24914
107478	24022	32841
107479	24038	26779
107480	24038	27165
107481	24041	24056
107482	90117	78680
107483	24056	40800
107484	3879	4881
107485	24070	24071
107486	24071	25530
107487	24072	24076
107488	24082	24084
107489	24091	24096
107490	24097	30939
107491	24097	54600
107492	24097	26777
107493	24100	28693
107494	24103	31393
107495	1508	4908
107496	24108	42896
107497	24114	24121
107498	24116	29875
107499	24118	50073
107500	24123	38687
107501	24125	24126
107502	24127	24132
107503	591	7834
107504	591	7843
107505	24137	35417
107506	24138	40161
107507	24148	33904
107508	1508	10737
107509	24157	24159
107510	24160	28706
107511	24160	25832
107512	24162	24167
107513	24171	43668
107514	24177	52618
107515	24174	24909
107516	24181	24197
107517	24187	30467
107518	24195	24196
107519	24200	24201
107520	24202	24215
107521	24203	53456
107522	24207	24210
107523	24211	27251
107524	24215	35889
107525	24216	35195
107526	24237	25091
107527	24237	43906
107528	24243	24246
107529	24247	26808
107530	24253	32047
107531	24254	24261
107532	24266	28117
107533	24258	24269
107534	24279	24286
107535	24289	24290
107536	24291	40584
107537	24326	24335
107538	24342	50502
107539	24345	24364
107540	24349	31674
107541	24356	44009
107542	24366	24374
107543	24370	39171
107544	24387	24393
107545	3880	4058
107546	24398	24400
107547	24399	26187
107548	24403	24405
107549	24421	27139
107550	24424	24426
107551	24446	24464
107552	24451	26652
107553	24452	44455
107554	24455	29982
107555	24456	36049
107556	24470	24480
107557	24481	24485
107558	24487	24490
107559	24500	24504
107560	24503	27272
107561	24505	24506
107562	24508	24510
107563	24520	44650
107564	24522	24524
107565	24531	24534
107566	24536	29514
107567	24537	24545
107568	24567	24568
107569	24577	24580
107570	24588	24590
107571	24596	24597
107572	24602	24604
107573	24612	24618
107574	24619	24623
107575	24682	26306
107576	24624	42368
107577	24627	24628
107578	24630	36149
107579	24631	41109
107580	24643	24651
107581	24654	25178
107582	3880	5316
107583	24663	24664
107584	24671	24674
107585	24675	24676
107586	24678	24679
107587	24691	38672
107588	24692	26572
107589	24692	33887
107590	24706	24712
107591	24718	24722
107592	24729	24733
107593	24755	24759
107594	24763	31128
107595	24765	33188
107596	24772	24775
107597	24773	43405
107598	3880	6127
107599	3880	9885
107600	24776	44190
107601	24777	24783
107602	24781	24819
107603	24781	27295
107604	24781	31100
107605	24784	24787
107606	24785	29803
107607	24788	40889
107608	24791	41887
107609	24792	30614
107610	24795	27822
107611	24799	24800
107612	24809	37665
107613	24809	39306
107614	1508	7203
107615	24809	52664
107616	24812	24823
107617	24824	30399
107618	85097	77755
107619	3882	8994
107620	3882	4689
107621	24829	26779
107622	24831	30247
107623	24832	26402
107624	211	9460
107625	24832	27885
107626	24832	39173
107627	90108	9631
107628	24834	24841
107629	24843	28054
107630	24844	32600
107631	24870	47205
107632	24873	29073
107633	49	8457
107634	3882	16612
107635	24889	30826
107636	1509	1538
107637	24900	24905
107638	1509	1712
107639	24915	24916
107640	24926	50950
107641	24927	40016
107642	24934	24938
107643	24939	24943
107644	24949	33789
107645	24952	24954
107646	24960	24961
107647	24962	24966
107648	24967	24968
107649	24972	24975
107650	24979	40038
107651	3882	10596
107652	82669	12304
107653	24983	26347
107654	24983	26633
107655	24996	34762
107656	25008	29171
107657	25009	38956
107658	24979	30715
107659	25012	25022
107660	25014	39894
107661	25017	32945
107662	25024	25039
107663	25040	25045
107664	25047	25053
107665	1509	7733
107666	3882	8604
107667	591	5295
107668	25069	29203
107669	25069	28924
107670	25074	41165
107671	25081	37527
107672	25083	34330
107673	25085	26374
107674	3882	5799
107675	3882	10278
107676	25090	27089
107677	3882	8785
107678	85101	2588
107679	211	8930
107680	25092	29345
107681	25093	25094
107682	25110	32835
107683	25111	25115
107684	25116	25117
107685	25122	25124
107686	25123	28520
107687	25125	25126
107688	25128	25136
107689	3882	15762
107690	25138	25139
107691	25140	25144
107692	25150	25157
107693	25159	25163
107694	25165	25167
107695	25174	27541
107696	25175	25184
107697	25185	25186
107698	25190	25194
107699	25200	30753
107700	25215	30382
107701	25220	34963
107702	85104	4665
107703	25223	27493
107704	25224	33454
107705	25227	30710
107706	25228	30806
107707	25235	26774
107708	25252	25254
107709	25253	27012
107710	1509	7620
107711	25257	25258
107712	25264	35131
107713	25264	27104
107714	25277	25280
107715	25278	33137
107716	25279	44477
107717	25287	25289
107718	25288	27612
107719	1509	5715
107720	25304	26061
107721	25306	27697
107722	25314	43607
107723	25318	25723
107724	25328	25338
107725	25337	26731
107726	25337	30066
107727	25342	40074
107728	25342	26574
107729	1509	12683
107730	25360	40925
107731	3882	7772
107732	25369	29447
107733	49	5268
107734	25369	53731
107735	25370	25371
107736	25375	26231
107737	25386	32721
107738	25387	25697
107739	25391	26190
107740	25400	25824
107741	25414	26854
107742	25417	25424
107743	25434	25440
107744	25444	32773
107745	25447	25452
107746	25450	28066
107747	25451	42483
107748	25459	41808
107749	25461	25462
107750	25464	25465
107751	25466	25467
107752	25469	25471
107753	25473	46332
107754	25477	25478
107755	25480	25482
107756	25484	35818
107757	25485	40716
107758	25486	25489
107759	25493	25496
107760	25500	25501
107761	25505	25511
107762	25517	25521
107763	25527	25529
107764	25540	32138
107765	25545	30487
107766	25551	28745
107767	25560	34548
107768	25565	42841
107769	25566	25569
107770	25567	32310
107771	25571	25572
107772	25574	25575
107773	25599	25600
107774	25602	40422
107775	25602	31331
107776	25606	25607
107777	25612	25634
107778	25620	37580
107779	25625	33936
107780	25644	25647
107781	25646	43697
107782	25649	31571
107783	25650	41142
107784	25650	27791
107785	25659	31339
107786	25660	34334
107787	25661	36856
107788	25664	32835
107789	25672	27644
107790	25673	25674
107791	25684	25688
107792	25685	26590
107793	25691	25706
107794	25695	26734
107795	25695	30860
107796	25704	37442
107797	25704	40161
107798	25710	25717
107799	25719	25726
107800	25723	42745
107801	25727	25747
107802	25738	35729
107803	25749	32828
107804	25751	28531
107805	25751	37340
107806	25751	36751
107807	25751	40231
107808	25753	33864
107809	25753	36983
107810	25755	25760
107811	25765	26774
107812	25766	32440
107813	25773	25776
107814	25778	32513
107815	25789	27038
107816	25789	28225
107817	25794	25798
107818	25795	25799
107819	25802	25807
107820	25811	25813
107821	25812	30322
107822	25818	25819
107823	25820	32583
107824	25823	25825
107825	25826	47226
107826	25829	25835
107827	25831	27142
107828	25842	25845
107829	25844	30235
107830	25848	25852
107831	25856	25862
107832	25859	27749
107833	25876	25879
107834	25902	25903
107835	25904	25910
107836	25912	25917
107837	25921	25925
107838	25932	25934
107839	25922	37350
107840	25941	25953
107841	25944	33641
107842	25947	42485
107843	24	26
107844	593	1507
107845	25967	25968
107846	25990	26001
107847	3882	11299
107848	25994	43526
107849	26002	26016
107850	26019	26021
107851	26022	26023
107852	26030	26033
107853	26031	26032
107854	26036	26039
107855	26040	26044
107856	26051	54524
107857	26084	26085
107858	26088	26094
107859	26092	51216
107860	26097	35416
107861	26102	26103
107862	26106	27314
107863	26114	26118
107864	26119	26121
107865	26123	43286
107866	26131	26132
107867	26136	26142
107868	26143	26148
107869	26146	54215
107870	26152	26158
107871	26163	33865
107872	26165	26167
107873	26170	26172
107874	26177	26183
107875	26182	33626
107876	26184	26188
107877	26190	38035
107878	26203	34773
107879	26209	27392
107880	26213	41976
107881	26215	26218
107882	26222	27122
107883	26228	38720
107884	26235	44011
107885	26247	44457
107886	26250	41074
107887	26251	26252
107888	26259	26264
107889	26266	26267
107890	26281	32115
107891	90144	42369
107892	26284	31152
107893	26291	37472
107894	26292	30463
107895	26293	31975
107896	26296	35877
107897	26297	34816
107898	26299	39346
107899	26307	26308
107900	26324	32406
107901	26335	26336
107902	26348	37309
107903	26363	33611
107904	26368	26369
107905	26380	26386
107906	90147	80793
107907	26416	29255
107908	26383	42052
107909	26388	40149
107910	26394	36430
107911	26407	26408
107912	26411	26414
107913	26412	26446
107914	26422	26423
107915	26424	26428
107916	26431	26436
107917	26437	26441
107918	26439	26463
107919	26447	26452
107920	26458	26465
107921	593	7802
107922	3882	47500
107923	26470	26474
107924	26473	26478
107925	26482	26483
107926	26491	26500
107927	26505	30632
107928	1509	7540
107929	3883	3983
107930	26515	27156
107931	26516	26520
107932	26526	30265
107933	26532	47800
107934	26538	36721
107935	26543	31151
107936	26547	26549
107937	26552	26559
107938	26553	35991
107939	26562	26564
107940	26569	43213
107941	3883	9643
107942	26571	27913
107943	3883	10548
107944	26573	32008
107945	26583	40773
107946	3883	18736
107947	26587	40647
107948	26601	26607
107949	3883	12732
107950	26602	28400
107951	26606	76724
107952	26612	36049
107953	26613	26664
107954	26614	26616
107955	26586	29138
107956	26634	32387
107957	1509	12770
107958	26637	31171
107959	1510	1705
107960	3883	22629
107961	26645	27591
107962	90151	27290
107963	26652	58190
107964	26652	27279
107965	26652	33349
107966	593	5034
107967	90163	4611
107968	90157	18745
107969	26665	27761
107970	26671	54076
107971	593	8492
107972	26673	26675
107973	26674	31797
107974	26683	26685
107975	3883	19080
107976	26698	26699
107977	26701	26702
107978	26713	27665
107979	26717	43412
107980	26727	33888
107981	26723	29221
107982	26728	26735
107983	26731	26733
107984	26742	35412
107985	3888	4114
107986	26754	53481
107987	26751	26759
107988	26752	32750
107989	26761	26764
107990	26766	42961
107991	26766	36465
107992	26766	44751
107993	26767	32313
107994	26767	33901
107995	26769	32137
107996	26769	38142
107997	26771	28894
107998	26777	43502
107999	3891	4317
108000	26781	34986
108001	26794	57403
108002	3891	31567
108003	26797	26802
108004	26799	41434
108005	90159	510
108006	26805	26809
108007	26810	43998
108008	26811	26813
108009	26825	37446
108010	26826	26828
108011	26833	26834
108012	26848	26852
108013	26853	36686
108014	26867	40735
108015	26867	32144
108016	26867	28725
108017	90161	4791
108018	26873	26875
108019	26878	32477
108020	26885	26893
108021	26887	35303
108022	26889	43828
108023	26902	32365
108024	83095	3014
108025	26913	43647
108026	26919	26921
108027	26923	26926
108028	26927	26928
108029	26932	26935
108030	26938	26939
108031	26941	26944
108032	3892	6469
108033	26953	26954
108034	26957	29427
108035	26958	26960
108036	26961	26963
108037	26974	26977
108038	26970	26972
108039	26978	26981
108040	26983	26986
108041	26987	26989
108042	26994	35131
108043	26996	34579
108044	26999	30395
108045	27007	34915
108046	3892	5719
108047	27023	27031
108048	27040	27041
108049	27044	38638
108050	27061	27062
108051	27061	34091
108052	27067	30866
108053	27076	27079
108054	27082	27087
108055	27084	29864
108056	3892	21721
108057	1510	28286
108058	3892	5044
108059	1510	32734
108060	27089	47706
108061	27091	27103
108062	3895	51758
108063	27110	34082
108064	3895	5664
108065	3895	46183
108066	3896	3898
108067	27110	41211
108068	27113	53110
108069	27117	29857
108070	13	394
108071	27125	27128
108072	27130	27131
108073	27132	27133
108074	27135	40800
108075	27150	27152
108076	27165	34543
108077	27161	33576
108078	27165	30978
108079	1511	39474
108080	27172	27173
108081	27180	27181
108082	27186	27189
108083	27187	27199
108084	27188	27247
108085	27191	27193
108086	27200	27203
108087	27202	43120
108088	27211	27222
108089	27219	39173
108090	27223	27233
108091	27229	31839
108092	3897	17830
108093	27237	27249
108094	3897	19715
108095	27247	33661
108096	27250	27253
108097	27260	28422
108098	27260	29647
108099	27262	27263
108100	1513	8143
108101	27271	27275
108102	27281	27283
108103	27285	27286
108104	27289	35074
108105	27289	45980
108106	27278	45523
108107	27296	27297
108108	27298	27299
108109	27301	27302
108110	27303	38414
108111	27304	29359
108112	27314	32632
108113	27315	27322
108114	27318	31305
108115	27661	33554
108116	27324	27325
108117	27330	29715
108118	27332	27339
108119	27393	43557
108120	27345	27347
108121	27351	27360
108122	27366	41013
108123	27377	42953
108124	27380	27800
108125	27393	41550
108126	27394	27395
108127	27398	27399
108128	27403	33476
108129	27407	27410
108130	27424	27426
108131	27438	27440
108132	27462	27463
108133	27464	27468
108134	27473	27478
108135	27493	51757
108136	27494	27495
108137	27505	27506
108138	27509	27510
108139	27511	27513
108140	27514	27515
108141	27519	27520
108142	27521	27522
108143	27523	27524
108144	27535	27544
108145	27557	27560
108146	27563	27564
108147	27568	27569
108148	27573	27576
108149	27577	27578
108150	27579	27583
108151	27587	32477
108152	1515	4382
108153	27596	27606
108154	27605	29261
108155	27605	30512
108156	27613	27614
108157	3899	3901
108158	27638	33026
108159	27621	30062
108160	27623	27631
108161	27627	27670
108162	27633	27636
108163	27642	27643
108164	27645	27650
108165	27651	27656
108166	27659	40954
108167	27665	43623
108168	27665	45205
108169	27667	47735
108170	27679	27682
108171	27681	27683
108172	27690	27692
108173	27692	70345
108174	27699	27705
108175	27711	27713
108176	27716	27717
108177	27725	27726
108178	27727	27730
108179	1515	9565
108180	27736	27745
108181	27749	52744
108182	27757	27762
108183	27765	27769
108184	27776	31078
108185	27777	33288
108186	27779	27785
108187	27780	27781
108188	103	18965
108189	27786	27789
108190	27792	33716
108191	27794	27797
108192	27803	33451
108193	3903	3914
108194	27813	27814
108195	27825	27828
108196	27832	27834
108197	27832	33848
108198	27832	62877
108199	27838	27841
108200	27846	27848
108201	27849	27851
108202	27852	27861
108203	3905	17165
108204	27862	33364
108205	27869	50956
108206	27871	27873
108207	27880	35808
108208	27880	41234
108209	27885	34265
108210	1515	5933
108211	27888	27889
108212	27890	27893
108213	27899	27900
108214	27916	27917
108215	593	20014
108216	27920	27926
108217	27922	27933
108218	3906	5853
108219	27924	41572
108220	27924	32364
108221	27927	41607
108222	27936	27937
108223	27943	44084
108224	3908	31210
108225	27965	27966
108226	27971	27972
108227	27977	27978
108228	27979	27980
108229	27984	27989
108230	27993	27994
108231	27997	37990
108232	27999	41505
108233	28006	30673
108234	28011	28012
108235	28014	28020
108236	28016	36254
108237	28021	30583
108238	28028	28044
108239	28046	28058
108240	28062	43312
108241	28068	28074
108242	28070	69714
108243	28073	35319
108244	28075	32354
108245	28079	28080
108246	28092	28094
108247	28096	28101
108248	28112	32154
108249	28115	28129
108250	28117	41515
108251	28121	46253
108252	28131	28132
108253	28133	28135
108254	3910	5691
108255	28138	29244
108256	28143	28146
108257	28148	32166
108258	3910	22850
108259	28157	37125
108260	28160	28164
108261	28165	28168
108262	28169	28170
108263	28171	39074
108264	28172	28174
108265	28179	28183
108266	28184	28185
108267	28187	28190
108268	28193	28200
108269	28199	31404
108270	28208	33976
108271	28234	28236
108272	28239	33456
108273	28240	51657
108274	28207	31502
108275	28252	28254
108276	28256	28272
108277	28275	28277
108278	28278	28284
108279	28299	28300
108280	28314	28316
108281	28320	28326
108282	1517	7736
108283	28334	29186
108284	28345	28346
108285	3910	9798
108286	28352	31940
108287	28354	28363
108288	1517	5161
108289	28366	28370
108290	28372	28378
108291	28386	28391
108292	28390	36161
108293	28413	28414
108294	28418	28420
108295	28425	28426
108296	28429	28433
108297	28435	28436
108298	28439	29126
108299	28440	28446
108300	28463	28469
108301	3910	11089
108302	28473	28475
108303	28476	37543
108304	28478	29478
108305	28479	28480
108306	28484	28488
108307	28501	30282
108308	28504	28505
108309	3910	6337
108310	28509	36857
108311	28511	28522
108312	28512	34366
108313	28521	28551
108314	28527	28536
108315	28554	28556
108316	28568	28573
108317	28574	28581
108318	28576	28579
108319	28580	28590
108320	28584	75952
108321	28585	28586
108322	28588	28603
108323	28591	34575
108324	28592	51757
108325	28597	35596
108326	1517	4956
108327	28597	71203
108328	28598	28604
108329	28606	28607
108330	3912	13766
108331	28613	28614
108332	28615	28623
108333	211	25242
108334	25	134
108335	28626	31204
108336	28627	28632
108337	28634	28635
108338	28636	28638
108339	28642	28643
108340	28654	28657
108341	28656	33298
108342	28659	28660
108343	28662	28663
108344	28665	38648
108345	28665	43284
108346	28684	33356
108347	28685	37230
108348	85121	8735
108349	3912	6847
108350	1517	2333
108351	28689	34205
108352	28699	28703
108353	28700	28701
108354	28714	55388
108355	28723	28730
108356	28736	28737
108357	28738	28743
108358	28770	28774
108359	28780	28782
108360	28787	28788
108361	28802	37590
108362	28820	28821
108363	28827	28829
108364	28837	28840
108365	28838	52953
108366	213	30609
108367	28844	28845
108368	28874	28876
108369	28875	28886
108370	28883	28888
108371	213	19292
108372	3882	4669
108373	28895	55898
108374	595	1292
108375	28898	52448
108376	28900	39881
108377	28911	44726
108378	28914	44319
108379	28919	28920
108380	28921	28922
108381	28924	44749
108382	28924	37370
108383	28928	28931
108384	28932	28933
108385	28936	28943
108386	28942	28948
108387	28945	28957
108388	28949	28963
108389	595	1801
108390	28955	41226
108391	28976	28978
108392	3913	4432
108393	28985	34173
108394	28992	28995
108395	28997	29003
108396	29004	34571
108397	3913	23274
108398	29006	44887
108399	29023	29024
108400	29043	29044
108401	29047	29048
108402	29052	29057
108403	29053	49858
108404	29059	29060
108405	29062	30724
108406	29071	35104
108407	29076	47321
108408	29082	29084
108409	29089	29090
108410	29098	29106
108411	29104	29111
108412	29115	29117
108413	29119	29120
108414	29121	29123
108415	29127	29130
108416	29131	31096
108417	29138	35241
108418	29133	29150
108419	29149	29281
108420	29152	29156
108421	29154	29158
108422	29169	29170
108423	29172	49806
108424	29185	34966
108425	595	5925
108426	29206	29207
108427	29213	29214
108428	29216	29218
108429	29217	45350
108430	29221	37541
108431	29226	29227
108432	29228	29233
108433	29236	29237
108434	29239	29241
108435	29247	29248
108436	29252	29254
108437	29262	29264
108438	29268	29269
108439	29272	29278
108440	29274	29288
108441	29285	29291
108442	29288	32422
108443	29305	29311
108444	29306	29310
108445	29334	44913
108446	29339	29340
108447	29346	29348
108448	29347	44128
108449	29351	29357
108450	29364	29365
108451	29369	29371
108452	29374	37443
108453	29385	29387
108454	29397	29398
108455	29406	33839
108456	29421	29424
108457	29428	29429
108458	29440	43075
108459	29452	39895
108460	29453	29458
108461	85117	77399
108462	29470	42081
108463	29478	43962
108464	29481	29484
108465	29487	31631
108466	29489	29491
108467	29496	29499
108468	29500	29501
108469	29531	41024
108470	29539	29548
108471	29552	31705
108472	29560	70222
108473	29562	29564
108474	29568	29573
108475	29589	29601
108476	29594	29604
108477	29597	53130
108478	29642	29644
108479	29643	30539
108480	29639	36046
108481	29647	37342
108482	29651	29654
108483	29660	29661
108484	29662	35740
108485	29663	29666
108486	25	176
108487	29668	34802
108488	29675	29678
108489	29696	29700
108490	29699	33356
108491	29713	29719
108492	29716	31682
108493	29746	33710
108494	29752	29757
108495	29758	29763
108496	3916	8048
108497	29769	36334
108498	29769	55954
108499	29772	29775
108500	29776	29801
108501	29783	29786
108502	29787	29788
108503	29789	29790
108504	29796	29805
108505	29812	29813
108506	29815	29820
108507	29822	29825
108508	29826	29827
108509	29828	29832
108510	29830	29836
108511	29838	29840
108512	29843	29847
108513	29844	44056
108514	29845	41021
108515	29876	34468
108516	29845	36008
108517	29851	32629
108518	29857	30645
108519	29858	29866
108520	29871	29873
108521	49	4991
108522	30062	34468
108523	29891	47092
108524	29896	29897
108525	29900	29907
108526	29906	29910
108527	29920	49546
108528	29924	29930
108529	29938	44544
108530	3917	3922
108531	29945	43934
108532	29954	39129
108533	29964	29965
108534	29970	29974
108535	29977	41754
108536	29989	30000
108537	29981	44639
108538	29995	30005
108539	30003	31016
108540	30004	30014
108541	30011	34107
108542	30019	44456
108543	30027	30028
108544	30036	30038
108545	30044	31955
108546	30050	30054
108547	30065	31331
108548	30076	30079
108549	85118	244
108550	30090	30091
108551	30092	48449
108552	30094	37660
108553	30094	35067
108554	30095	30107
108555	30098	40474
108556	214	5593
108557	30126	30127
108558	30130	48117
108559	30142	30145
108560	30148	30150
108561	30153	30158
108562	1519	2455
108563	30177	30180
108564	30183	30184
108565	30191	30192
108566	30206	30791
108567	30209	30210
108568	30227	30228
108569	30232	30233
108570	30253	30255
108571	30257	32619
108572	30259	30260
108573	30261	30262
108574	30264	30273
108575	30271	41669
108576	30274	43634
108577	30282	38739
108578	30286	30292
108579	30295	30299
108580	30301	30302
108581	30303	30310
108582	30311	31774
108583	30315	30320
108584	30325	30326
108585	30328	30329
108586	30330	30334
108587	30345	30346
108588	30350	30352
108589	30359	30362
108590	30363	30364
108591	30365	30366
108592	30370	30372
108593	30373	30374
108594	30390	30400
108595	30394	30402
108596	3921	6792
108597	30394	40993
108598	30395	45787
108599	30398	40740
108600	30409	30411
108601	30417	30418
108602	30419	30420
108603	30432	30434
108604	30440	30443
108605	30442	31217
108606	30449	30457
108607	30458	30460
108608	30461	30464
108609	82728	4721
108610	30463	38693
108611	595	7266
108612	30468	30477
108613	30492	30493
108614	30494	30498
108615	30495	40170
108616	30506	30517
108617	30179	37189
108618	30522	37597
108619	30532	33088
108620	30534	30537
108621	30549	30553
108622	30558	30560
108623	30562	30563
108624	30571	30574
108625	30572	30583
108626	30575	44181
108627	30576	36661
108628	30578	30584
108629	30591	45125
108630	30616	30774
108631	30626	42792
108632	3923	3943
108633	30632	46490
108634	30635	30637
108635	30436	36585
108636	3924	9485
108637	87982	6723
108638	3924	10327
108639	30651	30652
108640	30655	30660
108641	214	8821
108642	1521	5195
108643	30664	30674
108644	595	7693
108645	1521	5163
108646	30682	35204
108647	30714	30955
108648	30688	32741
108649	30690	30691
108650	30698	43321
108651	30706	48235
108652	30711	30713
108653	30717	30718
108654	30719	30722
108655	30731	30732
108656	30741	30746
108657	30747	34947
108658	30748	41811
108659	1521	5575
108660	30752	40974
108661	30755	30758
108662	30760	30761
108663	30762	30763
108664	30765	30766
108665	30768	30770
108666	30771	30772
108667	30777	30780
108668	30778	30892
108669	30782	30786
108670	30789	37272
108671	30795	43315
108672	30808	30810
108673	30821	30822
108674	30833	30834
108675	30844	31700
108676	30851	30857
108677	30863	35080
108678	30878	30882
108679	30884	30886
108680	30888	30897
108681	3928	35540
108682	3929	3961
108683	30898	30904
108684	90204	8758
108685	30913	30915
108686	30916	30918
108687	3929	4345
108688	30931	30932
108689	30951	30953
108690	30958	30977
108691	30967	31994
108692	595	8261
108693	30987	30988
108694	30989	30994
108695	30996	30997
108696	31011	54672
108697	31023	31024
108698	31039	40671
108699	31040	31043
108700	31056	31058
108701	31059	31064
108702	90202	7546
108703	31067	31070
108704	31071	31074
108705	31077	31093
108706	31087	31118
108707	31095	31101
108708	31096	49143
108709	31097	33166
108710	90201	1757
108711	31103	33877
108712	31108	37511
108713	31109	43616
108714	31110	47232
108715	31112	31134
108716	1521	5299
108717	31126	36980
108718	31131	31165
108719	31139	31409
108720	31143	35714
108721	31137	37577
108722	31182	31183
108723	31186	31188
108724	31189	31193
108725	31199	31211
108726	31202	37453
108727	31225	31228
108728	31229	31230
108729	31244	31248
108730	3930	6082
108731	31253	31270
108732	595	11203
108733	31258	31268
108734	31269	31809
108735	31273	31274
108736	1521	5161
108737	3930	35921
108738	31275	31277
108739	31278	31287
108740	31289	31293
108741	85128	33614
108742	1521	2794
108743	31300	31303
108744	1521	2799
108745	1521	3000
108746	31313	31316
108747	3932	6294
108748	31317	31322
108749	90208	16418
108750	31318	37853
108751	595	47513
108752	31325	31326
108753	90207	8973
108754	31327	31336
108755	1521	10221
108756	3932	5299
108757	31337	31340
108758	31341	31342
108759	85132	80727
108760	31345	31347
108761	31348	31354
108762	31356	31358
108763	31361	31625
108764	31363	31366
108765	214	15518
108766	31369	31376
108767	31372	31448
108768	85131	36717
108769	31378	31379
108770	3933	4397
108771	31382	31386
108772	3934	4601
108773	31383	31637
108774	31387	31396
108775	31389	31585
108776	3934	8058
108777	31400	31412
108778	31403	54202
108779	31410	46597
108780	31411	31593
108781	85129	8698
108782	31420	31427
108783	3934	4868
108784	31435	31438
108785	31439	31444
108786	31445	31455
108787	31461	34289
108788	31461	43187
108789	31468	31470
108790	31472	31473
108791	595	10573
108792	3935	4745
108793	31475	31476
108794	31477	31480
108795	31479	46364
108796	31482	31484
108797	3936	13781
108798	31487	31491
108799	103	11324
108800	31497	31505
108801	103	2965
108802	31509	31510
108803	31511	31515
108804	31512	43829
108805	3936	5095
108806	31518	31519
108807	3936	14626
108808	215	6379
108809	31521	31523
108810	31524	31526
108811	31530	31531
108812	3937	27778
108813	3937	15990
108814	31532	31537
108815	3938	15947
108816	1521	12962
108817	215	6656
108818	31538	31648
108819	31539	31541
108820	31543	31549
108821	1521	19214
108822	31550	31551
108823	31553	31554
108824	31558	31566
108825	31562	31720
108826	31564	31719
108827	31577	31582
108828	31584	31587
108829	31594	31598
108830	31602	31603
108831	31608	31618
108832	31619	31627
108833	3940	4260
108834	31632	31633
108835	31644	31655
108836	1521	3386
108837	31658	31663
108838	31664	31668
108839	31677	31678
108840	31683	31684
108841	31686	31695
108842	85134	4689
108843	31699	31706
108844	31707	31708
108845	31716	31717
108846	31718	31721
108847	31722	31724
108848	31725	31726
108849	31727	31736
108850	215	7430
108851	31741	31742
108852	3940	17539
108853	31744	34671
108854	31748	31754
108855	3940	9439
108856	31756	31761
108857	83072	10450
108858	31766	31769
108859	31771	31772
108860	31773	31777
108861	31774	37781
108862	31779	31795
108863	31784	40173
108864	31786	37841
108865	31803	31804
108866	31815	31817
108867	3940	10170
108868	31819	31824
108869	31825	31834
108870	31836	31837
108871	31840	31843
108872	31844	31845
108873	31849	45685
108874	31856	31860
108875	31858	35128
108876	31861	31862
108877	3940	4406
108878	31863	31867
108879	31866	50721
108880	31871	38026
108881	31879	31880
108882	31882	31883
108883	31884	31885
108884	31889	31890
108885	31891	31892
108886	31893	31894
108887	31901	31902
108888	31903	31904
108889	31921	31922
108890	31929	31930
108891	31931	31941
108892	31943	31944
108893	31949	31952
108894	31953	31957
108895	31963	31965
108896	31966	31971
108897	31984	31988
108898	31990	39880
108899	31991	32001
108900	32003	32021
108901	32027	33710
108902	32040	40551
108903	32040	32358
108904	32049	32052
108905	32094	44522
108906	32056	46696
108907	32058	43892
108908	32059	32065
108909	32081	32082
108910	32084	32085
108911	32111	32112
108912	32114	32119
108913	32128	32129
108914	32140	32142
108915	32147	32151
108916	32153	32156
108917	32157	32158
108918	32171	32172
108919	32173	32174
108920	1521	11023
108921	32176	32178
108922	32181	32182
108923	32183	32185
108924	32187	32188
108925	32190	32193
108926	32196	32199
108927	32204	32206
108928	32207	32209
108929	32224	32225
108930	32226	32228
108931	32235	32239
108932	32246	32247
108933	32248	32249
108934	32257	32261
108935	32262	32267
108936	32263	32266
108937	32271	32279
108938	32278	52249
108939	32287	32295
108940	32299	32306
108941	32307	47046
108942	32311	44556
108943	32312	32318
108944	32331	36610
108945	32337	32339
108946	32343	32345
108947	32344	32452
108948	32350	32360
108949	32376	32377
108950	32380	32385
108951	32382	44642
108952	32386	32388
108953	32396	32398
108954	32405	33862
108955	32409	32410
108956	32412	32413
108957	32418	32423
108958	32425	32428
108959	32435	32441
108960	32445	35004
108961	32449	32451
108962	32455	32500
108963	32459	34507
108964	595	10728
108965	32471	33286
108966	32474	32513
108967	32475	45086
108968	32475	36897
108969	32481	47398
108970	32470	40680
108971	32487	32491
108972	32489	42555
108973	32499	37237
108974	1521	12272
108975	32530	32531
108976	32535	41084
108977	32540	32554
108978	32541	32544
108979	32547	44046
108980	32553	43081
108981	32562	32565
108982	32569	32578
108983	32583	34038
108984	32584	32586
108985	32585	32587
108986	32598	32599
108987	32600	33253
108988	32604	32607
108989	32610	32611
108990	32631	32649
108991	32650	32662
108992	32675	32686
108993	32688	32689
108994	32690	32692
108995	32716	34109
108996	32728	32729
108997	32731	36235
108998	32734	35596
108999	32735	47452
109000	32745	43242
109001	32747	32749
109002	32758	32764
109003	32773	46073
109004	32776	37284
109005	32779	32781
109006	32786	34967
109007	32793	32803
109008	32799	41321
109009	595	1667
109010	32811	32813
109011	32819	33853
109012	32820	32826
109013	32855	39342
109014	32862	32864
109015	32874	32876
109016	32875	41026
109017	32884	32895
109018	32900	32901
109019	32902	32904
109020	32909	32915
109021	32921	32922
109022	32924	32925
109023	32926	32927
109024	32937	32938
109025	32944	32946
109026	32949	32961
109027	32950	32951
109028	32960	32962
109029	32963	32967
109030	32978	32983
109031	32982	51685
109032	32991	32994
109033	32996	32998
109034	595	1596
109035	33001	33002
109036	33003	33004
109037	33010	33015
109038	33019	33021
109039	3940	10464
109040	33032	33033
109041	33035	33036
109042	33039	33041
109043	33045	33049
109044	33051	33052
109045	33056	33058
109046	33059	33070
109047	33062	33903
109048	33076	33077
109049	33079	33081
109050	33090	33091
109051	33096	41434
109052	33098	33099
109053	33100	33111
109054	33110	34702
109055	33116	33117
109056	33129	33135
109057	33147	34960
109058	33150	33152
109059	33155	33645
109060	33159	33160
109061	33172	33174
109062	33176	33181
109063	33177	33188
109064	33187	33189
109065	33191	33192
109066	33194	36661
109067	33198	33200
109068	33199	42232
109069	33228	33229
109070	33232	33234
109071	33239	33240
109072	33253	37214
109073	33260	33262
109074	33269	41469
109075	33280	33283
109076	33287	33293
109077	33304	33305
109078	33292	38365
109079	33294	33296
109080	33300	33301
109081	33306	33309
109082	33311	33316
109083	33315	33464
109084	33317	33318
109085	33328	33330
109086	33339	33345
109087	33334	33340
109088	33335	48020
109089	3941	6293
109090	33342	33343
109091	33346	33350
109092	33354	33359
109093	33356	36038
109094	33369	33372
109095	33376	33397
109096	33381	33382
109097	33385	33387
109098	33398	33399
109099	33412	33414
109100	33419	33427
109101	33428	33642
109102	33335	33338
109103	33428	39409
109104	33434	33437
109105	33438	33441
109106	33455	33460
109107	33467	55636
109108	33471	33474
109109	33479	33481
109110	33489	33495
109111	33497	33498
109112	33502	33504
109113	33505	33506
109114	3941	11163
109115	33510	33511
109116	33514	33515
109117	33518	33519
109118	33526	33527
109119	33528	33529
109120	3941	7674
109121	33532	33533
109122	33543	33544
109123	33553	33561
109124	3941	5931
109125	33563	33572
109126	33578	41782
109127	33582	33585
109128	33586	33590
109129	33594	40484
109130	3941	8632
109131	33610	33618
109132	33617	43691
109133	33623	33624
109134	33628	33630
109135	33643	33664
109136	33648	47652
109137	33649	33657
109138	33677	33680
109139	33701	33706
109140	33714	33719
109141	33720	33721
109142	33725	33731
109143	33670	35623
109144	33728	40762
109145	33743	33750
109146	33751	33756
109147	33757	33761
109148	33763	33767
109149	33775	33798
109150	33776	33790
109151	33779	33788
109152	33789	42579
109153	33794	33797
109154	33799	38553
109155	33800	33801
109156	33802	33803
109157	33818	33826
109158	33820	39028
109159	33829	33830
109160	33836	33838
109161	33840	33844
109162	33849	33859
109163	33856	43990
109164	33858	39805
109165	33860	40306
109166	33861	33868
109167	33871	33894
109168	3942	24204
109169	33895	33897
109170	33905	33907
109171	3944	4493
109172	33922	33925
109173	33924	41187
109174	33928	33940
109175	33930	55029
109176	33941	33942
109177	33948	33949
109178	33950	48215
109179	33951	33952
109180	33959	33961
109181	3945	4590
109182	33966	33967
109183	3948	4264
109184	33970	33971
109185	90243	51132
109186	33972	33979
109187	33980	33981
109188	3948	21423
109189	33983	33986
109190	33988	33995
109191	33997	33999
109192	3954	10366
109193	34000	34002
109194	34003	34008
109195	34013	34017
109196	34020	34024
109197	34050	34063
109198	1521	41407
109199	34026	34029
109200	34030	34032
109201	34031	40713
109202	34036	34039
109203	34040	34042
109204	34043	34044
109205	34048	34052
109206	34051	34100
109207	34054	34055
109208	3950	4257
109209	34057	34062
109210	34064	34066
109211	34068	34069
109212	13	6018
109213	34070	34072
109214	34074	34077
109215	34078	34079
109216	34081	34083
109217	85140	7583
109218	3949	10082
109219	34082	71610
109220	34084	34088
109221	3950	4942
109222	34089	34090
109223	34093	34095
109224	34097	34099
109225	34111	34113
109226	34112	43636
109227	34131	34134
109228	3950	4350
109229	3950	4206
109230	34143	34153
109231	34154	48235
109232	34158	34168
109233	34171	34174
109234	215	14871
109235	34176	34177
109236	34180	34182
109237	34186	34188
109238	34191	34195
109239	34200	34209
109240	34202	34204
109241	34218	34220
109242	34226	34228
109243	34232	34237
109244	34236	40644
109245	34264	34266
109246	34268	34276
109247	1522	1901
109248	34277	34285
109249	34281	39349
109250	34284	36609
109251	34286	34287
109252	34289	43399
109253	34290	34292
109254	34299	34301
109255	34310	34312
109256	34319	34337
109257	34322	34324
109258	34338	48979
109259	34341	34343
109260	34344	34349
109261	34351	34352
109262	34353	34356
109263	34357	34359
109264	34360	34362
109265	3950	8363
109266	34386	34388
109267	34389	34392
109268	34393	34394
109269	34397	34399
109270	34413	34417
109271	34420	34422
109272	34423	34424
109273	34430	34431
109274	34436	34439
109275	34445	41434
109276	34444	34448
109277	34450	34452
109278	34464	34466
109279	3950	28582
109280	34479	34481
109281	90239	283
109282	34504	34511
109283	34523	34526
109284	90238	33031
109285	34530	34544
109286	34545	34550
109287	3950	9629
109288	34562	34565
109289	34566	34569
109290	34567	34573
109291	34572	35447
109292	34575	36240
109293	34575	38775
109294	34590	34591
109295	34598	34599
109296	34600	34603
109297	1522	16928
109298	34623	34625
109299	34633	39030
109300	34636	34637
109301	34641	34642
109302	34643	34644
109303	34647	34649
109304	34650	34651
109305	34652	34654
109306	34653	35417
109307	34656	34673
109308	34657	34658
109309	34661	34663
109310	34665	34668
109311	34682	34683
109312	34687	34691
109313	34694	34698
109314	34696	34701
109315	34709	53772
109316	3950	11333
109317	34720	34723
109318	34725	34737
109319	34740	34742
109320	34751	34752
109321	34759	34777
109322	34767	34771
109323	34787	46664
109324	34790	34791
109325	34794	34796
109326	34799	35349
109327	34805	34807
109328	34844	34849
109329	34850	34851
109330	34853	54308
109331	34854	34862
109332	34871	34873
109333	34876	34885
109334	34877	45122
109335	34886	34887
109336	34890	42120
109337	34891	34892
109338	34902	34903
109339	34911	34920
109340	34915	35499
109341	34921	34922
109342	34923	34924
109343	34926	34931
109344	34944	34945
109345	34946	34951
109346	34950	37481
109347	34978	34988
109348	34989	34991
109349	34996	34997
109350	90244	8451
109351	34998	35001
109352	35003	35006
109353	35007	43776
109354	35009	35011
109355	35013	35015
109356	35017	35019
109357	35029	35039
109358	35041	35050
109359	35052	35058
109360	35063	37365
109361	35097	35102
109362	35109	35119
109363	35116	35118
109364	35122	35127
109365	35131	36451
109366	3950	6107
109367	35139	35140
109368	35141	35143
109369	35145	35147
109370	35175	35177
109371	35178	35180
109372	35187	35188
109373	35193	35196
109374	35194	35211
109375	1522	11896
109376	35205	35206
109377	35210	35212
109378	35213	35215
109379	3950	27014
109380	35217	35218
109381	35220	35222
109382	35224	35226
109383	35236	35240
109384	1523	2203
109385	35238	37839
109386	215	14615
109387	3950	50303
109388	1523	4366
109389	1523	5048
109390	35246	35251
109391	1523	6320
109392	35255	35257
109393	35258	35266
109394	35262	35263
109395	35264	35274
109396	35277	35280
109397	35282	35284
109398	35283	35290
109399	35296	35297
109400	35300	35301
109401	35312	35314
109402	35316	35317
109403	35319	35472
109404	35328	35331
109405	35334	49152
109406	35292	36447
109407	35362	35363
109408	35376	43496
109409	35377	35379
109410	35386	35387
109411	35388	35389
109412	35391	35393
109413	35403	35404
109414	35406	35409
109415	35360	36692
109416	35410	35413
109417	35414	35415
109418	35419	35422
109419	35423	35424
109420	35427	35428
109421	35430	35437
109422	35511	56261
109423	35439	35440
109424	35460	35463
109425	35468	35470
109426	35473	35486
109427	35487	35489
109428	35497	35498
109429	35509	38038
109430	35513	35514
109431	35524	35533
109432	35527	35529
109433	35530	35532
109434	35548	35560
109435	35561	35564
109436	35570	35571
109437	35575	35576
109438	35577	35580
109439	35585	37028
109440	35592	35599
109441	35593	48517
109442	35601	35602
109443	35615	35620
109444	35622	35629
109445	35638	35642
109446	35649	35652
109447	35657	35665
109448	35666	35667
109449	35668	35669
109450	35679	35681
109451	35687	35688
109452	35690	35693
109453	35697	35699
109454	35700	35703
109455	35704	35708
109456	35707	72023
109457	35710	35713
109458	35711	43287
109459	35721	35722
109460	35727	35730
109461	35732	35735
109462	35737	35744
109463	35746	35748
109464	35766	35776
109465	35780	35784
109466	85143	83495
109467	35787	35789
109468	35790	35793
109469	35792	40375
109470	35794	35798
109471	35800	35801
109472	35802	35803
109473	35806	35807
109474	35809	35811
109475	35813	35815
109476	35820	35821
109477	35828	35829
109478	35833	35837
109479	35838	35843
109480	35846	35851
109481	35853	35854
109482	35856	35862
109483	35859	36314
109484	35865	35866
109485	35868	35869
109486	35871	35879
109487	35874	35885
109488	35882	35883
109489	35896	35897
109490	35900	35902
109491	35909	35911
109492	35916	35918
109493	35919	35920
109494	35933	35934
109495	35936	35939
109496	35943	35945
109497	35947	35950
109498	35964	35967
109499	35974	35978
109500	35980	35990
109501	35983	75745
109502	35991	38747
109503	35992	42562
109504	35994	35995
109505	35996	35997
109506	35999	36001
109507	36007	36013
109508	36008	41842
109509	36014	36016
109510	36020	36022
109511	36023	36027
109512	36031	40961
109513	36033	39938
109514	36037	36039
109515	36040	36042
109516	36057	36077
109517	36059	36695
109518	36065	54836
109519	36084	36087
109520	36090	36096
109521	36115	36119
109522	36122	36124
109523	36131	36133
109524	36134	36135
109525	36137	36145
109526	36139	52275
109527	36141	36852
109528	36146	36148
109529	36157	36159
109530	36168	36169
109531	36171	39501
109532	36183	36184
109533	36188	36189
109534	36192	36193
109535	36200	36201
109536	36202	36204
109537	36210	36214
109538	36223	36227
109539	36228	36229
109540	36233	36236
109541	36245	36248
109542	36249	36252
109543	36256	36257
109544	36259	36261
109545	36267	36268
109546	36272	36274
109547	36276	36278
109548	36286	36289
109549	36290	36291
109550	36295	36301
109551	36303	36308
109552	36311	36313
109553	36315	36316
109554	36327	36329
109555	36334	46410
109556	36335	36337
109557	36338	36340
109558	36342	36343
109559	36345	36352
109560	36356	36363
109561	36373	36385
109562	36386	36391
109563	1523	2839
109564	36392	36393
109565	36394	36397
109566	36399	36401
109567	36420	36421
109568	36422	36425
109569	36433	36609
109570	36436	36450
109571	36451	36824
109572	1523	4986
109573	36466	36468
109574	36469	36470
109575	36471	36473
109576	36497	36500
109577	36501	36507
109578	36508	36512
109579	36517	36519
109580	36539	36541
109581	36542	36544
109582	36546	36553
109583	36554	36555
109584	36562	36567
109585	36569	36572
109586	36575	36576
109587	36577	36580
109588	36581	36582
109589	36584	36586
109590	36596	36597
109591	36598	36600
109592	36601	36602
109593	36603	36604
109594	36605	36606
109595	36607	36608
109596	36613	36614
109597	36625	36626
109598	36628	36629
109599	36634	36636
109600	36641	43286
109601	36646	36648
109602	36649	36653
109603	36652	46793
109604	36664	48078
109605	36685	36688
109606	36687	36689
109607	36701	36702
109608	36709	36710
109609	36713	36714
109610	36718	36719
109611	36724	36728
109612	36729	36733
109613	36739	36742
109614	36763	38879
109615	36770	48983
109616	36798	36800
109617	36804	46974
109618	36805	36806
109619	3952	26530
109620	36820	36832
109621	36839	36840
109622	36843	55361
109623	36868	36872
109624	36873	36875
109625	36905	36907
109626	36908	36910
109627	90249	17785
109628	36923	36925
109629	36916	36918
109630	36920	36921
109631	36929	36934
109632	36936	41150
109633	36947	36950
109634	3954	4986
109635	36964	36965
109636	36971	36977
109637	36986	36988
109638	1523	2352
109639	37001	37002
109640	37019	37024
109641	37037	37038
109642	37039	37042
109643	37059	37061
109644	37066	37067
109645	37073	37074
109646	37081	37082
109647	37086	37094
109648	37105	37106
109649	37116	37117
109650	37122	37129
109651	37197	39993
109652	37130	37137
109653	37138	37140
109654	37144	37149
109655	37153	37158
109656	37159	37161
109657	37162	37164
109658	37177	37185
109659	37194	37195
109660	37203	48312
109661	37205	46865
109662	37209	37211
109663	37216	37225
109664	1523	4993
109665	37226	37227
109666	37230	47455
109667	37248	37249
109668	37250	37254
109669	37255	37256
109670	37279	37280
109671	37281	37296
109672	37298	37301
109673	37314	37315
109674	37318	37326
109675	37351	37535
109676	37365	44039
109677	37368	37372
109678	37373	37374
109679	37381	37385
109680	37384	45056
109681	37391	37392
109682	37393	37399
109683	37407	37408
109684	37409	37419
109685	37420	37422
109686	37428	46935
109687	37263	45339
109688	37449	37454
109689	37469	48294
109690	37474	40019
109691	37490	37494
109692	37514	37516
109693	37520	37521
109694	37522	50708
109695	37536	37539
109696	37553	37555
109697	37560	37565
109698	37568	37581
109699	37585	37586
109700	37592	37603
109701	37607	37609
109702	37614	37616
109703	37621	37623
109704	37625	37628
109705	37627	47005
109706	37633	37634
109707	37637	37639
109708	37644	37645
109709	37681	72521
109710	37683	45298
109711	37686	37688
109712	37696	37699
109713	37703	37706
109714	37713	37715
109715	37717	37720
109716	37726	37728
109717	37733	37740
109718	37746	37747
109719	37765	37769
109720	37773	37780
109721	37793	38434
109722	37797	37798
109723	37808	37811
109724	37825	37831
109725	37843	37846
109726	37847	37850
109727	37852	38430
109728	37858	37866
109729	37872	37873
109730	37879	37881
109731	37882	37883
109732	37884	37890
109733	37893	37897
109734	37898	37901
109735	37905	37907
109736	37909	37910
109737	37917	37918
109738	37919	37920
109739	37925	37926
109740	37937	38170
109741	37946	37956
109742	37959	37961
109743	37962	37964
109744	38005	38007
109745	38118	44039
109746	38042	38043
109747	38068	38071
109748	38073	38074
109749	38077	38082
109750	38086	38087
109751	38099	38101
109752	38103	38104
109753	38109	38111
109754	38112	38113
109755	38122	38123
109756	38150	38152
109757	38154	38156
109758	38160	39298
109759	38171	38173
109760	38180	38183
109761	85149	16302
109762	38186	38190
109763	38201	38202
109764	38207	38208
109765	38210	38213
109766	38220	38223
109767	38224	38228
109768	38234	38237
109769	38239	38241
109770	38246	38247
109771	38249	38251
109772	38256	38260
109773	38261	38264
109774	38265	38267
109775	38275	38277
109776	38301	38302
109777	38314	38315
109778	38330	47045
109779	38333	38334
109780	38339	38341
109781	38345	38348
109782	38351	38352
109783	38360	38361
109784	38367	38371
109785	38379	38380
109786	38381	38383
109787	38388	38394
109788	38420	38422
109789	38425	38427
109790	38436	38437
109791	38448	38449
109792	38458	38472
109793	38479	38480
109794	38501	38502
109795	38505	38509
109796	38525	38526
109797	38528	38529
109798	38542	38545
109799	38412	38415
109800	38564	38577
109801	38584	38585
109802	38589	38591
109803	38594	38596
109804	38606	38607
109805	38608	38609
109806	38614	38616
109807	38625	38626
109808	38629	38631
109809	1523	5184
109810	38649	44263
109811	38652	38653
109812	38665	38676
109813	38679	38680
109814	38683	38684
109815	38690	38691
109816	38694	38695
109817	38708	38709
109818	38726	38728
109819	38751	38752
109820	38754	38756
109821	38758	38762
109822	38765	38767
109823	38768	38779
109824	38802	38805
109825	38808	55270
109826	38809	38810
109827	38818	38820
109828	38824	40919
109829	38829	38830
109830	38831	38832
109831	38835	38837
109832	38841	38843
109833	38862	38863
109834	38865	38869
109835	38874	38875
109836	38884	38886
109837	38894	38897
109838	38901	38902
109839	38905	38914
109840	38916	43170
109841	38921	38922
109842	38927	38928
109843	38929	38931
109844	38934	38936
109845	38945	38946
109846	38947	38950
109847	38951	38952
109848	38958	38959
109849	38960	38961
109850	38965	38971
109851	38978	38979
109852	38988	38989
109853	39005	39009
109854	39012	39013
109855	39014	39017
109856	39018	39021
109857	39023	39024
109858	39031	39032
109859	39041	39042
109860	39043	40482
109861	39045	39050
109862	39057	39060
109863	39061	39064
109864	39071	39072
109865	39078	39081
109866	39088	39091
109867	39102	39105
109868	39106	39108
109869	39111	39113
109870	39119	39122
109871	39125	39127
109872	39132	39134
109873	39151	39153
109874	39174	39175
109875	39182	39185
109876	39190	39196
109877	39197	39198
109878	39199	39200
109879	39201	39202
109880	39206	39214
109881	39211	42002
109882	39215	39216
109883	39225	39228
109884	39230	39232
109885	39233	39234
109886	39241	39242
109887	39250	39252
109888	39253	39255
109889	39256	39260
109890	39268	39269
109891	39272	39274
109892	39275	39276
109893	39283	39285
109894	3954	17579
109895	39287	39288
109896	39291	39293
109897	39307	39308
109898	39309	39314
109899	39319	39322
109900	39326	39329
109901	39362	39363
109902	39367	39370
109903	39371	39374
109904	39378	39381
109905	39393	39399
109906	39400	39405
109907	39408	40634
109908	39410	39411
109909	39417	39418
109910	39424	39425
109911	39426	39428
109912	39430	39432
109913	3954	11128
109914	39437	39438
109915	39443	39444
109916	90261	3152
109917	39445	39450
109918	39465	39468
109919	39471	39475
109920	39481	39485
109921	39486	39490
109922	39491	39496
109923	39498	39499
109924	39512	39516
109925	39518	39520
109926	39528	39529
109927	39533	39534
109928	39536	39538
109929	39545	39546
109930	39547	39551
109931	39552	39554
109932	39555	39559
109933	39563	39570
109934	39576	39578
109935	39579	39580
109936	39581	39583
109937	39591	43609
109938	39596	39597
109939	39599	39600
109940	39601	39602
109941	39610	39615
109942	39618	39619
109943	39622	39626
109944	3954	10733
109945	39634	39642
109946	39643	39646
109947	39665	39666
109948	39668	39671
109949	39672	39673
109950	39675	39679
109951	39681	39682
109952	39695	39698
109953	39700	39701
109954	39702	39706
109955	39705	39707
109956	39703	50300
109957	39710	39711
109958	39713	39715
109959	39727	39729
109960	39734	39735
109961	39745	39746
109962	39749	39753
109963	39754	39761
109964	39762	39764
109965	39765	39768
109966	39771	39772
109967	39773	39775
109968	39776	39779
109969	39780	39781
109970	39784	39787
109971	39794	39798
109972	39803	39804
109973	39817	39820
109974	39819	40496
109975	39826	39827
109976	39834	39835
109977	39850	39852
109978	39853	39855
109979	39859	39860
109980	39862	39864
109981	39866	39867
109982	39870	39874
109983	39885	39887
109984	3954	13555
109985	39897	39903
109986	39906	39907
109987	39911	39912
109988	39913	39914
109989	39917	39918
109990	39921	39923
109991	39925	39928
109992	39929	39930
109993	39932	39933
109994	39943	39947
109995	39956	39958
109996	39969	39970
109997	39971	39974
109998	39979	43029
109999	39981	39982
110000	39987	39988
110001	40000	40003
110002	40008	40009
110003	40011	40012
110004	40025	40032
110005	40037	40044
110006	40052	40061
110007	40062	40066
110008	40068	40072
110009	1523	11030
110010	40075	40077
110011	40078	40079
110012	40080	71791
110013	40097	40099
110014	40101	40103
110015	40104	40106
110016	40125	40126
110017	40128	40129
110018	40130	40131
110019	40136	40137
110020	40140	40141
110021	40142	40144
110022	40146	40148
110023	40155	40156
110024	40158	40160
110025	40162	40164
110026	40171	40412
110027	40174	40175
110028	1523	2684
110029	40188	40189
110030	40215	40217
110031	40221	40222
110032	40234	40239
110033	3954	12779
110034	40266	40270
110035	40272	40276
110036	40277	40285
110037	40291	40295
110038	40300	40307
110039	40310	40313
110040	40320	40321
110041	40325	41690
110042	40343	40345
110043	40353	40355
110044	40363	40365
110045	40372	40376
110046	40382	40384
110047	40387	40388
110048	40415	40417
110049	40434	40435
110050	40436	40437
110051	40440	40442
110052	40447	40448
110053	40451	40452
110054	40454	40458
110055	40464	40465
110056	40470	42149
110057	40475	40477
110058	40487	40490
110059	40499	40506
110060	40511	40513
110061	40517	40520
110062	40523	40524
110063	40531	40532
110064	40557	40560
110065	40562	40565
110066	40576	40577
110067	40581	40585
110068	40596	40598
110069	40610	40614
110070	40615	40617
110071	40644	46385
110072	40653	40656
110073	40665	40670
110074	40673	40677
110075	40686	40689
110076	40700	40709
110077	40710	40714
110078	40723	41277
110079	40729	40731
110080	40743	40748
110081	40750	40752
110082	40755	44413
110083	40758	40761
110084	40765	40767
110085	40766	40785
110086	40768	40776
110087	40778	40784
110088	40781	41167
110089	40790	40792
110090	40793	40801
110091	40806	40807
110092	40808	40810
110093	40818	40819
110094	40821	40822
110095	40839	40840
110096	40844	40845
110097	40861	40865
110098	40872	40875
110099	40877	40878
110100	40880	40881
110101	40897	40899
110102	40903	40906
110103	40908	40909
110104	40917	40920
110105	40924	40926
110106	40938	40942
110107	40949	40955
110108	40959	40960
110109	40967	40968
110110	40997	40998
110111	41002	41004
110112	41007	41008
110113	41028	41042
110114	41045	41050
110115	41070	41075
110116	41080	41085
110117	41089	41092
110118	41094	41096
110119	41098	41100
110120	41107	52962
110121	41115	41118
110122	41121	41127
110123	41133	41151
110124	41144	57265
110125	41153	41155
110126	41157	41159
110127	41162	41168
110128	41175	41184
110129	41189	41195
110130	41197	41204
110131	41209	41216
110132	41219	51713
110133	41221	41231
110134	41241	41243
110135	41244	41247
110136	41250	41251
110137	41253	41254
110138	41257	41260
110139	41264	41269
110140	41271	41562
110141	41271	50944
110142	41279	41281
110143	41294	41296
110144	41289	41290
110145	41291	41292
110146	3954	13801
110147	41326	41328
110148	41331	41333
110149	41344	41353
110150	41357	41358
110151	41359	41361
110152	41365	41367
110153	41372	41376
110154	41377	41378
110155	41379	41380
110156	41383	41387
110157	41398	41400
110158	41401	41402
110159	41405	41406
110160	41409	41412
110161	41413	41416
110162	41417	41418
110163	41420	41425
110164	41426	41427
110165	41428	41429
110166	41431	41436
110167	41441	41444
110168	41445	41446
110169	41448	41449
110170	41451	41455
110171	41456	41457
110172	41466	41467
110173	41468	41474
110174	41492	41493
110175	41499	41500
110176	41501	41506
110177	41508	41512
110178	41520	41522
110179	41527	41528
110180	41536	41539
110181	41543	41544
110182	41545	41547
110183	41548	41553
110184	41555	41558
110185	41562	45412
110186	41571	42308
110187	41566	41573
110188	41574	41577
110189	41578	41580
110190	41582	41586
110191	41588	41590
110192	41594	41596
110193	41601	41602
110194	41611	41614
110195	41615	41617
110196	41621	41622
110197	41624	41625
110198	41626	41633
110199	41640	41644
110200	41652	41653
110201	41659	41660
110202	41678	41679
110203	41686	41687
110204	41692	41698
110205	41699	41703
110206	41704	41713
110207	41708	41711
110208	41719	41722
110209	41723	41725
110210	41728	41729
110211	41735	41737
110212	41744	41745
110213	41746	41747
110214	1523	13308
110215	41748	41750
110216	41752	41757
110217	41762	44854
110218	41787	41789
110219	41790	41795
110220	41798	41801
110221	41809	41810
110222	41814	41816
110223	41820	41821
110224	41825	41829
110225	1523	34283
110226	41830	41838
110227	41839	41841
110228	41845	41846
110229	41848	41855
110230	41856	41857
110231	41860	41862
110232	41863	41864
110233	41868	41870
110234	41872	41874
110235	41875	41877
110236	41878	41883
110237	41885	41888
110238	41901	41902
110239	3955	3957
110240	41903	41908
110241	41910	41912
110242	41913	41914
110243	41917	41919
110244	3956	4634
110245	41920	41921
110246	41924	41927
110247	41928	41929
110248	41931	41932
110249	41933	41934
110250	41935	41936
110251	41937	41939
110252	41940	41942
110253	41943	41944
110254	41950	41952
110255	3956	18373
110256	41953	41955
110257	3956	50302
110258	41956	41957
110259	41958	41960
110260	41961	41964
110261	41967	41970
110262	41972	41975
110263	41980	41982
110264	41983	41986
110265	41989	41991
110266	41992	41993
110267	42001	42003
110268	42005	42007
110269	3958	3965
110270	42019	42021
110271	42023	42025
110272	42027	42029
110273	42030	42034
110274	42036	42038
110275	42039	42044
110276	42045	42047
110277	42048	42055
110278	42059	42060
110279	42061	42062
110280	42063	42064
110281	42075	42079
110282	42085	42086
110283	42088	42092
110284	42106	42108
110285	42109	42110
110286	42111	42112
110287	42114	42118
110288	42119	42125
110289	42128	42129
110290	42139	42140
110291	42145	42146
110292	42148	42152
110293	42154	42155
110294	42157	42158
110295	42160	42162
110296	42163	42164
110297	42173	42175
110298	42178	42181
110299	42182	42183
110300	42197	42198
110301	42205	42208
110302	42209	42212
110303	42215	42217
110304	42219	42220
110305	42221	42222
110306	42225	42226
110307	42236	42241
110308	42240	56380
110309	42243	42244
110310	42246	42247
110311	42251	42253
110312	42258	42259
110313	42269	42270
110314	42274	42277
110315	42280	42281
110316	42285	42286
110317	42288	42290
110318	42294	42296
110319	42298	42299
110320	42305	42312
110321	42320	42321
110322	42329	42336
110323	42338	42340
110324	42341	42347
110325	42350	42351
110326	42352	42353
110327	42355	42362
110328	42364	42365
110329	42366	42367
110330	42374	42375
110331	42377	42378
110332	42382	42385
110333	42388	42392
110334	42401	42402
110335	42405	42410
110336	42413	42415
110337	42420	42425
110338	42427	42428
110339	42432	42433
110340	42435	42437
110341	42438	42444
110342	42445	42456
110343	42458	42459
110344	42462	42463
110345	42464	42466
110346	42468	42470
110347	42486	42492
110348	42494	42499
110349	42501	42513
110350	42514	42518
110351	42520	42522
110352	42524	42526
110353	42528	42529
110354	42531	42536
110355	42544	42545
110356	42549	42556
110357	42580	42582
110358	42583	42585
110359	42593	42596
110360	90280	71092
110361	42608	42613
110362	42620	42625
110363	42632	42634
110364	42645	42650
110365	42665	48595
110366	42670	42672
110367	42673	42675
110368	42676	42680
110369	42681	42687
110370	1526	11029
110371	42695	42696
110372	42700	42705
110373	42710	42711
110374	42719	42721
110375	42732	42733
110376	42736	42738
110377	42742	42743
110378	42749	42750
110379	42753	42755
110380	42756	42757
110381	42765	42766
110382	42767	42768
110383	42772	42774
110384	42776	42777
110385	42782	42785
110386	42786	42787
110387	42790	42791
110388	42795	42796
110389	42797	42798
110390	42800	42801
110391	42802	42805
110392	42811	42813
110393	42817	42818
110394	42825	42826
110395	42827	42829
110396	42831	42833
110397	42838	42840
110398	42855	42860
110399	42863	42865
110400	42873	42874
110401	42877	42879
110402	42881	42882
110403	42883	42886
110404	42889	42895
110405	42901	42903
110406	42905	42907
110407	42910	42912
110408	42914	42915
110409	42924	42925
110410	42937	42938
110411	42939	42942
110412	42947	42948
110413	42958	42964
110414	42959	42963
110415	42965	42966
110416	42967	42968
110417	42969	42983
110418	42997	42999
110419	43001	43009
110420	43010	43011
110421	103	6179
110422	43018	43019
110423	43021	43022
110424	43026	43028
110425	43039	43040
110426	43041	43042
110427	43043	43046
110428	43056	43057
110429	43058	43059
110430	43062	43064
110431	43065	43066
110432	43068	43072
110433	43070	44232
110434	43074	43078
110435	43086	43087
110436	43098	43099
110437	1527	2351
110438	43101	43102
110439	43103	43104
110440	43105	43109
110441	43115	43116
110442	43124	43125
110443	13	9525
110444	43127	43128
110445	43129	43130
110446	43131	43133
110447	43134	43135
110448	43137	43138
110449	43146	43147
110450	43154	43155
110451	43157	43166
110452	43162	43163
110453	43164	43165
110454	43169	43173
110455	43178	43186
110456	43199	43201
110457	43202	43203
110458	43209	55440
110459	43211	46860
110460	43215	43216
110461	43217	43218
110462	43219	43220
110463	43227	43228
110464	43230	43233
110465	43234	43235
110466	43253	43256
110467	43257	43261
110468	43263	43264
110469	43269	43271
110470	43277	43281
110471	43288	43295
110472	43307	43308
110473	43315	43324
110474	43317	43319
110475	43338	43339
110476	43341	43345
110477	43347	43348
110478	43357	43358
110479	43364	43365
110480	43373	43374
110481	43392	43396
110482	43406	43408
110483	43400	43401
110484	43411	43413
110485	43415	43417
110486	43423	43425
110487	43427	43430
110488	43429	43440
110489	43431	43437
110490	43454	43456
110491	43457	43458
110492	43466	43467
110493	43491	43493
110494	43494	43495
110495	43503	43522
110496	43504	43505
110497	43507	43510
110498	43508	54928
110499	43511	43512
110500	43514	43517
110501	43518	43520
110502	43535	43537
110503	43542	43549
110504	43550	43551
110505	43560	43563
110506	43564	43566
110507	43569	43571
110508	43573	43574
110509	43577	43579
110510	43580	43582
110511	43588	43591
110512	43593	43595
110513	43603	43604
110514	43605	43613
110515	43622	43626
110516	43627	43631
110517	43633	45146
110518	43639	43642
110519	43643	43650
110520	43657	43664
110521	43671	43673
110522	43674	43678
110523	43683	43685
110524	43687	43688
110525	43689	43690
110526	43770	51584
110527	3961	30564
110528	43694	43698
110529	43699	43708
110530	43709	43715
110531	43727	43730
110532	43731	43732
110533	43740	43743
110534	43745	43749
110535	43755	43756
110536	43759	43760
110537	43773	43778
110538	43781	43782
110539	43792	43796
110540	43808	43810
110541	43809	52312
110542	43814	43815
110543	43816	43817
110544	43818	43819
110545	43837	43838
110546	43840	43849
110547	43852	43854
110548	43863	43879
110549	43882	51677
110550	43893	43896
110551	43907	43910
110552	43920	43921
110553	43931	43938
110554	43932	43935
110555	43937	43944
110556	43946	43949
110557	43955	43956
110558	43963	43966
110559	43974	43976
110560	43987	43992
110561	43999	46209
110562	44002	44005
110563	44007	44014
110564	44022	44023
110565	44031	44032
110566	44033	44034
110567	44040	44041
110568	44055	44057
110569	44098	44099
110570	44101	44106
110571	44107	44111
110572	44117	44119
110573	44126	44129
110574	44136	44138
110575	44141	44142
110576	44143	44144
110577	44147	44151
110578	44153	44154
110579	44159	44162
110580	44192	44193
110581	44203	44204
110582	44207	44208
110583	44209	44210
110584	44211	44212
110585	44213	44217
110586	44228	44229
110587	44233	44234
110588	44237	44238
110589	44252	44254
110590	44256	44257
110591	44260	44262
110592	44265	44282
110593	44283	44285
110594	44287	44289
110595	44294	44300
110596	44303	44305
110597	44324	44325
110598	44328	44329
110599	44331	44333
110600	44338	44340
110601	44342	44343
110602	44345	44346
110603	44351	44352
110604	44356	44357
110605	44359	44361
110606	44362	44366
110607	3963	4505
110608	44371	44372
110609	44375	44376
110610	44379	44384
110611	44390	44391
110612	44400	44401
110613	44405	44407
110614	44416	44417
110615	44434	44436
110616	44437	44439
110617	44459	44460
110618	44461	44474
110619	45357	63736
110620	44487	44488
110621	44489	44490
110622	44491	44815
110623	44505	44506
110624	44514	44518
110625	44519	44520
110626	44525	44527
110627	44528	44531
110628	44532	44539
110629	44542	44552
110630	44557	44560
110631	44564	44567
110632	44570	44572
110633	44573	44574
110634	1527	15598
110635	44577	44581
110636	44583	44587
110637	44612	44614
110638	44616	44617
110639	44619	44620
110640	44622	44624
110641	44635	48987
110642	44636	44637
110643	44638	44643
110644	44652	44653
110645	44648	48936
110646	44654	44655
110647	44658	44659
110648	44660	44661
110649	44662	44663
110650	44668	44669
110651	44679	44681
110652	44685	44689
110653	44692	44693
110654	44696	44697
110655	44698	44702
110656	44703	44704
110657	44710	44713
110658	44718	44720
110659	44721	44724
110660	44725	44728
110661	44729	44734
110662	44736	44739
110663	44744	44746
110664	44752	44756
110665	44759	44760
110666	3963	8322
110667	44761	44762
110668	44764	44765
110669	44766	44767
110670	44769	44774
110671	44777	44782
110672	44788	44789
110673	44793	44794
110674	44795	44796
110675	44799	44800
110676	44802	44804
110677	44808	44812
110678	44835	44841
110679	44844	44846
110680	1527	2011
110681	3963	27649
110682	44847	44848
110683	44849	44850
110684	44859	44861
110685	44862	44863
110686	44867	44870
110687	44874	44875
110688	44876	44877
110689	44878	44879
110690	44880	44882
110691	44883	44884
110692	44902	44903
110693	44917	44920
110694	44919	45623
110695	44923	44924
110696	44929	44930
110697	44931	44932
110698	44934	44935
110699	44937	44939
110700	44946	44948
110701	44949	44950
110702	44954	44955
110703	44959	44960
110704	44963	44965
110705	44966	44967
110706	44968	44970
110707	44972	44973
110708	44974	44975
110709	44989	44990
110710	44991	44992
110711	44994	44999
110712	45000	45002
110713	45004	45005
110714	45011	45014
110715	45028	45029
110716	45035	45037
110717	45043	45047
110718	45045	45046
110719	45051	45052
110720	45053	45055
110721	45069	45072
110722	45074	45077
110723	45089	45091
110724	45103	45104
110725	45107	45108
110726	45112	45115
110727	45118	45119
110728	45137	45138
110729	45142	45143
110730	45147	45149
110731	45150	45152
110732	45162	45165
110733	45167	45168
110734	45169	45170
110735	45171	45173
110736	45175	45176
110737	45180	45182
110738	45183	45184
110739	45190	45196
110740	45197	45201
110741	45210	45226
110742	45217	46559
110743	45231	45232
110744	45235	45236
110745	45239	45240
110746	45241	45242
110747	45243	45244
110748	45245	45246
110749	45247	45248
110750	45249	45250
110751	45251	45252
110752	45253	45254
110753	45256	45258
110754	45259	45262
110755	45265	45267
110756	45268	45269
110757	90283	73477
110758	45270	45271
110759	45272	45274
110760	45275	45277
110761	45278	45279
110762	45280	45281
110763	45282	45283
110764	45284	45285
110765	45290	45291
110766	45293	45295
110767	45296	45297
110768	45299	45300
110769	45301	45302
110770	1527	9446
110771	45303	45304
110772	45305	45306
110773	45308	45309
110774	45310	45311
110775	45314	45315
110776	45316	45317
110777	45319	45320
110778	45324	45325
110779	45327	45330
110780	45333	45335
110781	45345	45346
110782	45351	45354
110783	45355	45356
110784	45366	45367
110785	45368	45371
110786	45373	45377
110787	45380	45382
110788	45394	45395
110789	45396	45398
110790	45399	45401
110791	45402	45403
110792	45404	45405
110793	45406	45408
110794	45409	45413
110795	45417	45418
110796	45437	45438
110797	45442	45447
110798	45449	45455
110799	45450	45451
110800	45463	45464
110801	45478	45479
110802	45482	45483
110803	3963	37197
110804	45488	45489
110805	45494	45495
110806	45496	45497
110807	45501	45505
110808	45506	45508
110809	45509	45511
110810	45512	45513
110811	45514	45515
110812	45516	45517
110813	45518	45520
110814	45522	45527
110815	45531	45539
110816	45540	45543
110817	45554	45555
110818	45564	45565
110819	45569	45571
110820	45580	45581
110821	45583	45585
110822	45587	45591
110823	45597	45598
110824	45599	45601
110825	45603	45605
110826	45608	45609
110827	45610	45611
110828	45612	45614
110829	45624	68716
110830	45625	45626
110831	45630	45631
110832	45634	45638
110833	45648	45649
110834	45650	45651
110835	45658	45659
110836	45661	45662
110837	45674	45676
110838	45691	45704
110839	45695	45703
110840	45698	45701
110841	45706	45711
110842	45712	45714
110843	45716	45717
110844	45719	45720
110845	45735	45737
110846	45738	45739
110847	45751	45753
110848	45761	45763
110849	45769	45773
110850	45778	45781
110851	45785	45786
110852	45789	45792
110853	45794	45795
110854	45797	45798
110855	45799	45801
110856	45805	45806
110857	45807	45808
110858	45809	45810
110859	45811	45813
110860	3967	33450
110861	45817	45819
110862	45820	45821
110863	45822	45823
110864	45825	45827
110865	45828	45831
110866	45839	45841
110867	45844	45845
110868	45851	45855
110869	45860	45862
110870	45863	45865
110871	3968	4142
110872	45866	45867
110873	45870	45872
110874	45874	45875
110875	45876	45877
110876	45878	45879
110877	45880	45881
110878	45882	45883
110879	45906	45908
110880	45909	45913
110881	45914	45918
110882	45919	45920
110883	45925	45926
110884	45929	45931
110885	45941	45942
110886	45947	45948
110887	45950	45951
110888	45960	45961
110889	45968	45969
110890	45978	45983
110891	45982	45985
110892	45986	45987
110893	45988	45990
110894	45992	45995
110895	46000	74171
110896	46002	46003
110897	46011	74175
110898	46018	46019
110899	46028	46029
110900	46032	46033
110901	46035	46038
110902	46044	46046
110903	46047	46049
110904	46050	46051
110905	46054	46055
110906	46056	46057
110907	46059	46065
110908	46066	46067
110909	46068	46069
110910	46072	46075
110911	46076	46080
110912	46084	46087
110913	46097	46102
110914	46105	46108
110915	46109	46110
110916	46111	46112
110917	46116	46117
110918	46119	46121
110919	46123	46124
110920	46125	46128
110921	46130	46131
110922	46132	46133
110923	46137	74189
110924	46146	46148
110925	46152	46153
110926	46164	46165
110927	46169	46170
110928	46172	49400
110929	46180	46181
110930	46187	46189
110931	46197	46198
110932	46199	46203
110933	46219	46221
110934	46223	46224
110935	46234	46235
110936	46254	46255
110937	46256	46257
110938	46258	46259
110939	46260	46261
110940	46262	46263
110941	46272	46274
110942	46279	46280
110943	46281	46282
110944	46286	46287
110945	46289	46294
110946	46313	46314
110947	46317	46320
110948	46321	46323
110949	46324	46326
110950	46328	46329
110951	46338	46340
110952	46342	46343
110953	46347	46348
110954	46352	46353
110955	46354	46356
110956	46359	46361
110957	46362	46363
110958	46366	46367
110959	46379	46380
110960	46387	46390
110961	46404	46407
110962	46408	46409
110963	46418	46422
110964	46431	46432
110965	46438	46440
110966	46441	46442
110967	46449	46450
110968	46451	46453
110969	46454	46457
110970	46471	46476
110971	46479	46481
110972	46482	46484
110973	46487	46488
110974	46491	46492
110975	46496	46497
110976	46498	46499
110977	46500	46501
110978	46502	46503
110979	46504	46506
110980	46508	46510
110981	46512	46513
110982	46514	46515
110983	46524	46525
110984	46528	46532
110985	46534	46535
110986	46537	46538
110987	46544	46545
110988	46548	46550
110989	46555	46556
110990	46558	46560
110991	46562	46563
110992	46565	46567
110993	46569	46570
110994	46571	46574
110995	46577	46581
110996	46585	46586
110997	46590	46591
110998	46600	46602
110999	46603	46605
111000	46606	46607
111001	46614	46616
111002	46621	46623
111003	46626	46628
111004	46636	46637
111005	46642	46644
111006	46645	46646
111007	46647	46649
111008	46652	46654
111009	46655	46656
111010	46667	46668
111011	46671	46672
111012	46674	46679
111013	46681	46683
111014	46687	46688
111015	46709	46710
111016	46720	46721
111017	46724	46725
111018	46730	46731
111019	46737	46738
111020	46748	46752
111021	46757	46763
111022	46774	46778
111023	46780	46781
111024	46797	46798
111025	46801	46802
111026	46803	46804
111027	46805	46806
111028	46808	46809
111029	46831	46833
111030	46834	46835
111031	46840	46841
111032	46843	46846
111033	46850	46854
111034	46855	46856
111035	46879	46880
111036	46888	46889
111037	46892	46896
111038	46907	46908
111039	46911	46913
111040	46914	46915
111041	46916	46917
111042	46918	46919
111043	46920	46922
111044	46924	46925
111045	46926	46927
111046	46928	46929
111047	46938	46939
111048	46940	46941
111049	46945	46947
111050	46952	46953
111051	46954	46962
111052	46987	46989
111053	47007	47008
111054	47010	47012
111055	47016	47017
111056	47018	47020
111057	47022	47024
111058	47031	47032
111059	47035	47039
111060	47042	47048
111061	47057	47058
111062	47060	47067
111063	47063	47071
111064	47074	47075
111065	47080	47081
111066	47082	47083
111067	47091	47094
111068	47098	47100
111069	1527	4127
111070	47101	47103
111071	47104	47106
111072	47108	47109
111073	47113	47114
111074	47118	47119
111075	47136	47137
111076	47122	47124
111077	47126	47131
111078	47146	47151
111079	47169	47172
111080	47181	47185
111081	3970	23658
111082	47187	47188
111083	47190	47195
111084	47211	47214
111085	47231	47233
111086	47234	47235
111087	47284	47291
111088	47237	47238
111089	47239	47242
111090	47243	47244
111091	47253	47255
111092	47264	47266
111093	47270	47271
111094	47275	47277
111095	47278	47279
111096	47285	47294
111097	47286	47287
111098	47288	47289
111099	3970	13882
111100	47290	47293
111101	1527	10434
111102	47297	47299
111103	47295	47298
111104	47301	47302
111105	47306	47307
111106	47311	47312
111107	47334	47335
111108	47336	47340
111109	47338	47339
111110	47341	47343
111111	47345	47346
111112	47349	47350
111113	47352	47353
111114	47354	47359
111115	47361	47362
111116	47364	47367
111117	47377	47378
111118	47382	47388
111119	47392	47393
111120	47402	47403
111121	47405	47409
111122	47414	47415
111123	47418	47420
111124	47421	47426
111125	47428	47430
111126	47431	47433
111127	47449	47451
111128	47457	47460
111129	47465	47468
111130	47469	47470
111131	47489	47492
111132	47497	47501
111133	47505	47506
111134	47511	47516
111135	47520	47521
111136	47526	47527
111137	47530	47531
111138	47537	47540
111139	47557	47558
111140	47568	47569
111141	47570	47574
111142	47575	47576
111143	47578	47579
111144	47581	47582
111145	47585	47586
111146	47587	47588
111147	47593	47594
111148	47595	47596
111149	47597	47598
111150	47599	47601
111151	47603	47608
111152	47610	47612
111153	47614	47616
111154	47617	47618
111155	47619	47621
111156	47623	47626
111157	47627	47631
111158	47632	47633
111159	47634	47635
111160	47645	47646
111161	47650	47653
111162	47656	47657
111163	47674	47677
111164	47702	47703
111165	47710	47712
111166	47717	47718
111167	47720	47721
111168	47726	47727
111169	47728	47729
111170	47731	47733
111171	47746	47747
111172	47752	47753
111173	47755	47756
111174	47758	47763
111175	47775	47778
111176	47786	47789
111177	47790	47792
111178	47801	47803
111179	47808	47809
111180	47810	47813
111181	47816	47819
111182	47823	47824
111183	47826	47829
111184	47836	47837
111185	47838	47839
111186	47844	47846
111187	47848	47851
111188	47860	47861
111189	47865	47866
111190	47867	47868
111191	47869	47870
111192	47874	47876
111193	47880	47882
111194	47890	47892
111195	47894	47896
111196	47897	47901
111197	47909	47910
111198	47917	47920
111199	47921	47922
111200	47927	47931
111201	47933	47935
111202	47937	47938
111203	47963	47964
111204	47967	47970
111205	47971	47973
111206	47975	47977
111207	47979	47980
111208	47981	47982
111209	47987	47990
111210	47992	47995
111211	47999	48004
111212	48005	48008
111213	48013	48014
111214	48016	48018
111215	48029	48030
111216	48054	48056
111217	48057	48059
111218	48064	48065
111219	48066	48067
111220	3972	3991
111221	90286	6150
111222	48071	48074
111223	48079	48087
111224	48088	48090
111225	48091	48095
111226	48097	48099
111227	215	13814
111228	48103	48104
111229	48105	48106
111230	48107	48108
111231	48109	48110
111232	48112	48113
111233	48114	48116
111234	48119	48120
111235	48121	48123
111236	48124	48128
111237	48130	48133
111238	48134	48136
111239	48139	48142
111240	48143	48144
111241	48145	48146
111242	48147	48149
111243	48150	48153
111244	48154	48156
111245	48157	48158
111246	48159	48160
111247	48163	48164
111248	48169	48171
111249	48186	48187
111250	48188	48189
111251	48191	48193
111252	48205	48206
111253	48207	48209
111254	48214	48217
111255	48222	48223
111256	48225	48230
111257	48231	48233
111258	48236	48237
111259	48239	48241
111260	48247	48248
111261	48249	48250
111262	48259	48261
111263	48262	48263
111264	48268	48270
111265	48276	48280
111266	48290	48291
111267	48295	48298
111268	48316	48317
111269	48318	48319
111270	48325	48326
111271	48329	48330
111272	48332	48333
111273	48342	48343
111274	48345	48346
111275	48347	48350
111276	48355	48357
111277	48358	48360
111278	48368	48369
111279	48374	48376
111280	48379	48380
111281	48382	48383
111282	48387	48388
111283	48391	48392
111284	48398	48399
111285	48412	48416
111286	48417	48421
111287	48435	48436
111288	48438	48440
111289	48442	48443
111290	48445	48448
111291	48450	48451
111292	48458	48459
111293	48463	48465
111294	48466	48471
111295	48473	48474
111296	48482	48824
111297	48487	48488
111298	48492	48495
111299	48496	48499
111300	48500	48501
111301	48506	48507
111302	48510	48512
111303	48513	48514
111304	48516	48519
111305	48527	48528
111306	48529	48532
111307	48542	48543
111308	48547	48548
111309	48549	48550
111310	48553	48554
111311	48562	48564
111312	48566	48571
111313	48576	48577
111314	48582	48587
111315	48583	48585
111316	48584	48586
111317	48589	48590
111318	48591	48592
111319	48594	48599
111320	3975	14555
111321	3976	8518
111322	48601	48602
111323	48603	48609
111324	48606	48608
111325	48607	48611
111326	48610	48612
111327	48613	48621
111328	48622	48623
111329	48626	48629
111330	48630	48633
111331	48634	48635
111332	48638	48639
111333	48646	48648
111334	48649	48650
111335	48656	48657
111336	48658	48661
111337	48667	48668
111338	48671	48672
111339	48678	48681
111340	48682	48683
111341	48685	48688
111342	48702	48706
111343	48708	48710
111344	48713	48715
111345	48721	48722
111346	48727	48729
111347	48730	48731
111348	48735	48736
111349	48744	48745
111350	48746	48749
111351	48755	48756
111352	48761	48762
111353	48768	48769
111354	48776	48777
111355	595	2738
111356	48778	48785
111357	48786	48787
111358	48789	48791
111359	48793	48795
111360	48797	48801
111361	48804	48808
111362	48818	48819
111363	48825	48826
111364	48828	48829
111365	48838	48840
111366	48841	48842
111367	48843	48844
111368	48846	48847
111369	48850	48851
111370	48853	48854
111371	48863	48864
111372	48865	48866
111373	48867	48868
111374	48869	48870
111375	48871	48872
111376	48874	48875
111377	48876	48877
111378	3977	4205
111379	48878	48879
111380	48880	48881
111381	48882	48883
111382	48884	48885
111383	48886	48887
111384	3977	5031
111385	48888	48889
111386	48890	48891
111387	48892	48893
111388	48894	48895
111389	3977	31975
111390	48896	48897
111391	48898	48900
111392	48901	48902
111393	48903	48904
111394	3977	30795
111395	48905	48906
111396	48907	48908
111397	48909	48910
111398	48911	48912
111399	48913	48914
111400	48915	48916
111401	48917	48918
111402	48919	48920
111403	48921	48922
111404	48923	48924
111405	48925	48926
111406	48927	48928
111407	48931	48932
111408	48946	48948
111409	48951	48952
111410	48961	48962
111411	48963	48964
111412	48965	48966
111413	48974	48975
111414	48981	48982
111415	48996	48997
111416	49002	49004
111417	49006	49007
111418	49010	49011
111419	49018	49023
111420	49024	49025
111421	49031	49034
111422	49237	49240
111423	49035	49038
111424	49039	49041
111425	49042	49043
111426	49062	49063
111427	49083	49084
111428	49090	49092
111429	49103	49104
111430	49107	49109
111431	49110	49120
111432	49121	49122
111433	49126	49127
111434	49130	49131
111435	49134	49135
111436	49140	49141
111437	49142	49145
111438	49146	49153
111439	49163	49165
111440	49167	49168
111441	49171	49172
111442	49180	49181
111443	49186	49187
111444	49188	49190
111445	49192	49193
111446	49215	49216
111447	49218	49219
111448	49337	74648
111449	49247	49248
111450	49249	49250
111451	49254	49255
111452	49256	49258
111453	49267	49268
111454	49272	49275
111455	49297	49300
111456	49311	49314
111457	49316	49318
111458	49319	49321
111459	49323	49325
111460	49331	49332
111461	49334	49335
111462	49343	49345
111463	49350	49351
111464	49353	49354
111465	49355	49356
111466	49357	49358
111467	49360	49361
111468	49367	49368
111469	49369	49370
111470	49371	49373
111471	49376	49377
111472	49380	49382
111473	49394	49395
111474	49396	49397
111475	49403	49404
111476	49415	49417
111477	49432	49434
111478	49435	49436
111479	49438	49439
111480	49447	49448
111481	49449	49450
111482	49452	49454
111483	49455	49456
111484	49460	49461
111485	49466	49468
111486	49469	49470
111487	49474	49475
111488	49477	49478
111489	49479	49481
111490	49482	49483
111491	49489	49492
111492	49495	49496
111493	49499	49500
111494	49503	49504
111495	49506	49507
111496	49508	49510
111497	49513	49515
111498	49517	49518
111499	49520	49521
111500	49522	49523
111501	49524	49525
111502	49534	49535
111503	49542	49544
111504	49545	49547
111505	49549	54431
111506	49570	49571
111507	49572	49573
111508	49576	49579
111509	49592	49594
111510	49597	49599
111511	49604	49605
111512	49606	49609
111513	49610	49612
111514	49614	49616
111515	49617	49619
111516	49620	49622
111517	49623	49627
111518	49629	49630
111519	49632	49636
111520	49648	49650
111521	49655	49656
111522	49662	49663
111523	49665	49666
111524	49671	49672
111525	49674	49675
111526	3978	5522
111527	49684	49686
111528	49688	49690
111529	49696	49697
111530	49723	49726
111531	49727	49728
111532	49757	49758
111533	49764	49765
111534	49766	49767
111535	49768	49769
111536	49770	49772
111537	49774	49775
111538	49776	49777
111539	49778	49779
111540	49781	49783
111541	49784	49785
111542	49787	49789
111543	49790	49791
111544	49792	49793
111545	49797	49798
111546	49801	49802
111547	49803	49804
111548	49810	49811
111549	49815	49816
111550	49817	49818
111551	49820	49821
111552	49828	49829
111553	49833	49834
111554	49837	49838
111555	49842	49843
111556	49845	49847
111557	49848	49850
111558	3979	4250
111559	49851	49852
111560	49854	49855
111561	49860	49862
111562	49867	49868
111563	49878	49879
111564	49884	49887
111565	49888	49889
111566	49890	49891
111567	49894	49897
111568	49898	49899
111569	49900	49902
111570	49903	49904
111571	49908	49909
111572	49910	49911
111573	49915	49916
111574	49918	49919
111575	49925	49928
111576	49932	49933
111577	49938	49939
111578	49940	49941
111579	49942	49949
111580	49950	49951
111581	49954	49956
111582	49961	49962
111583	49963	49965
111584	49967	49968
111585	49971	49976
111586	49978	49979
111587	49983	49984
111588	49985	49988
111589	49989	49990
111590	49992	49993
111591	50002	50003
111592	50016	50017
111593	50022	56652
111594	50023	50024
111595	50026	50027
111596	50031	50033
111597	50043	50044
111598	50045	50046
111599	50053	50058
111600	90338	25069
111601	50062	50063
111602	50067	50068
111603	50075	50077
111604	50083	50084
111605	50088	50089
111606	50101	50103
111607	50104	50105
111608	50107	50110
111609	50116	50117
111610	50128	50129
111611	50142	50143
111612	50150	50152
111613	50169	50170
111614	50184	50185
111615	50188	50189
111616	50191	50195
111617	50205	50208
111618	50212	50213
111619	50214	50215
111620	50238	50248
111621	50223	50225
111622	50235	50236
111623	50239	50244
111624	50241	50245
111625	50069	50072
111626	50262	50264
111627	50265	50267
111628	50269	50277
111629	50273	57056
111630	50278	50282
111631	50284	50291
111632	50294	50297
111633	50305	50306
111634	50309	50313
111635	50316	50317
111636	50320	50322
111637	50333	50337
111638	50340	50341
111639	50345	50346
111640	50348	50350
111641	50352	50353
111642	50358	50359
111643	50361	50362
111644	50368	50371
111645	50372	50373
111646	50374	50375
111647	50378	50382
111648	50387	50388
111649	50392	50395
111650	50396	50397
111651	50403	50404
111652	50409	50410
111653	50412	50413
111654	50423	50425
111655	50440	50441
111656	50442	50443
111657	50445	50446
111658	50450	50452
111659	50458	50460
111660	50462	50464
111661	50465	50471
111662	50473	50475
111663	50477	50480
111664	50483	50486
111665	50489	50490
111666	50498	50500
111667	50503	50504
111668	50512	50513
111669	50518	50520
111670	50521	50522
111671	50529	50531
111672	50533	50535
111673	50536	50537
111674	50539	50540
111675	50542	50543
111676	50555	50556
111677	50559	50562
111678	50611	50612
111679	50579	50580
111680	50581	50582
111681	50585	50586
111682	50593	50595
111683	50597	50598
111684	50600	50601
111685	50619	50620
111686	50622	50623
111687	50632	50634
111688	50642	50644
111689	50647	50648
111690	50650	50652
111691	50665	50666
111692	50667	50668
111693	50682	50686
111694	50688	50691
111695	50696	50697
111696	50702	50705
111697	90296	62791
111698	50706	50710
111699	50711	50712
111700	50713	50714
111701	50716	50718
111702	50722	50723
111703	50725	50728
111704	50729	50730
111705	50731	50732
111706	50734	50735
111707	50736	50737
111708	50738	50739
111709	50745	50746
111710	50748	50751
111711	50752	50754
111712	50758	50759
111713	50768	50771
111714	50772	50775
111715	50778	50780
111716	50782	50784
111717	50788	50789
111718	50792	50793
111719	50797	50799
111720	50801	50806
111721	50807	50808
111722	50811	50812
111723	50813	50815
111724	50817	50818
111725	50819	50823
111726	50826	50827
111727	50828	50829
111728	50830	50832
111729	50834	50836
111730	50841	50842
111731	50846	50850
111732	50852	50855
111733	50856	50857
111734	50862	50863
111735	50865	50866
111736	50867	50869
111737	50870	50872
111738	50874	50876
111739	50877	50878
111740	50879	50880
111741	50887	50888
111742	50889	50892
111743	50893	50895
111744	50896	50897
111745	50898	50899
111746	50900	50901
111747	50904	50906
111748	50907	50908
111749	50912	50913
111750	50914	50915
111751	50917	50918
111752	50920	50921
111753	50925	50926
111754	50930	50931
111755	50932	50933
111756	50947	50949
111757	50957	50958
111758	50960	50961
111759	50964	50965
111760	50974	50977
111761	50979	50983
111762	50989	50990
111763	50992	50993
111764	50995	50996
111765	51001	51004
111766	51006	51008
111767	51009	51010
111768	51011	51014
111769	51015	51016
111770	51018	51019
111771	51025	51028
111772	51033	51034
111773	51045	51046
111774	51048	51050
111775	51051	51052
111776	51054	51057
111777	51066	51071
111778	51074	51076
111779	51081	51083
111780	51084	51085
111781	51086	51087
111782	51091	51094
111783	51096	51098
111784	51102	51103
111785	51104	51105
111786	51107	51109
111787	51119	51121
111788	51123	51124
111789	51129	51130
111790	51141	51142
111791	51148	51149
111792	51159	51161
111793	51173	51174
111794	51179	51180
111795	51181	51185
111796	51188	51189
111797	51192	51193
111798	51199	51207
111799	51208	51209
111800	51210	51212
111801	51215	51217
111802	51224	51225
111803	51226	51227
111804	51229	51232
111805	51235	51237
111806	51238	51241
111807	51244	51246
111808	51247	51248
111809	51255	51257
111810	51258	51263
111811	51265	51266
111812	51268	51269
111813	51276	51278
111814	51287	51288
111815	51283	51286
111816	51293	51294
111817	51297	51298
111818	51300	51302
111819	51303	51304
111820	51305	51306
111821	51307	51308
111822	51309	51310
111823	51311	51314
111824	51319	51320
111825	51324	51325
111826	51333	51334
111827	51335	51336
111828	51342	51344
111829	51346	51348
111830	51349	51350
111831	51353	51354
111832	51359	51360
111833	51377	51378
111834	51388	51389
111835	51395	51397
111836	51409	51410
111837	51413	51414
111838	51415	51416
111839	51418	51422
111840	51425	51426
111841	51429	51430
111842	51452	51453
111843	51458	51459
111844	51464	51466
111845	51473	51474
111846	51475	51476
111847	51477	51480
111848	51481	51484
111849	51485	51486
111850	51487	51488
111851	51489	51494
111852	51498	51499
111853	51503	51505
111854	51507	51508
111855	51509	51513
111856	51514	51517
111857	51520	51521
111858	51533	51534
111859	51537	51538
111860	51540	51543
111861	51544	51545
111862	51546	51549
111863	51551	51554
111864	51556	51557
111865	51558	51559
111866	51564	51566
111867	51567	51569
111868	51570	51571
111869	51576	51578
111870	51582	51588
111871	51589	51590
111872	51595	51596
111873	51597	51600
111874	51601	51603
111875	51605	51606
111876	51608	51610
111877	51616	51618
111878	51620	51622
111879	51626	51628
111880	51630	51631
111881	51636	51637
111882	51638	51640
111883	51642	51649
111884	51656	51659
111885	51668	51671
111886	51679	51682
111887	51687	51689
111888	51697	51699
111889	51703	51704
111890	51707	51714
111891	51719	51722
111892	51723	51724
111893	51740	51741
111894	51743	51747
111895	51753	51755
111896	51767	51768
111897	51776	51778
111898	51787	51794
111899	51796	51797
111900	51803	51805
111901	51811	51812
111902	51814	51817
111903	51818	51819
111904	51828	51829
111905	51834	51836
111906	51837	51839
111907	51844	51847
111908	51850	51852
111909	51853	51857
111910	51862	51863
111911	51865	51866
111912	51870	51871
111913	51874	51875
111914	51877	51878
111915	51879	51880
111916	51882	51884
111917	51885	51886
111918	51888	51889
111919	51891	51893
111920	51894	51895
111921	51896	51897
111922	51902	51903
111923	51904	51906
111924	51907	51912
111925	51925	51927
111926	51940	51941
111927	51945	51948
111928	51951	51954
111929	51949	51950
111930	51957	51958
111931	51964	51965
111932	51972	51975
111933	51976	51977
111934	51980	51981
111935	51982	51985
111936	51987	51988
111937	51990	51991
111938	51992	51993
111939	51994	51995
111940	52000	52009
111941	51997	52002
111942	52004	52007
111943	52008	52011
111944	52012	52013
111945	52020	52021
111946	52022	52023
111947	52024	52025
111948	52027	52028
111949	52029	52035
111950	52036	52037
111951	52041	52043
111952	52047	52048
111953	52050	52051
111954	52057	52058
111955	52059	52060
111956	52063	52065
111957	52068	52072
111958	52082	52083
111959	52094	52095
111960	52097	52099
111961	52102	52103
111962	52105	52106
111963	52110	52111
111964	52112	52113
111965	52114	52116
111966	52117	52122
111967	52123	52126
111968	52132	52134
111969	52136	52137
111970	52146	52147
111971	52160	52162
111972	52164	52169
111973	52172	52174
111974	52180	52181
111975	52189	52193
111976	52195	52197
111977	52206	52208
111978	52218	52221
111979	52222	52224
111980	52225	52226
111981	52227	52228
111982	52235	52237
111983	52243	52244
111984	52250	52253
111985	52254	52255
111986	52257	52258
111987	52259	52260
111988	52264	52265
111989	52267	52268
111990	52272	52273
111991	52281	52282
111992	52305	52306
111993	52307	52308
111994	52310	52311
111995	52316	52319
111996	52320	52323
111997	52326	52327
111998	52328	52329
111999	52339	52342
112000	52348	52349
112001	52350	52351
112002	52355	52356
112003	52358	52359
112004	52363	52365
112005	52371	52372
112006	52373	52374
112007	52379	52381
112008	52383	52384
112009	52387	52388
112010	52389	52391
112011	52392	52393
112012	52394	52395
112013	52401	52404
112014	52405	52406
112015	52416	52417
112016	52425	52427
112017	52433	52435
112018	52436	52437
112019	52438	52440
112020	52451	52452
112021	52453	52454
112022	52468	52469
112023	52471	52472
112024	52498	52499
112025	52500	52501
112026	52506	52507
112027	52508	52509
112028	52512	52515
112029	52517	52518
112030	52534	52536
112031	52538	52539
112032	52544	52545
112033	52546	52547
112034	52549	52551
112035	52552	52553
112036	52554	52555
112037	52558	52559
112038	52562	52565
112039	52569	52570
112040	52571	52574
112041	52579	52580
112042	52590	52592
112043	52597	52599
112044	52601	52602
112045	52604	52605
112046	52606	52607
112047	52613	52614
112048	52627	52628
112049	52634	52635
112050	52655	52657
112051	52667	52668
112052	52672	52674
112053	52683	52684
112054	52689	52690
112055	52695	52697
112056	52700	52703
112057	52708	52709
112058	52725	52728
112059	52731	52732
112060	52733	52739
112061	52746	52749
112062	52751	52752
112063	52753	52754
112064	52755	52757
112065	52785	52786
112066	52791	52795
112067	52798	52799
112068	52805	52806
112069	52807	52809
112070	52812	52815
112071	52816	52819
112072	52823	52824
112073	52832	52834
112074	52837	52838
112075	25	2593
112076	52842	52843
112077	52865	52866
112078	52871	52872
112079	52879	52881
112080	52883	52884
112081	52885	52886
112082	52888	52889
112083	52892	52893
112084	52897	52898
112085	52901	52902
112086	52903	52904
112087	52905	52906
112088	52913	52915
112089	52917	52919
112090	52920	52922
112091	52924	52925
112092	52926	52927
112093	52929	52930
112094	52931	52933
112095	52935	52936
112096	52939	52940
112097	52944	52945
112098	52946	52947
112099	52954	52956
112100	52974	52976
112101	52983	52986
112102	52998	53000
112103	53001	53004
112104	53005	53006
112105	3984	7766
112106	53007	53008
112107	53012	53013
112108	53015	53016
112109	53018	53019
112110	53020	53021
112111	53028	53029
112112	53036	53039
112113	53040	53042
112114	53043	53044
112115	53048	53051
112116	53052	53053
112117	53058	53059
112118	53064	53066
112119	53079	53082
112120	53084	53087
112121	53088	53091
112122	53101	53102
112123	53106	53107
112124	53108	53111
112125	53112	53114
112126	53117	53120
112127	53122	53123
112128	53124	53125
112129	53126	53127
112130	53128	53129
112131	53141	53143
112132	53144	53148
112133	53150	53151
112134	53157	53158
112135	53165	53168
112136	53183	53187
112137	53189	53192
112138	53193	53196
112139	53199	53202
112140	53204	53205
112141	53208	53211
112142	53212	53213
112143	53214	53216
112144	53217	53219
112145	53221	53225
112146	53227	53228
112147	53231	53232
112148	53236	53237
112149	3984	10560
112150	53246	53249
112151	53251	53252
112152	53253	53254
112153	53257	53258
112154	53260	53261
112155	53263	53265
112156	53267	53268
112157	53269	53270
112158	53271	53273
112159	53275	53276
112160	53277	53279
112161	53282	53284
112162	53286	53287
112163	53288	53290
112164	53291	53292
112165	53293	53294
112166	53299	53300
112167	53303	53304
112168	53308	53309
112169	53311	53312
112170	53324	53325
112171	53326	53327
112172	53328	53329
112173	53334	53335
112174	53342	53343
112175	53359	53360
112176	53365	53366
112177	53372	53375
112178	53376	53380
112179	83622	79899
112180	53384	53385
112181	53386	53388
112182	53389	53390
112183	53392	53393
112184	53394	53396
112185	53404	53406
112186	216	3376
112187	53407	53409
112188	53411	53413
112189	53414	53415
112190	53416	53418
112191	53419	53421
112192	53422	53424
112193	53427	53428
112194	53433	53434
112195	53436	53437
112196	53443	53444
112197	53449	53450
112198	53459	53461
112199	3984	4536
112200	53462	53463
112201	53466	53467
112202	53468	53471
112203	53473	53474
112204	53476	53477
112205	90304	2544
112206	53478	53479
112207	53482	53483
112208	53485	53487
112209	53488	53490
112210	53497	53498
112211	53503	53504
112212	53510	53511
112213	53517	53518
112214	53520	53523
112215	53524	53526
112216	53532	53535
112217	53539	53540
112218	53551	53553
112219	3976	5630
112220	53554	53555
112221	53556	53557
112222	53569	53570
112223	53571	53572
112224	53573	53574
112225	53582	53584
112226	53589	53590
112227	53593	53594
112228	53596	53597
112229	53605	53606
112230	53608	53609
112231	53611	53612
112232	53615	53617
112233	53631	53632
112234	53635	53636
112235	53637	53638
112236	53645	53647
112237	53648	53649
112238	53657	53659
112239	53668	53670
112240	53673	53675
112241	53680	53681
112242	53695	53696
112243	53699	53700
112244	53705	53706
112245	53709	53712
112246	53726	53727
112247	53729	53730
112248	53733	53736
112249	53738	53740
112250	53741	53743
112251	53744	53745
112252	53750	53751
112253	53753	53754
112254	53755	53757
112255	53758	53759
112256	53760	53765
112257	53771	53775
112258	53777	53779
112259	53782	53784
112260	53786	53787
112261	53788	53789
112262	53790	53791
112263	53795	53796
112264	53804	53806
112265	53811	53812
112266	53816	53817
112267	53827	53828
112268	53829	53833
112269	53837	53840
112270	90312	10892
112271	53843	53846
112272	53847	53848
112273	53850	53851
112274	53863	53864
112275	53870	53872
112276	53881	53883
112277	216	4882
112278	53885	53886
112279	53887	53888
112280	53890	53893
112281	53896	53897
112282	53902	53903
112283	53906	53907
112284	53918	53919
112285	53920	53921
112286	53923	53924
112287	53925	53926
112288	53934	57416
112289	53935	53937
112290	53939	53942
112291	53947	53948
112292	53951	53953
112293	53954	53955
112294	53960	53961
112295	53962	53963
112296	53969	53970
112297	53972	53974
112298	53975	53976
112299	53978	53980
112300	53988	53989
112301	53994	53995
112302	53998	53999
112303	54010	54012
112304	54020	54021
112305	3984	9982
112306	54023	54024
112307	54025	54026
112308	54028	54031
112309	54032	54033
112310	54035	54036
112311	54038	54041
112312	54042	54043
112313	54044	54045
112314	54175	54178
112315	54051	54052
112316	54053	54054
112317	54055	54056
112318	54057	54058
112319	54061	54062
112320	54065	54066
112321	54070	54073
112322	54079	54082
112323	54083	54084
112324	54089	54090
112325	54097	54098
112326	54099	54100
112327	54105	54106
112328	54111	54115
112329	54116	54118
112330	54122	54125
112331	54138	54140
112332	54141	54142
112333	54149	54150
112334	54151	54152
112335	54155	54156
112336	54157	54158
112337	54159	54160
112338	54166	54167
112339	54168	54169
112340	54171	54172
112341	54183	54186
112342	54187	54189
112343	54192	54193
112344	54197	54198
112345	54199	54200
112346	54204	54210
112347	54211	54214
112348	54219	54221
112349	54223	54226
112350	54228	54230
112351	54237	54239
112352	54245	54246
112353	54251	54252
112354	54259	54263
112355	54268	54269
112356	54277	54278
112357	54279	54280
112358	54281	54283
112359	54287	54288
112360	54291	54292
112361	54294	54296
112362	54298	54300
112363	54302	54306
112364	54307	54312
112365	54314	54317
112366	54319	54320
112367	54321	54322
112368	54323	54324
112369	54326	54327
112370	54328	54330
112371	54331	54334
112372	54335	54336
112373	54338	54340
112374	54350	54351
112375	54352	54353
112376	54356	54357
112377	54362	54363
112378	54367	54368
112379	54371	54372
112380	54374	54375
112381	54382	54383
112382	54396	54397
112383	54398	54399
112384	54402	54403
112385	54411	54413
112386	54414	54416
112387	54417	54418
112388	54432	54433
112389	54434	54437
112390	54462	54466
112391	54438	54439
112392	54449	54450
112393	54459	54464
112394	54482	54483
112395	54487	54490
112396	54496	54497
112397	54498	54499
112398	54500	54501
112399	54505	54506
112400	54509	54510
112401	54511	54513
112402	54514	54515
112403	54516	54517
112404	54522	54523
112405	54525	54526
112406	54532	54534
112407	54544	54545
112408	54554	54559
112409	54562	54563
112410	54569	54570
112411	54571	54572
112412	54579	54580
112413	54581	54583
112414	54584	54587
112415	54595	54597
112416	54621	54623
112417	54624	54625
112418	54626	54629
112419	54631	54632
112420	54633	54635
112421	54636	54638
112422	54650	54651
112423	54653	54655
112424	54664	54666
112425	54678	54679
112426	54681	54687
112427	54689	54690
112428	54693	54695
112429	54705	54707
112430	54709	54710
112431	54715	54716
112432	54717	54718
112433	54719	54720
112434	54725	54728
112435	54729	54730
112436	54733	54734
112437	54735	54736
112438	54741	54743
112439	54747	54748
112440	54755	54756
112441	54763	54764
112442	54772	54774
112443	54782	54784
112444	54791	54792
112445	54795	54797
112446	54800	54808
112447	54809	54810
112448	54816	54819
112449	54835	54837
112450	54840	54842
112451	54846	54849
112452	54850	54852
112453	54865	54866
112454	54873	54874
112455	54879	54880
112456	54888	54891
112457	54892	54893
112458	54896	54898
112459	54899	54900
112460	54907	54908
112461	54910	54913
112462	54915	54918
112463	54925	54930
112464	54931	54932
112465	54944	54945
112466	54954	54955
112467	54960	54961
112468	54962	54963
112469	54972	54975
112470	54979	54984
112471	54990	54991
112472	54993	54997
112473	54998	55001
112474	55004	55005
112475	55015	55016
112476	55017	55018
112477	55021	55022
112478	55023	55025
112479	55033	55034
112480	55035	55036
112481	55038	55041
112482	55051	55052
112483	55053	55054
112484	55055	55056
112485	55063	55064
112486	55065	55066
112487	55067	55068
112488	55070	55071
112489	55078	55082
112490	55083	55084
112491	55085	55086
112492	55087	55088
112493	55090	55091
112494	55092	55094
112495	55095	55097
112496	55099	55101
112497	55102	55103
112498	55104	55107
112499	55109	55110
112500	55112	55113
112501	55119	55122
112502	55123	55124
112503	55126	55128
112504	55132	55135
112505	55136	55137
112506	55139	55141
112507	55144	55154
112508	55155	55156
112509	55162	55166
112510	55169	55171
112511	55176	55177
112512	55179	55180
112513	55182	55185
112514	55189	55190
112515	55196	55198
112516	55193	55194
112517	55200	55203
112518	55204	55205
112519	55206	55207
112520	55208	55210
112521	55212	55213
112522	55214	55216
112523	55217	55220
112524	55221	55222
112525	55223	55225
112526	49	8893
112527	55227	55228
112528	55229	55230
112529	55231	55232
112530	55233	55235
112531	55236	55237
112532	55238	55239
112533	55240	55241
112534	55242	55243
112535	55244	55245
112536	55246	55247
112537	55248	55249
112538	55250	55252
112539	55253	55255
112540	55257	55260
112541	55268	55269
112542	55273	55275
112543	55278	55279
112544	55280	55282
112545	55285	55288
112546	55289	55291
112547	55293	55295
112548	55297	55299
112549	55302	55304
112550	55305	55306
112551	55319	55320
112552	55321	55322
112553	55323	55324
112554	55331	55333
112555	55335	55336
112556	55338	55340
112557	55345	55348
112558	1528	8399
112559	55349	55350
112560	55352	55353
112561	55356	55357
112562	55358	55360
112563	55362	55363
112564	55365	55368
112565	55369	55371
112566	55373	55374
112567	55376	55377
112568	55379	55380
112569	55384	55386
112570	55391	55392
112571	55396	55397
112572	55400	55401
112573	55402	55404
112574	55418	55420
112575	55425	55430
112576	55433	55434
112577	55451	55453
112578	55454	55455
112579	55456	55457
112580	55458	55459
112581	55460	55463
112582	55466	55467
112583	55475	55478
112584	55479	55481
112585	55485	55487
112586	55492	55495
112587	55496	55497
112588	55498	55501
112589	55502	55504
112590	55507	55508
112591	55512	55513
112592	55514	55515
112593	55517	55520
112594	55521	55522
112595	55528	55529
112596	55532	55533
112597	55535	55538
112598	55548	55549
112599	55557	55558
112600	55559	55560
112601	55567	55568
112602	55571	55572
112603	55575	55576
112604	55580	55581
112605	55583	55584
112606	55598	55599
112607	55601	55602
112608	55603	55604
112609	55609	55610
112610	55614	55615
112611	55618	55619
112612	55621	55622
112613	55623	55624
112614	55626	55634
112615	55641	55643
112616	55645	55647
112617	55649	55650
112618	55655	55656
112619	55659	55664
112620	55665	55666
112621	55669	55672
112622	55674	55675
112623	55676	55677
112624	55679	55680
112625	55681	55684
112626	55692	55693
112627	55694	55695
112628	55696	55699
112629	55712	55713
112630	55722	55723
112631	55726	55727
112632	55729	55730
112633	55731	55732
112634	55733	55735
112635	55736	55738
112636	55739	55740
112637	55741	55743
112638	55755	55756
112639	55759	55760
112640	55769	55772
112641	55775	55776
112642	55777	55778
112643	55779	55785
112644	55786	55788
112645	55789	55790
112646	55791	55795
112647	55805	55806
112648	55808	55810
112649	55816	55817
112650	55823	55827
112651	55834	55835
112652	55836	55837
112653	55838	55841
112654	55843	55844
112655	55846	55848
112656	55850	55851
112657	55862	55863
112658	55869	55872
112659	55883	55884
112660	55894	55895
112661	55904	55906
112662	55908	55909
112663	55911	55912
112664	55913	55914
112665	55918	55920
112666	55921	55925
112667	55928	55930
112668	55934	55935
112669	55936	55938
112670	55939	55943
112671	55944	55945
112672	55946	55947
112673	55948	55949
112674	55952	57083
112675	55953	55955
112676	55958	55959
112677	55962	55963
112678	55964	55965
112679	55970	55971
112680	55972	55974
112681	55979	55980
112682	55983	55985
112683	55986	55987
112684	55990	55992
112685	55994	55995
112686	56001	56002
112687	56006	56007
112688	56010	56012
112689	56013	56015
112690	56016	56017
112691	56018	56019
112692	56020	56023
112693	56025	56026
112694	56027	56028
112695	56029	56032
112696	56036	56037
112697	56038	56039
112698	56040	56041
112699	56042	56043
112700	56044	56045
112701	56046	56047
112702	56048	56049
112703	56053	56054
112704	56057	56058
112705	56061	56063
112706	56068	56070
112707	56076	56077
112708	56080	56081
112709	56083	56084
112710	56098	56099
112711	56100	56102
112712	56103	56105
112713	56107	56111
112714	56114	56115
112715	56122	56123
112716	56128	56134
112717	56136	56137
112718	56138	56139
112719	56140	56142
112720	56143	56144
112721	56152	56155
112722	56170	56171
112723	56172	56173
112724	56180	56183
112725	56188	56189
112726	56190	56192
112727	56196	56197
112728	56198	56199
112729	56201	56202
112730	56206	56208
112731	56219	56220
112732	56221	56228
112733	56229	56233
112734	56239	56241
112735	56242	56244
112736	56245	56246
112737	56247	56248
112738	56249	56252
112739	56253	56254
112740	56270	56272
112741	56275	56276
112742	56279	56280
112743	56281	56282
112744	56292	56296
112745	56298	56299
112746	56302	56305
112747	56307	56309
112748	56311	56312
112749	56316	56317
112750	56328	56330
112751	56332	56333
112752	56334	56338
112753	56347	56348
112754	56351	56352
112755	83041	33351
112756	56357	56360
112757	56359	56363
112758	56361	56362
112759	56371	56372
112760	56375	56377
112761	56379	56383
112762	56384	56386
112763	56391	56392
112764	56403	56404
112765	56405	56407
112766	56408	56409
112767	56410	56411
112768	56412	56415
112769	56422	56423
112770	56429	56432
112771	56440	56441
112772	56443	56444
112773	56447	56448
112774	56449	56450
112775	56454	56455
112776	56457	56458
112777	56460	56462
112778	56463	56464
112779	56465	56466
112780	56477	56478
112781	56482	56483
112782	56489	56490
112783	56503	56504
112784	56509	56511
112785	56517	56518
112786	56519	56522
112787	56531	56534
112788	56538	56539
112789	56547	56549
112790	56555	56556
112791	56560	56561
112792	56565	56566
112793	56580	56582
112794	56583	56585
112795	56587	56590
112796	56591	56594
112797	56598	56599
112798	56601	56602
112799	56603	56604
112800	56608	56610
112801	56611	56612
112802	56618	56619
112803	56623	56628
112804	56624	56630
112805	56644	56645
112806	56655	56656
112807	56683	56684
112808	56694	56695
112809	56696	56703
112810	56706	56708
112811	56742	56744
112812	56745	56746
112813	56752	56753
112814	56754	56756
112815	56770	56772
112816	56797	56798
112817	56807	56808
112818	56810	56811
112819	56812	56813
112820	56815	56816
112821	56817	56818
112822	56820	56821
112823	56832	56833
112824	56843	56844
112825	56846	56847
112826	56858	56859
112827	56864	56866
112828	56870	56872
112829	56873	56875
112830	56877	56880
112831	56882	56883
112832	56888	56889
112833	56890	56891
112834	56892	56896
112835	56897	56898
112836	56899	56901
112837	56910	56911
112838	56915	56918
112839	56920	56921
112840	56923	56924
112841	56925	56926
112842	56938	56939
112843	56942	56943
112844	56947	56948
112845	56949	56950
112846	56957	56959
112847	56960	56964
112848	56967	56968
112849	56969	56970
112850	56975	56976
112851	56990	56991
112852	56992	56993
112853	57005	57006
112854	57013	57017
112855	57018	57019
112856	57021	57022
112857	57024	57026
112858	57030	57032
112859	3986	50164
112860	57034	57035
112861	57037	57039
112862	57041	57042
112863	57046	57047
112864	57052	57055
112865	57057	57058
112866	57062	57063
112867	57065	57066
112868	57069	57072
112869	57078	57079
112870	57080	57081
112871	57085	57086
112872	57087	57088
112873	57090	57092
112874	57093	57095
112875	57097	57098
112876	57102	57103
112877	57105	57106
112878	57107	57109
112879	57110	57112
112880	57115	57116
112881	57120	57122
112882	57123	57124
112883	57125	57126
112884	57129	57130
112885	57132	57133
112886	57150	57151
112887	57152	57153
112888	57156	57157
112889	57158	57159
112890	57160	57161
112891	57163	57164
112892	57165	57166
112893	57171	57173
112894	57177	57178
112895	57181	57182
112896	57189	57190
112897	57191	57192
112898	57010	57011
112899	57205	57208
112900	57211	57212
112901	57223	57225
112902	57227	57228
112903	57235	57236
112904	57241	57242
112905	57243	57244
112906	57245	57247
112907	57251	57252
112908	57256	57257
112909	57258	57259
112910	57261	57262
112911	57270	57271
112912	57272	57273
112913	57274	57275
112914	57276	57277
112915	57278	57279
112916	57280	57281
112917	57294	57296
112918	57305	57308
112919	57311	57313
112920	57316	57318
112921	57321	57322
112922	57323	57324
112923	57331	57332
112924	57341	57342
112925	57343	57347
112926	57348	57349
112927	57356	57358
112928	57359	57361
112929	57362	57365
112930	3987	11359
112931	57369	57370
112932	57371	57372
112933	57373	57383
112934	57385	57389
112935	57390	57392
112936	57393	57394
112937	57396	57397
112938	57400	57402
112939	57413	57414
112940	57422	57423
112941	57426	57429
112942	57436	57437
112943	57438	57439
112944	57440	57441
112945	57442	57443
112946	57449	57450
112947	57453	57455
112948	57456	57457
112949	57459	57460
112950	57463	57464
112951	57472	57474
112952	57476	57477
112953	57481	57482
112954	57485	57486
112955	57487	57488
112956	57491	57493
112957	57496	57497
112958	57498	57499
112959	57500	57501
112960	57503	57504
112961	57514	57515
112962	57521	57524
112963	57525	57526
112964	57527	57528
112965	57531	57534
112966	57538	57539
112967	57548	57549
112968	57555	57557
112969	57567	57568
112970	57572	57573
112971	57588	57589
112972	57600	57601
112973	57605	57606
112974	57607	57609
112975	57610	57611
112976	57631	57633
112977	57651	57652
112978	57668	57669
112979	57673	57674
112980	57679	57682
112981	57683	57684
112982	57686	57688
112983	57689	57690
112984	57691	57692
112985	57695	57696
112986	57698	57699
112987	57705	57708
112988	57719	57720
112989	57721	57722
112990	57726	57727
112991	57728	57729
112992	57739	57740
112993	57746	57747
112994	57749	57750
112995	57752	57754
112996	57757	57758
112997	57759	57763
112998	57768	57769
112999	57770	57773
113000	57789	57790
113001	57793	57795
113002	57797	57801
113003	57802	57803
113004	57805	57807
113005	1531	42369
113006	57808	57810
113007	57849	57853
113008	57879	57881
113009	57812	57813
113010	57816	57817
113011	57818	57822
113012	57826	57827
113013	57829	57830
113014	57831	57834
113015	57838	57839
113016	57842	57843
113017	57852	57855
113018	57856	57857
113019	57867	57868
113020	57869	57872
113021	57873	57874
113022	57878	57880
113023	57882	57884
113024	57889	57891
113025	57897	57898
113026	57899	57900
113027	57901	57902
113028	57903	57905
113029	57907	57908
113030	57909	57910
113031	57911	57915
113032	57918	57919
113033	57923	57928
113034	57935	57936
113035	57937	57938
113036	57941	57942
113037	57946	57948
113038	57950	57951
113039	57952	57953
113040	57960	57961
113041	57965	57967
113042	57968	57969
113043	57972	57974
113044	3989	4148
113045	57975	57977
113046	57978	57979
113047	57981	57982
113048	57983	57984
113049	57986	57987
113050	57991	57993
113051	57997	57998
113052	57999	58000
113053	58001	58002
113054	58003	58004
113055	58005	58006
113056	58007	58008
113057	58009	58010
113058	58011	58012
113059	58013	58014
113060	58017	58018
113061	58020	58021
113062	58023	58027
113063	58030	58031
113064	58033	58034
113065	1532	5195
113066	58035	58036
113067	58041	58042
113068	58043	58045
113069	58046	58047
113070	58050	58051
113071	58053	58054
113072	58061	58062
113073	58070	58071
113074	58075	58076
113075	58080	58081
113076	58084	58086
113077	58087	58088
113078	58090	58093
113079	58097	58098
113080	58100	58101
113081	58106	58107
113082	58108	58109
113083	58111	58113
113084	58114	58115
113085	58117	58118
113086	58119	58120
113087	58124	58125
113088	58128	58130
113089	58137	58138
113090	58141	58142
113091	58146	58147
113092	58148	58149
113093	58150	58152
113094	58155	58156
113095	58157	58159
113096	58162	58163
113097	58168	58169
113098	58172	58173
113099	58175	58176
113100	58177	58178
113101	58181	58182
113102	58186	58187
113103	58188	58189
113104	58195	58196
113105	58202	58203
113106	58204	58205
113107	58206	58207
113108	58208	58209
113109	3992	35267
113110	58210	58211
113111	58212	58214
113112	58215	58216
113113	58218	58219
113114	58220	58221
113115	58222	58223
113116	58224	58225
113117	58227	58228
113118	58229	58230
113119	58232	58233
113120	58234	58238
113121	58239	58240
113122	58241	58242
113123	58255	58256
113124	58261	58263
113125	58264	58266
113126	58270	58272
113127	58278	58279
113128	58280	58281
113129	58283	58284
113130	58285	58293
113131	58309	58310
113132	58313	58314
113133	58319	58320
113134	58321	58322
113135	58325	58326
113136	58327	58328
113137	58332	58333
113138	58335	58336
113139	58338	58341
113140	58342	58343
113141	58352	58353
113142	58357	58358
113143	58360	58361
113144	58362	58364
113145	58365	58366
113146	58367	58368
113147	58376	58378
113148	58380	58381
113149	58382	58383
113150	58384	58388
113151	58391	58392
113152	58407	58408
113153	58412	58413
113154	58416	58417
113155	58450	58451
113156	58455	58456
113157	58458	58460
113158	58461	58464
113159	58466	58467
113160	58469	58470
113161	58471	58472
113162	597	5232
113163	58475	58477
113164	58478	58480
113165	58481	58482
113166	58486	58487
113167	58500	58501
113168	58504	58505
113169	58507	58508
113170	58512	58513
113171	58515	58517
113172	58518	58519
113173	58528	58530
113174	58541	58542
113175	58543	58550
113176	58551	58552
113177	58553	58554
113178	58556	58557
113179	58558	58559
113180	58560	58561
113181	58569	58570
113182	58574	58575
113183	58576	58577
113184	58578	58579
113185	58582	58583
113186	58584	58587
113187	58588	58590
113188	58591	58592
113189	58593	58595
113190	3993	3999
113191	58596	58598
113192	58599	58600
113193	58601	58602
113194	58604	58605
113195	58614	58615
113196	58617	58618
113197	58619	58620
113198	58621	58622
113199	58623	58625
113200	58629	58630
113201	58631	58632
113202	58648	58649
113203	58635	58636
113204	58645	58646
113205	58658	58659
113206	58660	58662
113207	58670	58671
113208	58672	58673
113209	58674	58675
113210	58678	58679
113211	58684	58685
113212	58687	58691
113213	58686	58688
113214	58689	58690
113215	58692	58693
113216	58694	58695
113217	58696	58697
113218	58699	58700
113219	3994	44270
113220	58701	58704
113221	58707	58711
113222	58715	58717
113223	58720	58721
113224	58726	58727
113225	58728	58729
113226	58731	58736
113227	58737	58738
113228	3995	22695
113229	58739	58742
113230	58744	58747
113231	58751	58752
113232	58757	58758
113233	58760	58762
113234	58763	58764
113235	58775	58776
113236	58778	58779
113237	597	1728
113238	58780	58781
113239	58787	58790
113240	58795	58798
113241	58803	58804
113242	58805	58806
113243	58807	58808
113244	58809	58810
113245	58814	58815
113246	58824	58825
113247	58841	58842
113248	58843	58847
113249	58858	58859
113250	58876	58879
113251	58880	58881
113252	58886	58887
113253	58891	58892
113254	58895	58896
113255	58908	58909
113256	58918	58919
113257	58922	58923
113258	58928	58929
113259	58936	58937
113260	58948	58949
113261	58950	58951
113262	58955	58956
113263	58963	58964
113264	58968	58969
113265	58984	58986
113266	58990	58991
113267	58998	58999
113268	59004	59005
113269	59010	59011
113270	59013	59014
113271	59015	59016
113272	59022	59023
113273	59025	59027
113274	59028	59029
113275	59034	59035
113276	59040	59041
113277	59044	59047
113278	59048	59050
113279	216	225
113280	59054	59055
113281	59056	59058
113282	216	2490
113283	3996	5367
113284	59059	59061
113285	59063	59065
113286	59066	59067
113287	59068	59069
113288	59070	59071
113289	1	1521
113290	59072	59073
113291	59074	59075
113292	59076	59077
113293	59078	59079
113294	59080	59081
113295	59082	59084
113296	59086	59087
113297	59088	59089
113298	59092	59093
113299	59095	59096
113300	59097	59098
113301	59099	59101
113302	59102	59104
113303	59105	59106
113304	59116	59118
113305	59124	59125
113306	59127	59128
113307	59132	59133
113308	59138	59141
113309	59142	59143
113310	59145	59146
113311	59147	59148
113312	59149	59152
113313	59159	59160
113314	59161	59162
113315	59163	59164
113316	59165	59166
113317	59167	59168
113318	59172	59173
113319	59174	59175
113320	59179	59181
113321	59198	59200
113322	59202	59203
113323	59208	59209
113324	59210	59211
113325	597	6704
113326	59212	59213
113327	59214	59215
113328	59216	59217
113329	3996	8006
113330	59218	59219
113331	59220	59221
113332	597	6341
113333	1532	9661
113334	59222	59223
113335	3997	4255
113336	59225	59226
113337	3997	23257
113338	59227	59228
113339	1532	12369
113340	59229	59230
113341	216	2604
113342	59231	59232
113343	216	220
113344	59233	59234
113345	59235	59236
113346	1532	2374
113347	59237	59239
113348	59240	59241
113349	216	2964
113350	59243	59244
113351	4	4125
113352	59245	59246
113353	59248	59249
113354	59250	59251
113355	59252	59253
113356	4001	31740
113357	59254	59255
113358	59256	59257
113359	59258	59259
113360	216	9843
113361	59260	59261
113362	59262	59263
113363	59264	59266
113364	4005	9021
113365	59267	59268
113366	59269	59270
113367	216	4616
113368	59271	59272
113369	59273	59274
113370	59275	59276
113371	59277	59278
113372	59280	59281
113373	59283	59284
113374	59285	59286
113375	59287	59288
113376	59289	59290
113377	59291	59292
113378	59293	59294
113379	59296	59297
113380	4005	28678
113381	59298	59299
113382	59300	59301
113383	59302	59304
113384	59305	59306
113385	59307	59308
113386	59309	59310
113387	1532	14988
113388	59311	59312
113389	59313	59314
113390	59315	59316
113391	59317	59318
113392	216	11023
113393	59319	59320
113394	59321	59322
113395	59323	59324
113396	59325	59326
113397	59327	59328
113398	59329	59330
113399	59331	59332
113400	59333	59334
113401	59335	59336
113402	59337	59338
113403	59339	59340
113404	59341	59342
113405	59343	59344
113406	59345	59346
113407	59347	59348
113408	59349	59350
113409	59351	59352
113410	59353	59354
113411	59355	59356
113412	59357	59358
113413	59368	59369
113414	59370	59371
113415	59377	59378
113416	59380	59381
113417	59382	59383
113418	598	11542
113419	59384	59386
113420	59388	59389
113421	59391	59392
113422	59393	59394
113423	59395	59396
113424	59400	59405
113425	59406	59408
113426	59409	59410
113427	59414	59416
113428	59417	59418
113429	59419	59420
113430	59421	59422
113431	59425	59429
113432	59430	59432
113433	59434	59436
113434	59439	59440
113435	59442	59444
113436	59445	59447
113437	59454	59455
113438	59463	59464
113439	59465	59466
113440	59468	59469
113441	59473	59475
113442	59486	59487
113443	59495	59496
113444	59497	59499
113445	59501	59503
113446	59504	59506
113447	59507	59508
113448	59509	59510
113449	59511	59513
113450	59514	59515
113451	59518	59519
113452	59520	59521
113453	59523	59524
113454	59526	59527
113455	59528	59529
113456	59530	59532
113457	59533	59536
113458	59537	59538
113459	59541	59544
113460	59545	59546
113461	59547	59548
113462	59551	59552
113463	59553	59554
113464	59555	59556
113465	59558	59562
113466	59563	59564
113467	59565	59566
113468	59568	59570
113469	59572	59574
113470	59575	59576
113471	59577	59580
113472	59586	59587
113473	59592	59594
113474	59595	59596
113475	59597	59598
113476	59604	59605
113477	59610	59614
113478	59615	59617
113479	59629	59631
113480	59632	59635
113481	59636	59639
113482	59650	59651
113483	59654	59656
113484	59662	59663
113485	59664	59665
113486	59667	59668
113487	59678	59679
113488	59681	59682
113489	59684	59685
113490	59694	59697
113491	59698	59699
113492	59703	59705
113493	59712	59713
113494	1532	19144
113495	59714	59715
113496	59716	59718
113497	59720	59721
113498	59730	59732
113499	59736	59737
113500	59738	59739
113501	59740	59741
113502	59743	59744
113503	59747	59748
113504	59753	59754
113505	59760	59762
113506	598	9196
113507	59764	59765
113508	59785	59787
113509	59767	59768
113510	59769	59770
113511	59771	59774
113512	59775	59776
113513	59777	59778
113514	59792	59793
113515	59796	59799
113516	59805	59806
113517	59808	59809
113518	59819	59820
113519	59821	59823
113520	59824	59825
113521	59827	59828
113522	59830	59832
113523	59833	59834
113524	59842	59843
113525	59850	59851
113526	59853	59854
113527	59855	59857
113528	59861	59862
113529	59863	59864
113530	59868	59869
113531	59873	59874
113532	59878	59879
113533	59882	59883
113534	59890	59893
113535	59895	59897
113536	59899	59900
113537	59901	59903
113538	59912	59913
113539	59914	59915
113540	59916	59917
113541	59920	59922
113542	59925	59926
113543	59931	59932
113544	59933	59934
113545	59938	59939
113546	59943	59944
113547	59945	59946
113548	59953	59954
113549	59956	59957
113550	59960	59961
113551	59962	59963
113552	59968	59971
113553	59976	59977
113554	59978	59979
113555	59982	59983
113556	59986	59987
113557	59989	59991
113558	59999	60002
113559	60003	60004
113560	60007	60008
113561	599	3450
113562	60009	60010
113563	60015	60016
113564	60019	60020
113565	60025	60026
113566	60037	60038
113567	60039	60040
113568	60046	60048
113569	60049	60050
113570	60052	60054
113571	60057	60058
113572	60059	60060
113573	60061	60062
113574	60063	60064
113575	60065	60066
113576	60073	60074
113577	60075	60077
113578	60080	60081
113579	60082	60083
113580	60085	60088
113581	60089	60090
113582	60092	60093
113583	60094	60095
113584	60096	60098
113585	60100	60101
113586	60102	60104
113587	60106	60107
113588	60109	60110
113589	60112	60113
113590	60114	60115
113591	60116	60118
113592	60121	60123
113593	60124	60125
113594	60127	60128
113595	60132	60133
113596	60139	60141
113597	60168	60169
113598	60170	60171
113599	60175	60176
113600	60187	60188
113601	60190	60191
113602	60194	60195
113603	60196	60197
113604	60198	60199
113605	60203	60204
113606	60206	60207
113607	60220	60221
113608	60226	60227
113609	60228	60229
113610	60243	60244
113611	60246	60248
113612	60250	60252
113613	60255	60256
113614	60272	60275
113615	60278	60279
113616	60280	60281
113617	60284	60285
113618	60286	60288
113619	60294	60295
113620	60299	60300
113621	60302	60303
113622	60305	60306
113623	60307	60309
113624	60313	60314
113625	60316	60317
113626	60319	60321
113627	60322	60323
113628	60328	60329
113629	60338	60339
113630	60340	60341
113631	60351	60352
113632	60353	60355
113633	60359	60360
113634	60361	60362
113635	60368	60369
113636	60370	60371
113637	60376	60379
113638	60380	60381
113639	60393	60395
113640	60397	60400
113641	60401	60403
113642	60405	60406
113643	60409	60411
113644	60412	60413
113645	60420	60422
113646	60424	60425
113647	599	10327
113648	60426	60427
113649	60432	60433
113650	60435	60436
113651	60437	60439
113652	60449	60450
113653	60453	60454
113654	60467	60468
113655	60469	60470
113656	60471	60472
113657	60473	60475
113658	60481	60482
113659	60476	60477
113660	60489	60492
113661	60495	60496
113662	60497	60498
113663	60499	60500
113664	60501	60502
113665	60505	60506
113666	60512	60513
113667	60518	60519
113668	60520	60522
113669	60526	60529
113670	60534	60535
113671	60541	60542
113672	60543	60545
113673	60552	60553
113674	60558	60559
113675	60574	60575
113676	60577	60578
113677	60580	60581
113678	60582	60584
113679	60588	60589
113680	60598	60599
113681	60600	60602
113682	4009	5870
113683	60603	60605
113684	60607	60608
113685	60609	60610
113686	60611	60612
113687	60614	60616
113688	60621	60623
113689	60633	60634
113690	60637	60638
113691	60641	60642
113692	60643	60644
113693	60645	60646
113694	60648	60649
113695	60684	60685
113696	60657	60658
113697	60661	60663
113698	60675	60677
113699	60679	60680
113700	60651	60653
113701	60695	60696
113702	60697	60698
113703	60702	60703
113704	60706	60708
113705	60710	60711
113706	60714	60715
113707	60722	60723
113708	60730	60731
113709	60734	60735
113710	60736	60737
113711	60738	60739
113712	60744	60745
113713	60752	60753
113714	60754	60755
113715	60764	60765
113716	60766	60768
113717	60770	60771
113718	60773	60774
113719	60784	60785
113720	60786	60787
113721	60788	60789
113722	60790	60791
113723	60798	60799
113724	60800	60801
113725	60802	60803
113726	60811	60812
113727	60813	60814
113728	60816	60818
113729	60820	60821
113730	60823	60825
113731	60826	60828
113732	60830	60831
113733	60832	60833
113734	60835	60836
113735	60838	60839
113736	60840	60841
113737	60842	60844
113738	60846	60847
113739	60848	60849
113740	60851	60852
113741	60853	60854
113742	60858	60859
113743	60861	60862
113744	60864	60865
113745	60868	60870
113746	60871	60872
113747	60873	60876
113748	60879	60880
113749	60886	60888
113750	60892	60896
113751	60897	60899
113752	60901	60902
113753	60906	60908
113754	4009	11996
113755	60909	60910
113756	60911	60912
113757	60913	60914
113758	60916	60917
113759	60918	60919
113760	60923	60924
113761	60925	60926
113762	60930	60931
113763	60935	60936
113764	60937	60939
113765	60951	60952
113766	60956	60957
113767	60959	60961
113768	60965	60966
113769	60970	60971
113770	60974	60975
113771	60976	60977
113772	60978	60980
113773	60985	60991
113774	61001	61002
113775	61003	61004
113776	61012	61013
113777	61016	61017
113778	61019	61020
113779	61021	61023
113780	61025	61026
113781	61031	61032
113782	61036	61037
113783	61039	61040
113784	61041	61042
113785	61048	61049
113786	61055	61056
113787	61057	61058
113788	61070	61071
113789	61077	61078
113790	61080	61081
113791	4009	10982
113792	61086	61087
113793	61089	61091
113794	61097	61098
113795	61105	61106
113796	61109	61112
113797	61113	61114
113798	61115	61116
113799	61117	61118
113800	61122	61123
113801	61144	61145
113802	61152	61153
113803	61155	61156
113804	61158	61159
113805	61160	61161
113806	61162	61163
113807	61165	61167
113808	61170	61171
113809	61172	61173
113810	61175	61176
113811	61177	61178
113812	61179	61181
113813	61182	61183
113814	61184	61186
113815	61187	61188
113816	61189	61190
113817	61192	61197
113818	61200	61201
113819	61207	61208
113820	61211	61212
113821	61221	61222
113822	61225	61226
113823	1533	2182
113824	61230	61232
113825	61234	61235
113826	61259	61261
113827	61265	61266
113828	61269	61270
113829	61278	61279
113830	61284	61285
113831	61288	61289
113832	61290	61291
113833	61294	61295
113834	61298	61299
113835	61322	61323
113836	61328	61329
113837	61335	61336
113838	61340	61342
113839	61356	61357
113840	61363	61364
113841	61372	61373
113842	61380	61381
113843	61382	61383
113844	61384	61385
113845	61386	61387
113846	61389	61390
113847	61391	61392
113848	61396	61398
113849	61400	61401
113850	61402	61405
113851	61409	61410
113852	61414	61415
113853	61417	61418
113854	61421	61422
113855	61428	61429
113856	61430	61431
113857	61432	61435
113858	61437	61438
113859	61439	61440
113860	61441	61442
113861	61452	61453
113862	61468	61469
113863	61471	61472
113864	61482	61483
113865	61491	61492
113866	61493	61494
113867	61495	61497
113868	61505	61506
113869	61510	61511
113870	61516	61518
113871	61524	61525
113872	61527	61529
113873	61537	61538
113874	599	5367
113875	61541	61542
113876	61543	61544
113877	61545	61546
113878	61547	61549
113879	61552	61553
113880	61557	61558
113881	61559	61560
113882	61561	61563
113883	61573	61575
113884	61577	61578
113885	61582	61585
113886	61587	61588
113887	61589	61590
113888	61591	61592
113889	61593	61594
113890	61599	61600
113891	61608	61609
113892	61612	61613
113893	61621	61622
113894	61628	61629
113895	61630	61632
113896	61634	61636
113897	61637	61639
113898	61647	61648
113899	61653	61654
113900	61667	61668
113901	61671	61674
113902	61677	61678
113903	61679	61680
113904	61686	61687
113905	61688	61689
113906	61692	61693
113907	61695	61696
113908	61703	61705
113909	61709	61710
113910	61713	61715
113911	61716	61717
113912	61721	61722
113913	61723	61724
113914	61725	61726
113915	61731	61732
113916	1535	5108
113917	61734	61735
113918	61736	61741
113919	61742	61743
113920	61746	61747
113921	61749	61750
113922	61751	61752
113923	61754	61758
113924	61760	61761
113925	61762	61763
113926	61764	61765
113927	61767	61770
113928	61771	61772
113929	61773	61775
113930	61776	61777
113931	61778	61779
113932	61780	61781
113933	61783	61785
113934	61786	61787
113935	61788	61790
113936	61793	61794
113937	61795	61797
113938	61800	61801
113939	61802	61803
113940	61806	61807
113941	61809	61810
113942	61811	61812
113943	61813	61814
113944	61818	61820
113945	61822	61825
113946	61833	61835
113947	61836	61838
113948	61839	61840
113949	61841	61842
113950	61843	61844
113951	61847	61848
113952	61850	61851
113953	61852	61853
113954	61856	61857
113955	61860	61861
113956	61862	61863
113957	61864	61865
113958	61866	61867
113959	1534	1639
113960	61868	61869
113961	61871	61872
113962	61873	61874
113963	61875	61876
113964	4009	25362
113965	61877	61878
113966	61879	61880
113967	61882	61883
113968	61885	61886
113969	61889	61897
113970	61887	61888
113971	61891	61895
113972	61894	64169
113973	61896	63722
113974	61907	61908
113975	61909	61910
113976	4009	6254
113977	61911	61912
113978	61913	61914
113979	61915	61916
113980	61917	61918
113981	90333	17539
113982	61919	61920
113983	61921	61922
113984	61923	61924
113985	61925	61926
113986	61927	61928
113987	61929	61930
113988	85178	2571
113989	61931	61932
113990	61933	61934
113991	61935	61936
113992	61937	61938
113993	61939	61940
113994	61941	61942
113995	61943	61944
113996	61945	61946
113997	61948	61949
113998	61950	61951
113999	61952	61953
114000	61954	61955
114001	61956	61957
114002	61958	61959
114003	61960	61961
114004	61962	61963
114005	61964	61965
114006	61974	61977
114007	61988	61989
114008	61990	61993
114009	61998	61999
114010	62004	62006
114011	62011	62012
114012	62014	62015
114013	62024	62025
114014	62030	62031
114015	62036	62037
114016	62039	62040
114017	62045	62047
114018	62059	62060
114019	62063	62064
114020	62065	62066
114021	62070	62071
114022	62076	62078
114023	62084	62085
114024	62087	62088
114025	62092	62093
114026	62095	62096
114027	62097	62098
114028	62099	62100
114029	62102	62107
114030	62109	62112
114031	62113	62115
114032	62116	62117
114033	62118	62123
114034	62126	62127
114035	62128	62129
114036	62130	62131
114037	62132	62133
114038	62134	62135
114039	62136	62137
114040	62138	62139
114041	62141	62142
114042	62149	62151
114043	62160	62162
114044	62169	62170
114045	62175	62177
114046	62178	62181
114047	62182	62183
114048	62184	62185
114049	62193	62194
114050	62199	62200
114051	62201	62203
114052	62210	62211
114053	62214	62215
114054	62218	62219
114055	62236	62237
114056	62245	62246
114057	62247	62248
114058	62249	62250
114059	62251	62252
114060	62257	62260
114061	62261	62262
114062	62265	62266
114063	62271	62272
114064	62290	62291
114065	62292	62295
114066	62298	62299
114067	62300	62302
114068	62305	62306
114069	62308	62309
114070	62313	62314
114071	62315	62316
114072	62319	62320
114073	62328	62329
114074	62332	62333
114075	62337	62338
114076	62339	62340
114077	62342	62343
114078	62350	62351
114079	62357	62359
114080	62367	62368
114081	62370	62371
114082	62373	62374
114083	62383	62384
114084	62387	62388
114085	62391	62394
114086	62396	62398
114087	62402	62404
114088	62411	62413
114089	62416	62417
114090	62419	62420
114091	62421	62423
114092	62424	62425
114093	62431	62432
114094	62439	62444
114095	62446	62448
114096	62449	62451
114097	62453	62457
114098	62460	62462
114099	62466	62467
114100	62468	62469
114101	62470	62471
114102	62473	62474
114103	62475	62476
114104	62479	62481
114105	62493	62494
114106	62504	62505
114107	62514	62515
114108	62516	62519
114109	62523	62524
114110	62525	62526
114111	62528	62529
114112	62532	62533
114113	62543	62544
114114	62545	62546
114115	62552	62553
114116	4012	4116
114117	62556	62557
114118	62558	62559
114119	62575	62576
114120	62578	62579
114121	62580	62581
114122	62594	62595
114123	62602	62603
114124	62605	62606
114125	62607	62608
114126	62613	62614
114127	62615	62616
114128	62618	62621
114129	62626	62627
114130	62639	62643
114131	62646	62647
114132	62651	62652
114133	62653	62654
114134	62656	62658
114135	62664	62665
114136	62667	62668
114137	62673	62675
114138	62676	62678
114139	62679	62680
114140	62682	62683
114141	62684	62685
114142	62686	62687
114143	62688	62689
114144	62690	62691
114145	62697	62698
114146	62700	62701
114147	62708	62709
114148	62720	62721
114149	62722	62723
114150	62725	62729
114151	62730	62731
114152	62733	62734
114153	62736	62737
114154	62738	62739
114155	62740	62741
114156	62742	62743
114157	62745	62746
114158	62751	62752
114159	62761	62762
114160	62765	62766
114161	62767	62768
114162	62772	62774
114163	62777	62779
114164	62781	62782
114165	62785	62786
114166	62789	62793
114167	62794	62795
114168	62799	62800
114169	62804	62805
114170	62810	62811
114171	62813	62814
114172	62816	62817
114173	62821	62822
114174	62825	62826
114175	62829	62830
114176	62832	62833
114177	62834	62835
114178	62836	62837
114179	62838	62840
114180	62841	62843
114181	62846	62847
114182	62848	62849
114183	4012	5691
114184	62850	62851
114185	62852	62853
114186	62854	62856
114187	62857	62858
114188	62859	62860
114189	62861	62862
114190	62863	62864
114191	62871	62872
114192	62873	62874
114193	62878	62879
114194	62888	62890
114195	62897	62898
114196	62901	62902
114197	62905	62906
114198	62908	62910
114199	62913	62914
114200	62929	62930
114201	62931	62932
114202	62936	62939
114203	62940	62941
114204	62948	62949
114205	62950	62951
114206	62952	62954
114207	87985	50566
114208	62956	62957
114209	62958	62959
114210	62973	62974
114211	62975	62977
114212	62982	62983
114213	62997	62998
114214	63009	63010
114215	63011	63012
114216	63013	63014
114217	63015	63018
114218	63020	63023
114219	63025	63026
114220	63027	63028
114221	63036	63039
114222	63041	63042
114223	63044	63045
114224	63058	63059
114225	63061	63062
114226	63064	63065
114227	63068	63070
114228	63075	63076
114229	63090	63091
114230	63095	63096
114231	63124	63125
114232	63126	63127
114233	63147	63149
114234	63154	63155
114235	63156	63157
114236	63165	63166
114237	63167	63168
114238	63174	63175
114239	63185	63187
114240	63188	63189
114241	63195	63196
114242	4012	19758
114243	63198	63199
114244	63200	63203
114245	1535	8311
114246	63205	63206
114247	63207	63209
114248	63212	63213
114249	63216	63217
114250	63219	63220
114251	63221	63222
114252	63225	63226
114253	63243	63244
114254	63257	63259
114255	63260	63262
114256	63265	63266
114257	63267	63269
114258	63270	63271
114259	63273	63274
114260	63276	63277
114261	63279	63280
114262	63281	63282
114263	63283	63284
114264	63285	63286
114265	63287	63288
114266	63289	63291
114267	63293	63294
114268	63298	63299
114269	90345	1670
114270	63300	63301
114271	63303	63304
114272	63308	63309
114273	63310	63311
114274	63312	63313
114275	63316	63317
114276	63318	63319
114277	63320	63321
114278	63325	63326
114279	63327	63328
114280	63331	63332
114281	63333	63335
114282	63343	63344
114283	63356	63357
114284	63372	63373
114285	63374	63375
114286	63376	63377
114287	63378	63379
114288	599	4985
114289	63386	63387
114290	63395	63396
114291	63402	63403
114292	63407	63408
114293	63410	63411
114294	63417	63419
114295	63431	63433
114296	63442	63443
114297	63448	63450
114298	63456	63457
114299	63458	63459
114300	63423	63424
114301	63461	63462
114302	63463	63464
114303	63465	63466
114304	63467	63468
114305	63473	63474
114306	63475	63476
114307	63478	63479
114308	63484	63485
114309	63487	63488
114310	63494	63495
114311	63496	63497
114312	63498	63499
114313	63500	63501
114314	63503	63506
114315	63508	63509
114316	63512	63513
114317	63518	63520
114318	63521	63522
114319	63523	63524
114320	63527	63528
114321	63529	63530
114322	63531	63532
114323	63534	63536
114324	63537	63538
114325	63539	63540
114326	63546	63547
114327	63549	63550
114328	63557	63558
114329	63559	63560
114330	63561	63562
114331	63564	63565
114332	63566	63567
114333	63568	63569
114334	63571	63572
114335	63574	63575
114336	63577	63578
114337	63583	63585
114338	63587	63588
114339	63592	63593
114340	63594	63595
114341	63598	63599
114342	63603	63604
114343	63605	63606
114344	63610	63611
114345	63621	63622
114346	63631	63632
114347	63633	63634
114348	63635	63637
114349	63638	63641
114350	83028	4748
114351	63642	63643
114352	63649	63650
114353	63652	63653
114354	63658	63659
114355	63663	63664
114356	63670	63671
114357	63672	63673
114358	63674	63675
114359	63677	63678
114360	63688	63689
114361	63690	63691
114362	63695	63696
114363	63709	63710
114364	63724	64180
114365	63718	64167
114366	63717	63726
114367	63720	64174
114368	63725	63740
114369	90343	5076
114370	63727	63728
114371	63730	63737
114372	63738	63742
114373	63746	63747
114374	63748	63750
114375	63751	63752
114376	63753	63754
114377	63755	63759
114378	63766	63767
114379	63770	63771
114380	63772	63774
114381	63777	63778
114382	63783	63784
114383	63785	63788
114384	63790	63792
114385	63793	63794
114386	63795	63798
114387	63800	63801
114388	63805	63806
114389	63809	63810
114390	63811	63812
114391	63817	63818
114392	63819	63820
114393	63827	63828
114394	63830	63831
114395	63833	63835
114396	63838	63840
114397	63842	63843
114398	63844	63845
114399	103	5777
114400	63850	63851
114401	63852	63853
114402	63854	63855
114403	63861	63862
114404	63864	63865
114405	63866	63867
114406	63868	63870
114407	63872	63873
114408	63874	63875
114409	63876	63877
114410	63878	63879
114411	63884	63885
114412	63886	63887
114413	63893	63894
114414	63899	63900
114415	63905	63906
114416	63908	63910
114417	63915	63916
114418	63919	63920
114419	63927	63928
114420	63936	63937
114421	63939	63940
114422	63941	63942
114423	63943	63944
114424	63945	63946
114425	63954	63955
114426	63967	63968
114427	63969	63970
114428	63980	63981
114429	63986	63987
114430	63999	64000
114431	64001	64003
114432	64005	64006
114433	64007	64008
114434	64009	64010
114435	64015	64016
114436	64017	64018
114437	64019	64020
114438	64021	64022
114439	64024	64025
114440	64031	64032
114441	64046	64049
114442	64051	64052
114443	64057	64058
114444	64061	64062
114445	64063	64064
114446	64070	64071
114447	64074	64075
114448	64079	64080
114449	64081	64082
114450	64085	64086
114451	64092	64093
114452	64094	64095
114453	64100	64101
114454	64103	64106
114455	64113	64114
114456	64116	64117
114457	64118	64119
114458	64121	64122
114459	64126	64127
114460	64130	64131
114461	64132	64133
114462	64134	64136
114463	64138	64141
114464	64142	64143
114465	64145	64146
114466	64149	64150
114467	64155	64156
114468	64158	64159
114469	64166	64168
114470	64171	64172
114471	64182	64183
114472	64195	64196
114473	64197	64198
114474	64199	64200
114475	64204	64207
114476	64209	64210
114477	64215	64216
114478	64217	64218
114479	64225	64226
114480	64234	64235
114481	64240	64241
114482	64245	64246
114483	64248	64250
114484	64251	64252
114485	64254	64255
114486	64258	64259
114487	64261	64262
114488	64263	64264
114489	64266	64267
114490	64269	64270
114491	64272	64273
114492	64279	64280
114493	64281	64282
114494	64283	64284
114495	64287	64290
114496	64293	64294
114497	64310	64311
114498	64312	64313
114499	64315	64316
114500	64317	64318
114501	64322	64323
114502	64328	64329
114503	64331	64332
114504	64334	64335
114505	64340	64341
114506	64345	64347
114507	64348	64349
114508	64352	64354
114509	64355	64358
114510	64363	64364
114511	64366	64367
114512	64368	64369
114513	64376	64377
114514	64378	64379
114515	64381	64384
114516	64389	64390
114517	64411	64412
114518	64415	64416
114519	64417	64418
114520	64425	64426
114521	64429	64431
114522	64435	64436
114523	64438	64439
114524	64441	64442
114525	64446	64447
114526	64460	64461
114527	64466	64467
114528	64470	64471
114529	64478	64479
114530	64480	64481
114531	64622	64623
114532	64482	64483
114533	64484	64485
114534	64491	64493
114535	64499	64500
114536	64505	64508
114537	64509	64510
114538	64511	64512
114539	64514	64517
114540	64518	64519
114541	64520	64521
114542	64523	64524
114543	64539	64540
114544	64554	64555
114545	64557	64558
114546	64559	64560
114547	64561	64562
114548	64564	64565
114549	64570	64572
114550	64573	64575
114551	64576	64577
114552	64579	64580
114553	64582	64583
114554	64584	64585
114555	64586	64587
114556	64595	64596
114557	64599	64600
114558	64613	64614
114559	64616	64617
114560	64618	64621
114561	64624	64625
114562	64626	64627
114563	64633	64635
114564	64636	64638
114565	64639	64640
114566	64642	64643
114567	64646	64647
114568	64650	64651
114569	64652	64653
114570	64659	64660
114571	64668	64670
114572	64671	64672
114573	64680	64681
114574	64684	64686
114575	64687	64688
114576	64692	64694
114577	64698	64699
114578	64703	64704
114579	64706	64707
114580	64711	64712
114581	64713	64714
114582	64718	64719
114583	64724	64725
114584	64727	64728
114585	64729	64730
114586	64731	64734
114587	64735	64736
114588	64739	64741
114589	64742	64743
114590	64746	64748
114591	64753	64754
114592	64756	64758
114593	64762	64766
114594	64767	64768
114595	64771	64772
114596	64773	64774
114597	64794	64816
114598	64781	64782
114599	64786	64787
114600	64788	64789
114601	64795	64805
114602	64796	64826
114603	64798	64807
114604	64797	64815
114605	64799	64814
114606	64800	64823
114607	64801	64818
114608	64803	64809
114609	64802	64812
114610	64804	64806
114611	4012	5933
114612	64808	64836
114613	64810	64811
114614	64813	64822
114615	64817	64825
114616	64820	64829
114617	64819	64831
114618	64821	64824
114619	4014	10841
114620	64833	64834
114621	64827	64835
114622	64828	64830
114623	64832	64839
114624	64837	64838
114625	64850	64851
114626	64855	64856
114627	4014	19746
114628	64869	64870
114629	64875	64876
114630	64879	64880
114631	64881	64882
114632	64885	64886
114633	64887	64888
114634	64892	64894
114635	64895	64896
114636	64897	64898
114637	64900	64901
114638	64929	64930
114639	64932	64933
114640	64934	64936
114641	64937	64938
114642	64941	64942
114643	64948	64949
114644	64960	64962
114645	64965	64966
114646	64968	64970
114647	64972	64973
114648	64977	64978
114649	64979	64980
114650	64981	64982
114651	64983	64984
114652	64989	64990
114653	64992	64993
114654	64994	64997
114655	64998	65001
114656	65002	65003
114657	65004	65006
114658	65016	65018
114659	65019	65020
114660	65023	65024
114661	65025	65026
114662	65027	65028
114663	65032	65033
114664	65034	65036
114665	65037	65038
114666	65040	65041
114667	65042	65043
114668	65044	65045
114669	65046	65047
114670	65048	65049
114671	65051	65052
114672	65053	65055
114673	65056	65057
114674	65058	65059
114675	65060	65061
114676	65062	65063
114677	65068	65070
114678	65071	65072
114679	65081	65082
114680	65090	65091
114681	65093	65094
114682	65096	65097
114683	65099	65100
114684	65102	65103
114685	65104	65105
114686	65106	65107
114687	65110	65113
114688	65114	65115
114689	65118	65119
114690	65122	65123
114691	65126	65127
114692	65128	65130
114693	65131	65133
114694	65134	65135
114695	65145	65146
114696	65150	65151
114697	65152	65157
114698	65175	65176
114699	65177	65178
114700	65183	65184
114701	65189	65190
114702	65191	65192
114703	65197	65198
114704	65199	65202
114705	65205	65207
114706	65215	65216
114707	65218	65219
114708	65223	65224
114709	65225	65227
114710	65228	65229
114711	65234	65236
114712	65239	65240
114713	65248	65249
114714	65259	65260
114715	65262	65265
114716	65266	65267
114717	65270	65273
114718	65274	65275
114719	65276	65277
114720	4015	45439
114721	65278	65279
114722	65280	65281
114723	65282	65283
114724	65284	65285
114725	65286	65287
114726	65288	65289
114727	65290	65291
114728	65292	65293
114729	65295	65296
114730	65297	65299
114731	65303	65304
114732	65305	65306
114733	65311	65312
114734	65314	65315
114735	65316	65317
114736	65318	65319
114737	4016	8586
114738	65320	65321
114739	65322	65324
114740	65325	65326
114741	65329	65330
114742	65331	65332
114743	65334	65335
114744	65336	65337
114745	65338	65339
114746	65341	65343
114747	65345	65346
114748	65347	65348
114749	65349	65351
114750	65352	65353
114751	65354	65356
114752	65359	65360
114753	65363	65364
114754	65365	65366
114755	65370	65371
114756	65372	65373
114757	65377	65378
114758	65383	65384
114759	65385	65386
114760	65388	65390
114761	65391	65393
114762	65637	67267
114763	65396	65397
114764	65398	65399
114765	599	842
114766	65400	65401
114767	65411	65412
114768	65414	65416
114769	65420	65421
114770	65427	65428
114771	65429	65430
114772	65432	65434
114773	65436	65437
114774	65438	65439
114775	65440	65441
114776	65442	65443
114777	65444	65445
114778	65446	65447
114779	65448	65449
114780	65450	65451
114781	65452	65453
114782	65454	65455
114783	65456	65457
114784	65458	65459
114785	65463	65464
114786	65472	65473
114787	65476	65477
114788	65485	65487
114789	65490	65491
114790	65493	65494
114791	65505	65506
114792	4016	20682
114793	65507	65508
114794	65509	65510
114795	65511	65512
114796	65516	65517
114797	65531	65532
114798	65533	65534
114799	65536	65537
114800	65539	65541
114801	65547	65548
114802	65551	65552
114803	65554	65555
114804	65565	65566
114805	4016	17682
114806	65567	65568
114807	65569	65570
114808	65571	65572
114809	65573	65574
114810	65576	65577
114811	65578	65579
114812	65580	65581
114813	4017	4018
114814	65582	65583
114815	65584	65585
114816	65592	65594
114817	65595	65597
114818	65599	65601
114819	65602	65606
114820	65607	65608
114821	65613	65614
114822	65615	65616
114823	65618	65619
114824	65620	65621
114825	65622	65623
114826	65624	65625
114827	65626	65627
114828	65631	65633
114829	65634	65635
114830	65649	65650
114831	65651	65653
114832	65656	65658
114833	13	10581
114834	65665	65666
114835	65674	65675
114836	65676	65678
114837	65680	65681
114838	65683	65684
114839	65697	65698
114840	65699	65700
114841	65704	65706
114842	65707	65708
114843	65709	65710
114844	65713	65714
114845	65730	65731
114846	65738	65739
114847	65740	65741
114848	65746	65747
114849	65753	65754
114850	65755	65757
114851	65759	65760
114852	65761	65762
114853	65763	65764
114854	65765	65766
114855	65768	65769
114856	65770	65772
114857	65775	65777
114858	65776	76433
114859	65778	65779
114860	65782	65783
114861	65784	65788
114862	65789	65790
114863	65798	65799
114864	65804	65805
114865	65806	65807
114866	65808	65809
114867	65826	65828
114868	65830	65831
114869	65836	65837
114870	65862	65863
114871	65876	65877
114872	65882	65883
114873	65884	65885
114874	65891	65892
114875	65905	65906
114876	65912	65913
114877	65921	65922
114878	65925	65927
114879	65928	65929
114880	65936	65937
114881	65940	65941
114882	65944	65945
114883	65947	65948
114884	65956	65957
114885	65975	65976
114886	65958	65959
114887	65960	65961
114888	65962	65963
114889	65968	65969
114890	65977	65978
114891	65979	65981
114892	65982	65983
114893	65988	65989
114894	65992	65993
114895	65997	65998
114896	66004	66005
114897	66008	66009
114898	66010	66012
114899	66013	66014
114900	4019	4619
114901	4019	5117
114902	66015	66017
114903	66026	66027
114904	66028	66029
114905	66030	66031
114906	66040	66041
114907	66047	66048
114908	66051	66052
114909	66054	66056
114910	66057	66058
114911	66075	66076
114912	66087	66089
114913	66090	66091
114914	66092	66093
114915	66097	66098
114916	66099	66100
114917	66101	66102
114918	66111	66112
114919	66113	66114
114920	66115	66116
114921	66117	66118
114922	66119	66120
114923	66122	66123
114924	66125	66126
114925	66127	66128
114926	66129	66132
114927	66134	66135
114928	66146	66147
114929	66149	66150
114930	66151	66152
114931	66165	66166
114932	66174	66175
114933	66178	66179
114934	66180	66181
114935	66197	66198
114936	66202	66203
114937	66207	66208
114938	66219	66220
114939	66223	66224
114940	66226	66227
114941	66229	66230
114942	66231	66232
114943	66233	66234
114944	66235	66236
114945	66242	66244
114946	66245	66247
114947	66248	66249
114948	66251	66252
114949	66253	66254
114950	66260	66261
114951	66267	66268
114952	66272	66273
114953	66279	66280
114954	66281	66282
114955	66290	66292
114956	66300	66301
114957	66303	66304
114958	66307	66308
114959	66314	66315
114960	66317	66318
114961	66319	66320
114962	66321	66322
114963	66323	66324
114964	66325	66326
114965	66327	66328
114966	66330	66331
114967	66332	66333
114968	66343	66344
114969	66345	66347
114970	66348	66349
114971	66350	66351
114972	66352	66353
114973	66355	66357
114974	66359	66360
114975	66361	66362
114976	66376	66377
114977	66379	66380
114978	66381	66382
114979	66383	66385
114980	66386	66387
114981	216	226
114982	66388	66389
114983	66390	66391
114984	66392	66393
114985	66394	66395
114986	66396	66397
114987	66398	66399
114988	66400	66401
114989	66402	66403
114990	66404	66405
114991	66406	66407
114992	66408	66409
114993	66410	66411
114994	66412	66413
114995	66414	66415
114996	66416	66417
114997	66418	66419
114998	66428	66429
114999	66443	66444
115000	66447	66448
115001	66449	66451
115002	66454	66455
115003	66457	66458
115004	66468	66469
115005	66470	66471
115006	66475	66477
115007	66483	66484
115008	66512	66513
115009	66514	66515
115010	66518	66520
115011	66529	66531
115012	66536	66537
115013	66539	66540
115014	66541	66544
115015	66547	66548
115016	66549	66550
115017	66552	66553
115018	66554	66556
115019	66557	66558
115020	66560	66561
115021	66562	66563
115022	66573	66575
115023	66579	66580
115024	66582	66583
115025	66585	66586
115026	66587	66588
115027	66599	66600
115028	66602	66603
115029	66607	66608
115030	66616	66617
115031	66630	66631
115032	66636	66637
115033	66647	66648
115034	66657	66659
115035	66662	66663
115036	66681	66682
115037	66692	66693
115038	66700	66701
115039	66702	66704
115040	66725	66726
115041	66727	66728
115042	66733	66734
115043	66736	66737
115044	66739	66740
115045	66744	66745
115046	66748	66749
115047	66751	66753
115048	66754	66755
115049	66761	66762
115050	66765	66767
115051	66768	66769
115052	66771	66773
115053	66776	66777
115054	66782	66784
115055	66788	66789
115056	66790	66791
115057	66796	66798
115058	66801	66802
115059	66805	66806
115060	66815	66816
115061	66819	66820
115062	66822	66823
115063	66825	66826
115064	66829	66830
115065	66831	66832
115066	66834	66835
115067	66836	66837
115068	66838	66839
115069	66840	66841
115070	66844	66845
115071	66848	66849
115072	66852	66853
115073	66858	66859
115074	66872	66873
115075	66874	66875
115076	66878	66879
115077	66880	66881
115078	66882	66883
115079	66884	66885
115080	66887	66888
115081	66905	66906
115082	66907	66909
115083	66917	66918
115084	66919	66921
115085	66922	66924
115086	66927	66928
115087	66929	66930
115088	66931	66932
115089	66933	66934
115090	66936	66938
115091	66939	66940
115092	66941	66942
115093	66944	66945
115094	66947	66949
115095	66968	66969
115096	66971	66973
115097	66974	66975
115098	66976	66977
115099	66978	66979
115100	66982	66984
115101	66987	66988
115102	66989	66990
115103	66995	66996
115104	66997	66998
115105	67000	67001
115106	67005	67006
115107	67023	67024
115108	67031	67032
115109	67033	67034
115110	67039	67040
115111	67041	67042
115112	103	21651
115113	67043	67044
115114	67045	67046
115115	67047	67050
115116	67062	67063
115117	67076	67077
115118	67078	67079
115119	67080	67081
115120	67087	67089
115121	67092	67093
115122	67094	67095
115123	67097	67098
115124	67104	67106
115125	67111	67112
115126	4019	16856
115127	67113	67114
115128	67121	67122
115129	67131	67132
115130	67133	67135
115131	67138	67139
115132	67159	67160
115133	67162	67163
115134	67164	67165
115135	67166	67167
115136	67168	67169
115137	67170	67172
115138	67173	67174
115139	67175	67176
115140	67177	67178
115141	67180	67181
115142	67182	67184
115143	67185	67186
115144	67187	67188
115145	67204	67205
115146	67207	67208
115147	67209	67210
115148	67211	67213
115149	67214	67215
115150	67218	67219
115151	67231	67232
115152	67235	67236
115153	67240	67241
115154	67244	67245
115155	67248	67249
115156	67250	67251
115157	67252	67253
115158	67254	67255
115159	67258	67259
115160	67261	67262
115161	67271	67272
115162	67276	67277
115163	67293	67294
115164	67296	67297
115165	67302	67303
115166	67311	67312
115167	67313	67314
115168	67320	67321
115169	67323	67325
115170	67333	67334
115171	67335	67336
115172	67341	67342
115173	67345	67346
115174	67347	67348
115175	67349	67350
115176	67360	67362
115177	67370	67371
115178	67374	67375
115179	67376	67378
115180	67379	67380
115181	67382	67383
115182	67388	67389
115183	67394	67395
115184	67402	67403
115185	67404	67405
115186	67406	67407
115187	67408	67409
115188	67410	67411
115189	67413	67414
115190	67417	67418
115191	67425	67426
115192	67427	67428
115193	67435	67436
115194	67608	67609
115195	67438	67439
115196	67443	67444
115197	67448	67450
115198	67451	67453
115199	67454	67455
115200	67460	67462
115201	67469	67470
115202	67477	67478
115203	67480	67481
115204	67486	67488
115205	67491	67492
115206	67494	67495
115207	67510	67511
115208	67525	67526
115209	67527	67528
115210	67532	67533
115211	67544	67545
115212	67553	67554
115213	67558	67559
115214	67564	67565
115215	67573	67574
115216	67575	67576
115217	67588	67589
115218	67591	67592
115219	67595	67596
115220	67617	67620
115221	67625	67626
115222	67630	67631
115223	67633	67636
115224	67644	67645
115225	67659	67660
115226	67665	67666
115227	67667	67668
115228	67672	67673
115229	67681	67682
115230	67683	67684
115231	67686	67688
115232	67689	67690
115233	67691	67692
115234	67693	67694
115235	67695	67696
115236	67697	67698
115237	67700	67701
115238	67705	67706
115239	67711	67712
115240	67716	67717
115241	67721	67722
115242	67736	67737
115243	67739	67740
115244	67741	67743
115245	67744	67745
115246	67755	67756
115247	67761	67762
115248	67764	67766
115249	67773	67774
115250	67778	67782
115251	67786	67787
115252	67788	67789
115253	67828	67832
115254	67791	67793
115255	67804	67805
115256	67809	67810
115257	67814	67815
115258	67829	67830
115259	67834	67835
115260	67838	67839
115261	67840	67841
115262	67842	67846
115263	67854	67855
115264	67856	67857
115265	67864	67867
115266	67868	67872
115267	67873	67874
115268	67877	67878
115269	67880	67881
115270	67886	67887
115271	67890	67891
115272	67894	67895
115273	67896	67897
115274	67901	67902
115275	67903	67904
115276	67905	67906
115277	67914	67915
115278	67918	67919
115279	67921	67922
115280	67923	67924
115281	67927	67928
115282	67929	67930
115283	67931	67932
115284	67933	67935
115285	67936	67937
115286	67938	67939
115287	67940	67941
115288	67942	67943
115289	67960	67961
115290	4019	4678
115291	67962	67963
115292	67964	67965
115293	67966	67967
115294	67968	67970
115295	67971	67972
115296	67973	67975
115297	67976	67977
115298	67978	67979
115299	67980	67981
115300	67982	67984
115301	67986	67987
115302	67996	67999
115303	68009	68010
115304	68020	68021
115305	68026	68027
115306	68028	68029
115307	68035	68036
115308	68037	68038
115309	68040	68041
115310	68043	68044
115311	68045	68046
115312	68048	68049
115313	68050	68051
115314	68058	68059
115315	68061	68062
115316	68064	68067
115317	68069	68071
115318	68082	68084
115319	68085	68086
115320	103	2883
115321	68094	68095
115322	68097	68099
115323	68100	68101
115324	68108	68109
115325	68110	68113
115326	68114	68115
115327	68116	68117
115328	68124	68125
115329	68130	68131
115330	68134	68136
115331	68137	68138
115332	68140	68141
115333	68143	68144
115334	68150	68151
115335	68152	68153
115336	68154	68156
115337	68157	68158
115338	68162	68163
115339	68164	68165
115340	68170	68171
115341	68174	68175
115342	68186	68187
115343	68192	68193
115344	68200	68201
115345	68203	68204
115346	68208	68209
115347	68221	68222
115348	68223	68224
115349	68228	68229
115350	68231	68232
115351	68242	68243
115352	68251	68252
115353	68254	68255
115354	68257	68258
115355	68261	68262
115356	68282	68283
115357	68284	68285
115358	68293	68295
115359	68296	68297
115360	68315	68317
115361	68324	68325
115362	68333	68334
115363	68335	68337
115364	68339	68340
115365	68341	68342
115366	68347	68348
115367	68352	68353
115368	68356	68359
115369	68363	68366
115370	68367	68368
115371	68369	68370
115372	68372	68373
115373	68374	68376
115374	68377	68379
115375	90355	76269
115376	68437	68439
115377	68380	68382
115378	68383	68384
115379	68385	68386
115380	68388	68389
115381	68390	68392
115382	68411	68412
115383	68415	68416
115384	68417	68418
115385	68421	68422
115386	68428	68429
115387	68430	68431
115388	68435	68436
115389	68443	68444
115390	68446	68447
115391	68458	68459
115392	68462	68463
115393	68466	68467
115394	68472	68473
115395	68476	68477
115396	68480	68481
115397	68482	68483
115398	68486	68488
115399	68491	68492
115400	68494	68495
115401	68499	68500
115402	68501	68502
115403	68503	68504
115404	68505	68506
115405	68508	68509
115406	68510	68511
115407	68512	68513
115408	68515	68516
115409	68519	68520
115410	68522	68523
115411	68524	68526
115412	68532	68533
115413	68561	68563
115414	68564	68565
115415	68568	68569
115416	68575	68576
115417	68585	68586
115418	68587	68588
115419	68591	68592
115420	68593	68594
115421	68596	68597
115422	68598	68599
115423	68610	68611
115424	68615	68616
115425	68619	68620
115426	68636	68637
115427	68642	68643
115428	68644	68645
115429	68646	68647
115430	68650	68651
115431	68652	68653
115432	68656	68657
115433	68658	68659
115434	68663	68664
115435	68680	68681
115436	68685	68686
115437	68687	68688
115438	68694	68695
115439	68699	68702
115440	68719	68720
115441	68721	68722
115442	68745	68746
115443	68747	68748
115444	68749	68750
115445	68754	68755
115446	68764	68765
115447	68766	68767
115448	68772	68773
115449	68774	68775
115450	68779	68780
115451	68781	68782
115452	68791	68793
115453	68796	68797
115454	68799	68800
115455	68801	68802
115456	68804	68805
115457	68806	68807
115458	68819	68820
115459	68821	68822
115460	68823	68824
115461	68825	68826
115462	68827	68828
115463	68830	68832
115464	68836	68839
115465	68842	68843
115466	68862	68863
115467	68884	68885
115468	68894	68895
115469	68916	68917
115470	68934	68935
115471	68938	68939
115472	68940	68941
115473	68942	68943
115474	68945	68946
115475	68950	68951
115476	68953	68954
115477	68955	68956
115478	68961	68962
115479	68964	68965
115480	68968	68970
115481	68976	68977
115482	68985	68986
115483	68989	68990
115484	68998	68999
115485	69001	69002
115486	69003	69004
115487	69005	69006
115488	69009	69010
115489	69014	69015
115490	69017	69018
115491	69025	69026
115492	69034	69035
115493	69036	69037
115494	69038	69039
115495	69040	69041
115496	69042	69043
115497	69044	69045
115498	69047	69048
115499	69065	69066
115500	69072	69073
115501	69075	69076
115502	69089	69090
115503	69093	69094
115504	69097	69098
115505	69100	69101
115506	69106	69107
115507	69108	69109
115508	69111	69113
115509	69114	69115
115510	69118	69119
115511	69121	69122
115512	69130	69131
115513	69139	69140
115514	69146	69147
115515	69151	69152
115516	69153	69154
115517	69155	69156
115518	69157	69159
115519	69160	69161
115520	69162	69163
115521	69172	69173
115522	69176	69178
115523	69180	69182
115524	69184	69186
115525	69187	69188
115526	69190	69191
115527	69192	69193
115528	69197	69198
115529	69204	69205
115530	69207	69208
115531	69214	69215
115532	69223	69224
115533	69226	69227
115534	69235	69237
115535	69238	69239
115536	69249	69250
115537	69254	69255
115538	69257	69258
115539	69260	69261
115540	69274	69275
115541	69279	69280
115542	69284	69285
115543	69287	69288
115544	69296	69297
115545	69298	69299
115546	69306	69307
115547	69308	69309
115548	69313	69314
115549	69316	69319
115550	69320	69321
115551	69322	69323
115552	69326	69327
115553	69329	69330
115554	69331	69332
115555	69333	69334
115556	69336	69337
115557	69347	69348
115558	69349	69350
115559	69355	69356
115560	69357	69358
115561	69362	69364
115562	69366	69367
115563	69368	69369
115564	69370	69371
115565	69372	69373
115566	69374	69375
115567	69377	69380
115568	69381	69382
115569	69383	69384
115570	69385	69386
115571	69388	69389
115572	69391	69392
115573	69394	69395
115574	69396	69397
115575	69398	69400
115576	69401	69402
115577	69403	69404
115578	69405	69406
115579	69407	69408
115580	69409	69410
115581	69411	69412
115582	69414	69415
115583	69417	69419
115584	69424	69425
115585	69426	69427
115586	69436	69437
115587	69439	69440
115588	69441	69442
115589	69446	69447
115590	69448	69449
115591	69462	69463
115592	69464	69465
115593	69471	69472
115594	69473	69474
115595	69476	69477
115596	69484	69485
115597	69495	69496
115598	69500	69501
115599	69505	69506
115600	69509	69510
115601	69511	69512
115602	69523	69524
115603	69536	69537
115604	69538	69539
115605	69544	69545
115606	69554	69556
115607	69560	69561
115608	69565	69566
115609	69571	69572
115610	69577	69578
115611	69582	69583
115612	69586	69588
115613	69595	69596
115614	69599	69600
115615	69604	69605
115616	69613	69614
115617	69619	69620
115618	69622	69623
115619	4019	6131
115620	69624	69625
115621	69629	69630
115622	69636	69637
115623	69642	69643
115624	69645	69646
115625	69647	69648
115626	69651	69652
115627	69654	69655
115628	69657	69658
115629	69663	69664
115630	69681	69682
115631	69684	69685
115632	69687	69688
115633	69690	69691
115634	69873	69875
115635	69697	69698
115636	69700	69701
115637	69706	69707
115638	69718	69719
115639	69723	69724
115640	69727	69728
115641	69729	69730
115642	69737	69738
115643	69740	69741
115644	69754	69755
115645	69759	69760
115646	69776	69777
115647	69779	69781
115648	69782	69783
115649	69801	69802
115650	69807	69808
115651	69812	69813
115652	69817	69818
115653	69825	69826
115654	69827	69829
115655	69831	69832
115656	69841	69844
115657	69848	69849
115658	69855	69857
115659	69864	69866
115660	69867	69868
115661	69872	69874
115662	69878	69879
115663	69881	69882
115664	69885	69886
115665	69888	69889
115666	69891	69892
115667	69893	69894
115668	69895	69896
115669	69897	69898
115670	69899	69900
115671	69901	69902
115672	69903	69905
115673	69906	69907
115674	69914	69915
115675	69918	69919
115676	69922	69924
115677	69932	69933
115678	69936	69937
115679	69941	69942
115680	69961	69962
115681	69966	69967
115682	69972	69973
115683	69983	69985
115684	69991	69992
115685	69993	69994
115686	69995	69996
115687	69997	69998
115688	70011	70012
115689	70013	70014
115690	70021	70022
115691	70026	70027
115692	70028	70029
115693	70030	70032
115694	70035	70036
115695	70044	70045
115696	70046	70047
115697	70053	70054
115698	70059	70060
115699	70061	70062
115700	70064	70065
115701	70069	70070
115702	70072	70074
115703	70085	70086
115704	70087	70089
115705	70090	70091
115706	70092	70093
115707	70094	70097
115708	70099	70100
115709	70102	70103
115710	70107	70108
115711	70109	70110
115712	70115	70116
115713	70122	70124
115714	70125	70126
115715	70129	70130
115716	70134	70135
115717	70139	70140
115718	70147	70148
115719	70151	70152
115720	70158	70159
115721	70165	70166
115722	70170	70171
115723	70174	70175
115724	70177	70178
115725	70182	70183
115726	70189	70190
115727	70191	70192
115728	70194	70195
115729	70197	70198
115730	70199	70200
115731	70201	70202
115732	70206	70207
115733	70209	70210
115734	70216	70217
115735	70227	70228
115736	70232	70234
115737	70247	70248
115738	70249	70250
115739	70253	70254
115740	70255	70256
115741	70261	70262
115742	70283	70284
115743	70285	70287
115744	70293	70295
115745	70298	70299
115746	70308	70309
115747	70316	70317
115748	70318	70319
115749	70320	70321
115750	70325	70326
115751	70328	70330
115752	70331	70332
115753	70336	70337
115754	70338	70339
115755	70341	70342
115756	70343	70344
115757	70352	70353
115758	70357	70358
115759	70360	70361
115760	70368	70369
115761	70371	70372
115762	70373	70374
115763	70378	70379
115764	70380	70381
115765	70385	70386
115766	70396	70397
115767	70412	70413
115768	70418	70419
115769	70423	70424
115770	70442	70443
115771	70445	70446
115772	70452	70453
115773	70459	70460
115774	70466	70467
115775	70472	70473
115776	70474	70475
115777	70488	70489
115778	70495	70496
115779	70497	70498
115780	70503	70504
115781	70511	70513
115782	70514	70515
115783	70529	70530
115784	70533	70534
115785	70541	70542
115786	70547	70548
115787	70549	70550
115788	70553	70554
115789	70563	70564
115790	70565	70566
115791	70567	70568
115792	70583	70584
115793	70588	70589
115794	70591	70592
115795	70598	70599
115796	70604	70605
115797	70607	70609
115798	4019	47592
115799	70610	70611
115800	70614	70615
115801	70625	70626
115802	70627	70628
115803	70629	70630
115804	70633	70635
115805	70643	70644
115806	70651	70652
115807	70667	70668
115808	70671	70672
115809	70679	70680
115810	70682	70683
115811	70684	70685
115812	70687	70688
115813	70690	70691
115814	70693	70694
115815	70695	70696
115816	70698	70699
115817	70701	70702
115818	70705	70706
115819	70709	70710
115820	70714	70715
115821	70717	70718
115822	70727	70728
115823	70731	70732
115824	70733	70734
115825	70735	70736
115826	70749	70750
115827	70753	70754
115828	70757	70758
115829	70761	70762
115830	70767	70768
115831	70771	70772
115832	70774	70775
115833	1535	22864
115834	70776	70777
115835	70795	70796
115836	70801	70802
115837	70804	70805
115838	70817	70818
115839	70820	70821
115840	70822	70823
115841	70827	70828
115842	70832	70833
115843	70836	70837
115844	70849	70850
115845	70853	70854
115846	70855	70856
115847	70870	70871
115848	70875	70876
115849	70887	70888
115850	70889	70890
115851	70893	70894
115852	70895	70896
115853	70905	70906
115854	70912	70913
115855	70914	70915
115856	70916	70917
115857	70918	70919
115858	70920	70921
115859	70924	70925
115860	70927	70928
115861	70929	70930
115862	70934	70935
115863	70936	70937
115864	70938	70939
115865	70942	70943
115866	70944	70945
115867	70946	70947
115868	70949	70950
115869	70952	70954
115870	70964	70965
115871	70972	70973
115872	70974	70975
115873	70983	70984
115874	70986	70987
115875	70994	70995
115876	70996	70997
115877	71004	71005
115878	71013	71014
115879	71015	71016
115880	71042	71043
115881	71045	71046
115882	71047	71048
115883	71049	71050
115884	71051	71052
115885	71054	71055
115886	71064	71065
115887	71074	71075
115888	71076	71077
115889	71080	71081
115890	71082	71083
115891	71087	71088
115892	71103	71104
115893	71121	71122
115894	71126	71127
115895	71136	71137
115896	71140	71141
115897	71146	71147
115898	71148	71149
115899	71151	71152
115900	71153	71155
115901	71160	71162
115902	71174	71175
115903	71177	71178
115904	71187	71188
115905	71204	71206
115906	71207	71208
115907	71209	71210
115908	71214	71215
115909	71218	71219
115910	71220	71221
115911	71222	71223
115912	71224	71225
115913	71240	71241
115914	71244	71245
115915	71246	71247
115916	71248	71249
115917	71252	71253
115918	71254	71255
115919	71256	71257
115920	71259	71260
115921	71261	71262
115922	71263	71264
115923	71265	71266
115924	71267	71268
115925	71269	71270
115926	71679	71680
115927	71271	71272
115928	71288	71289
115929	71291	71292
115930	71301	71302
115931	71303	71304
115932	71306	71307
115933	71314	71315
115934	71319	71320
115935	71321	71322
115936	71324	71325
115937	71327	71328
115938	71329	71330
115939	71331	71332
115940	71333	71334
115941	71335	71337
115942	71340	71341
115943	71342	71343
115944	71354	71355
115945	71388	71389
115946	71390	71391
115947	71392	71393
115948	71396	71397
115949	71404	71405
115950	71410	71411
115951	71417	71418
115952	71432	71433
115953	71434	71435
115954	71436	71437
115955	4020	28544
115956	71440	71441
115957	71446	71447
115958	71454	71455
115959	71457	71458
115960	71474	71475
115961	216	10502
115962	71476	71477
115963	71478	71479
115964	71480	71481
115965	71482	71483
115966	71486	71487
115967	71488	71489
115968	71494	71495
115969	71503	71504
115970	71511	71512
115971	71523	71524
115972	71531	71532
115973	71533	71534
115974	71546	71547
115975	71548	71549
115976	71550	71551
115977	71552	71553
115978	71560	71561
115979	71562	71563
115980	71568	71569
115981	71570	71571
115982	71573	71574
115983	71575	71576
115984	71584	71585
115985	71596	71597
115986	71598	71600
115987	71605	71606
115988	71609	71611
115989	71629	71630
115990	71632	71633
115991	71637	71638
115992	71643	71644
115993	71645	71646
115994	71652	71653
115995	71657	71658
115996	71668	71669
115997	71692	71693
115998	71695	71696
115999	71697	71698
116000	71699	71700
116001	71702	71703
116002	71704	71705
116003	71707	71708
116004	71717	71718
116005	71720	71721
116006	71723	71724
116007	71742	71743
116008	71746	71748
116009	71758	71759
116010	71761	71762
116011	71764	71765
116012	71782	71783
116013	71784	71786
116014	71792	71793
116015	71794	71795
116016	71796	71797
116017	71798	71799
116018	71808	71809
116019	71815	71816
116020	71817	71818
116021	71823	71824
116022	71828	71829
116023	71830	71831
116024	71835	71836
116025	71839	71840
116026	71841	71842
116027	71843	71844
116028	71848	71849
116029	71860	71861
116030	71864	71865
116031	71866	71867
116032	71868	71869
116033	71870	71871
116034	71875	71876
116035	71879	71880
116036	71882	71883
116037	71884	71885
116038	71886	71887
116039	71896	71897
116040	71905	71907
116041	71908	71909
116042	71910	71911
116043	71912	71913
116044	71915	71916
116045	71938	71939
116046	71944	71945
116047	71961	71962
116048	71965	71966
116049	71969	71970
116050	71971	71972
116051	71982	71983
116052	71984	71985
116053	71990	71991
116054	71992	71993
116055	71997	71998
116056	71999	72000
116057	72015	72016
116058	72027	72028
116059	72031	72032
116060	72040	72041
116061	72046	72047
116062	72052	72053
116063	72062	72063
116064	72065	72066
116065	72085	72087
116066	72086	72089
116067	72102	72103
116068	72107	72108
116069	72111	72112
116070	72113	72114
116071	72121	72122
116072	72127	72128
116073	72133	72134
116074	72135	72136
116075	72137	72138
116076	72140	72141
116077	72144	76949
116078	72151	72152
116079	72160	72161
116080	72172	72173
116081	72179	72181
116082	72184	72185
116083	72190	72191
116084	72195	72196
116085	72203	72205
116086	72209	72210
116087	72214	72215
116088	72230	72231
116089	72242	72243
116090	72245	72246
116091	72248	72249
116092	72261	72262
116093	72264	72265
116094	72272	72273
116095	72278	72279
116096	72280	72281
116097	72288	72289
116098	72294	72295
116099	72300	72301
116100	72304	72305
116101	72307	72308
116102	72309	72310
116103	72311	72312
116104	72315	72317
116105	72318	72319
116106	4021	4226
116107	72320	72321
116108	72336	72337
116109	72341	72342
116110	72345	72346
116111	72348	72349
116112	72371	72372
116113	72375	72376
116114	72378	72379
116115	72382	72383
116116	72387	72388
116117	72395	72396
116118	72405	72406
116119	72408	72409
116120	72413	72414
116121	72426	72427
116122	72428	72429
116123	72434	72435
116124	72448	72449
116125	72454	72455
116126	72467	72468
116127	72473	72474
116128	72477	72478
116129	72481	72482
116130	72483	72484
116131	72496	72497
116132	72671	72672
116133	72525	72527
116134	72533	72534
116135	72537	72538
116136	72547	72548
116137	72554	72555
116138	72557	72558
116139	72568	72569
116140	72572	72573
116141	72580	72581
116142	72587	72588
116143	72599	72600
116144	72602	72603
116145	72618	72619
116146	72621	72622
116147	72625	72626
116148	72628	72629
116149	72634	72635
116150	72636	72637
116151	72642	72643
116152	72647	72648
116153	72657	72658
116154	72659	72660
116155	72662	72663
116156	72664	72665
116157	4022	4028
116158	72666	72667
116159	72673	72674
116160	72677	72678
116161	72683	72684
116162	72685	72687
116163	72692	72693
116164	72699	72700
116165	72701	72702
116166	72704	72705
116167	72706	72707
116168	72708	72709
116169	72710	72711
116170	72713	72715
116171	72716	72717
116172	72719	72720
116173	72728	72729
116174	72747	72749
116175	72751	72752
116176	72754	72755
116177	72770	72771
116178	72773	72774
116179	72777	72778
116180	72782	72783
116181	72787	72788
116182	72790	72791
116183	72793	72794
116184	72795	72796
116185	72797	72798
116186	72802	72803
116187	72806	72807
116188	72809	72810
116189	72828	72829
116190	72834	72835
116191	72844	72845
116192	72846	72847
116193	72848	72849
116194	72868	72869
116195	72871	72872
116196	72875	72876
116197	72877	72878
116198	72883	72885
116199	72887	72888
116200	72889	72890
116201	72900	72901
116202	72904	72905
116203	72918	72919
116204	72923	72924
116205	72930	72931
116206	72938	72939
116207	72940	72941
116208	72990	72991
116209	72992	72993
116210	72994	72997
116211	72998	72999
116212	73000	73001
116213	73002	73003
116214	73004	73005
116215	73006	73007
116216	73008	73009
116217	73010	73011
116218	73012	73013
116219	73014	73015
116220	73018	73019
116221	73024	73025
116222	73030	73031
116223	73044	73045
116224	73049	73050
116225	73058	73059
116226	73076	73077
116227	73079	73080
116228	73091	73092
116229	73112	73113
116230	73123	73125
116231	73128	73129
116232	4024	13030
116233	73130	73131
116234	73133	73134
116235	73135	73136
116236	73144	73145
116237	73146	73147
116238	73153	73154
116239	73155	73156
116240	73162	73163
116241	73168	73169
116242	73170	73172
116243	73175	73176
116244	73180	73181
116245	73182	73183
116246	73186	73187
116247	73197	73198
116248	73209	73211
116249	73216	73217
116250	73218	73219
116251	73228	73229
116252	73237	73238
116253	73251	73252
116254	73260	73261
116255	73268	73269
116256	73270	73271
116257	73272	73273
116258	73279	73280
116259	73285	73286
116260	73287	73288
116261	73289	73290
116262	73292	73293
116263	73298	73299
116264	73300	73301
116265	73310	73311
116266	73315	73316
116267	73326	73327
116268	73337	73338
116269	73343	73344
116270	73350	73351
116271	73352	73354
116272	73355	73356
116273	73367	73368
116274	73379	73380
116275	73381	73382
116276	73383	73384
116277	73385	73386
116278	73387	73388
116279	73389	73390
116280	73391	73392
116281	73393	73394
116282	73405	73406
116283	73411	73412
116284	73419	73421
116285	73422	73426
116286	73441	73442
116287	73449	73450
116288	73456	73457
116289	73459	73460
116290	73420	73423
116291	73462	73463
116292	73467	73468
116293	73474	73475
116294	73483	73484
116295	73485	73487
116296	73513	73514
116297	73519	73520
116298	73522	73523
116299	73537	73538
116300	73545	73546
116301	73552	73553
116302	73554	73555
116303	73557	73558
116304	73561	73562
116305	73568	73570
116306	73577	73578
116307	73581	73582
116308	73593	73594
116309	73596	73597
116310	73598	73599
116311	73615	73616
116312	73617	73618
116313	73627	73628
116314	73633	73634
116315	73635	73636
116316	73637	73638
116317	73651	73652
116318	73660	73661
116319	73665	73666
116320	73668	73669
116321	73673	73674
116322	73677	73678
116323	73686	73687
116324	73701	73702
116325	73705	73706
116326	73708	73709
116327	73710	73711
116328	73713	73714
116329	73715	73716
116330	73741	73742
116331	73770	73771
116332	73772	73773
116333	73774	73775
116334	73778	73780
116335	73784	73785
116336	73786	73787
116337	73791	73792
116338	73796	73797
116339	73798	73799
116340	73801	73802
116341	73803	73804
116342	73812	73813
116343	599	5546
116344	73815	73816
116345	73818	73819
116346	73820	73821
116347	73823	73824
116348	73832	73833
116349	73844	73845
116350	73848	73849
116351	73851	73852
116352	73853	73855
116353	73858	73859
116354	73870	73871
116355	73892	73893
116356	73896	73897
116357	73900	73901
116358	73902	73903
116359	73906	73907
116360	73913	73914
116361	73929	73930
116362	73931	73932
116363	73938	73939
116364	73945	73946
116365	73950	73951
116366	73960	73961
116367	73977	73978
116368	73979	73980
116369	74008	74009
116370	74014	74015
116371	74018	74019
116372	74021	74022
116373	74029	74030
116374	74037	74038
116375	74039	74040
116376	74041	74042
116377	74045	74046
116378	74057	74058
116379	74064	74065
116380	74076	74077
116381	74081	74082
116382	74093	74094
116383	74099	74100
116384	74124	74125
116385	74132	74133
116386	74146	74147
116387	74149	74150
116388	74161	74162
116389	74169	74170
116390	74199	74200
116391	74201	74202
116392	74204	74205
116393	74207	74208
116394	74216	74217
116395	74228	74229
116396	74234	74235
116397	74242	74243
116398	74255	74256
116399	74257	74258
116400	74259	74260
116401	74268	74269
116402	74274	74275
116403	74285	74286
116404	74289	74290
116405	74308	74309
116406	74311	74312
116407	74331	74332
116408	74336	74337
116409	74341	74342
116410	74349	74350
116411	74358	74359
116412	74369	74370
116413	74379	74380
116414	74381	74382
116415	74383	74384
116416	4025	10582
116417	74385	74386
116418	74387	74388
116419	74389	74390
116420	74392	74393
116421	74394	74395
116422	74410	74411
116423	74412	74413
116424	74419	74420
116425	74439	74440
116426	74448	74449
116427	74457	74459
116428	74460	74461
116429	74475	74476
116430	74480	74481
116431	74483	74484
116432	74485	74486
116433	74496	74497
116434	74525	74526
116435	74532	74533
116436	74534	74535
116437	74720	74721
116438	74536	74537
116439	74539	74540
116440	74547	74548
116441	74555	74556
116442	74569	74570
116443	74573	74574
116444	74575	74577
116445	74609	74610
116446	74617	74618
116447	74623	74624
116448	74625	74626
116449	74627	74628
116450	74655	74656
116451	74663	74664
116452	74665	74666
116453	74673	74674
116454	74682	74683
116455	74688	74689
116456	74696	74697
116457	74700	74701
116458	74709	74710
116459	74731	74732
116460	74735	74736
116461	74762	74763
116462	74767	74768
116463	74780	74782
116464	74787	74789
116465	74817	74818
116466	74858	74859
116467	74916	74917
116468	74871	74872
116469	74874	74875
116470	74891	74892
116471	74893	74894
116472	74899	74900
116473	74903	74904
116474	74920	74921
116475	74924	74925
116476	74928	74929
116477	74931	74932
116478	74933	74934
116479	74938	74939
116480	74940	74941
116481	74942	74943
116482	74944	74945
116483	74946	74947
116484	74948	74949
116485	74950	74951
116486	74953	74954
116487	74956	74957
116488	74958	74959
116489	74981	74982
116490	74985	74986
116491	74988	74989
116492	74990	74991
116493	74992	74993
116494	74996	74997
116495	75000	75001
116496	75020	75021
116497	75029	75030
116498	75036	75037
116499	75054	75055
116500	75063	75064
116501	75067	75068
116502	75074	75075
116503	75081	75082
116504	75094	75095
116505	75100	75101
116506	75117	75118
116507	75137	75138
116508	75142	75143
116509	75163	75164
116510	75168	75169
116511	75181	75182
116512	75183	75184
116513	75196	75197
116514	75198	75199
116515	75202	75203
116516	75215	75216
116517	75232	75233
116518	75243	75244
116519	75316	75317
116520	75256	75257
116521	75261	75262
116522	75271	75272
116523	75273	75274
116524	75275	75276
116525	75292	75293
116526	75294	75295
116527	75306	75307
116528	75328	75329
116529	75333	75334
116530	75335	75336
116531	75337	75338
116532	75341	75342
116533	75350	75351
116534	75352	75353
116535	75374	75375
116536	75376	75377
116537	75395	75396
116538	75407	75408
116539	75426	75427
116540	75471	75472
116541	75473	75475
116542	75477	75478
116543	75480	75481
116544	75482	75483
116545	75502	75503
116546	75520	75521
116547	75528	75529
116548	75535	75536
116549	75546	75547
116550	75549	75550
116551	75551	75552
116552	75585	75586
116553	75592	75593
116554	75596	75597
116555	75617	75618
116556	75624	75625
116557	75626	75627
116558	75638	75639
116559	75658	75659
116560	75680	75681
116561	75688	75690
116562	75691	75692
116563	75693	75694
116564	75695	75696
116565	75697	75698
116566	75699	75700
116567	75701	75702
116568	75703	75704
116569	75705	75706
116570	75707	75708
116571	75709	75710
116572	75711	75712
116573	75713	75714
116574	75715	75716
116575	4027	9370
116576	75762	75763
116577	75764	75765
116578	75785	75786
116579	85184	76104
116580	75799	75800
116581	75816	75817
116582	75819	75820
116583	75855	75856
116584	75871	75872
116585	75873	75874
116586	75882	75883
116587	75885	75886
116588	75907	75908
116589	75913	75914
116590	75932	75933
116591	75960	75961
116592	75986	75987
116593	76005	76006
116594	76007	76008
116595	76009	76010
116596	76028	76029
116597	76042	76043
116598	76078	76079
116599	76084	76085
116600	76088	76089
116601	76092	76093
116602	76094	76095
116603	76108	76109
116604	76111	76112
116605	76113	76114
116606	76116	76117
116607	76124	76125
116608	76132	76133
116609	76142	76144
116610	76162	76163
116611	76168	76169
116612	76175	76176
116613	76178	76179
116614	76180	76181
116615	76186	76187
116616	76193	76194
116617	76199	76200
116618	76203	76204
116619	76218	76219
116620	76230	76231
116621	76249	76250
116622	76251	76252
116623	76253	76254
116624	76255	76256
116625	76260	76261
116626	76265	76266
116627	76291	76292
116628	76304	76305
116629	76328	76329
116630	76335	76336
116631	76338	76339
116632	76340	76341
116633	76349	76350
116634	76355	76356
116635	76366	76367
116636	76369	76370
116637	76382	76383
116638	76386	76387
116639	76411	76412
116640	76443	76444
116641	76448	76449
116642	76451	76452
116643	76460	76462
116644	76464	76465
116645	76466	76467
116646	76468	76469
116647	76476	76477
116648	76511	76512
116649	76514	76515
116650	76516	76517
116651	76527	76528
116652	76538	76539
116653	76542	76543
116654	76544	76545
116655	76549	76550
116656	76557	76558
116657	76569	76570
116658	76578	76579
116659	76588	76589
116660	76594	76595
116661	76637	76638
116662	76643	76644
116663	76648	76650
116664	76668	76669
116665	76681	76682
116666	76692	76693
116667	76711	76712
116668	76716	76717
116669	76726	76727
116670	76875	76882
116671	76728	76729
116672	76736	76737
116673	76747	76748
116674	76775	76776
116675	76807	76808
116676	76809	76810
116677	76826	76827
116678	76859	76860
116679	76863	76864
116680	76870	76872
116681	76871	76874
116682	76876	76877
116683	76878	76879
116684	76884	76885
116685	76894	76895
116686	76900	76901
116687	76907	76908
116688	76912	76913
116689	76931	76932
116690	76951	76952
116691	76953	76954
116692	76963	76964
116693	76979	76980
116694	76983	76984
116695	76985	76986
116696	76992	76993
116697	76994	76995
116698	76996	76997
116699	77013	77014
116700	77020	77021
116701	77026	77027
116702	77047	77048
116703	77068	77069
116704	77070	77071
116705	77079	77080
116706	77082	77083
116707	77087	77088
116708	77093	77094
116709	77116	77117
116710	77127	77128
116711	77133	77135
116712	77161	77162
116713	77163	77164
116714	77167	77168
116715	77178	77179
116716	77185	77186
116717	77199	77200
116718	77225	77226
116719	77231	77232
116720	77248	77249
116721	77254	77255
116722	77264	77265
116723	77283	77284
116724	77288	77289
116725	77310	77311
116726	77317	77318
116727	77340	77341
116728	77343	77344
116729	77360	4868
116730	77347	77348
116731	4033	9517
116732	4037	4056
116733	85204	22469
116734	77360	5294
116735	80466	78589
116736	77360	5999
116737	77360	5906
116738	216	15349
116739	216	5025
116740	77360	5109
116741	216	8856
116742	77360	4837
116743	599	26650
116744	4038	19687
116745	90383	5870
116746	77360	24120
116747	4038	35960
116748	1538	4782
116749	4040	9645
116750	4040	6376
116751	77361	5098
116752	4040	5126
116753	4040	10491
116754	77361	6120
116755	77361	397
116756	77361	6146
116757	77361	6322
116758	1538	11308
116759	104	1958
116760	77361	2811
116761	4040	22247
116762	77361	9908
116763	104	10134
116764	90398	77404
116765	77361	20525
116766	82724	5729
116767	4044	4957
116768	77362	2358
116769	80472	77999
116770	217	4717
116771	77362	4665
116772	77362	7869
116773	77362	394
116774	217	400
116775	104	6134
116776	1538	4893
116777	77362	22134
116778	77362	5917
116779	77362	5759
116780	599	18325
116781	4050	6329
116782	1538	8319
116783	77362	9626
116784	77363	2481
116785	77363	401
116786	217	239
116787	77363	1613
116788	77363	1925
116789	77363	2535
116790	77363	106
116791	85271	5827
116792	77363	8293
116793	77363	448
116794	77363	8731
116795	77363	1851
116796	77363	10922
116797	77363	10134
116798	77363	12255
116799	77363	4785
116800	4051	8672
116801	77363	7618
116802	4051	36850
116803	1541	13095
116804	4052	4644
116805	77364	1373
116806	77364	4679
116807	4052	7884
116808	4054	15189
116809	77364	5257
116810	1542	5218
116811	1542	7632
116812	1542	11095
116813	4055	4962
116814	217	5122
116815	77364	11049
116816	25	7877
116817	4055	9069
116818	77364	955
116819	4055	28352
116820	4057	4577
116821	77364	10088
116822	4057	5569
116823	4057	25444
116824	77364	263
116825	77365	5380
116826	599	33371
116827	4058	9376
116828	104	2833
116829	77365	6089
116830	77365	7031
116831	77365	12465
116832	1542	14988
116833	4059	4639
116834	77365	5372
116835	4060	11960
116836	4060	32510
116837	77365	10739
116838	77366	4894
116839	217	9102
116840	4060	33078
116841	1542	24123
116842	1542	17862
116843	1542	9982
116844	77366	1837
116845	77366	8654
116846	77366	8640
116847	4061	26505
116848	77366	9942
116849	13	17560
116850	77366	5257
116851	4061	14972
116852	4062	4076
116853	77366	9520
116854	4063	36529
116855	104	9411
116856	4066	4963
116857	77367	2286
116858	77366	2604
116859	77367	8760
116860	77367	8750
116861	77367	6311
116862	77367	9604
116863	13	5008
116864	77367	135
116865	77368	2077
116866	82737	5249
116867	77368	1590
116868	4068	4673
116869	4068	35130
116870	4071	8741
116871	4071	4116
116872	77368	8043
116873	1543	4799
116874	1543	8854
116875	77368	4835
116876	4071	6280
116877	4071	11716
116878	13	9464
116879	4071	5448
116880	1543	2240
116881	104	8164
116882	4071	4958
116883	104	5053
116884	4071	18346
116885	4072	4102
116886	1543	26299
116887	77369	185
116888	4072	5068
116889	4072	4802
116890	1543	5386
116891	4072	11166
116892	77369	5393
116893	77369	7693
116894	599	13184
116895	4075	4623
116896	1543	4736
116897	77369	2207
116898	4079	7243
116899	77369	10418
116900	4079	12523
116901	77369	23379
116902	104	5575
116903	104	9016
116904	4081	4085
116905	4083	4956
116906	4083	8220
116907	77370	7699
116908	4083	9766
116909	4084	4609
116910	1543	23710
116911	4086	5619
116912	4087	9396
116913	4088	10541
116914	4090	4255
116915	85236	4865
116916	4092	5406
116917	77371	8091
116918	77371	11974
116919	77371	2485
116920	85246	78004
116921	77371	24257
116922	1544	4927
116923	4092	12977
116924	77371	214
116925	77372	4903
116926	4095	4096
116927	77371	6252
116928	77371	23669
116929	77372	8861
116930	85258	3921
116931	77372	5126
116932	77372	7462
116933	77372	13012
116934	77372	6178
116935	217	10269
116936	77372	2550
116937	4097	13741
116938	77372	8848
116939	77372	10548
116940	77372	8731
116941	77372	10824
116942	77373	2525
116943	77373	12087
116944	77373	3194
116945	600	13781
116946	4097	9245
116947	4097	5199
116948	601	872
116949	1547	5095
116950	1549	2056
116951	1549	3194
116952	217	1870
116953	1549	5064
116954	4097	43691
116955	85187	10167
116956	77374	7639
116957	77374	11547
116958	4100	36619
116959	77374	10221
116960	77374	4717
116961	77374	14987
116962	4102	32507
116963	1549	2379
116964	4102	25142
116965	77374	13560
116966	77374	10536
116967	4104	4527
116968	4105	4607
116969	80479	2322
116970	4106	34087
116971	4106	15315
116972	4107	5619
116973	77374	8607
116974	77374	7842
116975	77375	6361
116976	4107	4948
116977	602	7736
116978	4108	4112
116979	77375	8607
116980	4110	4179
116981	85248	2477
116982	77375	29811
116983	77376	4698
116984	602	11842
116985	602	7058
116986	4111	10633
116987	4111	11359
116988	1549	2369
116989	77376	27018
116990	77377	8211
116991	77377	8255
116992	85267	7594
116993	77377	15988
116994	77377	5594
116995	602	2982
116996	602	13277
116997	77377	8494
116998	4116	5199
116999	77378	779
117000	77378	19459
117001	77379	2831
117002	77379	22195
117003	82750	4745
117004	1549	26655
117005	4116	35831
117006	85260	7729
117007	77379	5630
117008	1549	4813
117009	77379	6500
117010	4117	7369
117011	77380	5016
117012	77380	5637
117013	4118	7744
117014	4118	9394
117015	602	4150
117016	4118	13531
117017	77380	1033
117018	4118	25346
117019	4118	5542
117020	77381	2270
117021	602	7643
117022	77381	6115
117023	4125	4315
117024	4125	4470
117025	602	677
117026	4125	15504
117027	1551	10306
117028	4125	9293
117029	77381	34305
117030	85267	77390
117031	1552	10253
117032	1552	15926
117033	1553	1569
117034	77382	9186
117035	105	4811
117036	85263	13043
117037	77377	10426
117038	77382	1620
117039	77383	3171
117040	77382	772
117041	77382	10567
117042	4125	26657
117043	77382	7801
117044	1553	5033
117045	1553	4448
117046	4127	4633
117047	77383	3001
117048	4127	10424
117049	4127	13132
117050	4127	4282
117051	602	7764
117052	4127	5946
117053	602	21928
117054	4127	9151
117055	77384	9229
117056	4127	13913
117057	77384	11621
117058	77384	3198
117059	77384	4854
117060	82944	11699
117061	1	22705
117062	77384	8635
117063	49	4357
117064	77385	2331
117065	77385	7492
117066	77385	11167
117067	4127	32517
117068	77385	7719
117069	77385	16700
117070	1553	14367
117071	77385	9889
117072	77385	16728
117073	602	8337
117074	77385	20227
117075	77383	5397
117076	105	8499
117077	77386	3894
117078	77386	4142
117079	77386	9012
117080	49	22803
117081	1553	9948
117082	77386	22336
117083	4130	21945
117084	4130	7704
117085	77386	8393
117086	90526	38780
117087	77387	2833
117088	1553	5853
117089	77387	1498
117090	1553	2769
117091	77387	7946
117092	4130	9469
117093	4131	4132
117094	82764	3630
117095	4133	9574
117096	4133	9731
117097	25	779
117098	1553	2489
117099	4133	31110
117100	77388	4260
117101	77388	13964
117102	85280	715
117103	77388	39345
117104	77388	2567
117105	77388	17325
117106	77388	1972
117107	77388	14844
117108	82939	9204
117109	82770	82722
117110	85296	10466
117111	77389	5068
117112	4135	17352
117113	77389	6092
117114	77389	947
117115	77389	8880
117116	77389	9247
117117	77389	354
117118	4137	26352
117119	602	24450
117120	77390	4668
117121	4138	38799
117122	77389	6383
117123	77390	5155
117124	4140	4145
117125	77390	6125
117126	4142	6089
117127	4142	4600
117128	77390	10248
117129	85294	18351
117130	77390	13478
117131	105	11980
117132	4142	5857
117133	4142	10733
117134	4142	16149
117135	77391	6241
117136	90547	10174
117137	77391	15941
117138	77391	9643
117139	4144	4598
117140	4144	11250
117141	77392	3007
117142	4144	26308
117143	4144	26801
117144	77392	11935
117145	81373	4143
117146	77393	6080
117147	1554	7445
117148	106	1060
117149	4144	8026
117150	4144	9980
117151	4144	13248
117152	4147	4149
117153	77394	2522
117154	4148	10176
117155	4148	17706
117156	77391	9598
117157	4148	8936
117158	4148	6615
117159	4148	17242
117160	77394	4991
117161	4153	13193
117162	1555	22628
117163	77395	2514
117164	77395	2505
117165	77395	7978
117166	4153	5057
117167	4153	7514
117168	85307	5000
117169	77396	6117
117170	77397	225
117171	77397	8781
117172	77397	4694
117173	90563	6056
117174	77397	5041
117175	77397	20463
117176	77397	2466
117177	77396	6116
117178	4153	23041
117179	77391	17
117180	4153	9137
117181	4153	18885
117182	4154	30102
117183	4154	22014
117184	4155	4156
117185	603	1264
117186	77399	6070
117187	77399	81
117188	77399	2331
117189	77399	5162
117190	77399	66
117191	77399	1549
117192	4159	25484
117193	604	13606
117194	77400	5076
117195	77400	5107
117196	77400	7669
117197	77400	7633
117198	77400	1582
117199	77400	2139
117200	77400	5090
117201	77400	6352
117202	77400	4943
117203	77400	1855
117204	77400	11258
117205	77400	19329
117206	77400	6316
117207	77400	13146
117208	4161	32832
117209	77401	155
117210	604	2310
117211	1558	10223
117212	77401	6029
117213	4163	29201
117214	4165	4270
117215	4166	4168
117216	4167	11065
117217	4167	6082
117218	4167	10322
117219	4169	4170
117220	77402	2475
117221	1558	9885
117222	4173	38181
117223	4173	26315
117224	4173	25824
117225	82792	4921
117226	605	3467
117227	77403	6296
117228	605	40422
117229	1558	20381
117230	85315	78222
117231	77403	10806
117232	605	22850
117233	606	1131
117234	4174	5547
117235	4174	18996
117236	4174	6260
117237	77403	18275
117238	1559	1672
117239	4174	18555
117240	1559	2371
117241	85311	5608
117242	77404	7385
117243	606	8580
117244	1559	4747
117245	1559	20530
117246	85320	1211
117247	4174	24354
117248	4174	14203
117249	85319	11921
117250	1559	9464
117251	4174	10491
117252	25	1543
117253	77404	198
117254	85321	1801
117255	1559	11546
117256	77404	3382
117257	1559	10835
117258	4174	13229
117259	85323	16770
117260	4175	7068
117261	85332	36850
117262	4178	8605
117263	90590	4932
117264	4178	13517
117265	77406	83
117266	1560	4837
117267	4179	14736
117268	106	344
117269	4183	5871
117270	77406	18904
117271	4183	8993
117272	77407	632
117273	77407	8247
117274	77407	9222
117275	77407	12258
117276	77407	9592
117277	1560	11791
117278	4183	10071
117279	77407	29016
117280	77406	715
117281	77407	16230
117282	77407	38329
117283	77408	7462
117284	90605	77465
117285	77408	6260
117286	609	36992
117287	4184	4188
117288	77409	883
117289	77409	361
117290	4187	35935
117291	4187	10180
117292	4190	4200
117293	77409	8488
117294	77409	8037
117295	77409	21622
117296	1560	12121
117297	1560	23435
117298	77410	2524
117299	4194	35202
117300	4194	29781
117301	77410	9104
117302	1560	13500
117303	613	633
117304	77410	5383
117305	4195	4346
117306	77410	1549
117307	77410	14874
117308	1560	8956
117309	77411	2535
117310	4195	20448
117311	4195	9682
117312	77411	16441
117313	77412	12070
117314	77412	10581
117315	4195	12671
117316	77412	7323
117317	77412	643
117318	77412	2524
117319	4195	30642
117320	4195	63184
117321	77412	8854
117322	77413	2352
117323	77413	595
117324	1560	3708
117325	77414	7604
117326	77414	377
117327	77414	2148
117328	4199	4363
117329	77414	22143
117330	77414	4929
117331	77414	5805
117332	77414	27030
117333	77415	2499
117334	77414	22935
117335	77414	14749
117336	77415	5163
117337	77415	272
117338	77415	6610
117339	4199	5187
117340	77415	9195
117341	77415	4709
117342	77416	5380
117343	85340	5955
117344	77416	7742
117345	77416	10793
117346	85334	8237
117347	77416	7721
117348	77416	10187
117349	4201	9357
117350	90633	7719
117351	4202	4207
117352	4206	5958
117353	77416	7127
117354	4206	26804
117355	85339	80524
117356	220	9422
117357	77417	6121
117358	77417	7844
117359	77417	15690
117360	77417	22618
117361	77417	5004
117362	77417	6261
117363	4206	9951
117364	220	9780
117365	4206	15670
117366	1562	1605
117367	4208	9302
117368	4208	9364
117369	77418	7482
117370	77418	381
117371	4208	11342
117372	220	5122
117373	77419	5187
117374	4208	10164
117375	77419	8819
117376	4208	10340
117377	77419	35241
117378	77419	6195
117379	77419	5219
117380	77419	10824
117381	4208	43075
117382	77420	2747
117383	4209	10506
117384	4209	7096
117385	77420	22926
117386	77420	42980
117387	220	2926
117388	77420	5600
117389	77421	12956
117390	85343	78115
117391	4209	4884
117392	220	2863
117393	77422	5126
117394	1566	1870
117395	77422	898
117396	90658	41608
117397	4209	7838
117398	220	8994
117399	4209	11319
117400	4209	5471
117401	4209	5546
117402	90659	4698
117403	77423	2358
117404	77423	5137
117405	85293	8996
117406	77423	20489
117407	77423	5004
117408	4209	34785
117409	77423	29631
117410	77423	5906
117411	4209	8027
117412	77424	4899
117413	77424	8412
117414	77424	1851
117415	4209	22689
117416	77424	7458
117417	220	15327
117418	616	6176
117419	4210	23430
117420	4211	4219
117421	77425	4992
117422	1566	17163
117423	77425	19210
117424	4212	11383
117425	4212	34503
117426	1566	7388
117427	77426	5588
117428	77426	10913
117429	4212	5953
117430	77426	12260
117431	77426	2563
117432	77426	2760
117433	4214	16921
117434	4214	5631
117435	77427	2478
117436	4217	5511
117437	220	15691
117438	220	15698
117439	77428	12075
117440	90682	23411
117441	619	1761
117442	82823	2989
117443	77429	5930
117444	619	2499
117445	77429	1329
117446	77429	8464
117447	77429	27593
117448	77429	9179
117449	77429	12016
117450	619	5439
117451	85354	77476
117452	1567	2292
117453	77430	10718
117454	77430	5360
117455	77430	5162
117456	4217	15556
117457	1567	2401
117458	77431	2307
117459	1567	2031
117460	77431	394
117461	77432	15950
117462	77432	403
117463	77432	9506
117464	4220	16941
117465	77432	5041
117466	4220	24622
117467	4220	23263
117468	77433	4698
117469	77433	12728
117470	77433	381
117471	1567	10890
117472	4220	15084
117473	77433	17616
117474	77434	5060
117475	4222	35831
117476	4222	8926
117477	77435	1200
117478	4223	5162
117479	77435	17799
117480	77435	19958
117481	619	25373
117482	85365	489
117483	77436	368
117484	4224	17457
117485	77436	6116
117486	90700	77924
117487	77436	8149
117488	85358	25119
117489	77436	8987
117490	1567	17456
117491	4224	17578
117492	4224	4985
117493	4224	15230
117494	77437	408
117495	77433	10130
117496	77437	23148
117497	77437	2682
117498	77437	10395
117499	77438	9846
117500	77438	12413
117501	77438	5593
117502	77438	1980
117503	77438	15312
117504	4225	5411
117505	4226	6529
117506	77438	9998
117507	77439	4723
117508	4227	15003
117509	1567	4837
117510	77439	22908
117511	77439	27377
117512	4234	12413
117513	77437	10134
117514	4227	12294
117515	4227	5179
117516	77439	21482
117517	620	8032
117518	77441	10016
117519	4229	4238
117520	77442	9284
117521	4230	7946
117522	77442	883
117523	77442	5656
117524	77442	827
117525	77443	480
117526	77443	1032
117527	77443	8768
117528	1569	2230
117529	620	14048
117530	77443	27906
117531	77444	5899
117532	77444	858
117533	1569	2481
117534	90709	10387
117535	77444	5104
117536	77444	35788
117537	77444	34874
117538	77444	43290
117539	77444	7612
117540	4230	6887
117541	4230	8389
117542	1569	5600
117543	621	8251
117544	621	3918
117545	1569	5593
117546	1569	4787
117547	4230	4790
117548	1569	29253
117549	220	5357
117550	4233	32080
117551	1569	11030
117552	77448	7595
117553	1569	13658
117554	4234	12841
117555	90719	2858
117556	77448	34485
117557	77449	7664
117558	4234	14014
117559	77449	9712
117560	77449	5276
117561	77449	7965
117562	77432	5050
117563	77449	17098
117564	82826	40539
117565	77450	5113
117566	1569	1577
117567	77450	7632
117568	77450	38459
117569	1569	8035
117570	4234	35763
117571	77451	9747
117572	1569	3098
117573	77451	15667
117574	77451	10431
117575	4234	21890
117576	77451	23363
117577	77451	21999
117578	77451	6205
117579	77451	47903
117580	77451	331
117581	4235	5867
117582	77452	21769
117583	85410	78986
117584	77452	23717
117585	77450	21932
117586	77453	510
117587	77453	5514
117588	77453	12924
117589	77453	10726
117590	4240	10713
117591	77454	2511
117592	77454	8090
117593	77454	7859
117594	77454	77413
117595	77454	13114
117596	77455	9623
117597	4243	6527
117598	77455	10582
117599	77455	12012
117600	4243	36811
117601	4244	4366
117602	77455	1334
117603	77455	1627
117604	77456	5142
117605	77456	947
117606	4245	4258
117607	1569	27658
117608	4246	4272
117609	77457	5542
117610	77457	14761
117611	77457	4554
117612	77457	2286
117613	77457	2571
117614	4251	7839
117615	4251	5692
117616	4251	20160
117617	77457	6117
117618	77459	9338
117619	625	6018
117620	77459	5009
117621	77459	6733
117622	4251	27590
117623	77460	9608
117624	77460	4379
117625	107	898
117626	77460	151
117627	77460	28955
117628	77460	20151
117629	4251	5721
117630	625	2540
117631	77461	2379
117632	77464	2514
117633	625	5527
117634	1570	10248
117635	4251	5637
117636	77462	5840
117637	77462	9068
117638	77462	6017
117639	625	5569
117640	77462	19841
117641	77463	160
117642	77463	4729
117643	77463	6271
117644	77463	11613
117645	4255	11788
117646	77463	17323
117647	77463	30715
117648	85395	77807
117649	77463	5715
117650	4255	21063
117651	77464	5029
117652	77464	1621
117653	77464	5162
117654	4255	9798
117655	77464	13069
117656	4256	11692
117657	77464	34541
117658	77465	2514
117659	77465	2775
117660	1571	41229
117661	77466	6139
117662	77466	1001
117663	625	5290
117664	625	6120
117665	4255	10890
117666	77466	14852
117667	77467	7580
117668	77467	10775
117669	79121	5011
117670	4257	9293
117671	107	5437
117672	4257	5281
117673	77468	77360
117674	77468	1254
117675	77468	11192
117676	77468	5736
117677	77468	10836
117678	77468	8370
117679	77468	1142
117680	625	5115
117681	4257	8657
117682	77469	5161
117683	77469	7632
117684	625	8934
117685	85398	7868
117686	4257	7860
117687	625	7761
117688	82840	1039
117689	77470	7422
117690	4257	5223
117691	77471	177
117692	77471	2526
117693	77471	5168
117694	77471	9889
117695	77471	15922
117696	77472	77427
117697	77472	15120
117698	77472	27640
117699	77473	9043
117700	77473	8753
117701	77473	5245
117702	77473	8253
117703	77473	20718
117704	77473	8206
117705	77473	10363
117706	77473	23048
117707	77473	19209
117708	77473	2286
117709	77475	401
117710	4257	8823
117711	77475	8035
117712	77475	376
117713	77475	22585
117714	1573	19688
117715	77475	33857
117716	77476	1744
117717	4259	13288
117718	77476	461
117719	77476	5060
117720	77476	77454
117721	1573	13009
117722	77477	4562
117723	4259	18491
117724	77477	2669
117725	77477	246
117726	4259	33716
117727	4259	15156
117728	1573	31294
117729	77477	22156
117730	77477	8387
117731	77477	26570
117732	77477	54965
117733	77478	5245
117734	77478	263
117735	77479	9469
117736	221	6155
117737	77480	715
117738	4260	5122
117739	77480	7806
117740	77480	2172
117741	1573	27747
117742	4260	26059
117743	77480	1763
117744	77481	24253
117745	4260	6980
117746	77481	11272
117747	77481	16632
117748	4260	5431
117749	4260	10992
117750	4262	40331
117751	4264	5372
117752	4264	5716
117753	77484	12124
117754	90804	837
117755	85422	34822
117756	4274	4283
117757	77485	504
117758	25	10395
117759	4275	4542
117760	627	23587
117761	77485	9221
117762	82849	274
117763	77485	14249
117764	77486	5342
117765	90805	11142
117766	77486	47735
117767	77486	122
117768	77486	8083
117769	77484	6215
117770	77486	11292
117771	77487	2505
117772	77487	5142
117773	1577	4721
117774	4278	4551
117775	627	6397
117776	77487	8118
117777	627	12124
117778	77488	121
117779	4280	5002
117780	77488	2862
117781	77488	11016
117782	4280	5753
117783	4280	11842
117784	77488	35596
117785	77490	510
117786	4280	10614
117787	4280	5779
117788	77491	6051
117789	1578	2047
117790	627	5114
117791	77491	9097
117792	77491	15720
117793	77491	22937
117794	77491	5052
117795	77491	5643
117796	77492	646
117797	77492	7686
117798	77492	1001
117799	77492	2031
117800	4280	39532
117801	221	23206
117802	77490	5520
117803	77494	4667
117804	4281	36657
117805	77494	29166
117806	4281	4829
117807	79126	10386
117808	77495	12464
117809	77496	4747
117810	77496	143
117811	77496	1445
117812	77497	11328
117813	77497	13090
117814	82860	22
117815	85420	7353
117816	77498	6127
117817	77498	4756
117818	77499	461
117819	4282	9414
117820	629	1819
117821	77499	1603
117822	629	1970
117823	77499	7697
117824	90840	17782
117825	90830	2971
117826	77500	13023
117827	77501	17146
117828	77501	25715
117829	77501	1779
117830	77501	77382
117831	77501	10158
117832	77502	4227
117833	77502	2604
117834	77503	2977
117835	4287	4289
117836	77503	3089
117837	77503	9778
117838	77503	1186
117839	4291	4293
117840	4295	4430
117841	77503	11048
117842	77503	5409
117843	77503	44810
117844	629	4847
117845	4295	5402
117846	77504	5867
117847	4295	10644
117848	77504	77492
117849	77504	1703
117850	77504	4797
117851	77504	9447
117852	4298	45204
117853	77505	7482
117854	77505	2525
117855	78181	39608
117856	4298	8627
117857	4299	4304
117858	4300	22766
117859	629	8116
117860	629	7109
117861	221	16595
117862	77508	5033
117863	4301	20843
117864	1584	11319
117865	77508	1699
117866	77508	662
117867	4303	4731
117868	77509	47735
117869	77509	5840
117870	77509	40664
117871	4303	9215
117872	77513	6519
117873	77513	4962
117874	1584	5011
117875	77513	5261
117876	77513	11030
117877	77513	2883
117878	4305	9521
117879	77514	3299
117880	77515	4670
117881	222	5471
117882	4305	44715
117883	4305	5839
117884	90864	77404
117885	90860	2752
117886	85424	8926
117887	77515	10451
117888	77515	15816
117889	77515	8097
117890	77516	77377
117891	222	8204
117892	77516	1979
117893	77517	77457
117894	1584	13938
117895	77517	7653
117896	14	16
117897	77517	29774
117898	4307	10092
117899	77518	10151
117900	77518	8858
117901	222	855
117902	77518	5806
117903	222	2208
117904	85428	24350
117905	77519	2497
117906	4307	10863
117907	77520	498
117908	77521	10622
117909	1588	15963
117910	77521	4353
117911	77521	6636
117912	77521	8021
117913	77521	28524
117914	1589	2194
117915	77521	36417
117916	77522	8397
117917	77522	57742
117918	77523	4755
117919	77523	6328
117920	77523	4551
117921	77523	4679
117922	77524	2874
117923	77541	8937
117924	77524	21784
117925	77524	4569
117926	77524	15868
117927	4308	10737
117928	77526	12747
117929	85469	2425
117930	4308	15594
117931	4308	10641
117932	4309	4340
117933	85446	78127
117934	85436	78380
117935	77526	15238
117936	82888	9780
117937	77528	6051
117938	77528	10268
117939	77528	8445
117940	77528	2721
117941	77529	25598
117942	4312	8094
117943	4313	4324
117944	77530	244
117945	77535	77442
117946	77530	7188
117947	77531	10472
117948	77532	13141
117949	4314	8730
117950	77533	186
117951	630	2604
117952	77533	10134
117953	77533	9615
117954	77533	16277
117955	77534	8467
117956	77534	6395
117957	77534	5136
117958	77534	19793
117959	4314	21530
117960	4314	5829
117961	77535	15922
117962	4315	52701
117963	77536	8608
117964	77536	6
117965	77539	77406
117966	77536	10164
117967	4318	8655
117968	77536	22899
117969	4318	5016
117970	77537	29256
117971	630	4370
117972	77538	13378
117973	1590	5900
117974	77538	3197
117975	77539	947
117976	77539	1535
117977	77539	593
117978	4318	13093
117979	91020	4844
117980	1590	6199
117981	77542	8416
117982	77544	8080
117983	77543	10614
117984	631	7008
117985	4325	8696
117986	77543	11323
117987	77545	397
117988	90911	7723
117989	77545	28825
117990	4330	4331
117991	77546	4777
117992	4333	4335
117993	77546	8595
117994	4334	9564
117995	4334	25693
117996	77547	1962
117997	4334	11228
117998	1590	7468
117999	631	844
118000	77547	1170
118001	90910	18842
118002	4338	11723
118003	4337	4348
118004	77547	10596
118005	4338	12284
118006	4338	10201
118007	1590	19431
118008	77548	4872
118009	107	21545
118010	77548	17704
118011	4338	4826
118012	4338	4747
118013	4338	34963
118014	77549	9222
118015	77549	10307
118016	77549	11082
118017	1635	2669
118018	77550	10627
118019	77551	92
118020	77551	21622
118021	1590	32047
118022	77553	17801
118023	77553	15885
118024	77554	155
118025	77554	7708
118026	1590	10835
118027	77554	883
118028	1590	33857
118029	77554	9682
118030	77555	17147
118031	4339	10126
118032	77555	710
118033	77556	5367
118034	77556	9003
118035	4344	21478
118036	4345	4787
118037	77557	8628
118038	77557	1022
118039	77557	5995
118040	77557	6250
118041	4345	4459
118042	4345	14048
118043	77560	7429
118044	4345	9643
118045	77561	2816
118046	77561	46666
118047	4345	7717
118048	85454	7595
118049	77563	2071
118050	4345	9885
118051	77564	5053
118052	85458	13580
118053	77565	5719
118054	77565	20858
118055	77565	14786
118056	77565	7468
118057	77565	10800
118058	4345	37364
118059	77566	7713
118060	77566	871
118061	77566	9411
118062	77567	15776
118063	77567	3954
118064	77567	10176
118065	77567	77419
118066	77570	3515
118067	77570	11058
118068	77570	320
118069	77570	175
118070	77571	6120
118071	77571	1861
118072	77571	2593
118073	77572	239
118074	631	5900
118075	4346	9801
118076	4346	29281
118077	77574	395
118078	77574	11353
118079	4346	27069
118080	77574	182
118081	77575	21894
118082	77575	9423
118083	77575	11796
118084	77575	27882
118085	1594	4732
118086	4347	10704
118087	4347	6500
118088	77578	951
118089	4347	4616
118090	51	1982
118091	77578	8728
118092	85468	4805
118093	4347	8299
118094	90954	1001
118095	77579	5723
118096	77579	8352
118097	77579	8434
118098	77579	11305
118099	4347	8200
118100	77580	25594
118101	77580	3378
118102	4347	30089
118103	77581	77409
118104	85470	6361
118105	90955	12345
118106	631	21221
118107	77582	11089
118108	85473	7672
118109	4347	18411
118110	77582	9264
118111	77582	9510
118112	77584	184
118113	77584	2299
118114	4347	13029
118115	1594	4452
118116	4347	5260
118117	77584	11236
118118	77585	396
118119	77585	1851
118120	1594	4633
118121	77585	77367
118122	77586	77430
118123	77585	7307
118124	77586	19179
118125	631	13961
118126	77587	1715
118127	4350	6626
118128	4350	6758
118129	77588	2116
118130	77588	3157
118131	77588	2474
118132	4350	26586
118133	77588	13625
118134	4350	13667
118135	1594	2946
118136	77589	5729
118137	77589	10001
118138	4350	9195
118139	85480	10875
118140	631	21538
118141	77589	10933
118142	77589	9316
118143	77589	17663
118144	77590	4724
118145	77590	11273
118146	77590	1256
118147	1594	2962
118148	77590	510
118149	222	13262
118150	77591	166
118151	1594	9988
118152	77591	2350
118153	4350	8973
118154	90969	78160
118155	77592	10404
118156	77592	5831
118157	77592	5853
118158	4350	8270
118159	77592	28618
118160	77593	4677
118161	77593	627
118162	85483	8808
118163	632	10403
118164	77594	24081
118165	77594	15564
118166	4350	20681
118167	79893	5205
118168	77594	19782
118169	632	2539
118170	77599	31820
118171	85486	81854
118172	632	12697
118173	77596	5035
118174	77596	807
118175	77597	5352
118176	77597	8477
118177	77597	2611
118178	632	5759
118179	77597	8182
118180	1594	15315
118181	4351	10151
118182	4351	9000
118183	222	9390
118184	4351	9503
118185	77600	1261
118186	77601	5042
118187	77601	11146
118188	4351	31751
118189	77601	12108
118190	77601	21623
118191	77602	19361
118192	77602	9074
118193	85488	5630
118194	77602	398
118195	77603	5920
118196	77603	4885
118197	77603	134
118198	77603	15317
118199	77604	7750
118200	77604	7122
118201	77605	403
118202	77605	5692
118203	77605	5161
118204	1594	31055
118205	77605	9831
118206	77606	7533
118207	77606	1901
118208	77606	7327
118209	77606	1725
118210	77607	3941
118211	77607	8094
118212	77605	5208
118213	77607	19419
118214	222	15582
118215	77607	27763
118216	77607	2919
118217	77607	5375
118218	77607	24357
118219	77607	7450
118220	1596	12603
118221	77607	6115
118222	77608	11166
118223	77608	16100
118224	77608	15059
118225	4356	4368
118226	77609	10093
118227	77609	11165
118228	77609	15090
118229	4357	20720
118230	1596	2056
118231	4357	22798
118232	77610	5231
118233	222	4734
118234	77610	25810
118235	77612	21753
118236	77612	1
118237	77612	13027
118238	77613	4759
118239	4360	15996
118240	4360	7459
118241	4361	4591
118242	77617	5281
118243	77617	5208
118244	77617	44363
118245	77618	10044
118246	77618	16585
118247	77618	8325
118248	1597	5142
118249	77619	10361
118250	77619	8248
118251	77619	9675
118252	77619	18224
118253	77620	826
118254	77621	10389
118255	77620	8808
118256	4363	45748
118257	4363	37380
118258	4363	54272
118259	77621	5422
118260	77621	5740
118261	77621	49551
118262	77621	8182
118263	77622	1154
118264	77622	2286
118265	77622	8334
118266	77622	6291
118267	77622	5939
118268	4366	4731
118269	77622	26889
118270	77623	2514
118271	77624	15050
118272	632	16197
118273	77624	5667
118274	1597	11701
118275	77624	19471
118276	77624	11116
118277	77624	1341
118278	4366	17892
118279	85504	8412
118280	77626	15529
118281	222	4758
118282	1599	2911
118283	632	7573
118284	77613	6261
118285	51	7743
118286	4366	8564
118287	77628	11815
118288	4366	11878
118289	77628	10338
118290	635	5529
118291	77629	1744
118292	4366	8281
118293	77629	5407
118294	77630	20746
118295	77630	9614
118296	77631	2520
118297	77631	2490
118298	77632	77365
118299	77632	10836
118300	77633	10695
118301	4366	12766
118302	77633	6190
118303	77633	25626
118304	635	6706
118305	77633	77367
118306	4366	15154
118307	77634	4804
118308	77635	9712
118309	91023	3080
118310	110	193
118311	77636	5541
118312	77636	35593
118313	109	8199
118314	4369	17647
118315	77637	16620
118316	77637	9759
118317	77637	5380
118318	77638	4951
118319	77638	9260
118320	77638	5030
118321	77639	23574
118322	77640	8414
118323	77640	15119
118324	77642	77472
118325	77637	10651
118326	77643	31
118327	77645	6057
118328	77645	1250
118329	77645	8118
118330	91033	9248
118331	77647	13199
118332	85510	19388
118333	1603	5095
118334	77648	5425
118335	77648	8407
118336	1603	6878
118337	636	16935
118338	77649	26774
118339	77649	17942
118340	4371	16992
118341	77650	19699
118342	223	20599
118343	224	227
118344	4371	5293
118345	4371	18840
118346	77651	7461
118347	77651	9858
118348	637	5329
118349	77651	26325
118350	4372	5800
118351	637	5799
118352	14	6354
118353	77652	77368
118354	77651	5184
118355	1603	7879
118356	77653	7838
118357	77653	8288
118358	77653	3424
118359	1603	2269
118360	77653	9208
118361	77653	2952
118362	1603	8434
118363	77654	77487
118364	77654	12941
118365	637	5740
118366	77654	22099
118367	77654	26391
118368	1603	10139
118369	77654	1876
118370	637	10466
118371	77654	502
118372	77656	22235
118373	85514	21318
118374	77658	3132
118375	77658	43182
118376	77660	5375
118377	77660	6094
118378	4372	7879
118379	77662	2883
118380	4372	12596
118381	77663	2831
118382	77663	1721
118383	77663	5417
118384	85516	85374
118385	77663	9610
118386	77663	11752
118387	77663	7803
118388	77663	23731
118389	77664	77367
118390	77664	9077
118391	77664	4019
118392	77664	9271
118393	77665	5186
118394	77665	9757
118395	77666	5163
118396	77666	83
118397	77666	4598
118398	77666	12586
118399	4375	23025
118400	77667	7482
118401	85520	77725
118402	85518	54412
118403	77668	36
118404	77669	7718
118405	77671	5126
118406	77669	7731
118407	4375	4843
118408	77669	41607
118409	4376	20001
118410	4376	17679
118411	77670	83
118412	1603	2424
118413	4378	4385
118414	91064	78636
118415	4379	25676
118416	77672	10139
118417	4380	10863
118418	77672	11274
118419	77674	10431
118420	4380	11443
118421	77674	55960
118422	77674	2842
118423	4380	11968
118424	4380	11319
118425	77676	6243
118426	4382	9727
118427	77676	13064
118428	77676	42101
118429	77676	5151
118430	77677	5100
118431	77677	77526
118432	77674	9141
118433	77678	662
118434	77678	43006
118435	4382	7474
118436	4382	10088
118437	77678	11725
118438	77678	6461
118439	77679	7594
118440	77679	11845
118441	4382	13859
118442	77680	8462
118443	77681	11131
118444	77681	9093
118445	77681	29650
118446	77682	14566
118447	77682	17
118448	77682	13779
118449	77684	77405
118450	77683	2440
118451	77683	5490
118452	77684	5801
118453	77684	290
118454	77685	7883
118455	91076	2474
118456	4382	5739
118457	85526	2756
118458	77686	1033
118459	77686	8741
118460	77686	16561
118461	77687	9562
118462	77687	15811
118463	4382	9555
118464	77687	4689
118465	77687	10732
118466	77688	7488
118467	77688	9577
118468	77689	10438
118469	77690	11723
118470	77690	14966
118471	85524	5489
118472	77692	18383
118473	77692	11755
118474	77692	11917
118475	110	3717
118476	77693	4779
118477	77693	4687
118478	77693	18572
118479	77694	8204
118480	77694	16084
118481	4382	30122
118482	77694	5903
118483	1604	2492
118484	4387	6418
118485	82903	12076
118486	110	5289
118487	77697	18571
118488	4387	7872
118489	77698	3232
118490	77698	22614
118491	77699	10137
118492	77699	7984
118493	4387	33875
118494	77701	8857
118495	4387	8678
118496	4388	4392
118497	4390	9179
118498	4390	9247
118499	1604	7455
118500	77703	16255
118501	77703	15670
118502	4390	10769
118503	4390	30507
118504	4390	5607
118505	4390	5835
118506	77705	3264
118507	4394	4396
118508	77706	20
118509	77705	8924
118510	77707	17329
118511	4395	12891
118512	77707	6366
118513	77708	13193
118514	77709	9247
118515	77709	5213
118516	77709	19288
118517	77709	12833
118518	77710	22708
118519	4397	10925
118520	77710	77544
118521	77710	5594
118522	4397	8673
118523	77710	2181
118524	77711	5514
118525	77711	44426
118526	77712	10047
118527	637	5575
118528	77713	2669
118529	77713	36358
118530	77714	9883
118531	77713	45964
118532	4397	10093
118533	77714	8912
118534	77714	1071
118535	77715	8729
118536	77715	8267
118537	77715	6301
118538	77715	8968
118539	77717	5179
118540	77715	11418
118541	77716	8331
118542	77716	1012
118543	1607	2243
118544	77716	2425
118545	77716	4932
118546	77717	6726
118547	77717	8118
118548	1608	4995
118549	77717	2975
118550	77718	3038
118551	77718	17716
118552	77718	2460
118553	4398	8288
118554	77719	3672
118555	4398	4855
118556	77719	15178
118557	77719	2539
118558	77720	77390
118559	77720	23454
118560	1608	8628
118561	4398	5065
118562	77720	16504
118563	77720	4380
118564	4398	8607
118565	77722	7740
118566	4398	5906
118567	77722	5396
118568	1608	8698
118569	77724	9852
118570	77724	8731
118571	77725	77456
118572	77725	5288
118573	77726	6195
118574	77726	9774
118575	77726	6024
118576	1608	10858
118577	77726	64399
118578	77726	15800
118579	77726	5816
118580	77727	1593
118581	77727	6932
118582	85536	46335
118583	77728	15134
118584	77728	7469
118585	77728	9079
118586	77728	9542
118587	77729	32421
118588	77729	38285
118589	77731	77454
118590	4398	7338
118591	77733	13451
118592	77733	77725
118593	77734	5379
118594	77735	10736
118595	1608	9376
118596	77739	10074
118597	85546	8996
118598	82913	396
118599	77736	6129
118600	25	9668
118601	1608	4282
118602	77737	2522
118603	4402	4415
118604	77738	12062
118605	77739	30343
118606	77739	7807
118607	77740	35348
118608	77740	5401
118609	77740	16180
118610	77741	9604
118611	4406	15902
118612	110	5032
118613	77742	5004
118614	77742	2481
118615	77743	5813
118616	4406	13567
118617	77744	20630
118618	77744	6192
118619	77744	16150
118620	77744	17801
118621	77746	2396
118622	77746	12424
118623	77746	6188
118624	77746	7557
118625	77746	5999
118626	77746	18558
118627	77747	1825
118628	14	4522
118629	82771	2727
118630	77748	9422
118631	77748	9220
118632	77748	8232
118633	1609	5280
118634	225	8322
118635	4406	10296
118636	638	8471
118637	77750	11350
118638	77751	809
118639	77752	5958
118640	638	4791
118641	77753	2460
118642	77753	9876
118643	77754	2938
118644	77755	12193
118645	77755	6102
118646	77755	77412
118647	638	8288
118648	77757	585
118649	77758	6551
118650	77759	799
118651	77759	5351
118652	110	21554
118653	77760	4897
118654	77760	9302
118655	77760	574
118656	77760	17087
118657	77761	9423
118658	77761	20851
118659	77761	28201
118660	77761	34947
118661	77761	8894
118662	4408	10089
118663	77765	2920
118664	77764	10322
118665	85560	16457
118666	4410	4672
118667	77765	46523
118668	91137	913
118669	77766	2469
118670	77766	12314
118671	77767	1781
118672	639	7309
118673	77767	1142
118674	77768	182
118675	77768	79
118676	77768	2271
118677	225	8235
118678	77769	2495
118679	77769	25986
118680	77769	8828
118681	77769	7027
118682	4422	5414
118683	4422	32974
118684	4425	4439
118685	77771	3362
118686	77771	44421
118687	14	7748
118688	77773	11291
118689	4427	10622
118690	77773	58
118691	639	10499
118692	77773	669
118693	1609	13822
118694	4430	5619
118695	77774	7606
118696	77774	5929
118697	77774	9621
118698	77775	8128
118699	639	793
118700	77775	6840
118701	4430	26915
118702	77776	9747
118703	77776	5771
118704	77777	14822
118705	91146	883
118706	4431	5603
118707	77778	27069
118708	77778	7293
118709	77778	14762
118710	77779	18873
118711	77780	7709
118712	77780	7827
118713	4406	21441
118714	77782	5527
118715	91143	79315
118716	77782	5002
118717	77783	7843
118718	77783	8374
118719	77783	10935
118720	77783	13362
118721	4432	27808
118722	1611	10034
118723	77784	14946
118724	77784	15561
118725	110	4893
118726	4432	4837
118727	77785	17576
118728	77785	20672
118729	77785	18649
118730	77786	18287
118731	77786	10084
118732	77787	2885
118733	77787	265
118734	4432	10268
118735	77790	5816
118736	639	35552
118737	77791	13365
118738	77790	2784
118739	77791	19524
118740	77793	2092
118741	77793	128
118742	77793	21234
118743	77794	9068
118744	77794	13109
118745	77794	1914
118746	77794	7750
118747	77795	11536
118748	77795	22933
118749	77795	9608
118750	1612	2557
118751	77795	14305
118752	4432	26195
118753	77796	10664
118754	77796	27080
118755	77797	7994
118756	77796	8258
118757	77797	18874
118758	4432	47509
118759	77798	77363
118760	77798	13486
118761	77798	6265
118762	77798	5676
118763	77799	6071
118764	77800	8773
118765	77801	143
118766	77801	17340
118767	77802	8248
118768	77804	5999
118769	77804	16129
118770	77804	10344
118771	77805	10334
118772	77806	7610
118773	91164	15537
118774	77808	7586
118775	77808	27878
118776	77809	25174
118777	77809	17401
118778	77811	13040
118779	77811	12637
118780	77812	8750
118781	77812	15508
118782	77815	77569
118783	77814	5343
118784	77814	2919
118785	77810	18527
118786	77816	2809
118787	1613	11379
118788	77817	8975
118789	77817	11940
118790	85630	19
118791	641	14442
118792	85580	2920
118793	77819	7857
118794	77819	7682
118795	77820	10348
118796	77820	9629
118797	77820	1445
118798	225	9068
118799	77822	9349
118800	77822	18996
118801	77822	4947
118802	77823	2698
118803	77823	15273
118804	77824	6951
118805	77824	4766
118806	77824	10056
118807	77825	34580
118808	77826	6120
118809	77826	9112
118810	77827	1704
118811	4438	7453
118812	77827	23958
118813	82974	1220
118814	77828	3009
118815	77828	2962
118816	4440	9562
118817	4440	5100
118818	77830	8629
118819	4440	23510
118820	77830	48336
118821	77831	27000
118822	77832	9143
118823	4443	4457
118824	77833	534
118825	4444	8116
118826	77834	2292
118827	77834	43329
118828	77836	1635
118829	77836	9376
118830	4445	15014
118831	4445	5580
118832	77837	4696
118833	77837	4773
118834	77837	1826
118835	91190	79720
118836	77838	6656
118837	77838	9179
118838	77838	29071
118839	77838	7333
118840	77840	8850
118841	4445	36611
118842	77840	10657
118843	77842	4767
118844	77841	18177
118845	77842	5667
118846	77842	28787
118847	77842	8662
118848	4445	10250
118849	77842	27326
118850	77843	19185
118851	79142	77405
118852	91212	8656
118853	1615	26586
118854	77846	10580
118855	77847	2001
118856	1615	4967
118857	77848	10604
118858	77848	8641
118859	1615	28597
118860	4447	5275
118861	77849	8251
118862	1615	4846
118863	77850	1661
118864	77850	2692
118865	642	1769
118866	77852	32364
118867	77852	5031
118868	77852	24318
118869	77853	4320
118870	77854	1756
118871	77854	77401
118872	77854	4484
118873	77855	9285
118874	77855	8102
118875	4448	11083
118876	77856	15990
118877	77856	6354
118878	77856	9737
118879	77857	4853
118880	77858	8688
118881	77859	676
118882	77859	5471
118883	77860	20265
118884	77860	6364
118885	77861	21108
118886	77861	6551
118887	77861	9644
118888	77861	5568
118889	77862	10755
118890	77862	5186
118891	77862	1154
118892	77862	18711
118893	225	15441
118894	91205	78288
118895	77863	15544
118896	110	11438
118897	77865	8651
118898	77865	17392
118899	77866	1109
118900	77866	23264
118901	77867	729
118902	4448	10159
118903	77868	5000
118904	77868	846
118905	77868	21461
118906	77869	8621
118907	77869	4816
118908	77870	45372
118909	77871	10845
118910	77871	6905
118911	77872	8624
118912	77872	3094
118913	77872	12260
118914	4448	29807
118915	77874	1211
118916	1618	2738
118917	1618	29342
118918	77874	4153
118919	1620	4679
118920	77875	27927
118921	77876	24844
118922	77876	9754
118923	77877	11659
118924	77877	10765
118925	77877	643
118926	77878	11298
118927	77878	8241
118928	77879	22263
118929	77881	11084
118930	1620	10826
118931	77883	3435
118932	77885	30436
118933	77885	10083
118934	77886	16025
118935	77886	10126
118936	77886	8655
118937	77886	9036
118938	77886	5733
118939	4448	19550
118940	1620	5231
118941	77887	400
118942	77887	6269
118943	77888	11283
118944	77889	15097
118945	77890	988
118946	77890	5365
118947	1620	27684
118948	77892	21475
118949	77891	23474
118950	77894	17201
118951	1620	14946
118952	77895	8488
118953	77895	12704
118954	77896	9115
118955	77897	11964
118956	77897	6286
118957	77899	29229
118958	77899	23736
118959	642	7859
118960	77901	913
118961	77901	6096
118962	77902	7730
118963	77903	16969
118964	77903	33338
118965	1620	2424
118966	77905	17293
118967	77905	28535
118968	77907	399
118969	77908	77599
118970	77908	60258
118971	77909	7356
118972	77909	2207
118973	77910	13856
118974	77910	15514
118975	77910	2531
118976	77912	7761
118977	1620	8301
118978	77912	6844
118979	85591	7793
118980	77913	9837
118981	4449	12852
118982	4449	55076
118983	77914	4695
118984	77914	6137
118985	77913	22286
118986	77914	17630
118987	4451	8951
118988	77916	11063
118989	77916	77593
118990	77916	1260
118991	1620	8058
118992	77918	11323
118993	77919	45
118994	77919	2888
118995	77920	1296
118996	77919	3819
118997	77920	47513
118998	77921	5048
118999	52	8408
119000	77925	27997
119001	77926	1291
119002	77926	1723
119003	77928	4817
119004	77928	3581
119005	77928	2966
119006	77929	33654
119007	77929	18281
119008	77930	32397
119009	77930	23357
119010	77933	419
119011	77932	5007
119012	77932	16083
119013	77935	4816
119014	77936	2696
119015	77936	5516
119016	77937	12432
119017	77938	5727
119018	77939	8027
119019	77939	8240
119020	77940	719
119021	77944	51758
119022	77902	77539
119023	77946	27712
119024	77947	22110
119025	77947	4930
119026	4467	4475
119027	77948	40719
119028	77948	39136
119029	77950	9168
119030	77950	1641
119031	77941	24776
119032	77951	7747
119033	77952	8808
119034	77952	897
119035	4470	14937
119036	77952	12374
119037	77952	13348
119038	85596	77844
119039	77956	17000
119040	77958	11351
119041	77958	9411
119042	77958	11900
119043	77959	1641
119044	77954	23498
119045	77960	721
119046	77960	22444
119047	77960	11984
119048	77961	13161
119049	77963	9683
119050	77964	8704
119051	77964	6042
119052	4474	10797
119053	77966	2811
119054	77966	2858
119055	77966	12682
119056	77970	6706
119057	77968	7597
119058	77970	30747
119059	77971	8567
119060	4474	5355
119061	91259	1055
119062	77975	10174
119063	77975	8926
119064	77975	27300
119065	77977	5340
119066	4477	6024
119067	77979	31305
119068	4477	12272
119069	77981	40690
119070	77981	1847
119071	4477	5900
119072	77982	8206
119073	77982	21455
119074	77983	2971
119075	77983	2247
119076	77984	2839
119077	4477	6811
119078	77984	16555
119079	4477	5482
119080	77984	11319
119081	77985	9369
119082	77985	9447
119083	77987	25444
119084	4478	15551
119085	77991	13066
119086	77991	5187
119087	77992	320
119088	77992	2483
119089	77992	7648
119090	77993	5350
119091	77993	9307
119092	91267	30677
119093	77993	22211
119094	77994	408
119095	77995	10121
119096	77995	5114
119097	4483	4498
119098	77996	18960
119099	77996	2769
119100	78000	2128
119101	78000	29483
119102	4484	14320
119103	78001	8398
119104	78001	10223
119105	78002	8299
119106	4484	37940
119107	78002	6706
119108	85594	2477
119109	78003	9326
119110	78003	8478
119111	4486	6352
119112	78004	32
119113	78004	77573
119114	78005	14431
119115	78005	9689
119116	85603	6283
119117	78006	2593
119118	78007	35398
119119	78007	17583
119120	78007	77518
119121	78008	11531
119122	78008	6322
119123	78008	19043
119124	85608	5035
119125	78009	15303
119126	78010	5097
119127	78010	7694
119128	78010	3724
119129	78010	5126
119130	111	4522
119131	78011	6791
119132	78011	10490
119133	78011	141
119134	78011	17504
119135	78012	4977
119136	78012	11330
119137	78012	11027
119138	78012	24724
119139	78013	5421
119140	78013	29012
119141	78014	1284
119142	78014	4987
119143	78014	10289
119144	78014	12773
119145	78015	9597
119146	78015	14720
119147	4486	4785
119148	78017	15014
119149	4486	5813
119150	78021	5858
119151	78021	24174
119152	1621	2721
119153	4486	29198
119154	78023	7673
119155	4490	4688
119156	111	5634
119157	111	5630
119158	78025	23159
119159	78027	10890
119160	78027	5836
119161	78029	3976
119162	78030	25450
119163	78029	5443
119164	91279	32006
119165	4492	6905
119166	78030	13116
119167	78030	25854
119168	78031	7959
119169	111	4893
119170	78032	4814
119171	78033	9503
119172	78033	14875
119173	4497	16876
119174	78035	7744
119175	78035	28924
119176	78035	10531
119177	78035	26799
119178	78037	11642
119179	4500	8457
119180	4500	8252
119181	78039	6339
119182	78040	685
119183	1621	2515
119184	78040	1016
119185	78041	5168
119186	78041	5146
119187	78042	16071
119188	78042	7863
119189	4505	11011
119190	78044	77481
119191	78044	41469
119192	78045	4715
119193	78046	8267
119194	78047	10083
119195	78047	4751
119196	78047	41288
119197	78048	8802
119198	4505	16979
119199	78048	22528
119200	78049	1108
119201	78049	11841
119202	78049	23407
119203	78049	8329
119204	78050	16132
119205	78050	8502
119206	78051	284
119207	78055	24923
119208	78056	2585
119209	78057	8377
119210	78058	5857
119211	78058	1734
119212	78059	44268
119213	78061	5428
119214	78061	9701
119215	78062	12226
119216	78060	10925
119217	78063	10388
119218	78063	2444
119219	78064	77584
119220	1621	19644
119221	78064	17413
119222	4506	4508
119223	78064	4931
119224	78065	27439
119225	78066	9167
119226	78066	4886
119227	78067	13466
119228	4507	10475
119229	78071	9989
119230	78072	9223
119231	78052	10696
119232	78072	1925
119233	78073	2001
119234	78073	2980
119235	4507	5757
119236	78074	6017
119237	78077	15349
119238	78078	34839
119239	78078	32630
119240	78081	5036
119241	78081	25445
119242	78082	7468
119243	78082	3127
119244	78083	18100
119245	78084	4922
119246	78091	3138
119247	4507	11043
119248	78085	18644
119249	78085	16561
119250	78086	11310
119251	4507	16618
119252	1621	4430
119253	78088	6703
119254	645	2692
119255	4511	7884
119256	78089	9889
119257	78090	28448
119258	1621	9245
119259	78091	22511
119260	78092	8445
119261	78094	1843
119262	78095	36622
119263	78096	77390
119264	85617	1155
119265	78097	25840
119266	4	23494
119267	1621	26889
119268	78098	5827
119269	645	13193
119270	78100	24882
119271	1622	2271
119272	78103	2831
119273	78102	38089
119274	78104	21190
119275	78104	6024
119276	78105	19016
119277	78105	7679
119278	78107	2813
119279	78108	396
119280	78109	12915
119281	78109	19216
119282	78109	17049
119283	78110	135
119284	78110	20381
119285	78112	6276
119286	78112	9854
119287	78113	729
119288	1622	11186
119289	4511	16222
119290	4511	51813
119291	1622	1751
119292	4513	4518
119293	78118	3190
119294	78119	5472
119295	111	2789
119296	78120	1498
119297	78120	3780
119298	78121	13535
119299	78121	28601
119300	1622	5615
119301	78122	1650
119302	78123	4845
119303	78123	37853
119304	78123	23037
119305	91323	5053
119306	78125	1624
119307	4522	4729
119308	78125	50577
119309	78126	4907
119310	78126	36748
119311	78128	665
119312	78128	21349
119313	78130	5372
119314	78130	10775
119315	78131	11179
119316	78131	8182
119317	78131	10902
119318	78131	9012
119319	78133	9429
119320	78134	6343
119321	78134	8871
119322	78134	77963
119323	78134	77665
119324	78135	3516
119325	78136	7841
119326	85624	6281
119327	1622	9682
119328	78140	31714
119329	78143	10584
119330	4522	5733
119331	78144	77850
119332	78145	4963
119333	78145	28745
119334	78145	5792
119335	78146	13486
119336	78148	8519
119337	78148	7468
119338	78148	20000
119339	78148	10891
119340	78149	77776
119341	78150	1835
119342	4522	15721
119343	78153	5064
119344	4522	10965
119345	78154	9728
119346	78156	4738
119347	78157	2571
119348	78158	29193
119349	4522	7648
119350	78159	10440
119351	4522	5910
119352	78161	2474
119353	78161	5374
119354	78163	10959
119355	78164	26577
119356	78164	8382
119357	111	5870
119358	78164	10886
119359	78165	940
119360	78167	4729
119361	78168	37473
119362	78169	32928
119363	78170	15290
119364	78170	9496
119365	78171	42390
119366	78171	2208
119367	1622	20507
119368	78173	11859
119369	78174	15569
119370	78174	15514
119371	78174	4375
119372	78175	5041
119373	225	16921
119374	78175	24732
119375	78176	3198
119376	78176	8396
119377	78177	4360
119378	78179	5301
119379	78179	17413
119380	78180	2461
119381	78180	17372
119382	78183	5973
119383	78182	5400
119384	78182	5120
119385	78184	1765
119386	78184	10845
119387	78184	5639
119388	4522	14493
119389	78186	2514
119390	78187	14839
119391	78188	7964
119392	78187	22137
119393	78187	10397
119394	82973	1680
119395	78195	16750
119396	78195	3103
119397	1622	3035
119398	78196	22287
119399	78197	9876
119400	78197	9522
119401	78198	6321
119402	78198	7684
119403	78198	3721
119404	78198	8702
119405	78198	10750
119406	78199	5725
119407	78201	7740
119408	225	2905
119409	78202	8996
119410	78202	6974
119411	78203	5770
119412	4522	46546
119413	78203	2696
119414	78203	17462
119415	85631	6061
119416	4522	5792
119417	78205	12286
119418	4522	8555
119419	78207	9509
119420	4522	18828
119421	78209	4941
119422	78210	6044
119423	78210	1303
119424	78210	10224
119425	78210	4761
119426	78211	741
119427	78213	9255
119428	78217	5179
119429	78217	1319
119430	78217	5668
119431	78218	16969
119432	78220	6056
119433	78220	766
119434	78220	15244
119435	78221	16483
119436	78222	4040
119437	78223	1498
119438	78224	6042
119439	78226	8261
119440	78226	10204
119441	78227	6018
119442	78227	9302
119443	78228	13191
119444	78228	13069
119445	78229	9689
119446	78230	134
119447	78230	647
119448	78231	5607
119449	4523	17423
119450	78231	9799
119451	4523	37015
119452	78233	8968
119453	78233	35677
119454	78234	41758
119455	645	9411
119456	78235	77370
119457	78235	19433
119458	78235	7697
119459	78236	13009
119460	4524	19111
119461	4524	34558
119462	4524	37985
119463	4524	39408
119464	4526	4544
119465	78239	9541
119466	91377	19948
119467	78240	36
119468	78240	779
119469	79917	46412
119470	78242	13801
119471	4529	8697
119472	78243	33867
119473	78244	28377
119474	78246	7767
119475	78243	26767
119476	78248	19808
119477	78248	10126
119478	78249	8109
119479	91358	17571
119480	78252	122
119481	78252	13799
119482	78253	32974
119483	4531	34820
119484	78254	3314
119485	91361	78268
119486	78258	19527
119487	78258	11296
119488	78258	10990
119489	78260	14020
119490	78260	3100
119491	78266	42707
119492	78267	5505
119493	78270	10332
119494	78270	22484
119495	78270	27427
119496	78271	450
119497	78271	2490
119498	78272	3910
119499	78274	498
119500	78272	30379
119501	78273	2862
119502	78275	77469
119503	78275	7890
119504	1	18812
119505	78277	5119
119506	78278	1254
119507	4540	55751
119508	78281	1016
119509	4540	5434
119510	78283	28616
119511	78284	13334
119512	78284	78273
119513	78285	1757
119514	4540	10790
119515	78287	10806
119516	78288	10455
119517	78289	77874
119518	78288	77456
119519	78288	5200
119520	78289	18413
119521	78289	27923
119522	78291	27593
119523	78292	7572
119524	78294	9445
119525	4540	9798
119526	78304	11625
119527	78296	5372
119528	4540	12523
119529	78297	11998
119530	78297	30794
119531	4540	6300
119532	78298	30944
119533	78298	20074
119534	78301	8617
119535	78303	9694
119536	78304	16835
119537	78307	17888
119538	78307	30343
119539	78307	720
119540	78307	9271
119541	78308	7675
119542	78308	4693
119543	78309	669
119544	78309	19800
119545	78310	955
119546	78310	7956
119547	78310	11285
119548	78311	15232
119549	78311	186
119550	78311	6241
119551	78311	8607
119552	78312	7465
119553	78313	14364
119554	91378	5513
119555	1622	3987
119556	78313	9308
119557	78313	10164
119558	78314	8393
119559	78315	2721
119560	78315	13760
119561	85644	13708
119562	78318	77501
119563	78321	7855
119564	78322	18285
119565	78323	3968
119566	78325	8889
119567	78327	10821
119568	78327	4851
119569	78329	48359
119570	78330	16115
119571	78330	7741
119572	78335	9957
119573	78336	77589
119574	78336	526
119575	91379	8396
119576	78336	28201
119577	78336	20836
119578	78336	19880
119579	78337	52322
119580	78340	5073
119581	4543	6623
119582	78341	8815
119583	1624	2962
119584	78342	7870
119585	78343	4144
119586	78344	32258
119587	78344	23304
119588	78345	1611
119589	4543	22013
119590	78347	77481
119591	78347	5205
119592	225	4240
119593	78349	5826
119594	78350	8732
119595	1624	6135
119596	78352	26412
119597	78353	15541
119598	4543	13916
119599	78353	31065
119600	78353	16941
119601	78354	4953
119602	78355	6884
119603	78355	3198
119604	78356	21668
119605	78356	7651
119606	78356	5826
119607	78357	8286
119608	78357	4730
119609	78357	78232
119610	78357	2596
119611	78359	15171
119612	78360	17342
119613	78361	8748
119614	78361	9019
119615	1624	4958
119616	78362	14307
119617	78363	731
119618	78363	5745
119619	4543	19202
119620	78365	14976
119621	4545	4548
119622	78366	10657
119623	78366	35731
119624	78368	41690
119625	78369	34606
119626	4547	8049
119627	78370	11719
119628	78364	10485
119629	78370	15126
119630	78373	6222
119631	78374	11655
119632	78376	17097
119633	78376	15154
119634	78380	15783
119635	78379	936
119636	78379	15659
119637	78379	2350
119638	78380	3376
119639	78380	45334
119640	4549	10428
119641	646	6222
119642	78381	1895
119643	78382	8785
119644	646	10481
119645	78384	2015
119646	78384	29541
119647	78385	29370
119648	225	34816
119649	78387	8796
119650	78388	10544
119651	4550	4556
119652	14	1415
119653	78391	77725
119654	78396	291
119655	78400	8869
119656	78401	13616
119657	78401	7547
119658	78401	30270
119659	78402	8688
119660	78403	829
119661	78404	11699
119662	78404	3129
119663	78408	10695
119664	78409	2073
119665	1627	3061
119666	78410	239
119667	78413	11759
119668	78415	28534
119669	78416	132
119670	78416	19285
119671	78417	8078
119672	78418	7987
119673	78426	11286
119674	78428	30751
119675	1627	12728
119676	78428	32018
119677	78429	16820
119678	78431	11075
119679	78431	11929
119680	78432	33246
119681	78433	11659
119682	78434	9720
119683	78434	2197
119684	78434	4938
119685	78436	4882
119686	78437	5590
119687	78438	5390
119688	78438	27880
119689	78439	3170
119690	78439	5994
119691	4553	38777
119692	78442	7712
119693	78406	4787
119694	78443	2490
119695	78443	20120
119696	78444	15201
119697	78445	6138
119698	78445	3065
119699	78446	18277
119700	78446	6315
119701	78446	47555
119702	78446	1826
119703	78449	9472
119704	4554	11128
119705	78449	20182
119706	4554	11452
119707	78452	5161
119708	78453	2268
119709	78452	10845
119710	78453	78142
119711	78453	2844
119712	78454	5729
119713	78454	10289
119714	78456	1704
119715	78458	3000
119716	78459	8979
119717	78465	10166
119718	85642	82016
119719	78467	23672
119720	78467	77614
119721	78469	11103
119722	78470	5995
119723	78471	9930
119724	78473	3482
119725	78473	14500
119726	78474	5334
119727	78476	1453
119728	78477	48294
119729	78478	8593
119730	78478	13235
119731	78479	20598
119732	4554	32311
119733	78482	17848
119734	78481	16215
119735	78482	9350
119736	78484	2234
119737	78485	6063
119738	78485	8236
119739	78488	14964
119740	78490	26354
119741	78490	18932
119742	78490	35655
119743	4554	8703
119744	78495	18475
119745	78495	8174
119746	78496	1113
119747	78496	10096
119748	1628	12232
119749	78500	8202
119750	78500	2366
119751	78502	15652
119752	78504	7828
119753	78505	69469
119754	78507	41629
119755	78509	3051
119756	1629	1645
119757	78511	43770
119758	78512	5142
119759	1630	11668
119760	78513	78379
119761	78515	78488
119762	78516	1103
119763	4555	10199
119764	78518	3003
119765	78521	2245
119766	78523	77558
119767	78525	6023
119768	1628	8362
119769	78526	13907
119770	78527	77556
119771	78527	12191
119772	78528	32928
119773	78529	3103
119774	78529	54361
119775	78530	5826
119776	78532	9104
119777	78534	14033
119778	78535	2475
119779	4557	5559
119780	78536	9635
119781	78537	17140
119782	4557	7462
119783	4557	9391
119784	78538	12066
119785	78539	4686
119786	78539	40028
119787	78540	21777
119788	78542	9787
119789	78543	7385
119790	78543	9837
119791	78544	22889
119792	78545	5413
119793	78547	4938
119794	78549	5020
119795	78551	13472
119796	78555	43679
119797	4557	7433
119798	78556	1870
119799	78557	5660
119800	91435	4984
119801	78561	35397
119802	78562	77500
119803	78562	1205
119804	78563	8202
119805	78564	4851
119806	78565	2952
119807	78566	17248
119808	78567	12578
119809	78568	14466
119810	4558	4559
119811	78569	11001
119812	78570	23736
119813	4560	4566
119814	78572	16249
119815	78573	2386
119816	78575	65
119817	78574	18431
119818	78575	13193
119819	78578	362
119820	78578	22618
119821	78579	6157
119822	78581	16779
119823	78583	20318
119824	78584	25443
119825	78586	9635
119826	78587	9928
119827	78587	30982
119828	78589	78062
119829	78591	9410
119830	78591	10095
119831	78593	4894
119832	78594	2184
119833	78594	19048
119834	78598	7730
119835	78596	23286
119836	78597	9140
119837	78598	25441
119838	78598	25577
119839	78600	13389
119840	78601	4153
119841	78604	747
119842	78607	32721
119843	4567	4582
119844	4569	4819
119845	78610	8247
119846	78610	8618
119847	78611	9112
119848	78613	5572
119849	78614	2499
119850	78614	7213
119851	78615	8329
119852	78616	11639
119853	78618	9264
119854	78620	1846
119855	4569	35353
119856	78621	1407
119857	91447	36782
119858	85653	2563
119859	78625	20196
119860	78626	43081
119861	78628	27111
119862	78628	5941
119863	78630	27723
119864	78631	1521
119865	78632	47700
119866	78634	8748
119867	78634	7923
119868	78634	77587
119869	78637	25704
119870	78638	13082
119871	78639	5627
119872	78641	4484
119873	4569	20478
119874	78642	8080
119875	78643	41434
119876	78643	11779
119877	78644	8306
119878	78644	2371
119879	78646	21363
119880	78653	26996
119881	4570	7765
119882	78655	2857
119883	78655	19027
119884	78656	5643
119885	78657	17340
119886	78657	4916
119887	78657	77568
119888	78659	21531
119889	78660	10254
119890	85652	6275
119891	91453	78943
119892	78664	313
119893	78665	77455
119894	78665	931
119895	78665	6280
119896	78668	37649
119897	78669	182
119898	91454	356
119899	78671	7694
119900	78671	4694
119901	78673	20722
119902	78673	4716
119903	78673	6033
119904	78675	22834
119905	78675	5280
119906	78676	7519
119907	78677	27459
119908	78679	7565
119909	78681	396
119910	78686	24929
119911	78685	32552
119912	78686	18533
119913	78687	39070
119914	77971	8647
119915	78688	1047
119916	78688	34948
119917	78690	5562
119918	78690	3704
119919	78690	45443
119920	78691	2989
119921	78692	9586
119922	4572	15403
119923	1631	26587
119924	78700	4619
119925	78698	12568
119926	78698	10449
119927	78699	10602
119928	78699	31581
119929	4572	11560
119930	78699	13060
119931	91470	80558
119932	78701	78299
119933	78702	13130
119934	78703	10040
119935	78704	18287
119936	4572	7254
119937	78704	3106
119938	78705	11093
119939	78706	4672
119940	78707	5656
119941	4573	5844
119942	78709	7723
119943	78709	17662
119944	78712	8314
119945	78713	10243
119946	78713	7106
119947	78714	29193
119948	78716	5973
119949	78716	26507
119950	78717	7323
119951	78717	18467
119952	78718	77833
119953	78719	143
119954	227	12308
119955	78722	17311
119956	78722	16896
119957	78724	4995
119958	78724	2292
119959	78725	22143
119960	78727	320
119961	78727	5437
119962	78728	2692
119963	78729	5411
119964	1631	38414
119965	4573	4736
119966	4575	24911
119967	78732	10821
119968	78734	9568
119969	78740	1181
119970	78741	21558
119971	78747	6017
119972	78747	5197
119973	78749	17932
119974	78748	10644
119975	78748	4397
119976	78750	6328
119977	4588	22033
119978	78751	8015
119979	78752	5846
119980	78752	7579
119981	78754	77581
119982	1632	3168
119983	78756	35889
119984	78758	5902
119985	78759	1090
119986	78759	52476
119987	85669	23037
119988	78762	2515
119989	78763	77988
119990	78765	2879
119991	78768	8316
119992	78769	9677
119993	78773	18316
119994	1632	8578
119995	78774	21847
119996	78778	381
119997	78777	13030
119998	78779	5141
119999	78781	18702
120000	78782	14760
120001	78783	8314
120002	78784	17482
120003	78785	1200
120004	227	23246
120005	78786	8960
120006	78786	8617
120007	78787	23127
120008	78788	22239
120009	78788	5499
120010	78789	3880
120011	78791	27069
120012	78791	5325
120013	78791	20339
120014	78792	2774
120015	78792	78575
120016	1632	3091
120017	78792	5689
120018	1632	2950
120019	78793	8933
120020	78794	9903
120021	1632	5977
120022	78795	28390
120023	78795	5855
120024	78795	6017
120025	78797	15949
120026	78797	1589
120027	1632	28956
120028	78798	21964
120029	78799	16528
120030	78801	826
120031	78802	17486
120032	227	6127
120033	78804	5754
120034	78804	1298
120035	78805	11125
120036	78805	36880
120037	4588	21445
120038	78806	1742
120039	78806	16841
120040	78807	5959
120041	78807	36
120042	78808	2854
120043	227	10231
120044	78810	32244
120045	78810	5608
120046	78810	510
120047	78811	7386
120048	82658	5457
120049	4588	48812
120050	78812	10131
120051	227	14747
120052	78814	36440
120053	649	13600
120054	78815	954
120055	78817	12746
120056	78817	5973
120057	78820	7639
120058	78821	47735
120059	78824	26946
120060	78824	5108
120061	4595	15046
120062	78829	2553
120063	78832	17675
120064	78834	7678
120065	78836	10682
120066	78837	9422
120067	78839	80
120068	78839	11239
120069	78839	11221
120070	78840	10792
120071	78841	3040
120072	78842	38729
120073	78846	7828
120074	1634	3105
120075	78847	8593
120076	78849	6532
120077	78851	78184
120078	78852	6109
120079	78853	11338
120080	78858	4090
120081	78858	3100
120082	78859	78050
120083	78861	28835
120084	78863	14909
120085	78863	12253
120086	78865	2340
120087	78866	11038
120088	78867	78513
120089	78862	2527
120090	78868	9047
120091	78868	2466
120092	78869	5408
120093	78871	10502
120094	78879	12350
120095	78875	5388
120096	78876	6113
120097	4595	8188
120098	78879	4868
120099	78885	6223
120100	78890	9717
120101	78888	4698
120102	78889	19554
120103	78889	22901
120104	78889	11186
120105	78890	4869
120106	78891	11542
120107	78880	5523
120108	78899	4987
120109	78893	9357
120110	78896	11483
120111	78903	78214
120112	91501	28869
120113	78907	6602
120114	78908	1104
120115	78909	15242
120116	4595	7646
120117	78911	5327
120118	78913	2021
120119	78913	5133
120120	4595	33594
120121	78914	47272
120122	4595	9875
120123	78915	9000
120124	78916	8017
120125	78918	2471
120126	78921	77864
120127	78921	77624
120128	78922	1298
120129	4596	5906
120130	78924	9509
120131	78927	13758
120132	78928	5540
120133	78928	11274
120134	78929	477
120135	78930	13109
120136	78931	2486
120137	4596	8766
120138	4596	4972
120139	78933	7968
120140	4596	8267
120141	78936	8297
120142	78937	17194
120143	78937	77430
120144	78938	2478
120145	78940	12
120146	78941	16277
120147	78944	24605
120148	78947	9979
120149	78952	16277
120150	78954	5372
120151	78956	17663
120152	78958	4677
120153	78958	24929
120154	1635	11689
120155	78959	5931
120156	78959	10309
120157	78960	6446
120158	78961	77743
120159	78963	9669
120160	78965	988
120161	78966	434
120162	78967	33588
120163	78969	29478
120164	78969	38038
120165	78970	24827
120166	78971	41288
120167	78975	5297
120168	78976	9128
120169	78976	23991
120170	651	3123
120171	78981	320
120172	78983	29746
120173	78983	30268
120174	78984	4206
120175	78985	13121
120176	78985	10033
120177	78987	5113
120178	78989	19084
120179	78990	4765
120180	78990	1903
120181	78994	16892
120182	78998	3001
120183	78998	24171
120184	78997	78342
120185	79000	22220
120186	79000	8388
120187	79001	8229
120188	79003	6024
120189	79003	9773
120190	79005	6306
120191	79007	2723
120192	79007	509
120193	79009	1802
120194	79011	4832
120195	79011	4779
120196	79013	5400
120197	79015	5746
120198	79015	2809
120199	79017	23928
120200	79019	11237
120201	79020	15496
120202	79026	46696
120203	79028	77567
120204	79031	14978
120205	79036	14367
120206	79040	29829
120207	79041	38949
120208	79043	17929
120209	79044	10438
120210	79044	1245
120211	79044	8763
120212	79046	8877
120213	79047	10530
120214	79048	77579
120215	79048	8083
120216	79051	6219
120217	79055	18744
120218	79059	42678
120219	79060	12351
120220	79063	939
120221	79069	13276
120222	79073	12255
120223	79074	1667
120224	79074	18885
120225	4601	26726
120226	79075	11452
120227	79075	6223
120228	79076	9210
120229	79077	11029
120230	79080	15420
120231	79080	78003
120232	79081	10585
120233	79081	9018
120234	79082	3100
120235	79082	1718
120236	79082	20511
120237	79083	10748
120238	79084	10944
120239	79084	4505
120240	79087	17900
120241	79089	3910
120242	79091	25337
120243	79093	160
120244	79093	5833
120245	4602	5709
120246	79095	5281
120247	79095	11100
120248	4605	4618
120249	79097	9982
120250	79099	1874
120251	79105	4751
120252	79106	10303
120253	79110	15122
120254	79112	1273
120255	85668	5507
120256	79118	167
120257	79118	1056
120258	79123	3198
120259	79126	78390
120260	79125	7713
120261	79128	41562
120262	79128	14270
120263	79129	1699
120264	79130	84
120265	79131	24456
120266	79132	5549
120267	4610	17029
120268	79136	78683
120269	79142	8641
120270	79144	52187
120271	79145	11591
120272	79146	2477
120273	79148	21747
120274	79150	37289
120275	79152	13607
120276	79158	5384
120277	79159	14140
120278	79162	13438
120279	79162	5614
120280	79164	2558
120281	79169	27682
120282	79170	4818
120283	79171	32335
120284	79171	936
120285	79173	10584
120286	79174	4842
120287	79176	11767
120288	79176	5811
120289	79178	125
120290	79180	10700
120291	79186	9705
120292	79186	19678
120293	79393	77642
120294	79188	25812
120295	79189	9735
120296	79194	77582
120297	79195	10696
120298	79196	5006
120299	79196	17731
120300	79198	5356
120301	79200	15908
120302	79201	11460
120303	79204	8293
120304	79208	36098
120305	79209	10584
120306	79210	3477
120307	79211	14022
120308	79214	17466
120309	79218	4674
120310	79223	17279
120311	79226	9998
120312	79225	9234
120313	79226	8528
120314	79231	5943
120315	79231	13319
120316	79234	4230
120317	79234	11302
120318	111	2769
120319	79240	16975
120320	79241	6077
120321	79241	29080
120322	79244	77396
120323	4610	19540
120324	79247	18186
120325	79250	1699
120326	79247	18427
120327	4610	6250
120328	79252	7742
120329	79256	2851
120330	79256	77797
120331	79257	7203
120332	79259	5623
120333	79260	1673
120334	79263	27243
120335	79264	4647
120336	79267	10573
120337	79267	77886
120338	79267	24796
120339	79267	2872
120340	79268	2027
120341	79269	10750
120342	79271	13714
120343	79271	1313
120344	79273	14408
120345	79275	10218
120346	79276	32282
120347	79277	17417
120348	111	8654
120349	79282	10687
120350	79285	16292
120351	79286	16571
120352	4611	9316
120353	79284	2769
120354	79290	919
120355	79296	6196
120356	79296	7953
120357	79301	78134
120358	79303	13861
120359	79305	17608
120360	79309	5176
120361	79309	5577
120362	79311	12926
120363	79311	215
120364	79312	8319
120365	79313	21861
120366	79315	77399
120367	79319	4749
120368	79323	16848
120369	79323	244
120370	79326	15561
120371	79326	52650
120372	79328	32589
120373	79330	8929
120374	4612	23462
120375	4612	8516
120376	79331	5288
120377	79333	9459
120378	79336	11304
120379	79339	77975
120380	79340	4716
120381	79340	2827
120382	79341	10949
120383	79343	32480
120384	79344	18647
120385	79351	2535
120386	79351	1953
120387	79352	77431
120388	79354	5933
120389	79354	12474
120390	79357	6540
120391	79361	2602
120392	79367	14890
120393	79368	13387
120394	4616	10775
120395	79370	337
120396	79372	3093
120397	79375	11095
120398	79376	5079
120399	79376	3042
120400	79377	3296
120401	79378	5522
120402	79379	7042
120403	79379	7033
120404	79380	2450
120405	79382	21905
120406	79384	4800
120407	79385	7514
120408	229	232
120409	79386	17651
120410	79391	2539
120411	79400	6791
120412	79400	2475
120413	79403	5646
120414	79408	4987
120415	79406	40658
120416	79407	18376
120417	79412	8614
120418	79413	10830
120419	79415	2778
120420	79416	1728
120421	79420	13610
120422	79421	78219
120423	79421	7883
120424	79423	8432
120425	79431	78685
120426	79424	12474
120427	79425	24063
120428	79427	4297
120429	79430	26052
120430	79432	10533
120431	79433	6085
120432	79438	11274
120433	79441	12808
120434	79441	14327
120435	79443	7742
120436	79450	22698
120437	79452	4205
120438	79454	21623
120439	79454	22193
120440	79457	52576
120441	79461	1284
120442	79463	9376
120443	79466	11642
120444	79468	10477
120445	79470	40139
120446	79472	77730
120447	79476	6379
120448	79476	1751
120449	79478	510
120450	79479	12240
120451	79480	11291
120452	79483	10574
120453	79486	11128
120454	79488	2210
120455	79490	19463
120456	79492	57661
120457	4616	5902
120458	79495	17550
120459	79498	16655
120460	79500	42397
120461	79502	35904
120462	79503	1726
120463	79503	12166
120464	79507	2517
120465	79507	9211
120466	79515	28117
120467	85683	8768
120468	79516	5399
120469	79517	5578
120470	79517	2796
120471	79517	8854
120472	79519	79381
120473	79519	10429
120474	79522	8816
120475	79523	41766
120476	79527	21870
120477	79527	13334
120478	79528	18762
120479	79532	8934
120480	79533	6179
120481	79534	7621
120482	79538	9940
120483	79541	6089
120484	79543	10645
120485	79547	8628
120486	79550	28674
120487	79550	8299
120488	79554	28983
120489	79557	4761
120490	79364	28350
120491	79558	77369
120492	79564	32163
120493	79564	8856
120494	79567	4784
120495	79569	11036
120496	79575	16018
120497	79575	14693
120498	1635	41607
120499	79576	18813
120500	79581	21999
120501	79582	32709
120502	79583	5361
120503	79584	9184
120504	79584	1219
120505	79586	34251
120506	79586	78899
120507	79587	18437
120508	79587	6244
120509	79588	21680
120510	79589	4706
120511	79590	10176
120512	79591	27100
120513	79593	6189
120514	79593	35087
120515	79593	10756
120516	79596	510
120517	79604	811
120518	79605	2793
120519	79606	5608
120520	79606	2962
120521	79606	20478
120522	79607	8752
120523	79607	17604
120524	79610	1673
120525	4616	13316
120526	79612	8716
120527	79612	5904
120528	79613	77940
120529	79615	77915
120530	1635	10363
120531	79617	3106
120532	79609	6500
120533	79620	31609
120534	79622	4837
120535	79626	5649
120536	79632	36765
120537	79633	9958
120538	79635	9535
120539	79636	5056
120540	79639	17827
120541	79640	12954
120542	79645	186
120543	79646	699
120544	79646	3324
120545	79651	5988
120546	79650	10868
120547	79653	7428
120548	79655	23513
120549	79659	15711
120550	79659	9555
120551	79662	37651
120552	79663	21665
120553	79663	7553
120554	79665	5704
120555	79666	7449
120556	79668	23949
120557	79671	19188
120558	79673	9227
120559	79680	340
120560	79684	23394
120561	79685	4673
120562	79686	21739
120563	79687	29138
120564	79687	8508
120565	79688	7726
120566	79691	12851
120567	79692	11340
120568	79693	19551
120569	79694	36417
120570	79695	7555
120571	79696	8880
120572	79697	5039
120573	79698	5595
120574	79699	9162
120575	79700	7736
120576	79703	26262
120577	79704	5913
120578	79708	10536
120579	79708	77415
120580	79710	20227
120581	79711	2286
120582	79713	18728
120583	79714	6357
120584	79716	1026
120585	79717	5689
120586	79717	28616
120587	79719	8181
120588	79720	17598
120589	79722	9303
120590	79725	77698
120591	79737	78601
120592	79764	344
120593	79739	35808
120594	79741	8529
120595	79741	2079
120596	79742	8250
120597	79744	35352
120598	79747	8729
120599	79748	20018
120600	79748	5539
120601	79755	17025
120602	79756	9082
120603	79760	10071
120604	79761	21998
120605	79770	7964
120606	79772	30869
120607	79774	9875
120608	79782	4678
120609	79783	10491
120610	79785	84
120611	79794	11752
120612	79793	11298
120613	79795	33065
120614	79797	6792
120615	79802	36833
120616	79804	5542
120617	79804	78821
120618	79805	10501
120619	79807	3742
120620	79809	79486
120621	79812	9885
120622	79814	4851
120623	79817	17800
120624	79818	21151
120625	79819	16872
120626	79820	39739
120627	79823	24391
120628	79824	29147
120629	79828	1656
120630	79832	78250
120631	79837	5925
120632	79837	5062
120633	79839	9323
120634	79841	4867
120635	79841	1245
120636	91585	85352
120637	79852	28214
120638	79855	77590
120639	79859	2966
120640	79866	22940
120641	79866	5301
120642	79866	27369
120643	111	7517
120644	79869	1200
120645	79871	5526
120646	79874	78151
120647	79874	78031
120648	79875	7587
120649	79877	5567
120650	79878	132
120651	79880	938
120652	79887	9892
120653	79887	32984
120654	79888	11897
120655	1638	7746
120656	79889	12070
120657	79890	7932
120658	79900	477
120659	79902	30331
120660	79904	77526
120661	79910	50791
120662	79913	18932
120663	79920	78279
120664	79927	10700
120665	79928	7433
120666	79929	12134
120667	79930	9167
120668	79930	2250
120669	79936	79227
120670	79937	12893
120671	79938	5810
120672	79942	33075
120673	79942	78778
120674	79943	22715
120675	79945	20217
120676	79945	15839
120677	79954	77930
120678	79955	79542
120679	79956	8563
120680	79952	10596
120681	79966	48723
120682	79968	7649
120683	79969	3632
120684	79976	3093
120685	79977	1573
120686	79978	30862
120687	79981	5219
120688	79984	21766
120689	79985	22
120690	79985	9171
120691	79987	21547
120692	79988	6316
120693	79994	22087
120694	79994	10407
120695	79995	10876
120696	79997	54124
120697	80000	5349
120698	80003	7581
120699	80003	10737
120700	80006	17730
120701	80007	1182
120702	80008	23358
120703	80012	19539
120704	80012	6696
120705	80013	30452
120706	80015	32161
120707	80020	1020
120708	80023	8118
120709	80026	33048
120710	80028	5444
120711	80029	8048
120712	80030	10044
120713	80031	11083
120714	80031	12406
120715	80033	1428
120716	80033	532
120717	80035	17469
120718	80036	21393
120719	80039	9971
120720	80040	78151
120721	80041	17236
120722	80042	5123
120723	80050	8799
120724	80050	21081
120725	80053	9388
120726	80053	13025
120727	80056	77787
120728	80061	5019
120729	80062	52609
120730	80062	17215
120731	80072	6095
120732	80073	3094
120733	80074	15801
120734	80074	2292
120735	4619	32792
120736	80078	78443
120737	80080	2092
120738	80082	27355
120739	80083	8374
120740	80085	32629
120741	80088	12878
120742	80090	2176
120743	80092	2475
120744	80093	11175
120745	4622	4628
120746	80107	9963
120747	80108	5551
120748	80108	10897
120749	80111	7497
120750	80111	46849
120751	80112	14911
120752	80115	19998
120753	80116	10975
120754	80117	12823
120755	80119	19509
120756	80120	78128
120757	80121	33558
120758	80122	8799
120759	80126	44422
120760	80129	78290
120761	80133	8851
120762	80135	1861
120763	80139	11209
120764	80140	12686
120765	80144	79912
120766	80149	51116
120767	80145	1091
120768	80151	32008
120769	80152	9977
120770	80157	79074
120771	80159	7827
120772	80160	26248
120773	80161	5992
120774	80164	7468
120775	80167	29068
120776	4629	28804
120777	80168	77466
120778	4629	12189
120779	80169	27104
120780	80170	10736
120781	80173	5150
120782	80174	2942
120783	80174	34860
120784	80177	1260
120785	80177	7473
120786	231	5547
120787	80178	40590
120788	80179	78294
120789	80181	28310
120790	80182	1664
120791	80184	16987
120792	80188	11248
120793	80190	5909
120794	80190	8772
120795	80191	79945
120796	80201	24816
120797	80203	10487
120798	80205	4797
120799	80208	29584
120800	80209	5646
120801	80209	77583
120802	80218	21429
120803	80220	2929
120804	80221	16186
120805	80222	10388
120806	80226	8986
120807	80228	8696
120808	80228	7505
120809	80229	15847
120810	80232	10070
120811	80235	1706
120812	80250	15667
120813	80251	19343
120814	656	19550
120815	80256	77379
120816	80259	23394
120817	80259	7837
120818	80260	78372
120819	4630	10734
120820	80270	11123
120821	80272	10366
120822	80274	2841
120823	80275	11804
120824	80278	4869
120825	4630	6219
120826	80285	15214
120827	80287	24057
120828	80293	4610
120829	80293	20243
120830	80294	11163
120831	80295	8570
120832	80298	7865
120833	80300	7988
120834	80301	5755
120835	80303	6304
120836	80308	5905
120837	80310	11462
120838	80311	8355
120839	80315	9352
120840	80316	9155
120841	80319	17165
120842	80324	12118
120843	80321	2188
120844	80326	77613
120845	80327	7744
120846	80330	9339
120847	80344	13133
120848	80346	16379
120849	80347	9552
120850	4630	4730
120851	80350	14956
120852	80352	8926
120853	4631	4636
120854	80365	1159
120855	80368	8753
120856	80371	7453
120857	80374	7408
120858	80384	2380
120859	80385	2784
120860	80390	33169
120861	80400	8960
120862	80406	1703
120863	80407	93
120864	80409	3051
120865	80417	218
120866	80419	3172
120867	80420	4422
120868	80421	10406
120869	80422	13276
120870	80458	78682
120871	80424	79974
120872	80424	10803
120873	80425	25081
120874	80425	8760
120875	80430	7620
120876	80433	10295
120877	80435	7396
120878	80436	14360
120879	80444	190
120880	80439	8651
120881	4633	5169
120882	80470	4700
120883	80478	1882
120884	80480	1364
120885	80481	4596
120886	4633	17413
120887	80485	22334
120888	80487	16832
120889	80487	36758
120890	80493	2314
120891	80494	6113
120892	80508	2863
120893	80508	4840
120894	80509	78017
120895	80512	4852
120896	80513	27151
120897	80517	18780
120898	4637	4995
120899	80520	6348
120900	80521	18089
120901	80523	6135
120902	80530	2907
120903	80535	20654
120904	80486	5985
120905	80547	5029
120906	80549	42054
120907	80551	9717
120908	80552	13924
120909	80555	13369
120910	80555	14791
120911	80557	6379
120912	80560	9500
120913	80563	19817
120914	80565	17401
120915	80568	3057
120916	80568	78190
120917	82985	4675
120918	80575	6309
120919	80577	10728
120920	80577	77660
120921	80578	6146
120922	80580	8598
120923	80587	8621
120924	80591	1845
120925	80596	3382
120926	4637	14157
120927	80599	12443
120928	80601	8078
120929	80602	10571
120930	80603	10914
120931	80605	32058
120932	80583	77407
120933	80612	2519
120934	80636	13408
120935	80632	9977
120936	80639	3076
120937	80640	6949
120938	80641	1165
120939	80642	16959
120940	80643	12
120941	80644	10946
120942	80646	1273
120943	80647	4902
120944	80647	43469
120945	80650	26495
120946	80652	10038
120947	80656	42637
120948	80657	77693
120949	80662	21835
120950	80663	3198
120951	80664	7617
120952	80672	78023
120953	80677	5832
120954	80682	13535
120955	80687	8753
120956	80688	9260
120957	80695	175
120958	80696	16663
120959	80701	10388
120960	80703	9929
120961	80705	2489
120962	80709	9453
120963	80710	6177
120964	80713	6623
120965	80717	9787
120966	80722	78622
120967	80733	7631
120968	80740	8214
120969	80740	15833
120970	80759	20256
120971	80761	20777
120972	80763	36696
120973	80764	14372
120974	80766	80717
120975	80768	9316
120976	80782	78876
120977	80786	5364
120978	80790	9507
120979	80790	25283
120980	80791	2757
120981	80792	77619
120982	80792	2786
120983	80796	7459
120984	80797	79532
120985	80798	78246
120986	80799	12886
120987	80799	79184
120988	80802	30300
120989	80803	10836
120990	80804	6379
120991	80805	79326
120992	80808	2698
120993	80809	4850
120994	80815	4850
120995	80819	2271
120996	80819	32446
120997	80820	15245
120998	80821	11323
120999	80836	21146
121000	80839	450
121001	80843	5563
121002	80844	4850
121003	80847	2379
121004	80849	12546
121005	80849	15068
121006	80850	5997
121007	80852	16740
121008	80854	2015
121009	80860	1292
121010	80862	2510
121011	80864	5136
121012	80869	29157
121013	80846	26327
121014	80875	10185
121015	80879	6177
121016	80881	10905
121017	656	18885
121018	80896	11350
121019	80898	1704
121020	80899	2015
121021	80901	18739
121022	80906	14094
121023	80907	32502
121024	80908	4734
121025	80911	5931
121026	80913	5020
121027	80904	5231
121028	80920	7246
121029	80926	4522
121030	80934	78609
121031	80934	8876
121032	80937	1838
121033	80938	4722
121034	80940	283
121035	80945	15126
121036	80945	20803
121037	80951	8083
121038	80951	5426
121039	80952	23123
121040	80953	4841
121041	91630	81004
121042	80988	2139
121043	80954	22136
121044	80955	16731
121045	80956	4814
121046	80956	80030
121047	80957	19773
121048	80960	21040
121049	80972	10182
121050	80977	9036
121051	80980	9411
121052	80985	8297
121053	80998	4820
121054	81000	20835
121055	81004	14522
121056	91629	11027
121057	4644	5326
121058	81026	8830
121059	81033	5218
121060	81034	77492
121061	81035	2315
121062	81037	29597
121063	81038	7929
121064	81048	44865
121065	81050	30164
121066	81050	3542
121067	81051	11124
121068	81056	35057
121069	81058	14993
121070	81059	22121
121071	81063	5532
121072	81065	132
121073	81067	13403
121074	81070	18427
121075	81071	79089
121076	81071	7203
121077	81074	23935
121078	81076	3924
121079	81081	40884
121080	81087	1140
121081	81089	2912
121082	81093	5143
121083	81098	26161
121084	81102	15579
121085	81106	9214
121086	81108	4702
121087	81115	5806
121088	81121	33984
121089	81124	19060
121090	81128	32221
121091	81130	8345
121092	81132	6095
121093	81137	9800
121094	81140	5190
121095	81144	10024
121096	81151	20237
121097	81153	1832
121098	81154	3713
121099	81157	677
121100	81162	37587
121101	81164	7609
121102	81166	16921
121103	81168	5841
121104	81177	356
121105	81183	21711
121106	81184	26640
121107	81186	24015
121108	81191	36280
121109	81196	20995
121110	81198	5564
121111	81201	5867
121112	81213	80514
121113	81214	34964
121114	91632	1926
121115	85695	7720
121116	81220	21096
121117	81220	21550
121118	81225	5284
121119	81241	5272
121120	81242	21374
121121	81243	6286
121122	81248	9849
121123	81249	26886
121124	81250	10769
121125	81251	18762
121126	81252	3769
121127	81253	8244
121128	81256	14336
121129	81258	4921
121130	91628	82704
121131	81261	41060
121132	81262	9616
121133	81263	12794
121134	81267	5445
121135	81279	144
121136	81281	38357
121137	81282	12824
121138	81284	11873
121139	81286	1942
121140	85700	833
121141	81295	9998
121142	81302	32547
121143	81302	5838
121144	81303	10568
121145	81303	20374
121146	81306	17366
121147	81313	10300
121148	81320	8800
121149	81331	10314
121150	81336	6683
121151	81343	21333
121152	81338	3125
121153	81362	2769
121154	81353	42283
121155	81354	7728
121156	81361	731
121157	81364	6141
121158	81369	16107
121159	81372	3112
121160	81374	45993
121161	81375	4829
121162	81376	79700
121163	81382	401
121164	81386	4808
121165	81388	2277
121166	81393	14787
121167	81394	79635
121168	81399	14972
121169	81401	27326
121170	81401	6581
121171	81403	797
121172	81409	2849
121173	81410	34331
121174	81415	6162
121175	81422	13565
121176	81431	47026
121177	81439	12980
121178	81450	9766
121179	81451	9488
121180	81462	8511
121181	81465	5174
121182	81472	39587
121183	81474	21538
121184	81480	10114
121185	81492	1275
121186	81507	4893
121187	81517	8362
121188	81518	78535
121189	81523	17834
121190	81524	949
121191	81527	35841
121192	81531	7803
121193	81534	8662
121194	81535	14775
121195	81536	9654
121196	81538	13589
121197	81543	9012
121198	81549	47229
121199	81563	944
121200	81564	2090
121201	81566	23354
121202	81568	10655
121203	81568	4713
121204	81569	8316
121205	81570	8097
121206	81570	7125
121207	81572	5851
121208	81574	29461
121209	81577	1472
121210	81583	33809
121211	81586	9153
121212	81589	16551
121213	81593	2424
121214	81596	77893
121215	81596	42519
121216	81601	427
121217	81603	15835
121218	81604	3024
121219	81619	12140
121220	95512	2882
121221	81622	7179
121222	95508	10003
121223	81628	11116
121224	81630	20878
121225	81632	2611
121226	81642	10218
121227	81643	9030
121228	95389	11211
121229	81649	43691
121230	95366	10700
121231	81655	10470
121232	81656	4931
121233	95336	13288
121234	81656	32310
121235	81660	11935
121236	95312	43060
121237	81668	77681
121238	81671	18100
121239	81678	2559
121240	95214	1876
121241	81679	27136
121242	81683	5146
121243	81685	5910
121244	95170	3037
121245	95156	8486
121246	81694	10656
121247	81700	5797
121248	81713	5421
121249	81715	11133
121250	81733	26647
121251	94966	83
121252	81738	35008
121253	81742	10793
121254	81744	2669
121255	94840	4650
121256	94830	8993
121257	81762	77590
121258	81769	8879
121259	81778	7254
121260	81790	17901
121261	81796	2850
121262	81812	5879
121263	81817	33914
121264	81822	10201
121265	81823	2536
121266	94570	10
121267	81827	80034
121268	81828	4616
121269	81835	14447
121270	81745	11743
121271	81849	21428
121272	94441	4964
121273	94432	29101
121274	94390	464
121275	81859	4680
121276	94360	10305
121277	94364	5080
121278	81864	21428
121279	81866	12081
121280	94341	82535
121281	94325	13343
121282	81872	448
121283	81873	32356
121284	81874	78371
121285	81878	13060
121286	94273	17255
121287	81881	308
121288	94254	8375
121289	81883	8311
121290	4649	4651
121291	94247	5832
121292	81888	4839
121293	81890	79284
121294	81894	10739
121295	81894	9589
121296	91719	17758
121297	81898	79485
121298	81899	2154
121299	81900	78935
121300	94163	36136
121301	81909	1718
121302	81917	10150
121303	81911	2721
121304	94098	5909
121305	81924	9305
121306	94066	11201
121307	81937	22128
121308	94031	21015
121309	94025	80456
121310	81937	22816
121311	81944	5310
121312	81952	20769
121313	81955	7499
121314	93975	11911
121315	81957	8112
121316	81963	81742
121317	81967	20
121318	81968	23213
121319	81968	24923
121320	81977	3040
121321	81982	8701
121322	81983	28281
121323	81986	10214
121324	81989	10609
121325	93785	12075
121326	93793	11047
121327	93794	82712
121328	82004	28862
121329	93731	34858
121330	82014	2833
121331	93705	18530
121332	93709	5136
121333	82015	81772
121334	93686	29009
121335	82020	5100
121336	93671	5343
121337	82021	2073
121338	82021	115
121339	82047	9685
121340	82028	4217
121341	82030	9919
121342	82035	2842
121343	82038	2473
121344	82038	17492
121345	82042	18649
121346	93602	46596
121347	82053	10839
121348	93579	79724
121349	93572	15515
121350	93541	37596
121351	82059	8379
121352	82060	21503
121353	93503	80423
121354	93482	23674
121355	93484	1967
121356	93472	11
121357	93465	8762
121358	82081	47
121359	82082	10472
121360	82082	2279
121361	93420	22900
121362	82084	7731
121363	82085	37352
121364	93400	5312
121365	82086	163
121366	82089	39148
121367	93349	30274
121368	93343	5585
121369	82099	4915
121370	93333	10396
121371	82100	12389
121372	82102	7517
121373	82103	7785
121374	93318	35385
121375	82103	17259
121376	93306	80236
121377	82108	6703
121378	82109	7744
121379	93285	7789
121380	82113	19734
121381	82114	38699
121382	82117	2048
121383	82118	5307
121384	93238	22174
121385	82124	5126
121386	93229	77835
121387	82130	3026
121388	82130	2839
121389	93209	2311
121390	82134	5276
121391	82140	10891
121392	82146	4885
121393	82148	8694
121394	93145	27731
121395	93127	15713
121396	82156	80091
121397	82157	17675
121398	82160	78710
121399	82161	10176
121400	82165	5570
121401	82169	4962
121402	82172	7907
121403	82173	2470
121404	92995	7997
121405	82187	11202
121406	92957	19861
121407	82197	413
121408	82194	5341
121409	82199	81494
121410	82203	3769
121411	92911	2574
121412	92905	19659
121413	82206	7109
121414	82206	14765
121415	92889	8445
121416	82208	78855
121417	92864	10084
121418	92860	4962
121419	82212	6219
121420	82216	20214
121421	92811	155
121422	92795	9669
121423	82224	41969
121424	92792	10137
121425	92777	86939
121426	82235	11305
121427	82237	2058
121428	92749	8698
121429	82239	40777
121430	82243	17150
121431	92697	78322
121432	92703	9172
121433	92698	21179
121434	82246	7674
121435	82247	25348
121436	82248	5365
121437	82251	10000
121438	82251	8799
121439	92660	16814
121440	92668	3311
121441	82253	21507
121442	82255	9137
121443	92644	134
121444	91654	79312
121445	82258	7617
121446	82258	16256
121447	92633	7864
121448	82261	19983
121449	92621	81802
121450	82263	9403
121451	82264	77894
121452	82266	29976
121453	82268	5949
121454	92560	8988
121455	92547	80243
121456	82283	946
121457	82286	9483
121458	82287	9894
121459	92519	4731
121460	92485	5291
121461	82300	27066
121462	92438	7307
121463	92444	82874
121464	82307	18503
121465	82309	36164
121466	82312	33820
121467	92409	6516
121468	82328	1949
121469	92392	44653
121470	82332	11045
121471	1641	10450
121472	82336	21019
121473	82342	205
121474	92359	168
121475	82345	41784
121476	82355	6792
121477	82374	8929
121478	82375	10988
121479	82376	21005
121480	82386	8730
121481	82386	32629
121482	82387	1206
121483	92217	81422
121484	92146	1799
121485	82417	10082
121486	82424	8750
121487	92103	31177
121488	82430	16396
121489	92094	77578
121490	82434	19127
121491	92080	7962
121492	82438	5985
121493	92065	7571
121494	82450	79331
121495	92034	19111
121496	82456	79053
121497	82461	3615
121498	91999	22063
121499	91981	2475
121500	82476	6707
121501	82481	2919
121502	91917	29711
121503	91911	27153
121504	91682	1317
121505	91891	79440
121506	91894	32
121507	91899	30
121508	91852	38373
121509	82530	22598
121510	82534	5722
121511	82536	6040
121512	91816	5115
121513	82545	82478
121514	82546	10548
121515	82548	1819
121516	91796	78423
121517	82554	23652
121518	82555	78316
121519	82566	13012
121520	91771	17710
121521	82570	15534
121522	82574	81878
121523	82583	9137
121524	82585	983
121525	91706	24066
121526	82595	434
121527	91672	7082
121528	91666	14107
121529	82601	22689
121530	91647	768
121531	82624	46923
121532	91611	49882
121533	91602	79678
121534	91607	9759
121535	91604	8944
121536	82630	78634
121537	91566	1304
121538	82643	2090
121539	91539	77862
121540	91525	1727
121541	82657	4680
121542	82658	19631
121543	91493	28865
121544	91490	8128
121545	91475	2001
121546	91467	8963
121547	91452	5162
121548	82670	77762
121549	91410	23279
121550	91394	9171
121551	91384	5739
121552	82681	5827
121553	91357	11770
121554	82688	430
121555	82700	7334
121556	82707	309
121557	91282	2942
121558	91278	81101
121559	82716	3103
121560	82720	80238
121561	82748	6123
121562	91152	10447
121563	82760	394
121564	91132	7161
121565	82765	78295
121566	82765	855
121567	91117	43453
121568	82778	4637
121569	82780	19359
121570	91096	16540
121571	82794	77422
121572	82805	12327
121573	91046	3481
121574	91038	78479
121575	91031	3155
121576	91032	2258
121577	82808	7690
121578	91019	52118
121579	82598	37481
121580	82814	7733
121581	90998	17136
121582	82815	77527
121583	82816	78329
121584	90977	175
121585	90979	46753
121586	82818	6418
121587	82820	8787
121588	82824	8027
121589	90953	12936
121590	90951	825
121591	90947	1622
121592	82843	8770
121593	82845	37591
121594	90888	5805
121595	82847	9645
121596	82854	13537
121597	90801	5187
121598	90803	364
121599	82869	1344
121600	90738	14966
121601	90733	6115
121602	82882	1273
121603	90726	12733
121604	82884	32739
121605	82886	4243
121606	82887	27493
121607	90692	2258
121608	82891	5307
121609	4654	10637
121610	82917	5045
121611	82918	9712
121612	82920	78058
121613	90608	19878
121614	90581	1996
121615	90573	77446
121616	90555	18918
121617	90549	12825
121618	90542	50018
121619	90517	2312
121620	82948	80676
121621	91674	43895
121622	82959	5399
121623	90483	4840
121624	90466	27498
121625	82966	16233
121626	90449	13336
121627	82976	4133
121628	82981	5667
121629	82984	14961
121630	82961	9274
121631	83004	62638
121632	90392	24731
121633	83008	10296
121634	83011	623
121635	4656	19690
121636	83021	6041
121637	83022	18443
121638	83026	24951
121639	83032	16777
121640	91673	54037
121641	90316	4961
121642	83044	16484
121643	83050	41012
121644	83051	7877
121645	90270	26231
121646	83054	9673
121647	90215	21872
121648	83076	59
121649	83077	77844
121650	83081	2006
121651	83091	23552
121652	83088	3235
121653	83101	9764
121654	83106	2250
121655	91681	39277
121656	83109	4704
121657	83109	21318
121658	90115	43918
121659	90061	27499
121660	83126	8158
121661	90046	7648
121662	90044	4971
121663	83129	13570
121664	90001	40575
121665	83132	19185
121666	83133	8707
121667	83138	10166
121668	83149	28595
121669	89982	8377
121670	83156	21816
121671	89963	18807
121672	83176	2212
121673	89946	9207
121674	89933	31990
121675	89927	80273
121676	83195	17799
121677	83196	77582
121678	89890	78472
121679	89864	11268
121680	83205	79882
121681	83220	77766
121682	83223	462
121683	83229	8011
121684	89787	10592
121685	83236	78137
121686	83238	45492
121687	83253	6848
121688	89722	9249
121689	83258	11216
121690	83259	5587
121691	89688	3735
121692	83288	20132
121693	89669	10289
121694	83289	17801
121695	83298	6721
121696	83301	21810
121697	83302	7556
121698	89629	1142
121699	83304	17968
121700	83305	11037
121701	83306	10972
121702	83307	32258
121703	83319	11007
121704	83303	9838
121705	83332	1949
121706	83332	2366
121707	83341	5521
121708	83363	5352
121709	83376	19976
121710	83378	11306
121711	83389	50954
121712	83400	78700
121713	83420	78893
121714	83425	19731
121715	83429	78077
121716	89410	14193
121717	83464	11282
121718	89394	10452
121719	89395	2079
121720	83467	20398
121721	89385	2844
121722	83473	2189
121723	83483	11196
121724	89309	2536
121725	83506	49407
121726	83504	20335
121727	83511	31205
121728	83514	2242
121729	89256	5011
121730	83518	1283
121731	89202	18195
121732	83557	12050
121733	89153	78359
121734	89146	5395
121735	83576	3741
121736	83578	25335
121737	83579	15455
121738	83584	5025
121739	83600	45975
121740	83601	10734
121741	83607	31116
121742	83619	7348
121743	83624	6083
121744	83630	1102
121745	83639	37912
121746	89038	12612
121747	83652	1186
121748	83653	705
121749	83653	20684
121750	83656	17516
121751	83659	9312
121752	83660	13143
121753	83661	11705
121754	83663	2482
121755	4656	40733
121756	83671	23638
121757	83674	9813
121758	83680	39896
121759	83684	6884
121760	88935	5084
121761	83697	15613
121762	83713	15376
121763	83715	4411
121764	83741	2568
121765	83753	14168
121766	88795	15742
121767	83755	33508
121768	83758	79616
121769	83780	83696
121770	88727	79006
121771	88715	23980
121772	83809	6444
121773	83813	6716
121774	4656	5910
121775	83831	6208
121776	83834	25263
121777	83837	5035
121778	83847	6021
121779	88632	7632
121780	88536	16529
121781	83935	16898
121782	83941	23397
121783	83947	13793
121784	83960	22202
121785	4657	19559
121786	83981	6026
121787	83982	7320
121788	84006	17503
121789	84017	23628
121790	84022	2740
121791	84023	10614
121792	4657	20902
121793	88289	24250
121794	88280	2451
121795	84071	9482
121796	84086	6195
121797	84095	9858
121798	84111	20746
121799	88111	725
121800	84142	10909
121801	88094	51382
121802	84146	871
121803	84161	7320
121804	84162	2520
121805	84185	29203
121806	84201	5992
121807	84204	12041
121808	87880	79903
121809	84210	8831
121810	87860	151
121811	84229	3076
121812	84242	971
121813	84255	17009
121814	84188	19340
121815	84258	8316
121816	87784	14179
121817	84266	13711
121818	84298	28486
121819	84449	33908
121820	84451	4681
121821	84567	14861
121822	84538	13929
121823	84588	1760
121824	84589	18105
121825	84592	8848
121826	91694	78100
121827	84708	79963
121828	84726	17289
121829	84735	79522
121830	84770	16287
121831	84966	24320
121832	84998	7430
121833	85432	31513
121834	85433	80224
121835	85498	28535
121836	85513	11281
121837	85531	8416
121838	85539	2850
121839	85582	9543
121840	85600	6291
121841	85650	21239
121842	85660	11396
121843	85641	9186
121844	85691	9316
121845	85722	34346
121846	85727	34270
121847	1641	5217
121848	4657	48439
121849	4662	28385
121850	4663	9091
121851	4664	5900
121852	4664	4702
121853	85711	15606
121854	4664	5269
121855	4664	11125
121856	4664	7968
121857	4664	18098
121858	1641	7444
121859	233	238
121860	4664	8755
121861	4664	5754
121862	4664	10848
121863	4664	13798
121864	4664	7721
121865	1641	27803
121866	4665	6139
121867	4665	21578
121868	1641	29411
121869	4665	32810
121870	4666	4738
121871	4666	7681
121872	4666	11621
121873	239	2727
121874	4666	5720
121875	4666	5577
121876	4666	32784
121877	4667	7926
121878	4667	5479
121879	239	7571
121880	52	6674
121881	660	1289
121882	4667	4929
121883	4668	10513
121884	85726	78736
121885	52	9294
121886	1643	7676
121887	1643	7096
121888	4668	14805
121889	85753	11319
121890	4669	4672
121891	4669	8322
121892	111	10868
121893	53	16969
121894	4669	8784
121895	239	13781
121896	111	13064
121897	1648	2189
121898	4669	25643
121899	53	416
121900	1649	1851
121901	4671	5107
121902	111	24341
121903	239	1250
121904	53	9977
121905	1650	31513
121906	4671	6051
121907	4671	7652
121908	4671	6328
121909	4672	22680
121910	1651	24997
121911	661	48747
121912	4672	7580
121913	85734	381
121914	662	2557
121915	1654	1665
121916	4673	22880
121917	662	1541
121918	4673	11232
121919	83018	23005
121920	4674	11040
121921	4674	7664
121922	4675	8489
121923	4675	8248
121924	1656	52987
121925	4675	7473
121926	4675	5770
121927	662	6033
121928	239	3662
121929	1657	6864
121930	1657	30125
121931	662	8692
121932	662	4097
121933	112	4732
121934	4675	37528
121935	663	5795
121936	1660	23263
121937	663	5816
121938	14	699
121939	4677	8731
121940	4677	20387
121941	4677	10044
121942	4677	6077
121943	112	1336
121944	4677	47401
121945	4677	16576
121946	0	137
121947	4678	5471
121948	663	19123
121949	663	2933
121950	663	3729
121951	1661	27896
121952	1663	8502
121953	4678	14976
121954	1663	14409
121955	4679	8133
121956	4679	10758
121957	1663	6111
121958	4679	6092
121959	4679	11151
121960	4679	7633
121961	1666	3127
121962	1667	2883
121963	4679	29711
121964	243	36850
121965	112	5245
121966	4680	5080
121967	243	725
121968	665	1027
121969	667	679
121970	85757	5061
121971	4681	11203
121972	4681	5720
121973	54	8474
121974	4683	12166
121975	4686	8006
121976	1667	5436
121977	4686	10077
121978	4687	4698
121979	4687	7604
121980	4687	5114
121981	4687	20565
121982	4687	10735
121983	27	20773
121984	669	1291
121985	4688	4757
121986	4688	7915
121987	4688	10700
121988	4688	23029
121989	243	11824
121990	27	2941
121991	4688	4832
121992	4689	9982
121993	4689	8702
121994	243	27110
121995	4689	9482
121996	4689	5050
121997	4689	17623
121998	4689	11063
121999	4689	14981
122000	1667	36775
122001	1667	5965
122002	85770	7478
122003	669	4061
122004	27	14790
122005	243	11283
122006	4690	10418
122007	669	13243
122008	83040	11648
122009	4690	11029
122010	1669	21185
122011	4690	15927
122012	112	5231
122013	28	37
122014	1670	8991
122015	1670	3130
122016	1670	9141
122017	243	3984
122018	1670	4459
122019	243	13579
122020	1671	4165
122021	671	10493
122022	4695	19903
122023	1672	8969
122024	243	10495
122025	1673	17815
122026	4697	7648
122027	4697	6089
122028	1673	14889
122029	671	24653
122030	1675	3450
122031	1673	11333
122032	671	21524
122033	671	5359
122034	1675	13179
122035	4697	23713
122036	1675	10573
122037	54	1700
122038	1675	45967
122039	1676	1887
122040	672	53853
122041	113	7912
122042	673	42448
122043	1683	5757
122044	1683	14307
122045	1683	5635
122046	85688	8628
122047	676	1996
122048	1683	5795
122049	4698	21527
122050	4698	10994
122051	1683	7317
122052	4697	12895
122053	1683	22484
122054	1683	24539
122055	676	34371
122056	1683	12044
122057	1683	24832
122058	4699	10126
122059	1684	10088
122060	4699	24216
122061	1684	35741
122062	1685	2315
122063	1685	4234
122064	85799	17496
122065	1685	19994
122066	1685	4477
122067	1687	2324
122068	85800	8605
122069	1689	4762
122070	1689	6143
122071	1689	33710
122072	4700	12304
122073	85805	2573
122074	4700	8850
122075	4700	24164
122076	4700	15299
122077	85824	8750
122078	4702	8086
122079	244	10314
122080	1690	12043
122081	1690	32402
122082	1690	7680
122083	244	11901
122084	4702	10440
122085	4702	12912
122086	4702	24299
122087	1692	9889
122088	677	2926
122089	677	8508
122090	4707	13188
122091	1692	5946
122092	1692	4707
122093	1692	4616
122094	1692	8473
122095	1692	3542
122096	4707	60365
122097	1692	8673
122098	677	6995
122099	677	2892
122100	54	23657
122101	4708	7898
122102	4707	11268
122103	1693	5301
122104	4708	25068
122105	678	2090
122106	1693	8385
122107	4709	16205
122108	4709	12588
122109	4710	7068
122110	4710	17898
122111	1694	20202
122112	678	10821
122113	4713	4851
122114	4713	13379
122115	4713	10842
122116	680	684
122117	4713	5195
122118	1695	33567
122119	4713	9988
122120	113	7539
122121	1697	1709
122122	4716	8352
122123	4716	33266
122124	4717	5490
122125	4717	5585
122126	4717	21603
122127	4718	6102
122128	4720	5867
122129	4721	4837
122130	4723	7761
122131	4723	6873
122132	1700	13882
122133	4723	30520
122134	4723	13731
122135	250	252
122136	251	406
122137	4724	32547
122138	4724	21893
122139	685	2400
122140	4726	5858
122141	251	2322
122142	4727	7853
122143	685	5198
122144	251	5115
122145	4727	8333
122146	85684	4773
122147	4728	10108
122148	251	7794
122149	685	13582
122150	685	2838
122151	4729	13949
122152	91967	2568
122153	4729	11248
122154	1703	23461
122155	4729	16545
122156	686	17135
122157	251	1569
122158	686	11042
122159	686	9045
122160	4729	28901
122161	4730	4921
122162	1704	10424
122163	4730	6069
122164	55	5199
122165	4731	8353
122166	4732	5841
122167	4732	5755
122168	4732	5218
122169	4732	9852
122170	4732	5819
122171	4732	6603
122172	4734	31700
122173	694	8530
122174	1704	24330
122175	4736	4837
122176	4736	5272
122177	4736	14966
122178	4736	8968
122179	4736	23415
122180	1705	13535
122181	4736	19509
122182	4736	25751
122183	85665	8379
122184	1705	34467
122185	1706	7711
122186	1706	13735
122187	1706	2011
122188	695	8500
122189	114	18944
122190	1706	26054
122191	4738	10596
122192	1708	6376
122193	4741	9167
122194	696	8345
122195	4742	5666
122196	1708	8352
122197	1708	4684
122198	2	186
122199	4744	4784
122200	696	9564
122201	55	4993
122202	1710	33991
122203	115	629
122204	1711	2100
122205	1711	6590
122206	115	1220
122207	1712	5050
122208	1712	2443
122209	1712	26688
122210	696	9860
122211	4747	27177
122212	83141	21391
122213	4747	8678
122214	4748	5601
122215	4748	5057
122216	4748	8555
122217	4748	32462
122218	4749	4837
122219	85862	4904
122220	4752	13308
122221	4754	8780
122222	4755	6113
122223	4755	14615
122224	4755	8808
122225	699	5671
122226	4755	10176
122227	4755	5105
122228	699	2965
122229	85663	34498
122230	115	7706
122231	1712	20502
122232	55	6339
122233	115	8027
122234	115	4432
122235	699	29255
122236	1715	5472
122237	4756	4759
122238	55	3025
122239	85873	5957
122240	4756	5245
122241	1715	8384
122242	1715	7350
122243	4756	10340
122244	1716	1724
122245	4756	13943
122246	115	13012
122247	1717	40891
122248	1718	21643
122249	4757	8759
122250	4759	6155
122251	1718	5044
122252	4759	5009
122253	4759	6018
122254	4759	12878
122255	4760	13337
122256	4761	4771
122257	56	12093
122258	85881	1824
122259	1723	12180
122260	1725	5933
122261	4762	18607
122262	4762	9930
122263	1725	10234
122264	4762	5369
122265	703	939
122266	1726	18397
122267	703	2515
122268	4765	19395
122269	4767	7595
122270	4766	5521
122271	703	33880
122272	704	708
122273	254	256
122274	4770	15838
122275	705	1122
122276	4772	12378
122277	4772	31195
122278	4773	23364
122279	4773	11127
122280	4773	19809
122281	1727	3091
122282	4773	4828
122283	4776	4801
122284	4776	32459
122285	4777	4846
122286	1727	10571
122287	4777	29039
122288	1728	8794
122289	4779	8026
122290	1728	21179
122291	255	12232
122292	4780	10460
122293	4780	22065
122294	4782	4821
122295	259	261
122296	4782	5601
122297	14	10193
122298	4782	14986
122299	1729	15544
122300	4783	10809
122301	4785	7701
122302	56	5199
122303	4785	10200
122304	4785	30791
122305	4785	17765
122306	262	334
122307	4785	8286
122308	31	48040
122309	4787	5773
122310	4787	23358
122311	4787	9074
122312	85918	8262
122313	115	2232
122314	56	16835
122315	4787	13609
122316	4788	7994
122317	14	11754
122318	4789	8628
122319	709	32508
122320	4789	19197
122321	115	6839
122322	85915	5690
122323	263	5398
122324	4789	12485
122325	4789	33088
122326	4789	14752
122327	1730	33516
122328	4790	17340
122329	4790	20700
122330	1731	10485
122331	4791	14104
122332	1732	18749
122333	1732	7669
122334	4793	12191
122335	710	7937
122336	1732	8251
122337	115	10581
122338	1733	1755
122339	4793	25832
122340	710	5819
122341	1734	13299
122342	1734	4807
122343	4793	9843
122344	1734	4710
122345	1734	14704
122346	4793	8310
122347	4793	5291
122348	115	8753
122349	4795	24817
122350	1740	20495
122351	56	9668
122352	4795	22134
122353	1740	22469
122354	6	8628
122355	4796	7027
122356	4797	15682
122357	4797	7880
122358	710	10466
122359	4799	12675
122360	263	1142
122361	92111	1237
122362	92175	27093
122363	4799	13215
122364	85645	7534
122365	4799	36073
122366	87996	29444
122367	4799	26633
122368	4800	36853
122369	4800	42348
122370	1742	6703
122371	4801	18325
122372	4802	4850
122373	4802	9856
122374	4802	9885
122375	1742	34521
122376	1742	3127
122377	4802	34913
122378	4802	23357
122379	1743	40498
122380	4802	8362
122381	4802	21759
122382	1744	1851
122383	4803	5532
122384	4803	5185
122385	4804	19395
122386	4805	5241
122387	4805	4941
122388	4805	6219
122389	4805	15556
122390	1745	6615
122391	263	27393
122392	4806	5574
122393	4803	23982
122394	711	743
122395	1750	3900
122396	4807	8082
122397	4807	12287
122398	56	4909
122399	32	6721
122400	4808	7449
122401	4808	6281
122402	85944	10069
122403	4808	5786
122404	56	9827
122405	1751	23936
122406	4808	16654
122407	4809	8423
122408	1751	11792
122409	4809	15383
122410	4809	23384
122411	4809	5284
122412	4811	4844
122413	4811	11009
122414	4811	18744
122415	4811	10676
122416	1751	2766
122417	4811	19000
122418	85953	30909
122419	4811	8942
122420	4812	5911
122421	1754	9443
122422	1754	5914
122423	4813	7864
122424	4813	6500
122425	1756	9247
122426	263	15523
122427	4813	26580
122428	32	7246
122429	85947	3783
122430	716	1113
122431	4816	9855
122432	1756	5690
122433	1756	13026
122434	4816	27352
122435	4816	9196
122436	4816	10046
122437	4817	13798
122438	4816	24237
122439	4817	19121
122440	4817	9448
122441	4818	5835
122442	4818	9013
122443	4819	8369
122444	92522	10314
122445	1757	36403
122446	4820	5753
122447	4820	16568
122448	4820	10513
122449	85967	31536
122450	4821	16834
122451	263	22158
122452	92176	14249
122453	1758	21062
122454	1758	48220
122455	719	2189
122456	4821	19266
122457	4821	9764
122458	4821	21622
122459	4822	6086
122460	4826	12135
122461	4822	17029
122462	4826	5095
122463	1761	2350
122464	4826	5255
122465	4826	6418
122466	92180	6219
122467	85966	5323
122468	4828	22835
122469	4828	65005
122470	1761	32103
122471	4829	5770
122472	4829	11298
122473	1763	15853
122474	4829	13284
122475	4829	5909
122476	4829	7329
122477	4830	21923
122478	4830	31691
122479	4830	10131
122480	4832	19490
122481	4832	8657
122482	4833	10976
122483	85964	18836
122484	85963	11042
122485	4834	23869
122486	4834	31714
122487	4834	9885
122488	4834	9577
122489	1764	1775
122490	720	2641
122491	264	268
122492	4835	19643
122493	1765	4908
122494	4836	44219
122495	85968	13081
122496	1765	2544
122497	85969	7706
122498	4837	18395
122499	56	1949
122500	4837	14927
122501	4837	5547
122502	4837	27093
122503	4839	8026
122504	4839	17675
122505	4839	8628
122506	720	29198
122507	4839	17588
122508	56	8011
122509	1765	5015
122510	4841	6054
122511	1766	12258
122512	1765	5592
122513	4843	6844
122514	1766	15912
122515	1767	1814
122516	1768	4903
122517	4843	13907
122518	115	19572
122519	4844	11018
122520	85979	7356
122521	724	1211
122522	724	2260
122523	724	2423
122524	56	40571
122525	724	18450
122526	4844	7523
122527	4845	5595
122528	724	7857
122529	116	868
122530	4845	8580
122531	4846	11909
122532	724	20929
122533	4847	19209
122534	14	2975
122535	4847	18383
122536	4847	10453
122537	4848	32115
122538	4850	17815
122539	4850	14976
122540	4850	10896
122541	725	16475
122542	4850	9904
122543	85959	2043
122544	725	1319
122545	4850	28597
122546	4850	22795
122547	4850	37547
122548	4851	14969
122549	4851	21749
122550	4851	11095
122551	4847	5819
122552	4852	15038
122553	4852	13096
122554	4852	10180
122555	4852	5050
122556	725	18403
122557	4852	23735
122558	56	5360
122559	725	14999
122560	4853	9998
122561	4853	13116
122562	4853	18677
122563	725	5797
122564	725	9960
122565	725	21710
122566	4854	9210
122567	1771	45722
122568	726	9855
122569	4855	7734
122570	4855	27368
122571	4856	5161
122572	1772	27803
122573	4856	13048
122574	1772	29448
122575	265	24829
122576	729	2334
122577	4859	9074
122578	729	12963
122579	4859	25028
122580	4859	8527
122581	4860	8059
122582	4861	4916
122583	4863	4877
122584	4864	10938
122585	4864	6137
122586	4864	9211
122587	4865	7609
122588	1772	37378
122589	4868	4904
122590	4868	7609
122591	4868	8244
122592	4868	8639
122593	4868	10748
122594	4868	7497
122595	4856	22240
122596	4869	28349
122597	14	17971
122598	4872	8235
122599	4873	12367
122600	4874	24399
122601	729	2631
122602	4875	23307
122603	4878	5297
122604	4875	5074
122605	4879	21034
122606	116	17800
122607	4880	11175
122608	1779	16446
122609	4881	10150
122610	4881	4924
122611	4882	5265
122612	731	41123
122613	4882	8398
122614	4882	21389
122615	4882	10167
122616	4882	30818
122617	4882	33184
122618	4884	5068
122619	4884	7298
122620	1780	1843
122621	4884	6256
122622	732	9592
122623	4885	8384
122624	4886	8748
122625	4886	11322
122626	4886	8209
122627	4886	8423
122628	4886	6095
122629	4886	22908
122630	1783	1789
122631	267	2794
122632	4887	5527
122633	267	23550
122634	4887	5464
122635	4887	8039
122636	267	17935
122637	4887	11009
122638	4889	16277
122639	4889	10120
122640	4891	9713
122641	4891	6102
122642	4891	42993
122643	4892	10491
122644	1788	11848
122645	1788	23768
122646	733	6281
122647	733	32957
122648	4893	9092
122649	1791	50192
122650	267	16383
122651	1794	16750
122652	1797	5705
122653	117	2015
122654	734	8432
122655	86018	21948
122656	734	10322
122657	267	10740
122658	4894	8118
122659	4894	11038
122660	269	327
122661	734	6146
122662	4895	18467
122663	4895	11061
122664	4895	21791
122665	86025	17936
122666	736	870
122667	4897	7491
122668	57	1536
122669	1801	4844
122670	4899	12295
122671	1801	7923
122672	1801	7994
122673	4899	17786
122674	4900	9508
122675	4900	5527
122676	4901	6742
122677	1801	2589
122678	4903	13647
122679	4903	11209
122680	117	5245
122681	4904	6120
122682	4904	17069
122683	1801	13299
122684	4904	5795
122685	4904	6361
122686	4904	5616
122687	117	49574
122688	737	15741
122689	4907	6102
122690	4907	7670
122691	4907	9168
122692	4907	5910
122693	4907	8808
122694	272	6963
122695	1802	10527
122696	737	4732
122697	737	23800
122698	1803	2571
122699	4909	5664
122700	4908	6206
122701	4909	20507
122702	4909	5857
122703	4909	17465
122704	4909	32970
122705	1805	18863
122706	1805	6054
122707	1806	2232
122708	1806	28211
122709	4910	10181
122710	4910	10221
122711	4910	15168
122712	1809	6650
122713	4914	6226
122714	4914	5952
122715	4914	12828
122716	4914	9543
122717	4914	8248
122718	4915	14453
122719	4915	10449
122720	740	907
122721	1809	7960
122722	4914	26994
122723	4916	16382
122724	4917	7496
122725	4917	7795
122726	1810	1834
122727	4917	10614
122728	4918	12472
122729	1812	3086
122730	1812	15014
122731	1812	14852
122732	86048	8080
122733	4920	6248
122734	4920	29253
122735	4920	10868
122736	4922	4939
122737	4923	18448
122738	4924	7827
122739	4926	9505
122740	272	9723
122741	4926	6228
122742	272	3348
122743	4926	10909
122744	4927	9067
122745	1819	9446
122746	1819	2602
122747	4927	16696
122748	4928	19199
122749	4928	29172
122750	86057	36449
122751	1819	23929
122752	4929	5593
122753	4929	9762
122754	4929	31431
122755	1819	6631
122756	4930	6232
122757	4933	16189
122758	1823	3766
122759	1823	10454
122760	1823	5864
122761	83231	4807
122762	4936	12546
122763	744	38340
122764	1824	5001
122765	4938	6395
122766	4938	17643
122767	86074	8248
122768	4940	7327
122769	272	32245
122770	272	15925
122771	4941	7332
122772	272	22127
122773	4942	8795
122774	1824	7451
122775	272	29544
122776	273	276
122777	4943	5952
122778	1825	4856
122779	4943	8235
122780	4943	15507
122781	1825	10475
122782	119	2809
122783	4944	10084
122784	278	288
122785	4948	52990
122786	119	7960
122787	281	9735
122788	747	7096
122789	4950	10908
122790	4951	7015
122791	4951	8233
122792	4951	9627
122793	32	5291
122794	4951	11333
122795	4951	11048
122796	747	822
122797	86086	79753
122798	4953	6947
122799	4954	32627
122800	58	214
122801	4954	18227
122802	4956	10085
122803	4956	14885
122804	4957	16787
122805	4957	17815
122806	4957	11991
122807	4958	6532
122808	4960	8785
122809	4960	18179
122810	281	2216
122811	1826	14450
122812	119	22999
122813	1826	23963
122814	281	15069
122815	4962	8306
122816	1826	8657
122817	1826	2431
122818	1826	5325
122819	4963	10109
122820	1826	8390
122821	4963	19388
122822	32	13855
122823	32	28332
122824	1829	1884
122825	32	5526
122826	119	17880
122827	119	11917
122828	32	29944
122829	4964	50092
122830	4964	9723
122831	4964	9159
122832	119	56787
122833	32	13308
122834	1829	10737
122835	1829	5602
122836	1829	5121
122837	4967	6188
122838	4967	24896
122839	4968	10615
122840	4972	13304
122841	1830	7302
122842	1830	9675
122843	1830	12637
122844	1832	4918
122845	1833	9611
122846	4972	8171
122847	4973	22022
122848	4974	5360
122849	1835	6676
122850	1835	11811
122851	1835	8035
122852	4980	6371
122853	4983	4984
122854	4983	19034
122855	281	37370
122856	4984	10706
122857	4984	6178
122858	4984	10433
122859	1830	8928
122860	760	8362
122861	761	771
122862	4985	9269
122863	762	2968
122864	763	1991
122865	4985	16438
122866	4985	7265
122867	4985	37781
122868	4986	5433
122869	4985	5653
122870	58	5678
122871	4986	5813
122872	4986	5952
122873	1836	2769
122874	4986	7625
122875	58	5532
122876	765	1108
122877	4986	5284
122878	1837	7693
122879	1838	1901
122880	1838	16444
122881	1838	7625
122882	765	23982
122883	4990	24885
122884	4990	27137
122885	4990	22168
122886	4990	19979
122887	765	7859
122888	4990	29597
122889	1841	5205
122890	4991	16218
122891	4991	11250
122892	4992	5070
122893	4991	34022
122894	4991	36058
122895	765	27093
122896	4992	6241
122897	4992	7262
122898	4992	8880
122899	765	2451
122900	765	43693
122901	1844	39184
122902	4993	5947
122903	4996	4998
122904	768	1904
122905	120	21706
122906	4997	9692
122907	4997	7883
122908	4997	25998
122909	1846	2006
122910	1846	9982
122911	4999	23152
122912	4999	17322
122913	1846	4785
122914	5000	7700
122915	86146	7449
122916	86143	19213
122917	1846	22684
122918	5000	5988
122919	283	5245
122920	32	13749
122921	5000	29422
122922	5001	5059
122923	769	10224
122924	1849	7384
122925	1849	11224
122926	5002	5930
122927	5002	5277
122928	1850	15404
122929	5002	10114
122930	1850	9005
122931	5003	5005
122932	5004	11326
122933	83356	157
122934	120	5325
122935	1851	1872
122936	86249	20654
122937	283	23216
122938	5004	21680
122939	5004	17656
122940	1853	8858
122941	1853	20720
122942	1853	14160
122943	1855	5186
122944	1855	5113
122945	1855	5155
122946	1855	7832
122947	5006	11342
122948	1855	5684
122949	86160	6368
122950	5008	5275
122951	5008	5900
122952	32	7883
122953	5008	14285
122954	5008	25937
122955	283	6316
122956	5008	42577
122957	283	13053
122958	120	2696
122959	283	10787
122960	120	5163
122961	5011	7649
122962	5011	5434
122963	92873	2076
122964	5011	10131
122965	5013	5017
122966	5014	5020
122967	120	9348
122968	5014	15570
122969	5015	20829
122970	121	338
122971	5016	10218
122972	121	705
122973	1868	6042
122974	283	14752
122975	5018	10067
122976	1868	4350
122977	5020	5050
122978	121	10784
122979	5018	21644
122980	5019	17819
122981	5019	32849
122982	1870	7234
122983	86172	5315
122984	5022	17359
122985	5022	11571
122986	5023	5086
122987	5023	9979
122988	5024	5139
122989	5024	20729
122990	58	1056
122991	81662	78010
122992	778	2421
122993	284	1874
122994	284	5141
122995	5028	19273
122996	284	932
122997	5030	5117
122998	92569	8642
122999	58	1485
123000	284	5884
123001	5030	11089
123002	5030	16164
123003	5030	6214
123004	5030	42946
123005	1870	25510
123006	779	2346
123007	5031	5926
123008	779	2075
123009	5032	11818
123010	5032	20806
123011	5032	16932
123012	5032	55608
123013	1874	5200
123014	5033	15140
123015	5033	35417
123016	58	2201
123017	5034	7794
123018	5034	7669
123019	1874	8806
123020	5034	8553
123021	5035	5075
123022	779	7892
123023	284	413
123024	86187	26530
123025	5036	23931
123026	779	12828
123027	5036	37793
123028	86204	11027
123029	86202	21701
123030	5039	8517
123031	5039	35773
123032	779	23094
123033	779	11319
123034	5041	13076
123035	1874	19216
123036	5041	7517
123037	5041	9983
123038	58	10096
123039	780	22250
123040	5044	37782
123041	5047	5408
123042	5048	8337
123043	5048	7576
123044	284	2846
123045	5048	14296
123046	1882	10618
123047	5049	20881
123048	86212	31916
123049	83334	710
123050	5050	7671
123051	58	16028
123052	5050	15154
123053	783	2576
123054	5050	15580
123055	5050	38414
123056	284	8457
123057	1885	1909
123058	5050	25762
123059	5050	31870
123060	784	792
123061	5051	8510
123062	1890	7712
123063	58	10340
123064	5052	5482
123065	1890	2501
123066	5052	10378
123067	5052	5794
123068	32	9044
123069	1890	27417
123070	32	9926
123071	86215	2946
123072	5053	12872
123073	32	29441
123074	5057	5200
123075	80691	37284
123076	5057	6237
123077	5057	8039
123078	1894	2184
123079	5057	10307
123080	5057	50376
123081	5058	9311
123082	5058	35799
123083	1897	10982
123084	5061	5318
123085	5062	6291
123086	5058	9412
123087	5062	7061
123088	289	293
123089	1900	5823
123090	1900	16228
123091	5063	5584
123092	5063	8050
123093	58	7934
123094	5063	14898
123095	5063	43785
123096	1901	8398
123097	5064	20865
123098	86224	77561
123099	5064	21861
123100	5065	5192
123101	5065	22338
123102	793	21177
123103	5065	26731
123104	793	5928
123105	5066	7515
123106	5066	14286
123107	5067	8026
123108	5067	46103
123109	5067	5237
123110	1903	5172
123111	5068	8462
123112	5069	11422
123113	5072	5755
123114	5072	5919
123115	5072	7807
123116	5073	14048
123117	5074	8267
123118	5073	10322
123119	1905	10576
123120	1905	37340
123121	5074	14586
123122	5074	30008
123123	58	8338
123124	1906	5559
123125	5075	9303
123126	58	7643
123127	794	1054
123128	5076	8529
123129	124	4964
123130	5076	16865
123131	1906	7882
123132	5076	16681
123133	5079	24077
123134	5079	36941
123135	86235	16827
123136	5080	8445
123137	86238	9234
123138	794	10436
123139	5081	24116
123140	5083	8164
123141	5083	30742
123142	5084	11614
123143	5084	26297
123144	5085	14592
123145	5085	40951
123146	5088	5902
123147	125	1254
123148	5088	13735
123149	5088	36883
123150	5088	7536
123151	125	2096
123152	5090	8821
123153	1912	9612
123154	290	10283
123155	5088	9326
123156	86261	10000
123157	1913	4785
123158	83358	2846
123159	5090	8348
123160	1913	30673
123161	5090	10523
123162	5092	5871
123163	1916	15926
123164	5093	5153
123165	92706	4947
123166	1918	1920
123167	796	1032
123168	5095	9184
123169	5095	19469
123170	5095	10105
123171	1921	1923
123172	5095	26806
123173	5096	5393
123174	1922	2489
123175	1924	5516
123176	5100	21780
123177	1924	2334
123178	5101	16884
123179	1924	18317
123180	796	30866
123181	5102	9167
123182	1924	17503
123183	1924	7817
123184	125	6044
123185	5102	11324
123186	290	40690
123187	5102	23625
123188	78554	19400
123189	5103	5107
123190	86266	2852
123191	1925	16097
123192	5104	9714
123193	5105	5698
123194	1925	13046
123195	5105	6853
123196	5107	21868
123197	5107	11040
123198	58	11268
123199	5107	41589
123200	5107	11029
123201	5109	5692
123202	292	32478
123203	125	2149
123204	5110	11904
123205	294	2872
123206	294	2968
123207	5112	9167
123208	5113	9310
123209	5113	10824
123210	86268	4338
123211	78725	9000
123212	798	892
123213	5114	5494
123214	798	23135
123215	5114	10794
123216	5114	6316
123217	1927	5095
123218	1928	2088
123219	294	14796
123220	5116	5125
123221	5116	20644
123222	799	7884
123223	1931	2395
123224	5117	7671
123225	5117	11203
123226	5117	5755
123227	5117	10022
123228	1933	9592
123229	799	6301
123230	5117	15524
123231	5118	9287
123232	5119	6261
123233	86281	6037
123234	5119	5508
123235	1933	10185
123236	294	17536
123237	1933	21221
123238	5119	6184
123239	295	15539
123240	5119	5288
123241	5119	9131
123242	296	297
123243	299	304
123244	5119	28572
123245	1933	3057
123246	5120	10438
123247	1933	4720
123248	5120	15454
123249	799	8848
123250	5121	10037
123251	5122	5398
123252	5122	11175
123253	5122	9249
123254	5122	7710
123255	58	19278
123256	5122	7994
123257	5123	16599
123258	1941	2349
123259	5127	6726
123260	5129	5144
123261	5130	5138
123262	306	307
123263	1944	5299
123264	5131	9160
123265	5131	9482
123266	5131	5404
123267	5131	13920
123268	5131	27803
123269	802	6733
123270	5131	16017
123271	5131	8862
123272	83382	19805
123273	312	315
123274	5132	5148
123275	1946	2692
123276	1946	2223
123277	5132	26479
123278	5132	9908
123279	1946	2100
123280	5133	8318
123281	1946	7319
123282	1946	3157
123283	5135	17428
123284	1949	2191
123285	1949	10786
123286	804	5476
123287	1949	19288
123288	1950	1964
123289	125	44642
123290	5137	6037
123291	313	22544
123292	5141	7724
123293	5142	7837
123294	59	7929
123295	92812	7266
123296	313	34367
123297	804	14213
123298	1956	28767
123299	5143	14857
123300	313	18743
123301	5143	44784
123302	805	830
123303	5143	18958
123304	1957	9994
123305	806	2038
123306	316	3603
123307	1958	5340
123308	317	319
123309	5150	51757
123310	86318	2322
123311	807	23355
123312	807	56265
123313	5150	8812
123314	1958	33163
123315	1959	17145
123316	808	2775
123317	1960	7707
123318	5151	15349
123319	1960	7887
123320	5151	5261
123321	92826	10597
123322	318	3553
123323	5151	5855
123324	5151	20491
123325	86322	2842
123326	5152	11179
123327	125	15882
123328	5154	35937
123329	5156	5166
123330	1960	36058
123331	1961	8907
123332	125	16714
123333	59	4930
123334	125	10961
123335	6	25582
123336	1972	9168
123337	5159	11584
123338	5157	8956
123339	809	34846
123340	5159	15086
123341	5159	8125
123342	5160	7670
123343	126	11162
123344	5161	15687
123345	86332	5878
123346	1962	11224
123347	126	15409
123348	1962	13545
123349	1963	34207
123350	127	4083
123351	1965	35910
123352	1967	16071
123353	1967	13190
123354	1968	12736
123355	1968	5985
123356	81723	13628
123357	5167	5180
123358	1970	11124
123359	1970	16443
123360	1970	2189
123361	1970	12644
123362	5168	43770
123363	5169	5771
123364	83405	79215
123365	1970	9670
123366	5170	7883
123367	5170	20853
123368	1970	31050
123369	1970	14501
123370	86320	23417
123371	5171	8001
123372	5172	5816
123373	128	1772
123374	5172	6116
123375	128	12134
123376	1972	2437
123377	1972	17288
123378	5174	17809
123379	5176	9960
123380	5177	21451
123381	1972	11333
123382	5179	8690
123383	1972	42936
123384	1972	8567
123385	15	22450
123386	5183	17103
123387	86379	28675
123388	5183	19490
123389	5184	8170
123390	86460	17903
123391	5185	8855
123392	1977	1983
123393	5185	15069
123394	1979	10327
123395	5186	10627
123396	1979	5280
123397	812	35131
123398	5186	5946
123399	1979	12672
123400	5187	14960
123401	812	11268
123402	812	10628
123403	5187	23127
123404	812	6041
123405	1979	34666
123406	34	2813
123407	34	4882
123408	128	16040
123409	5187	22059
123410	5188	5194
123411	5189	7836
123412	34	4897
123413	5189	10169
123414	5189	13836
123415	5189	7887
123416	5190	27135
123417	5190	5878
123418	5192	17851
123419	86355	33734
123420	5195	6866
123421	5195	8810
123422	5195	5205
123423	5195	9207
123424	5195	11354
123425	5195	8220
123426	5195	30962
123427	814	49236
123428	1986	12137
123429	1986	11875
123430	1986	14652
123431	1986	5922
123432	1986	4793
123433	1987	2016
123434	5196	27673
123435	86319	7491
123436	5197	8295
123437	5198	7680
123438	815	4717
123439	1992	6726
123440	5196	27845
123441	34	1424
123442	5198	8799
123443	128	10637
123444	1996	27134
123445	815	21419
123446	322	325
123447	34	2159
123448	5199	11632
123449	5199	7497
123450	817	977
123451	5199	8956
123452	1997	2288
123453	5199	13600
123454	86386	83705
123455	818	4136
123456	5200	8580
123457	324	984
123458	5200	24189
123459	92942	5737
123460	86388	24615
123461	86389	15778
123462	1999	4717
123463	5201	6914
123464	5202	9931
123465	5202	17862
123466	5202	29959
123467	5202	31324
123468	5205	6244
123469	5205	9757
123470	5205	13645
123471	2000	9157
123472	324	6381
123473	2000	2770
123474	5206	11516
123475	820	28656
123476	83433	8640
123477	5207	17703
123478	128	28756
123479	81755	8240
123480	5208	13435
123481	5208	5836
123482	5210	26799
123483	2002	9983
123484	5212	5291
123485	5212	5619
123486	5212	12733
123487	5212	5697
123488	5212	16294
123489	5213	16050
123490	5213	10606
123491	5213	8780
123492	83445	5611
123493	5215	25800
123494	5217	5220
123495	5217	5691
123496	5217	42054
123497	83439	50272
123498	5218	13947
123499	2006	7791
123500	5218	5856
123501	5218	36983
123502	2009	42627
123503	822	4840
123504	5219	14218
123505	34	4732
123506	2013	2147
123507	5220	7307
123508	5220	11845
123509	5220	5644
123510	5220	13116
123511	5220	48170
123512	5223	9827
123513	5223	10857
123514	5223	10472
123515	5223	57535
123516	328	330
123517	5223	10888
123518	34	5471
123519	34	5117
123520	2013	33308
123521	2013	10821
123522	2013	18762
123523	822	9982
123524	81761	13481
123525	5226	36850
123526	2015	10790
123527	2015	2474
123528	5226	9070
123529	34	7338
123530	5230	5941
123531	5230	21194
123532	5232	9234
123533	5233	22947
123534	34	7742
123535	2017	2028
123536	2018	11858
123537	5237	5672
123538	5237	25748
123539	5241	8730
123540	2019	21298
123541	2019	30653
123542	2019	25318
123543	2019	10301
123544	2019	13335
123545	5243	11435
123546	2021	5798
123547	5245	11528
123548	2021	13964
123549	2021	6018
123550	34	7838
123551	5245	9102
123552	331	33620
123553	2022	9997
123554	331	19279
123555	5247	25113
123556	825	4736
123557	5249	8232
123558	5253	5262
123559	5254	40331
123560	85575	78121
123561	5255	7681
123562	825	32591
123563	5255	10185
123564	2026	6631
123565	2026	16222
123566	2027	8404
123567	2027	23832
123568	5257	48991
123569	5259	19069
123570	331	31096
123571	826	11614
123572	34	5532
123573	34	5755
123574	34	7384
123575	5257	5919
123576	2031	16969
123577	826	20979
123578	826	13057
123579	2031	2497
123580	5267	9477
123581	2031	16273
123582	5268	5770
123583	5268	16814
123584	86435	21864
123585	5268	11123
123586	5268	15137
123587	34	3451
123588	5269	11938
123589	5269	7653
123590	2031	14723
123591	2032	2063
123592	331	8937
123593	5269	32433
123594	34	8489
123595	130	26732
123596	826	19490
123597	5269	9072
123598	5269	5797
123599	5269	20490
123600	5270	24094
123601	2034	2490
123602	5271	19212
123603	2034	31593
123604	5271	42949
123605	2035	5579
123606	5272	12813
123607	2035	10581
123608	5274	29435
123609	86446	28535
123610	2039	23444
123611	5276	26801
123612	5276	23670
123613	2042	2287
123614	5277	11241
123615	5277	7634
123616	5277	5890
123617	828	27089
123618	5278	7968
123619	5279	8936
123620	5280	8360
123621	5281	8654
123622	59	5836
123623	829	7728
123624	2043	21971
123625	5281	15392
123626	2043	4256
123627	5282	5370
123628	2043	5961
123629	5284	18996
123630	829	3263
123631	2048	5619
123632	86510	27566
123633	2049	29478
123634	2049	22107
123635	5287	7449
123636	2051	32613
123637	5287	38083
123638	5287	48244
123639	5288	21493
123640	829	8158
123641	2055	26213
123642	2055	5827
123643	86464	83547
123644	5288	19561
123645	59	10177
123646	2056	7617
123647	333	342
123648	5288	25840
123649	5289	7828
123650	5289	7767
123651	34	11992
123652	2058	13610
123653	131	5120
123654	5290	37467
123655	2058	10438
123656	2058	9234
123657	131	3051
123658	2058	16145
123659	337	5076
123660	5291	5703
123661	5293	10913
123662	5296	23638
123663	5297	13727
123664	835	1245
123665	34	5547
123666	2062	42597
123667	835	5398
123668	131	2431
123669	2065	5821
123670	2065	28076
123671	2065	22278
123672	5299	23690
123673	86478	23427
123674	5301	9960
123675	34	9705
123676	835	13181
123677	5301	23736
123678	835	12152
123679	2068	10131
123680	2069	2082
123681	835	29502
123682	5305	20838
123683	5307	10527
123684	5307	27574
123685	5308	5322
123686	86479	8808
123687	59	9245
123688	2071	24723
123689	2073	4985
123690	2073	6887
123691	5311	9207
123692	2073	2297
123693	5314	10783
123694	34	3882
123695	2073	11299
123696	5315	9690
123697	2073	10040
123698	2073	7109
123699	5315	28460
123700	5316	13501
123701	2073	11723
123702	2073	5995
123703	2073	16778
123704	5319	30254
123705	2074	2229
123706	131	8603
123707	5321	11057
123708	5323	6947
123709	835	16651
123710	2075	6168
123711	5323	13285
123712	835	40293
123713	5323	19881
123714	86494	16988
123715	5325	10253
123716	5325	7802
123717	5325	11268
123718	5328	6966
123719	2076	4058
123720	81794	18801
123721	5328	5611
123722	2076	11299
123723	2076	8956
123724	5329	19699
123725	5330	18305
123726	59	53034
123727	5332	5834
123728	5332	9926
123729	2077	9683
123730	2077	2860
123731	337	2883
123732	86504	21207
123733	86497	20303
123734	837	11150
123735	5339	20511
123736	5340	12730
123737	5340	9483
123738	5342	12289
123739	2079	17669
123740	5344	15603
123741	5348	5376
123742	5349	8288
123743	337	19232
123744	5351	13261
123745	5352	27682
123746	5353	11248
123747	5355	8457
123748	5355	37224
123749	5356	7579
123750	838	9951
123751	5356	8205
123752	5357	6199
123753	838	5657
123754	839	856
123755	840	4677
123756	2084	12558
123757	2087	6234
123758	2087	10803
123759	5362	6623
123760	5363	10793
123761	5364	8168
123762	132	9097
123763	93206	2275
123764	86522	79126
123765	5365	17785
123766	5365	8118
123767	83503	22565
123768	5366	16245
123769	5367	9368
123770	132	318
123771	2090	13729
123772	5370	5929
123773	132	1042
123774	2090	5652
123775	5371	15876
123776	2090	10085
123777	2092	5281
123778	2092	4755
123779	5374	13941
123780	5375	5925
123781	842	27101
123782	5375	42807
123783	2092	5834
123784	5378	10454
123785	2092	7231
123786	5378	8092
123787	5378	13017
123788	5380	8327
123789	5380	8750
123790	5380	10734
123791	5380	9714
123792	5381	5391
123793	5382	5718
123794	2092	37332
123795	5375	9287
123796	5384	5912
123797	5384	8225
123798	5384	40116
123799	2094	2275
123800	5387	8254
123801	5387	18349
123802	844	12327
123803	5389	31610
123804	2095	37421
123805	86552	26200
123806	338	6212
123807	5392	13371
123808	5392	5909
123809	5394	5412
123810	338	10323
123811	5396	17835
123812	5396	11425
123813	2096	3987
123814	339	33433
123815	2100	11326
123816	2101	29647
123817	5398	15232
123818	2107	2113
123819	5398	19346
123820	849	10739
123821	850	4570
123822	2116	6033
123823	2116	7892
123824	2116	13735
123825	2117	2126
123826	5399	7354
123827	5399	17329
123828	5401	15524
123829	5403	16214
123830	5404	10768
123831	86753	10357
123832	340	21844
123833	5405	20577
123834	5405	10794
123835	5406	16525
123836	5408	10328
123837	134	6042
123838	5409	40802
123839	5411	30544
123840	5411	15334
123841	340	14937
123842	134	4255
123843	5417	6337
123844	5417	9305
123845	5419	6054
123846	134	24271
123847	34	10170
123848	5421	10177
123849	340	6026
123850	855	2271
123851	5490	9068
123852	2130	2762
123853	2130	5114
123854	855	2485
123855	855	30800
123856	340	29253
123857	5424	7384
123858	5424	42652
123859	5425	16948
123860	5425	43892
123861	5427	18662
123862	5428	5434
123863	5428	6102
123864	5429	5449
123865	858	1042
123866	86582	1559
123867	93278	38065
123868	5431	42497
123869	5431	22899
123870	5432	15009
123871	2139	17154
123872	5434	11274
123873	5434	12096
123874	135	871
123875	2139	2755
123876	343	2371
123877	81824	8808
123878	858	7462
123879	2141	2230
123880	5444	27493
123881	5444	5714
123882	5445	7895
123883	5446	18445
123884	858	9813
123885	2141	2628
123886	86590	898
123887	858	5508
123888	858	22803
123889	858	5857
123890	860	867
123891	5454	10941
123892	5456	14373
123893	5456	6103
123894	5457	8360
123895	5457	29134
123896	5457	9605
123897	5457	15682
123898	5457	17698
123899	5458	7082
123900	5461	5465
123901	5464	16293
123902	5464	10648
123903	135	8363
123904	5471	7742
123905	2145	2178
123906	5471	13927
123907	5471	9141
123908	2147	28597
123909	2148	6320
123910	2148	2688
123911	5479	6328
123912	5482	5899
123913	5482	16094
123914	5483	17164
123915	866	1125
123916	5486	11197
123917	2153	13916
123918	5488	7670
123919	2154	9814
123920	5490	25696
123921	5490	16023
123922	135	10618
123923	2159	2771
123924	62	9764
123925	2159	19999
123926	2159	22143
123927	2160	3080
123928	86595	8293
123929	347	27088
123930	2160	10462
123931	5506	6108
123932	5506	9068
123933	2170	6089
123934	347	72099
123935	5506	11147
123936	868	48437
123937	86593	77817
123938	2170	5549
123939	868	10810
123940	870	2708
123941	349	810
123942	5511	19687
123943	2172	29030
123944	5513	7851
123945	870	18414
123946	5513	8254
123947	349	1256
123948	5514	8080
123949	5516	14585
123950	5516	12289
123951	34	8233
123952	2176	9644
123953	83550	13582
123954	2176	15576
123955	349	4125
123956	5521	6096
123957	86634	9092
123958	871	5800
123959	2181	17968
123960	5521	7731
123961	5521	11350
123962	5521	5863
123963	2181	3022
123964	5522	17150
123965	86565	29921
123966	5527	10482
123967	83573	17987
123968	86637	24310
123969	871	2774
123970	5531	36822
123971	2188	6125
123972	2189	11111
123973	349	16406
123974	5532	10948
123975	349	6047
123976	349	43861
123977	2189	17111
123978	350	9731
123979	2189	8316
123980	5536	8001
123981	5537	5543
123982	5537	13004
123983	2189	6281
123984	5540	19964
123985	5541	10728
123986	5541	11299
123987	0	9454
123988	2190	8656
123989	2190	22989
123990	82083	8027
123991	2190	13947
123992	2191	24806
123993	85530	27541
123994	5543	7683
123995	351	1850
123996	5546	6129
123997	5546	10762
123998	5547	15732
123999	5547	30795
124000	351	8963
124001	5549	13597
124002	137	5522
124003	5549	15312
124004	5554	35783
124005	5556	11266
124006	5559	17417
124007	2197	28137
124008	16	22454
124009	5559	31108
124010	2199	5349
124011	16	30757
124012	5562	10409
124013	5563	12019
124014	5563	15552
124015	356	374
124016	2202	2219
124017	356	413
124018	5565	14972
124019	5565	29692
124020	2203	2786
124021	2203	11100
124022	5567	10330
124023	5567	11277
124024	5567	6209
124025	5567	10628
124026	0	9485
124027	5567	20730
124028	2203	8450
124029	2203	10088
124030	876	2788
124031	2203	27541
124032	876	5635
124033	877	920
124034	86673	4789
124035	5569	12502
124036	5571	5663
124037	356	4789
124038	5573	27053
124039	356	5631
124040	356	17484
124041	5574	7681
124042	5574	10568
124043	2208	7620
124044	5575	41109
124045	64	1136
124046	86681	2831
124047	86688	20830
124048	2208	17930
124049	878	29198
124050	2208	7968
124051	86683	5201
124052	5579	25832
124053	5579	27803
124054	5579	22061
124055	5581	12979
124056	86711	16824
124057	356	11535
124058	358	369
124059	5585	8796
124060	2210	10614
124061	137	22559
124062	5579	10092
124063	5586	19045
124064	883	2493
124065	5588	9028
124066	5588	50246
124067	5588	21078
124068	5591	5657
124069	5593	5779
124070	137	14042
124071	883	12093
124072	5593	10915
124073	86695	12383
124074	5594	10905
124075	5597	8281
124076	5599	7841
124077	2216	5119
124078	5600	8558
124079	5600	11048
124080	5600	13652
124081	883	9338
124082	34	10506
124083	34	8856
124084	2221	2226
124085	883	8299
124086	5601	8252
124087	5601	15002
124088	5602	15543
124089	5602	5678
124090	5602	6127
124091	5602	10837
124092	883	8714
124093	883	8710
124094	883	22665
124095	5605	11927
124096	884	1001
124097	5605	5659
124098	5606	10257
124099	5606	15779
124100	5608	12091
124101	2223	8026
124102	5610	5646
124103	86727	9813
124104	361	14898
124105	5613	20318
124106	5614	36413
124107	5615	5645
124108	5615	17692
124109	2224	6301
124110	886	10499
124111	5616	43490
124112	86713	13488
124113	5618	5959
124114	361	16821
124115	34	10588
124116	5619	21443
124117	5619	33901
124118	5622	30044
124119	886	14988
124120	5622	9317
124121	5623	7803
124122	2229	2774
124123	5627	10454
124124	889	4816
124125	5628	28381
124126	2230	2272
124127	5629	42227
124128	2230	23545
124129	2232	6184
124130	2234	15925
124131	2235	2237
124132	5632	9809
124133	5634	10250
124134	2239	23928
124135	2240	4907
124136	2240	35398
124137	5637	11307
124138	5639	17952
124139	5641	11319
124140	5642	11786
124141	5642	13230
124142	2241	13625
124143	2241	9889
124144	5648	7627
124145	2241	13830
124146	5651	26319
124147	5651	18940
124148	5652	8880
124149	890	18303
124150	890	8893
124151	890	11600
124152	5657	5691
124153	5657	21602
124154	5657	15496
124155	5660	50715
124156	5661	14987
124157	361	14671
124158	5661	6738
124159	5662	19388
124160	65	1021
124161	34	10527
124162	5662	8735
124163	891	11072
124164	2245	14777
124165	2246	7501
124166	81884	5316
124167	2247	5520
124168	5664	21520
124169	5667	11699
124170	5667	22119
124171	5669	8634
124172	5670	5747
124173	5670	17237
124174	86735	8348
124175	2248	9579
124176	895	14509
124177	5672	8104
124178	5672	13918
124179	5677	5680
124180	5677	23097
124181	5678	8861
124182	86734	14351
124183	139	6811
124184	5662	9889
124185	5678	8377
124186	5678	20749
124187	897	7954
124188	2258	6155
124189	5684	7910
124190	5684	12954
124191	2258	4071
124192	897	19572
124193	5684	14999
124194	5684	7449
124195	5689	6029
124196	2258	4729
124197	5689	24341
124198	2259	2278
124199	65	2778
124200	5690	9854
124201	5690	13241
124202	5691	5870
124203	2260	8863
124204	5691	8258
124205	5691	16302
124206	2263	2687
124207	2266	3362
124208	5691	13584
124209	364	8579
124210	5691	29950
124211	5703	5870
124212	5692	16274
124213	5692	20303
124214	364	10144
124215	86774	10426
124216	5694	46910
124217	5694	14783
124218	5696	53484
124219	5697	23245
124220	5697	6320
124221	5697	31905
124222	5697	21514
124223	5702	10285
124224	2270	9627
124225	78750	8306
124226	5703	8879
124227	5703	15522
124228	65	10071
124229	5703	7515
124230	5703	11347
124231	366	5703
124232	366	27668
124233	3	10289
124234	5707	8393
124235	5707	5776
124236	5707	6040
124237	904	6352
124238	34	24100
124239	5710	5735
124240	2271	17930
124241	5715	10454
124242	2273	8849
124243	5715	8281
124244	86762	284
124245	5715	25830
124246	5715	7806
124247	2276	13689
124248	2276	29511
124249	2276	7349
124250	904	25737
124251	5716	12865
124252	5718	7451
124253	905	25893
124254	5718	9245
124255	5718	19615
124256	5720	34745
124257	83623	12607
124258	5721	20681
124259	5721	33264
124260	5722	7851
124261	2283	7216
124262	2286	10436
124263	140	17239
124264	5727	13195
124265	910	966
124266	5728	10180
124267	5728	9751
124268	911	1191
124269	5728	20507
124270	2286	23550
124271	5729	9654
124272	5731	6733
124273	5729	10114
124274	5731	9664
124275	65	12162
124276	5733	46000
124277	34	17578
124278	5734	5769
124279	66	166
124280	5737	8480
124281	86778	81990
124282	5739	43871
124283	2290	10640
124284	5740	8249
124285	140	4843
124286	66	1730
124287	2290	37654
124288	2291	7327
124289	2291	33992
124290	66	1874
124291	5745	23219
124292	5745	34406
124293	5747	9989
124294	5747	10470
124295	5740	21017
124296	5752	10170
124297	66	6306
124298	2292	2739
124299	918	8039
124300	5753	21874
124301	83634	24093
124302	5755	10055
124303	368	11546
124304	5755	10291
124305	5757	43968
124306	368	11280
124307	2294	7473
124308	5755	14885
124309	5759	8847
124310	368	3108
124311	370	378
124312	5759	9436
124313	5760	29525
124314	5762	8566
124315	5762	30594
124316	5763	42206
124317	5765	14186
124318	5766	22817
124319	5770	8319
124320	2297	32735
124321	2297	52046
124322	2297	10056
124323	5770	7340
124324	5770	20378
124325	5770	30402
124326	5771	8348
124327	5772	18327
124328	5777	10515
124329	5778	5784
124330	86808	4367
124331	5779	25922
124332	85397	77598
124333	5779	9541
124334	5781	37232
124335	5783	8236
124336	5783	7904
124337	5787	5793
124338	2301	33429
124339	2304	54802
124340	5791	9717
124341	5791	19524
124342	5792	6500
124343	5792	27693
124344	5794	17823
124345	5794	7485
124346	5794	41959
124347	5795	15289
124348	5795	29670
124349	371	13186
124350	5798	9604
124351	5797	10882
124352	921	20048
124353	5800	10064
124354	5800	23089
124355	2313	2328
124356	2314	4797
124357	5800	18802
124358	5802	15512
124359	924	934
124360	5808	12166
124361	5810	20730
124362	5810	7523
124363	5810	15411
124364	5811	33663
124365	2315	9086
124366	2315	9579
124367	5811	44653
124368	5813	6839
124369	5813	16480
124370	5813	49955
124371	34	2989
124372	5815	35131
124373	93736	2747
124374	5816	12289
124375	5818	9031
124376	2322	6878
124377	5819	10078
124378	2322	14981
124379	5822	16854
124380	5823	8048
124381	5826	8926
124382	929	2262
124383	5826	10618
124384	2322	18322
124385	930	12658
124386	141	19413
124387	66	9285
124388	5827	22629
124389	5827	21084
124390	83664	7096
124391	2322	9754
124392	5831	10724
124393	5831	7670
124394	930	5600
124395	5831	47251
124396	34	15386
124397	5832	9047
124398	5833	17503
124399	5833	21466
124400	5834	30642
124401	5835	7769
124402	2330	33344
124403	5836	8399
124404	5836	20683
124405	5837	21890
124406	932	8784
124407	5839	12761
124408	2331	30830
124409	2332	2359
124410	5839	23816
124411	66	13667
124412	5844	38414
124413	5845	17881
124414	5846	9473
124415	5848	23408
124416	5848	7123
124417	5849	10824
124418	66	1250
124419	5851	11527
124420	5852	15845
124421	5852	47919
124422	2334	19982
124423	2335	6190
124424	5853	17494
124425	5853	7525
124426	5853	18676
124427	932	11917
124428	5853	51583
124429	5853	12683
124430	86847	83118
124431	5856	12448
124432	5856	9878
124433	374	25127
124434	5857	18830
124435	5857	8955
124436	2340	9080
124437	5858	24433
124438	5860	5882
124439	5863	22115
124440	5863	28809
124441	5865	32640
124442	5867	8988
124443	5867	9206
124444	5867	25691
124445	2345	13712
124446	2346	2369
124447	376	8341
124448	5871	9856
124449	938	2736
124450	5873	24713
124451	5873	15369
124452	5875	17459
124453	5878	8956
124454	5881	32460
124455	5887	12435
124456	938	22097
124457	938	27423
124458	5890	8889
124459	5893	6232
124460	5890	46079
124461	5891	5896
124462	5892	38255
124463	5894	9044
124464	939	1142
124465	5894	8225
124466	5894	6700
124467	939	2281
124468	939	5282
124469	5899	22022
124470	5900	8788
124471	5900	6241
124472	939	9628
124473	86867	19215
124474	2350	6590
124475	5901	27763
124476	2351	7127
124477	2352	7675
124478	5903	16421
124479	5900	11010
124480	83687	8233
124481	5906	11248
124482	5906	42165
124483	376	7690
124484	5909	23112
124485	66	2508
124486	942	961
124487	86877	31942
124488	5910	27119
124489	5910	12637
124490	5910	22437
124491	5910	38705
124492	376	44648
124493	5912	11793
124494	5912	7740
124495	5914	13193
124496	86887	9623
124497	5914	27318
124498	5914	31969
124499	5914	32421
124500	377	4887
124501	5919	9611
124502	5922	6261
124503	86890	17936
124504	5922	24363
124505	5922	23928
124506	2363	2368
124507	944	13958
124508	5923	10242
124509	5925	19475
124510	5925	8198
124511	944	34334
124512	2366	44232
124513	5926	8293
124514	5926	21926
124515	5926	57134
124516	946	7681
124517	5929	24482
124518	5929	20281
124519	5930	8695
124520	5930	8912
124521	5930	19329
124522	81941	9990
124523	2366	19535
124524	5933	15328
124525	377	13365
124526	5936	16112
124527	5939	7512
124528	5939	9482
124529	2366	29202
124530	5940	5951
124531	5943	59569
124532	5946	11001
124533	5950	18671
124534	5952	7934
124535	377	3282
124536	2367	55783
124537	86915	18987
124538	5953	9067
124539	947	3182
124540	5957	10325
124541	2367	20521
124542	5958	11420
124543	5958	8298
124544	949	7728
124545	949	49070
124546	2369	8634
124547	2370	69461
124548	2371	2536
124549	951	7790
124550	66	13404
124551	2371	2778
124552	377	4038
124553	5963	15314
124554	5972	11479
124555	86940	27165
124556	5973	23204
124557	5973	20268
124558	5974	5990
124559	5978	20304
124560	5982	16568
124561	5984	10433
124562	5984	16789
124563	2374	5340
124564	2374	5850
124565	5988	19551
124566	5988	10900
124567	5988	24920
124568	5991	6001
124569	5992	16845
124570	5992	7323
124571	2376	2378
124572	2379	5955
124573	954	2475
124574	2379	10306
124575	85151	7706
124576	5997	10988
124577	6002	39638
124578	6005	6057
124579	6007	6012
124580	6008	49512
124581	80854	523
124582	2379	17392
124583	954	10471
124584	6010	6062
124585	85142	2808
124586	6011	9097
124587	6011	7514
124588	66	23550
124589	954	3062
124590	6015	6027
124591	6017	10656
124592	2380	11760
124593	6017	17602
124594	86955	8567
124595	6018	6352
124596	2380	2844
124597	954	36637
124598	2382	5607
124599	955	9717
124600	2383	22063
124601	2383	8862
124602	6019	10198
124603	6019	48983
124604	6020	6043
124605	6021	18145
124606	2384	8310
124607	6021	8488
124608	2386	3273
124609	6024	33548
124610	380	383
124611	2386	20773
124612	6026	14029
124613	66	21890
124614	6026	34508
124615	6029	34047
124616	6029	19043
124617	6029	47878
124618	6031	6048
124619	6033	6418
124620	381	5925
124621	6040	8694
124622	6040	10437
124623	2394	11849
124624	2396	9698
124625	6042	8220
124626	2396	9727
124627	6044	13046
124628	2397	2499
124629	66	9948
124630	6044	27761
124631	6044	43634
124632	2397	5861
124633	6046	16546
124634	6047	8485
124635	6047	25870
124636	959	51230
124637	6051	7691
124638	962	2084
124639	6052	6053
124640	6054	8211
124641	86968	14431
124642	963	1800
124643	6057	26799
124644	6061	28725
124645	6067	8101
124646	963	3727
124647	6070	8316
124648	6073	6074
124649	6077	8623
124650	6080	6379
124651	6080	11175
124652	6081	8489
124653	6081	27924
124654	6082	34515
124655	6086	9017
124656	6088	6099
124657	6089	9229
124658	6089	10307
124659	66	14737
124660	2401	2833
124661	6089	7789
124662	6093	7646
124663	6089	18937
124664	2405	2413
124665	35	8415
124666	6093	8299
124667	2408	2509
124668	2410	2839
124669	2410	8861
124670	6096	10750
124671	67	9291
124672	86991	6081
124673	67	12588
124674	381	9168
124675	68	2629
124676	6105	11948
124677	6105	24782
124678	381	22195
124679	87002	13780
124680	970	30243
124681	381	2427
124682	6113	23403
124683	68	3558
124684	381	8755
124685	2425	4884
124686	6117	6131
124687	6117	8334
124688	2425	13555
124689	6117	7576
124690	68	4175
124691	6120	12059
124692	94037	10156
124693	2426	2446
124694	6121	17553
124695	80869	40375
124696	6125	9112
124697	974	979
124698	2431	5910
124699	6126	24343
124700	975	11174
124701	2431	37528
124702	2431	3950
124703	978	36812
124704	2433	5548
124705	6136	6159
124706	6137	8478
124707	145	2976
124708	6139	9446
124709	2433	27137
124710	6143	19789
124711	68	5436
124712	6144	15060
124713	6144	9141
124714	68	10312
124715	2437	17070
124716	982	11302
124717	6160	9446
124718	2437	43768
124719	2437	10641
124720	387	393
124721	6172	7666
124722	6172	9739
124723	87022	5579
124724	6176	11371
124725	6177	17841
124726	68	2888
124727	983	7461
124728	6179	7625
124729	6179	13941
124730	983	7235
124731	983	37738
124732	2441	6469
124733	983	6391
124734	6184	23115
124735	6185	52671
124736	6189	24433
124737	6189	10799
124738	984	7884
124739	2443	9115
124740	68	11528
124741	6189	9213
124742	6190	10750
124743	6190	21804
124744	2449	37641
124745	6194	15447
124746	389	24420
124747	6196	17018
124748	6196	7717
124749	6196	8786
124750	6197	6207
124751	6199	6243
124752	6199	10438
124753	6199	11202
124754	6199	8981
124755	87029	77952
124756	36	1118
124757	6199	19296
124758	6201	33698
124759	6201	10432
124760	2450	35973
124761	6208	10205
124762	6209	9885
124763	68	20064
124764	6209	7514
124765	2451	38463
124766	2451	2766
124767	2452	23289
124768	6209	10243
124769	988	9082
124770	988	43874
124771	2454	18249
124772	6212	19652
124773	6219	14500
124774	6225	10033
124775	2458	23032
124776	2459	2464
124777	6226	16419
124778	6227	12050
124779	394	1824
124780	87047	6394
124781	2460	8628
124782	394	7841
124783	990	8988
124784	68	9429
124785	6236	49123
124786	68	8104
124787	148	6257
124788	394	8240
124789	2466	5820
124790	2466	2519
124791	6241	17417
124792	394	5667
124793	2466	4950
124794	2466	9293
124795	991	25624
124796	87058	16892
124797	2466	33144
124798	6244	21069
124799	6247	17879
124800	2466	16302
124801	2468	2569
124802	2469	2482
124803	6248	10323
124804	6249	17511
124805	6249	15238
124806	6250	13776
124807	6251	46013
124808	2470	8026
124809	6252	7750
124810	6254	10581
124811	87067	4756
124812	87063	34273
124813	3	5201
124814	6256	52825
124815	6258	11048
124816	6260	13466
124817	6261	8766
124818	2470	16438
124819	995	997
124820	2470	2559
124821	6269	8404
124822	6269	17588
124823	6271	28318
124824	6272	33762
124825	6277	7721
124826	6280	7909
124827	6280	13465
124828	998	21763
124829	6282	31391
124830	6285	37309
124831	6286	43991
124832	2471	9838
124833	77354	77355
124834	2473	8861
124835	6291	33461
124836	6293	14464
124837	6294	22968
124838	6294	13304
124839	6296	9477
124840	6296	14307
124841	6296	22202
124842	6297	6303
124843	6296	20507
124844	1001	4699
124845	6300	19993
124846	1001	5935
124847	2474	27638
124848	6313	6330
124849	83795	11372
124850	6316	11258
124851	6316	10587
124852	6320	6411
124853	394	19038
124854	6320	32632
124855	6324	10006
124856	6327	11186
124857	6326	6698
124858	6328	32510
124859	6329	13501
124860	6329	9460
124861	2475	14216
124862	6331	49108
124863	6333	31992
124864	6334	6348
124865	1002	1006
124866	6334	15349
124867	6335	6340
124868	6337	8489
124869	6337	13557
124870	6337	15575
124871	6337	25072
124872	2477	30391
124873	6339	11266
124874	6339	9152
124875	2478	9565
124876	6341	35121
124877	87095	77777
124878	6341	10704
124879	6342	6349
124880	2478	19648
124881	87098	20259
124882	83807	45553
124883	6351	6353
124884	2481	2544
124885	6354	8861
124886	6354	17494
124887	2481	12327
124888	6357	14757
124889	6360	19002
124890	2481	13281
124891	6361	7385
124892	6361	7742
124893	149	21603
124894	1012	9774
124895	6361	8384
124896	6363	6369
124897	87113	37284
124898	6372	10420
124899	1013	2982
124900	6373	7953
124901	6374	9693
124902	6375	6377
124903	6376	9243
124904	6379	12165
124905	6379	10088
124906	6380	6398
124907	1013	35769
124908	87112	13285
124909	6384	55637
124910	6385	32234
124911	83818	77370
124912	87108	16969
124913	2482	11166
124914	6401	6404
124915	2482	17024
124916	6407	7094
124917	1016	6650
124918	6414	6416
124919	87153	10505
124920	39	82
124921	6419	7821
124922	6422	6430
124923	6427	7797
124924	6427	10412
124925	6431	33938
124926	6431	10982
124927	6431	8253
124928	6434	6435
124929	6436	6443
124930	82031	3915
124931	6438	32390
124932	6445	6452
124933	6458	6463
124934	6461	9910
124935	6471	6472
124936	6476	31054
124937	6479	6484
124938	40	796
124939	2488	12274
124940	6489	14881
124941	1021	1202
124942	6490	6495
124943	6496	6497
124944	6499	6505
124945	2489	8623
124946	6507	6511
124947	6509	7305
124948	6510	16406
124949	6512	6514
124950	6513	23026
124951	1021	14285
124952	6515	6524
124953	6516	10358
124954	6528	40184
124955	6536	6539
124956	6540	9183
124957	6541	6545
124958	6547	6549
124959	6555	6559
124960	6560	6566
124961	6569	10418
124962	6570	6576
124963	87132	17286
124964	6577	6580
124965	6581	7669
124966	6581	12416
124967	6581	29410
124968	6582	6584
124969	6592	6593
124970	6594	6604
124971	6596	8252
124972	6599	6753
124973	2491	4736
124974	1023	2786
124975	6602	28597
124976	1023	7768
124977	1023	53060
124978	2492	14815
124979	2492	5092
124980	1026	2938
124981	6602	7779
124982	6605	6618
124983	2492	5200
124984	6616	6771
124985	6623	10092
124986	1026	13404
124987	6623	14593
124988	6623	30516
124989	1026	20507
124990	6628	6629
124991	6630	49157
124992	6632	6643
124993	6648	15349
124994	6649	6654
124995	6652	7181
124996	6656	10038
124997	6656	55818
124998	6657	6661
124999	6658	17452
125000	6663	6667
125001	1030	24856
125002	6664	10450
125003	6669	6677
125004	6670	16837
125005	6670	15968
125006	2495	7959
125007	6678	7314
125008	6679	6685
125009	6686	6690
125010	6687	26653
125011	151	5383
125012	398	16959
125013	6692	6694
125014	1032	18847
125015	6696	30868
125016	6700	12044
125017	6704	18437
125018	2496	24148
125019	2496	19721
125020	87158	1946
125021	1034	3523
125022	6709	11323
125023	6710	6714
125024	6717	6903
125025	6720	6734
125026	2497	4375
125027	6726	11043
125028	6726	9930
125029	74	1847
125030	6733	26166
125031	6737	7117
125032	2498	10640
125033	6741	6746
125034	6748	6749
125035	1034	5421
125036	6756	6757
125037	6759	6761
125038	1034	6383
125039	1034	2957
125040	6770	6772
125041	6781	6785
125042	74	3726
125043	87169	10065
125044	151	17202
125045	6787	15435
125046	6788	6805
125047	6789	9822
125048	74	3916
125049	6791	23586
125050	87167	5930
125051	6792	14335
125052	6794	10159
125053	6796	10879
125054	6798	7271
125055	6806	6807
125056	6809	6819
125057	1038	1041
125058	6818	7292
125059	6824	6825
125060	6829	6854
125061	6834	18923
125062	6839	15642
125063	6839	29302
125064	1039	26327
125065	40	5635
125066	6856	6860
125067	2501	15206
125068	2502	2512
125069	6859	10057
125070	6870	30707
125071	6872	6875
125072	1042	8824
125073	6876	7016
125074	6877	6885
125075	6878	25832
125076	6880	27803
125077	6886	6892
125078	6887	9827
125079	6894	6895
125080	6896	6900
125081	6898	16373
125082	6907	6913
125083	40	13748
125084	6918	7453
125085	6921	6922
125086	6923	6926
125087	6928	6936
125088	400	2485
125089	6938	32496
125090	6942	6958
125091	2505	9284
125092	6947	11522
125093	2505	11103
125094	83860	40830
125095	6960	36378
125096	6965	6967
125097	6979	25340
125098	6982	6985
125099	6984	20226
125100	6987	6993
125101	2506	29452
125102	6989	43353
125103	2507	9302
125104	6998	6999
125105	2507	20657
125106	7000	7005
125107	2507	7631
125108	7006	7018
125109	7012	17584
125110	7015	34505
125111	7019	7020
125112	7026	7046
125113	1047	12035
125114	7027	19554
125115	7029	7996
125116	7031	22964
125117	2510	9951
125118	2510	9697
125119	7034	13130
125120	7034	56740
125121	2510	10124
125122	2510	8702
125123	7057	7059
125124	7058	13146
125125	1052	1076
125126	7060	7066
125127	7061	52290
125128	7061	21917
125129	2511	8708
125130	7068	32227
125131	7070	7071
125132	7073	7078
125133	7081	7083
125134	7085	7112
125135	7086	7126
125136	74	6623
125137	7098	23978
125138	7104	7275
125139	400	7625
125140	7111	28675
125141	7115	7118
125142	7119	7121
125143	7125	8083
125144	7125	12034
125145	2515	4984
125146	7125	12171
125147	7127	8627
125148	2517	3155
125149	7127	10491
125150	7128	7135
125151	7136	7139
125152	2517	21421
125153	1056	4830
125154	7156	21068
125155	7157	11179
125156	7160	7171
125157	2517	7665
125158	7173	9778
125159	7173	12381
125160	7174	7175
125161	7177	7180
125162	7179	12503
125163	7182	7185
125164	2519	5187
125165	2519	15963
125166	7190	23023
125167	7196	7199
125168	7201	7202
125169	7203	7832
125170	7204	7215
125171	7208	47647
125172	2519	5747
125173	400	23033
125174	7216	26169
125175	7217	7219
125176	7221	7222
125177	7224	7225
125178	7229	7232
125179	1058	4965
125180	2520	11752
125181	7231	8563
125182	7235	18432
125183	7237	12870
125184	7241	7249
125185	7251	7257
125186	7254	7417
125187	7265	11182
125188	7254	12724
125189	7264	7268
125190	7267	33026
125191	7270	7274
125192	7277	7278
125193	7280	7281
125194	7282	35348
125195	7283	7284
125196	7288	7289
125197	7294	7296
125198	7298	21491
125199	7299	7300
125200	7303	7306
125201	401	10063
125202	7307	32583
125203	7318	7337
125204	7319	9509
125205	7322	23209
125206	7339	7361
125207	1059	9360
125208	7340	15609
125209	153	54447
125210	7342	12205
125211	2526	10322
125212	7349	9143
125213	7353	19329
125214	7353	22836
125215	7354	49364
125216	7363	7365
125217	7367	7372
125218	7371	11299
125219	7374	7377
125220	7380	10469
125221	7382	7387
125222	7384	16186
125223	403	12838
125224	7386	24631
125225	7389	7393
125226	7390	8731
125227	7394	7397
125228	7398	7401
125229	7402	7404
125230	7405	7411
125231	7415	7419
125232	2527	12565
125233	7420	10013
125234	7423	7424
125235	7425	7426
125236	84766	47481
125237	19	6117
125238	7433	36655
125239	7433	12580
125240	7434	7437
125241	2528	9074
125242	1062	3198
125243	7450	30795
125244	7451	15998
125245	2529	15220
125246	7455	20902
125247	94444	21514
125248	7457	11325
125249	7458	27258
125250	7461	38649
125251	7461	13897
125252	1063	2093
125253	7462	16535
125254	7465	8388
125255	7468	7531
125256	7469	8748
125257	2535	5494
125258	1064	15777
125259	7473	8339
125260	7473	14870
125261	2535	11503
125262	7475	21493
125263	7482	32465
125264	7482	8780
125265	1069	11186
125266	87233	26742
125267	7488	18703
125268	2539	4695
125269	7489	7527
125270	1071	12036
125271	7497	10925
125272	7498	7503
125273	7499	22888
125274	7513	7594
125275	7516	7522
125276	2539	15493
125277	7518	7601
125278	1073	50408
125279	7525	36287
125280	40	36751
125281	7528	22065
125282	7528	9629
125283	7529	7532
125284	7531	15069
125285	7539	24897
125286	87237	21514
125287	7541	7545
125288	7547	10190
125289	155	29171
125290	7550	7554
125291	7552	9794
125292	2539	13261
125293	7555	30490
125294	7555	10134
125295	2539	11786
125296	7555	10584
125297	87261	11596
125298	7555	19646
125299	7565	34255
125300	7566	7584
125301	7567	9757
125302	7567	25099
125303	7569	7847
125304	7571	8544
125305	7571	9891
125306	7555	16197
125307	7579	15409
125308	2541	7451
125309	1074	5205
125310	2545	4958
125311	2546	2547
125312	7583	12831
125313	1074	34391
125314	7585	7591
125315	7594	24164
125316	7594	46994
125317	2549	2579
125318	7598	7608
125319	7603	10787
125320	7603	16541
125321	1074	19329
125322	2550	8158
125323	7609	9453
125324	7609	9287
125325	2554	10000
125326	7611	7612
125327	7612	36748
125328	7616	7637
125329	157	9104
125330	1080	41167
125331	1080	46073
125332	1080	19986
125333	2557	6121
125334	7620	20793
125335	7621	9091
125336	7631	7646
125337	157	35071
125338	2559	8499
125339	7632	11727
125340	87271	4448
125341	79	332
125342	2559	4910
125343	7636	7638
125344	7638	16765
125345	2562	4950
125346	7646	8735
125347	7646	15704
125348	2562	5862
125349	7651	23032
125350	7653	23789
125351	7653	15900
125352	7654	13008
125353	2563	16442
125354	7658	7659
125355	7664	8207
125356	7664	8698
125357	7666	10374
125358	2565	4782
125359	2565	13748
125360	1086	20657
125361	1086	8846
125362	1086	23540
125363	7670	18762
125364	7677	14776
125365	7678	9826
125366	7679	23309
125367	406	9060
125368	7681	21910
125369	2571	5648
125370	7690	32080
125371	1090	3735
125372	2572	3155
125373	2572	4837
125374	2573	4896
125375	7699	27546
125376	7700	7883
125377	2573	7996
125378	1090	2784
125379	7702	16938
125380	7706	15060
125381	7710	15068
125382	7706	20135
125383	7706	8199
125384	7708	23050
125385	1091	4647
125386	2585	14021
125387	7713	17494
125388	2585	17197
125389	2585	5634
125390	7714	23348
125391	7714	7796
125392	2588	28862
125393	7717	7827
125394	7717	15163
125395	7717	8741
125396	7717	10637
125397	7721	30598
125398	7726	8281
125399	1091	10945
125400	2593	7496
125401	87292	3066
125402	7730	32912
125403	7736	13167
125404	1	9814
125405	87296	8299
125406	7741	38780
125407	7742	50557
125408	159	16730
125409	1098	6329
125410	7752	52663
125411	2610	9525
125412	2610	9626
125413	2611	4474
125414	408	3051
125415	1098	18765
125416	7767	22876
125417	1098	27618
125418	7772	35981
125419	7778	12847
125420	1100	1968
125421	7781	15359
125422	2612	2618
125423	2617	2619
125424	7789	39617
125425	7789	16619
125426	7790	29546
125427	7791	7847
125428	2624	2626
125429	2627	2632
125430	409	495
125431	1100	5731
125432	1101	1111
125433	7803	37504
125434	7806	17926
125435	1103	2270
125436	7806	20741
125437	2634	2635
125438	7807	17359
125439	2636	2637
125440	2638	2639
125441	7809	11906
125442	7809	28843
125443	7811	11446
125444	2644	2647
125445	7812	32886
125446	2646	21622
125447	2649	2653
125448	2654	2657
125449	7816	7820
125450	7817	7998
125451	7817	16436
125452	2661	2663
125453	7830	13576
125454	7831	7896
125455	2662	53929
125456	2664	2665
125457	1106	2091
125458	1107	2256
125459	7838	22673
125460	2669	10363
125461	7840	17593
125462	7840	12196
125463	2669	10283
125464	2669	6960
125465	2670	2672
125466	7841	31155
125467	7843	8027
125468	7843	14320
125469	7845	8035
125470	7847	8276
125471	7849	24291
125472	2682	24930
125473	2683	2686
125474	1108	10312
125475	2688	30616
125476	7854	44751
125477	413	3671
125478	2688	5654
125479	7856	35625
125480	7859	28977
125481	7860	12179
125482	7868	19406
125483	2694	2711
125484	7872	10111
125485	7872	8015
125486	7872	10676
125487	2696	40265
125488	87332	10077
125489	7883	8856
125490	2701	13735
125491	2705	6379
125492	7889	13890
125493	7893	55811
125494	2716	2717
125495	2718	2724
125496	7894	11298
125497	416	14392
125498	7908	9643
125499	2726	5855
125500	7911	7920
125501	1116	1516
125502	7921	51900
125503	7922	7941
125504	7934	49279
125505	2731	6866
125506	7946	13605
125507	7945	48315
125508	7951	7970
125509	2733	3138
125510	2734	2742
125511	2736	38873
125512	7960	25827
125513	2738	9566
125514	87370	21491
125515	81	10584
125516	2740	23717
125517	2744	2745
125518	7968	36765
125519	7969	13069
125520	81	1829
125521	7986	9293
125522	7991	8028
125523	2749	2753
125524	7994	9785
125525	1120	20105
125526	7994	8981
125527	7994	20929
125528	2752	17182
125529	416	14503
125530	7996	8043
125531	7997	33880
125532	7998	31512
125533	8000	45572
125534	87971	10427
125535	8011	8014
125536	2757	12580
125537	8015	13474
125538	2762	7987
125539	164	2775
125540	418	420
125541	2764	2767
125542	8022	22629
125543	8023	50230
125544	164	5602
125545	82301	20339
125546	2766	10941
125547	8026	13882
125548	8029	10005
125549	8035	9889
125550	8035	13009
125551	8035	10584
125552	2769	32721
125553	8039	10772
125554	1120	48517
125555	1120	26794
125556	8058	10361
125557	8059	13109
125558	8063	8068
125559	8069	8071
125560	423	431
125561	8081	8087
125562	8082	52633
125563	1123	1151
125564	8086	25235
125565	8088	28242
125566	2771	14852
125567	8099	8110
125568	2772	9477
125569	8102	17504
125570	2774	13262
125571	424	54236
125572	81	12379
125573	2774	9157
125574	1125	24045
125575	1125	9041
125576	8111	8113
125577	8115	8123
125578	8119	11232
125579	8124	8131
125580	8132	8150
125581	2776	33741
125582	8152	9777
125583	8155	8156
125584	2777	2791
125585	8142	8781
125586	8171	13132
125587	8174	9113
125588	8176	31924
125589	2778	9271
125590	2778	5232
125591	8183	35935
125592	8197	36212
125593	8197	15969
125594	8198	8584
125595	2778	5407
125596	2779	3362
125597	8202	28592
125598	8206	12381
125599	1132	23229
125600	2780	32837
125601	1132	2895
125602	8211	11324
125603	2780	4731
125604	8214	21815
125605	8217	15373
125606	8225	10502
125607	8225	16287
125608	8227	8234
125609	2781	7673
125610	8228	15569
125611	166	8102
125612	1134	11388
125613	87430	5874
125614	1134	13225
125615	83991	79004
125616	8233	15296
125617	427	2925
125618	8237	12766
125619	8237	30906
125620	8239	33620
125621	8240	15530
125622	8241	10596
125623	8242	12849
125624	2784	17968
125625	8242	27304
125626	8245	8265
125627	2784	18491
125628	2784	11165
125629	1142	6296
125630	2788	5691
125631	81	19955
125632	2788	5067
125633	2788	8031
125634	8253	10132
125635	1142	11887
125636	8258	47735
125637	2789	9320
125638	432	435
125639	8272	8280
125640	8281	12174
125641	8281	12953
125642	8281	9279
125643	8284	8285
125644	8286	25788
125645	2794	15002
125646	8288	12689
125647	8288	54724
125648	434	1825
125649	8293	30826
125650	2796	9948
125651	2798	2807
125652	1144	10373
125653	8301	10130
125654	8306	14993
125655	8310	37665
125656	2803	21094
125657	8315	16078
125658	2803	7122
125659	2805	8297
125660	1146	5292
125661	2805	25160
125662	8318	41847
125663	1146	29138
125664	8319	14094
125665	8321	8868
125666	8321	24148
125667	8322	18460
125668	8324	8342
125669	8325	23716
125670	87471	5878
125671	1150	24170
125672	2810	8665
125673	1152	1153
125674	8327	38761
125675	8332	8491
125676	8334	20042
125677	8336	11237
125678	2810	18670
125679	8337	55831
125680	8343	8380
125681	8345	12690
125682	2811	7620
125683	8349	16969
125684	8349	17150
125685	8352	9141
125686	87492	11339
125687	8352	46969
125688	1158	1167
125689	8373	54669
125690	8376	8936
125691	8382	16071
125692	8382	35361
125693	2813	42932
125694	2813	3080
125695	1162	23568
125696	2816	23276
125697	8391	23526
125698	439	443
125699	2818	10069
125700	8394	16166
125701	8396	52989
125702	8398	10604
125703	2826	5245
125704	8407	26766
125705	2828	8420
125706	2829	2977
125707	2829	10302
125708	8427	8447
125709	8432	11904
125710	8432	35639
125711	2831	10083
125712	2831	25060
125713	2831	9483
125714	8448	8452
125715	8450	17935
125716	8456	8460
125717	8458	8995
125718	8458	33186
125719	8464	12442
125720	8465	20381
125721	2836	9837
125722	8485	16592
125723	8486	18902
125724	8488	12170
125725	2836	11294
125726	441	10941
125727	1175	1177
125728	1180	1194
125729	8508	17317
125730	2838	23586
125731	8510	26553
125732	2838	6189
125733	8510	10472
125734	441	7307
125735	8520	8532
125736	8527	10628
125737	2839	20017
125738	8527	17864
125739	2839	53435
125740	2840	4909
125741	2840	8969
125742	2840	10456
125743	8534	25335
125744	2841	55271
125745	8543	17939
125746	8549	8562
125747	8553	29099
125748	2844	4985
125749	8558	19535
125750	2843	8242
125751	8568	21034
125752	8570	10635
125753	8576	21605
125754	8577	21511
125755	1186	17785
125756	8578	26166
125757	2848	2884
125758	1186	30067
125759	8602	30775
125760	8603	16714
125761	8604	8657
125762	2850	9385
125763	1190	24250
125764	8617	23461
125765	8617	44905
125766	8621	10609
125767	8620	39808
125768	2852	8467
125769	8624	29888
125770	1193	1537
125771	2856	16265
125772	2857	6046
125773	2858	11038
125774	8628	34597
125775	2859	3104
125776	1195	21507
125777	1198	7997
125778	2862	13126
125779	8662	37526
125780	8662	46226
125781	8671	13535
125782	8675	8709
125783	8679	33078
125784	172	2705
125785	8688	32146
125786	8696	16028
125787	1200	2071
125788	8697	11658
125789	8697	9874
125790	2864	8322
125791	8707	35859
125792	8708	17503
125793	8710	9157
125794	8712	9172
125795	8721	12131
125796	8725	24390
125797	8734	8744
125798	1201	12939
125799	8741	14999
125800	8746	8774
125801	2874	8518
125802	8748	29039
125803	8750	16551
125804	8755	15635
125805	8757	16172
125806	8758	22195
125807	8762	13927
125808	8762	9612
125809	2881	34615
125810	87632	14962
125811	8768	11874
125812	8776	12769
125813	2881	12174
125814	8781	9983
125815	449	24819
125816	2882	5722
125817	8791	14814
125818	8791	55968
125819	8794	31442
125820	2883	3061
125821	2883	10000
125822	8800	11151
125823	8815	46085
125824	1210	1226
125825	8819	34722
125826	8820	24324
125827	451	463
125828	2888	39277
125829	1211	5057
125830	8833	20669
125831	8835	8872
125832	8841	20002
125833	8842	12835
125834	87608	13190
125835	175	9279
125836	2892	11975
125837	8857	10102
125838	8860	9841
125839	8861	13262
125840	2895	11745
125841	8861	35238
125842	2896	2900
125843	8874	10896
125844	8876	9605
125845	8877	15710
125846	8877	23033
125847	8886	9520
125848	8900	16129
125849	8903	8913
125850	1213	13401
125851	8911	29193
125852	8910	12342
125853	175	17669
125854	8917	10189
125855	8918	21781
125856	8925	16190
125857	8926	17716
125858	87625	10621
125859	8928	42807
125860	85	918
125861	8930	10337
125862	8930	15905
125863	8937	18352
125864	8941	37197
125865	8945	8954
125866	8956	40604
125867	8956	19337
125868	85	2792
125869	8973	18849
125870	2926	21421
125871	8997	9033
125872	8999	12449
125873	85	2478
125874	9007	22926
125875	9011	9991
125876	9012	36008
125877	2931	20657
125878	85	4828
125879	9024	37388
125880	9027	34962
125881	9030	19398
125882	85	11782
125883	9037	10793
125884	462	3171
125885	9042	9048
125886	9044	29099
125887	9045	17182
125888	462	8255
125889	1228	8254
125890	9049	10056
125891	9054	9055
125892	9074	24773
125893	1229	17765
125894	2933	3932
125895	9097	12773
125896	9099	36162
125897	9101	9105
125898	1233	2375
125899	9115	16571
125900	9124	16572
125901	9137	9735
125902	9138	9144
125903	2938	37232
125904	9141	10096
125905	9141	17190
125906	9142	24106
125907	466	491
125908	87679	9715
125909	9157	10296
125910	85	15239
125911	9159	17971
125912	9160	44653
125913	9171	16543
125914	9172	24281
125915	9173	9174
125916	9177	9191
125917	1238	20112
125918	1240	1243
125919	9229	10187
125920	9229	25484
125921	9231	9238
125922	9245	10742
125923	2946	5800
125924	9247	15095
125925	1245	1933
125926	9269	10835
125927	9274	9330
125928	9275	9282
125929	85	4366
125930	2946	5677
125931	9287	15870
125932	9294	39195
125933	9296	9306
125934	2951	38504
125935	85	28597
125936	2955	9449
125937	1248	1584
125938	471	32627
125939	9320	9727
125940	9323	16135
125941	9324	9335
125942	9326	22176
125943	87998	12859
125944	9332	35872
125945	472	7259
125946	9345	9362
125947	1252	1259
125948	9366	9382
125949	84277	79227
125950	9384	22326
125951	9389	9397
125952	9391	30806
125953	9391	11164
125954	9406	11176
125955	9422	20951
125956	9429	10372
125957	9449	30795
125958	9465	11996
125959	9466	9471
125960	9478	9489
125961	9485	9928
125962	9487	19490
125963	9492	9498
125964	9511	9518
125965	9521	17504
125966	9521	26774
125967	9524	9529
125968	85	25933
125969	9526	18564
125970	9528	30193
125971	9530	9532
125972	9540	9554
125973	9544	18680
125974	9557	12850
125975	9564	35343
125976	9565	35516
125977	9567	11729
125978	9576	9578
125979	2976	8376
125980	2980	10082
125981	9626	13095
125982	85	25335
125983	9640	11269
125984	2985	2996
125985	9656	9660
125986	9669	42483
125987	9672	14735
125988	9702	9704
125989	1266	1268
125990	1269	1290
125991	9733	9742
125992	9735	29192
125993	9735	48221
125994	9737	23867
125995	9747	15703
125996	9756	9758
125997	9757	43321
125998	9771	9788
125999	3003	22325
126000	9785	9883
126001	9789	9790
126002	87759	13262
126003	9806	16248
126004	3009	6847
126005	1273	10609
126006	9818	9870
126007	3009	54757
126008	9830	32433
126009	9837	22999
126010	9842	24217
126011	9868	15877
126012	9884	22029
126013	9887	9890
126014	9900	9907
126015	9911	9912
126016	9946	9947
126017	9970	13925
126018	9972	10037
126019	9971	25314
126020	9980	17703
126021	488	23948
126022	9981	10008
126023	9993	10002
126024	9998	12172
126025	10006	24062
126026	10015	10038
126027	10042	10043
126028	10060	13415
126029	3032	3085
126030	10067	13215
126031	493	499
126032	10088	13262
126033	10090	10094
126034	10092	37793
126035	10093	12999
126036	10096	22115
126037	10099	29612
126038	1284	5080
126039	10103	10110
126040	10123	10129
126041	10133	10136
126042	10146	34596
126043	10152	11262
126044	10152	19529
126045	10153	17326
126046	10156	37261
126047	10165	25436
126048	10176	10505
126049	185	14205
126050	185	11304
126051	10208	10217
126052	10227	10229
126053	10245	10251
126054	10252	10255
126055	10261	10265
126056	3051	6847
126057	498	3633
126058	10290	10292
126059	10291	27731
126060	10298	10299
126061	3057	6055
126062	498	16835
126063	84238	39189
126064	1296	2852
126065	10319	10324
126066	10322	11435
126067	1297	1316
126068	3065	16546
126069	10309	35273
126070	10341	10359
126071	10365	13095
126072	10365	39807
126073	10365	43209
126074	10382	10390
126075	3076	18890
126076	10391	10393
126077	10401	10417
126078	10409	36369
126079	10437	28225
126080	10442	10457
126081	3086	6951
126082	10453	55960
126083	10476	27300
126084	10486	10489
126085	10492	10497
126086	10508	10514
126087	10509	27414
126088	10513	24318
126089	3093	24981
126090	10554	10555
126091	1309	19455
126092	10600	34822
126093	10604	12918
126094	10609	10750
126095	10625	10629
126096	10630	23114
126097	10642	10658
126098	10644	33666
126099	3103	8359
126100	10681	10690
126101	10707	10709
126102	1317	5533
126103	507	512
126104	10743	28191
126105	3111	17958
126106	3111	12591
126107	3111	4788
126108	3114	3116
126109	10774	28155
126110	10775	31033
126111	1319	17503
126112	10808	10819
126113	10824	12016
126114	10833	10860
126115	10862	10885
126116	10895	10919
126117	10936	10937
126118	10969	10973
126119	510	3052
126120	10987	10989
126121	10994	14106
126122	10999	21474
126123	82282	16917
126124	11024	11032
126125	11045	28797
126126	11052	11055
126127	11066	11546
126128	11085	11101
126129	3142	3144
126130	3145	3148
126131	11112	11114
126132	3150	3159
126133	3152	4224
126134	11135	11144
126135	11166	17694
126136	3160	3165
126137	11189	11256
126138	3176	3179
126139	11289	11297
126140	3185	3189
126141	11324	13130
